{
	Skinned 0 
	PosSkin 0 
	Pos 418 { 
		-0.682084	0.922150	2.669648 
		-0.732722	0.922150	2.667532 
		-0.732722	0.752427	2.671232 
		-0.682084	0.752427	2.673337 
		-0.784257	0.922150	2.617598 
		-0.786880	0.752427	2.620020 
		0.732722	0.922150	2.667532 
		0.732722	0.752427	2.671232 
		0.786880	0.752427	2.620020 
		0.784257	0.922150	2.617598 
		0.684546	0.922150	2.669546 
		0.684546	0.752427	2.673235 
		-0.657924	0.830284	-2.167243 
		-0.657924	0.932347	-2.081640 
		-0.446906	0.932347	-2.112178 
		-0.446906	0.829987	-2.188950 
		-0.657924	0.731738	-2.183064 
		-0.446906	0.731738	-2.204710 
		0.439339	0.932347	-2.113343 
		0.649823	0.932347	-2.082887 
		0.649823	0.830272	-2.168132 
		0.439340	0.829976	-2.189778 
		0.649823	0.731738	-2.183943 
		0.439339	0.731738	-2.205537 
		-0.739138	0.369994	-1.038495 
		-0.739138	0.401570	1.068746 
		-0.768008	0.579534	1.073744 
		-0.767950	0.551103	-1.092579 
		-0.720849	0.580373	2.778879 
		-0.766286	0.573327	2.724253 
		-0.766286	0.483393	2.164800 
		-0.000000	0.580790	2.809437 
		-0.000000	0.708021	2.837215 
		-0.732722	0.707603	2.806667 
		-0.732722	0.707036	2.672213 
		-0.785035	0.708443	2.754116 
		-0.000000	0.707453	2.702761 
		-0.000000	1.124148	2.693706 
		-0.000000	1.180618	2.671345 
		-0.732722	1.180198	2.640797 
		-0.732722	1.123728	2.663158 
		-0.000000	1.140488	0.674699 
		-0.724367	1.140168	0.651573 
		-0.000000	1.428218	0.650874 
		-0.643536	1.427908	0.627749 
		-0.000000	1.671848	0.565018 
		-0.570452	1.653618	0.542147 
		0.000000	1.644058	-0.394290 
		-0.563692	1.626638	-0.358190 
		0.000000	1.584818	-0.606566 
		-0.577984	1.567638	-0.553341 
		0.000000	1.384638	-0.860099 
		-0.634987	1.374698	-0.783987 
		0.000000	1.129128	-1.133654 
		-0.695112	1.097468	-1.063043 
		0.000000	1.067118	-1.714875 
		-0.678046	1.029168	-1.690122 
		0.000000	0.985738	-2.131207 
		-0.651352	0.953656	-2.049795 
		0.000000	0.829420	-2.222114 
		-0.652400	0.830336	-2.155020 
		0.000000	0.650995	-2.250710 
		-0.652825	0.651912	-2.183615 
		0.000000	0.612917	-2.303557 
		-0.653118	0.613792	-2.239498 
		0.000000	0.352308	-2.254788 
		-0.651485	0.352799	-2.218813 
		-0.787594	0.706214	2.620674 
		-0.784183	0.679901	2.141366 
		-0.705206	0.612321	-2.187693 
		-0.704884	0.350092	-2.167723 
		-0.756373	0.340781	-2.038563 
		-0.785269	0.657169	-1.948995 
		-0.804180	0.546882	-1.201637 
		-0.765448	0.701894	-1.150956 
		-0.809027	0.712477	-1.292585 
		-0.778830	0.738319	1.132999 
		-0.683688	1.361938	-0.732818 
		-0.755953	1.073158	-1.002467 
		-0.766447	1.114968	0.609625 
		-0.680802	1.420988	0.585331 
		-0.609839	1.588288	-0.355119 
		-0.625752	1.531148	-0.533604 
		-0.609493	1.614838	0.510479 
		-0.724618	0.655343	-2.066474 
		-0.710806	0.653043	-2.128816 
		-0.808783	0.802186	-1.708580 
		-0.739062	0.884916	-1.738994 
		-0.733129	0.791343	-1.948371 
		-0.795702	0.737188	-1.870056 
		-0.705473	0.828764	-2.096602 
		-0.746195	0.894944	-1.476535 
		-0.757838	0.825624	-1.269487 
		-0.729752	0.991718	-1.677388 
		-0.705429	0.925004	-2.014597 
		-0.775398	0.839056	1.218480 
		-0.781423	1.105478	2.614991 
		-0.780529	1.148768	2.586621 
		-0.775342	0.932597	1.425864 
		-0.777898	0.953715	1.787130 
		-0.780599	0.863391	2.012952 
		-0.814660	0.799334	-1.487981 
		-0.779347	0.367271	-1.159633 
		-0.790413	0.403242	1.156935 
		-0.813125	0.575156	1.180880 
		-0.830081	0.745418	1.256201 
		-0.845022	0.843718	1.462288 
		-0.845022	0.854026	1.757646 
		-0.836426	0.784816	1.926766 
		-0.830081	0.657966	2.029263 
		-0.807668	0.473824	2.083368 
		0.767418	0.524172	0.069512 
		0.739138	0.401570	1.068746 
		0.739138	0.369994	-1.038495 
		0.767916	0.549349	-1.016900 
		0.767950	0.551103	-1.092579 
		0.766286	0.483393	2.164800 
		0.766286	0.573327	2.724253 
		0.720849	0.580373	2.778879 
		0.732722	0.707603	2.806667 
		0.732722	0.707036	2.672213 
		0.785035	0.708443	2.754116 
		0.732722	1.180198	2.640797 
		0.732722	1.123728	2.663158 
		0.724367	1.140168	0.651573 
		0.643535	1.427908	0.627749 
		0.570452	1.653618	0.542147 
		0.563692	1.626638	-0.358190 
		0.577984	1.567638	-0.553341 
		0.634987	1.374698	-0.783987 
		0.695113	1.097468	-1.063043 
		0.678046	1.029168	-1.690122 
		0.651352	0.953656	-2.049795 
		0.652400	0.830336	-2.155020 
		0.652826	0.651912	-2.183615 
		0.653118	0.613792	-2.239498 
		0.651485	0.352799	-2.218813 
		0.787594	0.706214	2.620674 
		0.784183	0.679901	2.141366 
		0.756374	0.340781	-2.038563 
		0.704884	0.350092	-2.167723 
		0.705206	0.612321	-2.187693 
		0.785269	0.657169	-1.948995 
		0.765448	0.701894	-1.150956 
		0.804181	0.546882	-1.201637 
		0.809027	0.712477	-1.292585 
		0.765785	0.696910	-1.007243 
		0.766447	1.114968	0.609625 
		0.755953	1.073158	-1.002467 
		0.683688	1.361938	-0.732818 
		0.680802	1.420988	0.585331 
		0.609839	1.588288	-0.355119 
		0.609493	1.614838	0.510479 
		0.625752	1.531148	-0.533604 
		0.710806	0.653043	-2.128816 
		0.724618	0.655343	-2.066474 
		0.733129	0.791344	-1.948371 
		0.739062	0.884916	-1.738994 
		0.808783	0.802186	-1.708580 
		0.795702	0.737188	-1.870056 
		0.705473	0.828764	-2.096602 
		0.757838	0.825624	-1.269487 
		0.746195	0.894944	-1.476535 
		0.729752	0.991718	-1.677388 
		0.705429	0.925004	-2.014597 
		0.758383	0.934968	-0.959044 
		0.780529	1.148768	2.586621 
		0.781423	1.105478	2.614991 
		0.780568	0.989543	2.327438 
		0.780599	0.863391	2.012952 
		0.777898	0.953715	1.787130 
		0.778685	1.144343	2.327763 
		0.814660	0.799334	-1.487981 
		0.779347	0.367271	-1.159633 
		0.768007	0.579534	1.073744 
		0.813125	0.575156	1.180880 
		0.790413	0.403242	1.156935 
		0.778830	0.738319	1.132999 
		0.830081	0.745418	1.256201 
		0.775398	0.839056	1.218480 
		0.845022	0.843718	1.462288 
		0.775342	0.932597	1.425864 
		0.845022	0.854027	1.757646 
		0.836426	0.784816	1.926766 
		0.830080	0.657966	2.029263 
		0.807668	0.473824	2.083368 
		-0.762610	1.246248	-0.764667 
		-0.726901	1.176048	-0.775268 
		-0.725477	1.181798	-0.864898 
		-0.943206	1.231338	-0.788890 
		-0.942443	1.249988	-0.728050 
		-0.953352	1.112678	-0.727301 
		-0.947968	1.115878	-0.787768 
		-0.751967	1.084028	-0.859963 
		-0.752557	1.089618	-0.761261 
		0.761220	1.246248	-0.764666 
		0.724087	1.181798	-0.864898 
		0.725511	1.176048	-0.775268 
		0.941811	1.231338	-0.788890 
		0.941048	1.249988	-0.728050 
		0.951957	1.112678	-0.727301 
		0.946582	1.115878	-0.787768 
		0.750578	1.084028	-0.859962 
		0.751168	1.089618	-0.761261 
		0.772337	0.971442	1.010255 
		0.769285	1.121780	1.008057 
		0.765675	0.947968	0.069268 
		0.769184	0.791012	0.070280 
		0.337071	1.806016	2.855379 
		0.337071	1.968085	2.904147 
		0.348093	1.980535	2.801216 
		0.348093	1.818466	2.693310 
		0.358813	1.968085	2.904147 
		0.358813	1.806016	2.855379 
		0.348093	2.039222	2.899688 
		0.337071	2.016830	2.955769 
		0.358813	2.016830	2.955769 
		0.348093	1.753671	3.028282 
		0.348093	1.799560	3.028784 
		0.270289	1.799334	3.049423 
		0.270289	1.753445	3.048921 
		0.531865	1.841601	2.441098 
		0.164320	1.841601	2.441098 
		0.579640	1.864120	1.832557 
		0.116546	1.864120	1.832557 
		0.576117	1.854913	1.223670 
		0.120069	1.854913	1.223670 
		0.200158	1.825957	0.614567 
		0.496027	1.825957	0.614567 
		0.496027	1.780069	0.614065 
		0.348093	1.744622	0.147289 
		0.348093	1.790511	0.147791 
		0.200158	1.780069	0.614065 
		0.576117	1.790895	1.222970 
		0.579640	1.788487	1.831730 
		0.116546	1.788487	1.831730 
		0.120069	1.790895	1.222970 
		0.531865	1.777583	2.440398 
		0.164320	1.777583	2.440398 
		0.425897	1.799334	3.049423 
		0.425897	1.753445	3.048921 
		-0.337071	1.806016	2.855379 
		-0.348093	1.818466	2.693310 
		-0.348093	1.980535	2.801216 
		-0.337071	1.968085	2.904147 
		-0.358813	1.806016	2.855379 
		-0.358813	1.968085	2.904147 
		-0.348093	2.039222	2.899688 
		-0.358813	2.016830	2.955769 
		-0.337071	2.016830	2.955769 
		-0.348093	1.753671	3.028282 
		-0.270289	1.753445	3.048921 
		-0.270289	1.799334	3.049423 
		-0.348093	1.799560	3.028784 
		-0.164320	1.841601	2.441098 
		-0.531865	1.841601	2.441098 
		-0.116546	1.864120	1.832557 
		-0.579640	1.864120	1.832557 
		-0.120069	1.854913	1.223670 
		-0.576117	1.854913	1.223670 
		-0.200158	1.825957	0.614567 
		-0.496027	1.825957	0.614567 
		-0.348093	1.790511	0.147791 
		-0.348093	1.744622	0.147289 
		-0.496027	1.780069	0.614065 
		-0.200158	1.780069	0.614065 
		-0.576117	1.790895	1.222970 
		-0.120069	1.790895	1.222970 
		-0.116546	1.788487	1.831730 
		-0.579640	1.788487	1.831730 
		-0.164320	1.777583	2.440398 
		-0.531865	1.777583	2.440398 
		-0.425897	1.753445	3.048921 
		-0.425897	1.799334	3.049423 
		-0.515519	1.322154	0.675999 
		-0.592879	1.379467	0.675999 
		-0.529075	1.472694	0.671293 
		-0.444917	1.410344	0.671293 
		-0.631559	1.408124	0.729552 
		-0.571154	1.503869	0.729552 
		-0.611048	1.392928	0.765289 
		-0.592879	1.379467	0.783105 
		-0.529075	1.472694	0.787811 
		-0.548659	1.487203	0.768036 
		-0.515519	1.322154	0.783105 
		-0.444917	1.410344	0.787811 
		-0.496768	1.308261	0.764606 
		-0.476839	1.293497	0.729552 
		-0.402838	1.379169	0.729552 
		-0.424860	1.395484	0.768126 
		-0.577904	1.318814	0.729552 
		-0.593001	1.353809	0.766222 
		-0.539571	1.314588	0.766616 
		-0.328168	1.574357	0.675552 
		-0.406174	1.632150	0.675552 
		-0.265619	1.740324	0.729552 
		-0.445177	1.661046	0.729552 
		-0.424411	1.645661	0.765642 
		-0.406174	1.632150	0.783553 
		-0.328168	1.574357	0.783553 
		-0.309891	1.560817	0.765710 
		-0.289165	1.545461	0.729552 
		-0.729600	1.730099	2.565683 
		-0.781912	1.775415	2.592464 
		0.781912	1.775415	2.592464 
		0.729600	1.730099	2.565683 
		-0.729600	1.731554	2.619246 
		0.729600	1.731554	2.619246 
		-0.729600	1.730099	0.701092 
		-0.781912	1.775415	0.728360 
		0.781912	1.775415	0.728360 
		0.729600	1.730099	0.701092 
		-0.729600	1.731554	0.755629 
		0.729600	1.731554	0.755629 
		0.677918	1.175743	2.360744 
		0.621979	1.652083	2.596410 
		0.621979	1.652083	2.579191 
		0.677918	1.175743	2.343526 
		0.681381	1.175743	2.343526 
		0.625156	1.652083	2.579191 
		0.625156	1.652083	2.596410 
		0.681381	1.175743	2.360744 
		0.629044	1.733010	2.568553 
		0.714812	1.140168	2.568553 
		0.666989	1.140168	2.568553 
		0.586959	1.732885	2.568553 
		0.629044	1.733010	2.616376 
		0.714812	1.140168	2.616376 
		0.666989	1.140168	2.616376 
		0.586959	1.732889	2.616376 
		0.714812	1.140168	0.752272 
		0.629044	1.733010	0.752272 
		0.586959	1.732889	0.752272 
		0.666989	1.140168	0.752272 
		0.629044	1.733010	0.704449 
		0.714812	1.140168	0.704449 
		0.666989	1.140168	0.704449 
		0.586959	1.732885	0.704449 
		-0.714812	1.140168	2.616376 
		-0.666989	1.140168	2.616376 
		-0.586959	1.732889	2.616376 
		-0.629044	1.733010	2.616376 
		-0.714812	1.140168	2.568553 
		-0.629044	1.733010	2.568553 
		-0.666989	1.140168	2.568553 
		-0.586959	1.732885	2.568553 
		-0.714812	1.140168	0.752272 
		-0.666989	1.140168	0.752272 
		-0.586959	1.732889	0.752272 
		-0.629044	1.733010	0.752272 
		-0.629044	1.733010	0.704449 
		-0.586959	1.732885	0.704449 
		-0.666989	1.140168	0.704449 
		-0.714812	1.140168	0.704449 
		-0.677918	1.175743	2.360744 
		-0.677918	1.175743	2.343526 
		-0.621979	1.652083	2.579191 
		-0.621979	1.652083	2.596410 
		-0.681381	1.175743	2.343526 
		-0.681381	1.175743	2.360744 
		-0.625156	1.652083	2.596410 
		-0.625156	1.652083	2.579191 
		0.461237	1.706471	-0.089428 
		0.461237	1.711097	-0.027990 
		-0.003222	1.711091	-0.027830 
		-0.003222	1.706464	-0.089268 
		-0.467680	1.711097	-0.027991 
		-0.467680	1.706471	-0.089429 
		-0.003222	1.751051	-0.092622 
		0.461237	1.751057	-0.092782 
		-0.467680	1.751057	-0.092783 
		-0.003222	1.755668	-0.031183 
		-0.467680	1.755674	-0.031343 
		0.461237	1.755674	-0.031343 
		0.544500	1.632700	-0.166674 
		0.544500	1.642941	0.059931 
		-0.545593	1.642941	0.059931 
		-0.545593	1.632700	-0.166674 
		0.566419	1.642811	0.059941 
		0.566419	1.632571	-0.166664 
		-0.567512	1.632571	-0.166664 
		-0.567512	1.642811	0.059940 
		-0.180867	1.897915	-0.167084 
		0.138710	1.897915	-0.167084 
		0.138710	1.805624	-0.211360 
		-0.180867	1.805624	-0.211360 
		-0.180867	1.915005	0.032185 
		-0.180867	1.831601	0.091528 
		0.138710	1.831601	0.091528 
		0.138710	1.915005	0.032185 
		0.470212	1.763123	0.045210 
		0.526701	1.831601	0.091528 
		-0.556009	1.831601	0.091528 
		-0.499520	1.763123	0.045209 
		0.470212	1.746033	-0.154058 
		-0.499520	1.746033	-0.154058 
		-0.556009	1.805624	-0.211360 
		0.526701	1.805624	-0.211360 
		0.446897	1.897915	-0.167084 
		-0.489055	1.897915	-0.167084 
		-0.489055	1.915005	0.032185 
		0.446897	1.915005	0.032185 
		-0.389403	0.367276	-1.159224 
		-0.389403	0.403248	1.157343 
		-0.361169	0.473830	2.083776 
		-0.389403	0.340787	-2.038154 
		-0.389403	0.806970	-1.907563 
		-0.389403	0.808544	-1.299463 
		-0.389403	0.835303	1.219082 
		-0.361169	0.859849	1.965050 
		0.389403	0.367276	-1.159224 
		0.389402	0.403248	1.157343 
		0.361169	0.473830	2.083776 
		0.389403	0.340787	-2.038154 
		0.389403	0.806970	-1.907563 
		0.389403	0.808544	-1.299463 
		0.389402	0.835303	1.219082 
		0.361169	0.859849	1.965050 
	}

	Nrm 417 { 
		-0.046875	0.015625	1.000000 
		-0.500000	0.015625	0.859375 
		-0.265625	0.015625	0.968750 
		-0.703125	0.015625	0.718750 
		-0.687500	0.015625	0.718750 
		0.500000	0.015625	0.859375 
		0.265625	0.015625	0.968750 
		0.687500	0.015625	0.718750 
		0.703125	0.015625	0.718750 
		0.046875	0.015625	1.000000 
		-0.093750	0.484375	-0.875000 
		-0.109375	0.640625	-0.765625 
		-0.093750	0.625000	-0.781250 
		-0.093750	0.312500	-0.937500 
		-0.093750	0.156250	-0.984375 
		0.093750	0.609375	-0.781250 
		0.109375	0.640625	-0.765625 
		0.093750	0.484375	-0.875000 
		0.093750	0.312500	-0.937500 
		0.093750	0.156250	-0.984375 
		-0.984375	-0.156250	0.000000 
		-1.000000	-0.093750	0.000000 
		-1.000000	-0.062500	0.000000 
		-0.015625	-0.984375	0.156250 
		-0.031250	-0.984375	0.156250 
		-0.015625	-0.984375	0.140625 
		0.000000	-0.218750	0.984375 
		-0.281250	-0.234375	0.937500 
		-0.515625	-0.234375	0.812500 
		0.000000	1.000000	0.000000 
		0.015625	1.000000	-0.015625 
		0.015625	1.000000	0.000000 
		0.000000	0.171875	0.984375 
		0.000000	0.937500	0.343750 
		-0.437500	0.656250	0.609375 
		-0.343750	0.140625	0.921875 
		0.000000	1.000000	-0.015625 
		-0.453125	0.765625	0.468750 
		0.000000	0.093750	1.000000 
		0.000000	0.265625	0.968750 
		-0.343750	0.265625	0.906250 
		0.000000	0.937500	0.359375 
		-0.515625	0.703125	0.484375 
		0.000000	0.984375	-0.156250 
		-0.312500	0.937500	-0.156250 
		0.000000	0.890625	-0.453125 
		-0.437500	0.812500	-0.390625 
		0.000000	0.750000	-0.671875 
		-0.390625	0.718750	-0.578125 
		0.000000	0.953125	-0.312500 
		-0.296875	0.843750	-0.437500 
		-0.328125	0.937500	-0.156250 
		0.000000	0.843750	-0.546875 
		-0.437500	0.734375	-0.500000 
		0.000000	0.281250	-0.953125 
		-0.421875	0.375000	-0.828125 
		0.000000	0.156250	-0.984375 
		-0.312500	0.156250	-0.937500 
		0.000000	0.812500	-0.578125 
		-0.203125	0.796875	-0.562500 
		-0.359375	0.765625	-0.531250 
		0.000000	-0.125000	-0.984375 
		0.000000	-0.187500	-0.984375 
		-0.296875	-0.109375	-0.953125 
		-0.515625	-0.062500	-0.843750 
		-0.968750	-0.062500	0.265625 
		-1.000000	0.000000	0.000000 
		-1.000000	-0.109375	0.015625 
		-0.953125	-0.187500	0.234375 
		-0.859375	-0.218750	0.468750 
		-0.875000	-0.031250	-0.484375 
		-0.781250	-0.046875	-0.609375 
		-0.937500	-0.015625	-0.343750 
		-0.953125	0.000000	-0.312500 
		-0.953125	0.078125	0.312500 
		-0.953125	0.000000	0.312500 
		-0.937500	0.203125	0.296875 
		-0.921875	0.281250	0.265625 
		-1.000000	0.015625	0.000000 
		-0.859375	0.468750	-0.203125 
		-0.906250	0.406250	-0.156250 
		-0.968750	0.265625	0.078125 
		-0.875000	0.359375	0.328125 
		-0.828125	0.562500	-0.046875 
		-0.734375	0.640625	-0.203125 
		-0.843750	0.531250	0.140625 
		-0.843750	0.453125	-0.296875 
		-0.781250	0.484375	-0.406250 
		-0.687500	0.593750	-0.421875 
		-0.640625	0.671875	-0.343750 
		-0.796875	0.578125	-0.156250 
		-0.781250	0.593750	-0.156250 
		-0.828125	0.437500	-0.359375 
		-0.875000	0.250000	-0.421875 
		-0.828125	0.109375	-0.546875 
		-0.984375	0.078125	-0.187500 
		-0.984375	0.125000	-0.140625 
		-1.000000	0.078125	-0.046875 
		-1.000000	0.046875	-0.015625 
		-0.906250	0.406250	-0.109375 
		-0.984375	0.140625	-0.078125 
		-0.859375	0.453125	-0.234375 
		-0.984375	0.015625	0.187500 
		-0.828125	0.140625	0.546875 
		-0.984375	0.171875	0.062500 
		-0.968750	0.015625	0.250000 
		-0.843750	0.328125	-0.437500 
		-0.796875	0.593750	0.031250 
		-0.859375	0.515625	0.109375 
		-0.875000	0.421875	0.218750 
		-0.953125	-0.062500	0.312500 
		-0.890625	-0.093750	-0.437500 
		-0.921875	0.031250	-0.390625 
		-0.906250	-0.031250	-0.421875 
		-0.859375	-0.125000	-0.500000 
		-0.890625	0.281250	-0.343750 
		-0.906250	0.171875	-0.390625 
		-0.859375	0.437500	-0.296875 
		-0.828125	0.531250	-0.140625 
		-0.812500	0.578125	-0.140625 
		-0.828125	0.562500	0.046875 
		-0.859375	0.500000	0.125000 
		-0.890625	0.390625	0.250000 
		-0.906250	0.296875	0.296875 
		-0.921875	0.109375	0.359375 
		-0.921875	0.109375	0.375000 
		-0.906250	-0.015625	0.421875 
		-0.890625	-0.031250	0.453125 
		1.000000	-0.093750	0.000000 
		0.984375	-0.171875	0.000000 
		0.984375	-0.140625	0.109375 
		1.000000	-0.078125	0.000000 
		0.984375	-0.031250	0.187500 
		0.015625	-0.984375	0.140625 
		0.031250	-0.984375	0.156250 
		0.015625	-0.984375	0.156250 
		0.281250	-0.234375	0.937500 
		0.515625	-0.234375	0.812500 
		-0.015625	1.000000	0.000000 
		-0.015625	1.000000	-0.015625 
		0.390625	0.015625	0.921875 
		-0.015625	0.015625	1.000000 
		0.468750	0.718750	0.515625 
		0.343750	0.140625	0.921875 
		0.468750	0.796875	0.390625 
		0.343750	0.265625	0.906250 
		0.515625	0.703125	0.484375 
		0.312500	0.937500	-0.156250 
		0.437500	0.812500	-0.390625 
		0.390625	0.718750	-0.578125 
		0.296875	0.843750	-0.437500 
		0.328125	0.937500	-0.156250 
		0.437500	0.734375	-0.500000 
		0.421875	0.375000	-0.828125 
		0.312500	0.156250	-0.937500 
		0.203125	0.796875	-0.562500 
		0.359375	0.765625	-0.531250 
		0.296875	-0.109375	-0.953125 
		0.515625	-0.062500	-0.843750 
		0.984375	-0.078125	0.156250 
		0.859375	-0.218750	0.468750 
		0.953125	-0.187500	0.234375 
		1.000000	-0.109375	0.015625 
		1.000000	-0.015625	0.000000 
		0.937500	-0.015625	-0.343750 
		0.781250	-0.046875	-0.609375 
		0.875000	-0.031250	-0.484375 
		0.953125	0.000000	-0.312500 
		0.937500	0.203125	0.296875 
		0.953125	0.078125	0.312500 
		0.921875	0.281250	0.265625 
		1.000000	0.031250	0.000000 
		1.000000	0.015625	0.000000 
		0.953125	0.265625	0.078125 
		0.906250	0.406250	-0.156250 
		0.859375	0.468750	-0.203125 
		0.875000	0.359375	0.328125 
		0.828125	0.562500	-0.046875 
		0.843750	0.531250	0.140625 
		0.734375	0.640625	-0.203125 
		0.687500	0.593750	-0.421875 
		0.781250	0.484375	-0.406250 
		0.843750	0.453125	-0.296875 
		0.640625	0.671875	-0.343750 
		0.828125	0.437500	-0.359375 
		0.781250	0.593750	-0.156250 
		0.796875	0.578125	-0.156250 
		0.984375	0.078125	-0.187500 
		0.828125	0.109375	-0.546875 
		0.875000	0.250000	-0.421875 
		1.000000	0.031250	-0.015625 
		1.000000	0.078125	-0.046875 
		0.906250	0.406250	-0.109375 
		0.984375	0.140625	-0.078125 
		0.859375	0.453125	-0.234375 
		0.984375	0.125000	-0.140625 
		0.937500	0.343750	0.125000 
		0.828125	0.140625	0.546875 
		0.984375	0.015625	0.140625 
		0.921875	0.015625	0.390625 
		0.875000	0.500000	-0.015625 
		0.843750	0.328125	-0.437500 
		0.796875	0.593750	0.031250 
		0.859375	0.515625	0.109375 
		0.875000	0.421875	0.218750 
		0.953125	-0.062500	0.312500 
		0.906250	-0.031250	-0.421875 
		0.921875	0.031250	-0.390625 
		0.890625	-0.093750	-0.437500 
		0.859375	-0.125000	-0.500000 
		0.906250	0.171875	-0.390625 
		0.890625	0.281250	-0.343750 
		0.859375	0.437500	-0.296875 
		0.828125	0.531250	-0.140625 
		0.812500	0.578125	-0.140625 
		0.828125	0.562500	0.046875 
		0.859375	0.500000	0.125000 
		0.890625	0.390625	0.250000 
		0.906250	0.296875	0.296875 
		0.921875	0.109375	0.375000 
		0.921875	0.109375	0.359375 
		0.890625	-0.031250	0.453125 
		0.906250	-0.015625	0.421875 
		-0.515625	0.015625	0.859375 
		0.515625	0.015625	0.859375 
		0.453125	0.656250	0.593750 
		0.750000	0.296875	0.578125 
		0.078125	0.484375	-0.875000 
		-0.656250	0.531250	-0.531250 
		-0.562500	0.687500	0.453125 
		-0.593750	-0.562500	0.578125 
		-0.640625	-0.312500	-0.703125 
		-0.281250	-0.859375	-0.421875 
		0.187500	-0.406250	0.890625 
		-0.453125	0.656250	0.593750 
		-0.078125	0.484375	-0.875000 
		-0.750000	0.296875	0.578125 
		0.656250	0.531250	-0.531250 
		0.562500	0.687500	0.453125 
		0.593750	-0.562500	0.578125 
		0.640625	-0.312500	-0.703125 
		0.281250	-0.859375	-0.421875 
		-0.187500	-0.406250	0.890625 
		0.859375	0.500000	-0.015625 
		1.000000	0.000000	0.000000 
		-0.734375	-0.187500	0.656250 
		-0.765625	-0.312500	0.562500 
		0.000000	0.703125	-0.703125 
		0.000000	0.437500	-0.906250 
		0.765625	-0.328125	0.562500 
		0.734375	-0.187500	0.656250 
		0.000000	0.984375	0.140625 
		-0.703125	0.250000	0.671875 
		0.703125	0.250000	0.671875 
		0.000000	-0.734375	0.671875 
		0.000000	0.687500	0.718750 
		-0.421875	0.578125	0.703125 
		-0.437500	-0.609375	0.656250 
		0.546875	0.828125	0.125000 
		-0.703125	0.703125	0.125000 
		0.703125	0.703125	0.031250 
		-0.703125	0.703125	0.031250 
		0.703125	0.703125	-0.062500 
		-0.703125	0.703125	-0.062500 
		-0.687500	0.703125	-0.203125 
		0.687500	0.703125	-0.203125 
		0.687500	-0.703125	-0.125000 
		0.000000	-0.875000	-0.468750 
		0.000000	0.828125	-0.562500 
		-0.687500	-0.703125	-0.125000 
		0.703125	-0.703125	-0.046875 
		0.703125	-0.703125	0.015625 
		-0.703125	-0.703125	0.015625 
		-0.703125	-0.703125	-0.046875 
		0.546875	-0.828125	0.046875 
		-0.703125	-0.703125	0.062500 
		0.421875	0.578125	0.703125 
		0.437500	-0.609375	0.656250 
		0.765625	-0.312500	0.562500 
		-0.765625	-0.328125	0.562500 
		0.703125	0.703125	0.125000 
		-0.546875	0.828125	0.125000 
		0.703125	-0.703125	0.062500 
		-0.546875	-0.828125	0.046875 
		-0.046875	-0.625000	-0.781250 
		-0.578125	-0.234375	-0.781250 
		-0.328125	0.234375	-0.906250 
		0.312500	-0.250000	-0.906250 
		-0.984375	-0.140625	0.031250 
		-0.812500	0.578125	-0.046875 
		-0.750000	0.140625	0.640625 
		-0.531250	-0.031250	0.843750 
		-0.187500	0.109375	0.968750 
		-0.625000	0.421875	0.656250 
		0.125000	-0.515625	0.843750 
		0.156250	-0.156250	0.968750 
		0.359375	-0.671875	0.640625 
		0.156250	-0.984375	0.031250 
		0.796875	-0.609375	-0.062500 
		0.593750	-0.468750	0.656250 
		-0.593750	-0.796875	-0.093750 
		-0.687500	-0.562500	0.468750 
		-0.375000	-0.500000	0.781250 
		-0.328125	-0.812500	0.468750 
		0.437500	-0.078125	-0.890625 
		-0.203125	0.406250	-0.890625 
		0.546875	0.734375	0.390625 
		-0.609375	0.796875	-0.062500 
		-0.406250	0.656250	0.625000 
		-0.015625	0.328125	0.953125 
		0.312500	0.078125	0.953125 
		0.750000	-0.203125	0.625000 
		0.937500	-0.343750	-0.062500 
		0.515625	-0.343750	0.781250 
		-0.484375	0.390625	0.781250 
		0.000000	0.515625	-0.859375 
		0.000000	-1.000000	0.031250 
		0.000000	0.531250	0.843750 
		0.000000	0.515625	0.859375 
		-1.000000	-0.109375	0.000000 
		1.000000	0.125000	0.000000 
		0.000000	0.000000	-1.000000 
		0.984375	0.140625	0.000000 
		-0.984375	-0.140625	0.000000 
		0.000000	0.000000	1.000000 
		-0.984375	0.140625	0.000000 
		0.984375	-0.140625	0.000000 
		1.000000	-0.109375	0.000000 
		-1.000000	0.125000	0.000000 
		-0.656250	-0.765625	0.015625 
		0.656250	-0.765625	0.015625 
		0.000000	-0.765625	-0.656250 
		-0.484375	-0.578125	0.656250 
		0.000000	-0.656250	0.765625 
		0.000000	-0.078125	-1.000000 
		0.000000	0.078125	1.000000 
		-0.265625	0.281250	0.921875 
		-0.656250	-0.046875	-0.750000 
		-0.656250	-0.750000	-0.031250 
		0.812500	-0.453125	-0.375000 
		0.671875	0.062500	0.734375 
		0.671875	-0.750000	-0.031250 
		0.734375	0.671875	-0.031250 
		0.734375	0.671875	0.031250 
		-0.765625	0.656250	-0.031250 
		-0.765625	0.656250	0.031250 
		-0.625000	-0.062500	-0.781250 
		-0.625000	0.015625	-0.781250 
		0.406250	0.265625	-0.875000 
		0.000000	0.609375	-0.796875 
		0.640625	0.062500	0.765625 
		0.640625	-0.015625	0.765625 
		0.000000	0.562500	0.828125 
		0.000000	0.906250	0.421875 
		0.000000	0.578125	0.812500 
		0.296875	-0.875000	0.390625 
		0.453125	-0.718750	0.531250 
		-0.453125	-0.718750	0.531250 
		-0.296875	-0.875000	0.390625 
		0.296875	-0.921875	-0.234375 
		-0.296875	-0.921875	-0.234375 
		-0.453125	-0.796875	-0.390625 
		0.453125	-0.796875	-0.390625 
		0.000000	1.000000	-0.078125 
		-0.796875	0.609375	-0.046875 
		0.734375	0.671875	-0.062500 
		0.000000	-1.000000	0.015625 
		-0.328125	-0.875000	0.375000 
		0.000000	-0.750000	0.656250 
		-0.171875	-0.953125	-0.218750 
		0.000000	-0.984375	0.140625 
		0.000000	-0.828125	-0.546875 
		0.000000	-1.000000	-0.046875 
		0.000000	-1.000000	-0.078125 
		0.000000	-1.000000	-0.062500 
		0.187500	-0.812500	0.562500 
		-0.171875	-0.796875	0.578125 
		0.078125	-0.984375	0.125000 
		-0.375000	-0.796875	-0.484375 
		0.156250	-0.718750	-0.671875 
		0.109375	-0.968750	-0.218750 
		0.015625	-0.343750	-0.937500 
		-0.453125	-0.234375	-0.859375 
		0.000000	-0.234375	-0.968750 
		0.046875	-0.218750	0.968750 
		-0.187500	-0.703125	0.687500 
		0.203125	-0.671875	0.718750 
		0.078125	-0.984375	0.171875 
		-0.359375	-0.828125	-0.421875 
		0.171875	-0.781250	-0.593750 
		0.093750	-0.984375	-0.171875 
		0.046875	-0.406250	-0.906250 
		0.062500	-0.421875	0.906250 
		0.000000	-0.265625	0.968750 
		-0.703125	-0.187500	0.687500 
		0.203125	-0.906250	-0.375000 
		0.000000	-0.796875	-0.609375 
		0.328125	-0.875000	0.359375 
		0.156250	-0.968750	-0.171875 
		0.281250	-0.921875	0.250000 
		0.000000	-0.812500	0.578125 
		-0.187500	-0.812500	0.562500 
		-0.078125	-0.984375	0.125000 
		0.171875	-0.796875	0.578125 
		0.375000	-0.796875	-0.484375 
		-0.109375	-0.968750	-0.218750 
		-0.156250	-0.718750	-0.671875 
		-0.015625	-0.343750	-0.937500 
		-0.046875	-0.218750	0.968750 
		-0.203125	-0.671875	0.718750 
		0.187500	-0.703125	0.687500 
		-0.078125	-0.984375	0.171875 
		0.359375	-0.828125	-0.421875 
		-0.093750	-0.984375	-0.171875 
		-0.171875	-0.781250	-0.593750 
		-0.046875	-0.406250	-0.906250 
		-0.062500	-0.421875	0.906250 
	}

	Cpv 762 { 
		0.500000	0.500000	0.500000	0.000000 
		0.500000	0.500000	0.500000	0.000000 
		0.500000	0.584328	0.500000	0.000000 
		0.500000	0.584328	0.500000	0.000000 
		0.500000	0.500000	0.500000	0.000000 
		0.500000	0.584328	0.500000	0.000000 
		0.500000	0.500000	0.500000	0.000000 
		0.500000	0.500000	0.500000	0.000000 
		0.500000	0.500000	0.500000	0.000000 
		0.500000	0.500000	0.500000	0.000000 
		0.500000	0.500000	0.500000	0.000000 
		0.500000	0.500000	0.500000	0.000000 
		0.500000	0.500000	0.500000	0.000000 
		0.500000	0.500000	0.500000	0.000000 
		0.500000	0.500000	0.547923	0.000000 
		0.500000	0.500000	0.547923	0.000000 
		0.500000	0.500000	0.500000	0.000000 
		0.500000	0.500000	0.547923	0.000000 
		0.500000	0.500000	0.547923	0.000000 
		0.500000	0.500000	0.500000	0.000000 
		0.500000	0.500000	0.500000	0.000000 
		0.500000	0.500000	0.547923	0.000000 
		0.500000	0.500000	0.500000	0.000000 
		0.500000	0.500000	0.547923	0.000000 
		0.500000	0.500000	0.500000	0.000000 
		0.500000	0.500000	0.500000	0.000000 
		0.500000	0.500000	0.500000	0.000000 
		0.500000	0.500000	0.500000	0.000000 
		0.500000	0.634760	0.438978	0.000000 
		0.500000	0.634760	0.466745	0.000000 
		0.500000	0.500000	0.500000	0.000000 
		0.500000	0.664421	0.410141	0.000000 
		0.500000	0.597810	0.410141	0.000000 
		0.500000	0.584328	0.424852	0.000000 
		0.500000	0.634760	0.438978	0.000000 
		0.500000	0.584328	0.500000	0.000000 
		0.500000	0.584328	0.451565	0.000000 
		0.500000	0.584328	0.424852	0.000000 
		0.500000	0.597810	0.410141	0.000000 
		0.500000	0.597810	0.410141	0.000000 
		0.500000	0.459499	0.377834	0.000000 
		0.500000	0.459499	0.500000	0.000000 
		0.500000	0.500000	0.500000	0.000000 
		0.500000	0.500000	0.500000	0.000000 
		0.500000	0.459499	0.500000	0.000000 
		0.500000	0.500000	0.500000	0.000000 
		0.500000	0.500000	0.500000	0.000000 
		0.500000	0.500000	0.500000	0.000000 
		0.500000	0.500000	0.500000	0.000000 
		0.500000	0.500000	0.500000	0.003922 
		0.500000	0.500000	0.500000	0.003922 
		0.500000	0.500000	0.500000	0.000000 
		0.500000	0.430451	0.500000	0.003922 
		0.500000	0.500000	0.500000	0.003922 
		0.500000	0.430451	0.500000	0.003922 
		0.500000	0.419219	0.500000	0.003922 
		0.500000	0.500000	0.500000	0.003922 
		0.500000	0.500000	0.500000	0.003922 
		0.500000	0.419219	0.500000	0.003922 
		0.500000	0.500000	0.500000	0.003922 
		0.500000	0.419219	0.500000	0.003922 
		0.500000	0.500000	0.500000	0.003922 
		0.500000	0.500000	0.500000	0.003922 
		0.500000	0.500000	0.500000	0.003922 
		0.500000	0.500000	0.500000	0.000000 
		0.500000	0.500000	0.500000	0.000000 
		0.500000	0.500000	0.500000	0.000000 
		0.500000	0.430044	0.500000	0.000000 
		0.500000	0.500000	0.500000	0.000000 
		0.500000	0.500000	0.500000	0.000000 
		0.500000	0.430044	0.667073	0.000000 
		0.500000	0.500000	0.500000	0.000000 
		0.500000	0.430044	0.667073	0.000000 
		0.500000	0.500000	0.667073	0.000000 
		0.500000	0.500000	0.500000	0.000000 
		0.500000	0.500000	0.500000	0.000000 
		0.500000	0.500000	0.667073	0.000000 
		0.500000	0.500000	0.500000	0.000000 
		0.500000	0.500000	0.667073	0.000000 
		0.500000	0.500000	0.667073	0.000000 
		0.500000	0.500000	0.500000	0.000000 
		0.500000	0.500000	0.500000	0.000000 
		0.500000	0.500000	0.667073	0.000000 
		0.500000	0.588787	0.667073	0.000000 
		0.500000	0.606166	0.500000	0.000000 
		0.500000	0.500000	0.500000	0.000000 
		0.500000	0.584328	0.500000	0.000000 
		0.500000	0.500000	0.500000	0.000000 
		0.500000	0.500000	0.500000	0.000000 
		0.500000	0.634760	0.466745	0.000000 
		0.500000	0.584328	0.451565	0.000000 
		0.500000	0.500000	0.500000	0.000000 
		0.500000	0.606166	0.500000	0.000000 
		0.580796	0.606166	0.500000	0.000000 
		0.576710	0.500000	0.500000	0.000000 
		0.500000	0.500000	0.500000	0.000000 
		0.500000	0.500000	0.500000	0.000000 
		0.500000	0.500000	0.500000	0.000000 
		0.500000	0.500000	0.500000	0.000000 
		0.500000	0.500000	0.500000	0.000000 
		0.500000	0.500000	0.500000	0.000000 
		0.500000	0.500000	0.500000	0.003922 
		0.500000	0.500000	0.500000	0.000000 
		0.500000	0.500000	0.500000	0.000000 
		0.500000	0.500000	0.500000	0.003922 
		0.500000	0.500000	0.500000	0.003922 
		0.500000	0.500000	0.500000	0.003922 
		0.500000	0.500000	0.500000	0.003922 
		0.500000	0.500000	0.500000	0.000000 
		0.500000	0.500000	0.500000	0.000000 
		0.500000	0.500000	0.500000	0.000000 
		0.576710	0.500000	0.500000	0.000000 
		0.576710	0.500000	0.500000	0.000000 
		0.500000	0.500000	0.500000	0.000000 
		0.500000	0.500000	0.500000	0.000000 
		0.576710	0.500000	0.500000	0.000000 
		0.500000	0.500000	0.500000	0.000000 
		0.500000	0.500000	0.500000	0.000000 
		0.500000	0.500000	0.500000	0.000000 
		0.500000	0.500000	0.500000	0.000000 
		0.500000	0.500000	0.500000	0.000000 
		0.500000	0.500000	0.500000	0.000000 
		0.500000	0.500000	0.500000	0.000000 
		0.584209	0.500000	0.500000	0.000000 
		0.500000	0.500000	0.500000	0.000000 
		0.500000	0.500000	0.500000	0.000000 
		0.500000	0.500000	0.500000	0.000000 
		0.500000	0.500000	0.500000	0.000000 
		0.500000	0.500000	0.500000	0.000000 
		0.500000	0.500000	0.500000	0.000000 
		0.500000	0.500000	0.500000	0.000000 
		0.500000	0.500000	0.500000	0.000000 
		0.500000	0.500000	0.500000	0.000000 
		0.500000	0.584328	0.500000	0.000000 
		0.500000	0.584328	0.500000	0.000000 
		0.500000	0.584328	0.451565	0.000000 
		0.500000	0.634760	0.466745	0.000000 
		0.500000	0.584328	0.500000	0.000000 
		0.500000	0.584328	0.500000	0.000000 
		0.500000	0.584328	0.500000	0.000000 
		0.500000	0.584328	0.500000	0.000000 
		0.500000	0.500000	0.500000	0.000000 
		0.500000	0.500000	0.500000	0.000000 
		0.500000	0.500000	0.500000	0.000000 
		0.500000	0.500000	0.500000	0.000000 
		0.500000	0.500000	0.500000	0.003922 
		0.500000	0.500000	0.500000	0.003922 
		0.500000	0.500000	0.500000	0.003922 
		0.500000	0.500000	0.500000	0.003922 
		0.500000	0.500000	0.500000	0.003922 
		0.500000	0.500000	0.500000	0.000000 
		0.500000	0.500000	0.500000	0.000000 
		0.500000	0.500000	0.500000	0.000000 
		0.500000	0.500000	0.500000	0.000000 
		0.500000	0.500000	0.500000	0.000000 
		0.500000	0.500000	0.500000	0.000000 
		0.500000	0.500000	0.500000	0.000000 
		0.500000	0.500000	0.500000	0.000000 
		0.500000	0.500000	0.500000	0.000000 
		0.500000	0.606166	0.500000	0.000000 
		0.500000	0.500000	0.500000	0.000000 
		0.576710	0.500000	0.500000	0.000000 
		0.500000	0.500000	0.500000	0.000000 
		0.570678	0.500000	0.500000	0.000000 
		0.500000	0.500000	0.500000	0.000000 
		0.500000	0.500000	0.500000	0.000000 
		0.500000	0.500000	0.500000	0.000000 
		0.500000	0.500000	0.500000	0.000000 
		0.500000	0.500000	0.500000	0.000000 
		0.500000	0.500000	0.500000	0.000000 
		0.500000	0.500000	0.500000	0.000000 
		0.500000	0.500000	0.500000	0.000000 
		0.500000	0.500000	0.500000	0.000000 
		0.500000	0.500000	0.500000	0.000000 
		0.500000	0.500000	0.500000	0.000000 
		0.500000	0.500000	0.500000	0.000000 
		0.500000	0.500000	0.500000	0.000000 
		0.500000	0.500000	0.500000	0.000000 
		0.500000	0.500000	0.500000	0.000000 
		0.500000	0.500000	0.500000	0.000000 
		0.500000	0.500000	0.500000	0.000000 
		0.500000	0.500000	0.500000	0.000000 
		0.500000	0.500000	0.500000	0.000000 
		0.500000	0.500000	0.500000	0.000000 
		0.336127	0.500000	0.500000	0.000000 
		0.500000	0.500000	0.500000	0.000000 
		0.500000	0.500000	0.500000	0.000000 
		0.500000	0.500000	0.500000	0.000000 
		0.500000	0.500000	0.500000	0.000000 
		0.406898	0.500000	0.500000	0.000000 
		0.500000	0.500000	0.500000	0.000000 
		0.500000	0.500000	0.500000	0.000000 
		0.500000	0.500000	0.500000	0.000000 
		0.500000	0.500000	0.500000	0.000000 
		0.500000	0.500000	0.500000	0.000000 
		0.500000	0.500000	0.500000	0.000000 
		0.500000	0.500000	0.500000	0.000000 
		0.500000	0.500000	0.500000	0.000000 
		0.500000	0.500000	0.500000	0.000000 
		0.500000	0.597810	0.410141	0.000000 
		0.500000	0.500000	0.500000	0.000000 
		0.500000	0.500000	0.500000	0.000000 
		0.500000	0.500000	0.500000	0.000000 
		0.500000	0.500000	0.500000	0.000000 
		0.500000	0.500000	0.500000	0.003922 
		0.500000	0.500000	0.500000	0.000000 
		0.500000	0.428658	0.500000	0.003922 
		0.500000	0.395021	0.500000	0.003922 
		0.500000	0.428658	0.500000	0.003922 
		0.500000	0.395021	0.500000	0.003922 
		0.500000	0.500000	0.500000	0.003922 
		0.500000	0.395021	0.500000	0.003922 
		0.500000	0.500000	0.500000	0.000000 
		0.500000	0.500000	0.500000	0.000000 
		0.500000	0.500000	0.500000	0.000000 
		0.500000	0.500000	0.500000	0.000000 
		0.500000	0.500000	0.500000	0.000000 
		0.500000	0.500000	0.500000	0.000000 
		0.500000	0.500000	0.500000	0.000000 
		0.500000	0.500000	0.500000	0.000000 
		0.500000	0.500000	0.500000	0.000000 
		0.500000	0.500000	0.500000	0.000000 
		0.500000	0.500000	0.500000	0.000000 
		0.500000	0.500000	0.500000	0.000000 
		0.500000	0.500000	0.500000	0.000000 
		0.500000	0.500000	0.500000	0.000000 
		0.406898	0.500000	0.500000	0.000000 
		0.406898	0.500000	0.500000	0.000000 
		0.500000	0.500000	0.500000	0.000000 
		0.500000	0.500000	0.500000	0.000000 
		0.500000	0.500000	0.500000	0.000000 
		0.500000	0.500000	0.500000	0.000000 
		0.500000	0.500000	0.500000	0.000000 
		0.500000	0.500000	0.500000	0.000000 
		0.500000	0.500000	0.500000	0.000000 
		0.500000	0.500000	0.500000	0.000000 
		0.500000	0.500000	0.500000	0.000000 
		0.500000	0.500000	0.500000	0.000000 
		0.500000	0.500000	0.500000	0.000000 
		0.500000	0.500000	0.500000	0.003922 
		0.500000	0.500000	0.500000	0.003922 
		0.500000	0.395021	0.500000	0.003922 
		0.500000	0.428658	0.500000	0.003922 
		0.500000	0.395021	0.500000	0.003922 
		0.500000	0.500000	0.500000	0.000000 
		0.500000	0.500000	0.500000	0.000000 
		0.500000	0.500000	0.500000	0.000000 
		0.500000	0.500000	0.500000	0.000000 
		0.500000	0.500000	0.500000	0.000000 
		0.500000	0.500000	0.500000	0.000000 
		0.500000	0.500000	0.500000	0.000000 
		0.500000	0.500000	0.500000	0.000000 
		0.500000	0.500000	0.500000	0.000000 
		0.500000	0.500000	0.500000	0.000000 
		0.500000	0.500000	0.500000	0.000000 
		0.500000	0.500000	0.500000	0.000000 
		0.500000	0.500000	0.500000	0.000000 
		0.398333	0.500000	0.500000	0.000000 
		0.398333	0.500000	0.500000	0.000000 
		0.500000	0.500000	0.500000	0.000000 
		0.500000	0.500000	0.500000	0.000000 
		0.500000	0.500000	0.500000	0.000000 
		0.500000	0.500000	0.500000	0.000000 
		0.500000	0.500000	0.500000	0.000000 
		0.500000	0.500000	0.500000	0.000000 
		0.500000	0.500000	0.500000	0.000000 
		0.500000	0.500000	0.500000	0.000000 
		0.403028	0.500000	0.500000	0.000000 
		0.408234	0.500000	0.500000	0.000000 
		0.448542	0.500000	0.500000	0.000000 
		0.500000	0.500000	0.500000	0.000000 
		0.500000	0.500000	0.500000	0.000000 
		0.500000	0.500000	0.500000	0.000000 
		0.500000	0.500000	0.500000	0.000000 
		0.500000	0.500000	0.500000	0.000000 
		0.500000	0.500000	0.500000	0.000000 
		0.406898	0.500000	0.500000	0.000000 
		0.500000	0.500000	0.500000	0.000000 
		0.500000	0.500000	0.500000	0.003922 
		0.500000	0.428658	0.500000	0.003922 
		0.500000	0.395021	0.500000	0.003922 
		0.500000	0.395021	0.500000	0.003922 
		0.500000	0.500000	0.500000	0.003922 
		0.500000	0.500000	0.500000	0.000000 
		0.500000	0.500000	0.500000	0.000000 
		0.500000	0.500000	0.500000	0.000000 
		0.500000	0.500000	0.500000	0.000000 
		0.500000	0.500000	0.500000	0.000000 
		0.500000	0.500000	0.500000	0.000000 
		0.500000	0.500000	0.500000	0.000000 
		0.500000	0.500000	0.500000	0.000000 
		0.500000	0.500000	0.500000	0.000000 
		0.500000	0.500000	0.500000	0.000000 
		0.500000	0.500000	0.500000	0.000000 
		0.500000	0.500000	0.500000	0.000000 
		0.398333	0.500000	0.500000	0.000000 
		0.500000	0.500000	0.500000	0.000000 
		0.500000	0.500000	0.500000	0.000000 
		0.500000	0.500000	0.500000	0.000000 
		0.500000	0.500000	0.500000	0.000000 
		0.500000	0.500000	0.500000	0.000000 
		0.500000	0.500000	0.500000	0.000000 
		0.500000	0.500000	0.500000	0.000000 
		0.500000	0.500000	0.500000	0.000000 
		0.500000	0.500000	0.500000	0.000000 
		0.500000	0.500000	0.500000	0.000000 
		0.421300	0.500000	0.500000	0.000000 
		0.448542	0.500000	0.500000	0.000000 
		0.448542	0.500000	0.500000	0.000000 
		0.421300	0.500000	0.500000	0.000000 
		0.408234	0.500000	0.500000	0.000000 
		0.408234	0.500000	0.500000	0.000000 
		0.406898	0.500000	0.500000	0.000000 
		0.406898	0.500000	0.500000	0.000000 
		0.406898	0.500000	0.500000	0.000000 
		0.406898	0.500000	0.500000	0.000000 
		0.500000	0.500000	0.500000	0.000000 
		0.500000	0.500000	0.500000	0.000000 
		0.500000	0.500000	0.500000	0.000000 
		0.500000	0.500000	0.500000	0.000000 
		0.500000	0.500000	0.500000	0.000000 
		0.500000	0.500000	0.500000	0.000000 
		0.500000	0.500000	0.500000	0.000000 
		0.500000	0.500000	0.500000	0.000000 
		0.500000	0.500000	0.500000	0.000000 
		0.500000	0.500000	0.500000	0.000000 
		0.500000	0.500000	0.500000	0.000000 
		0.500000	0.500000	0.500000	0.000000 
		0.500000	0.500000	0.500000	0.000000 
		0.500000	0.500000	0.500000	0.000000 
		0.500000	0.500000	0.500000	0.000000 
		0.500000	0.500000	0.500000	0.000000 
		0.500000	0.500000	0.500000	0.000000 
		0.500000	0.500000	0.500000	0.000000 
		0.500000	0.500000	0.500000	0.000000 
		0.500000	0.500000	0.500000	0.000000 
		0.500000	0.500000	0.500000	0.000000 
		0.500000	0.500000	0.500000	0.000000 
		0.500000	0.500000	0.500000	0.000000 
		0.500000	0.500000	0.500000	0.000000 
		0.500000	0.500000	0.500000	0.000000 
		0.500000	0.500000	0.500000	0.000000 
		0.500000	0.500000	0.500000	0.000000 
		0.500000	0.500000	0.500000	0.000000 
		0.500000	0.500000	0.500000	0.000000 
		0.500000	0.500000	0.500000	0.000000 
		0.500000	0.500000	0.500000	0.000000 
		0.500000	0.500000	0.500000	0.000000 
		0.500000	0.500000	0.500000	0.000000 
		0.500000	0.500000	0.500000	0.000000 
		0.403028	0.500000	0.500000	0.000000 
		0.500000	0.500000	0.500000	0.000000 
		0.500000	0.500000	0.500000	0.000000 
		0.406898	0.500000	0.500000	0.000000 
		0.500000	0.500000	0.500000	0.000000 
		0.500000	0.500000	0.500000	0.000000 
		0.448542	0.500000	0.500000	0.000000 
		0.500000	0.500000	0.500000	0.000000 
		0.336127	0.500000	0.500000	0.000000 
		0.336127	0.500000	0.500000	0.000000 
		0.500000	0.500000	0.500000	0.000000 
		0.500000	0.500000	0.500000	0.000000 
		0.336127	0.500000	0.500000	0.000000 
		0.500000	0.500000	0.500000	0.000000 
		0.500000	0.500000	0.500000	0.000000 
		0.336127	0.500000	0.500000	0.000000 
		0.336127	0.500000	0.500000	0.000000 
		0.500000	0.500000	0.500000	0.000000 
		0.508797	0.345286	0.491256	0.003922 
		0.491933	0.340697	0.502157	0.003922 
		0.489803	0.348726	0.503241	0.003922 
		0.506239	0.357311	0.492476	0.003922 
		0.491809	0.343011	0.502157	0.003922 
		0.508673	0.347601	0.491256	0.003922 
		0.484281	0.341604	0.507002	0.003922 
		0.487128	0.336819	0.505350	0.003922 
		0.487005	0.339134	0.505350	0.003922 
		0.515545	0.335194	0.487299	0.003922 
		0.510674	0.334793	0.490416	0.003922 
		0.511290	0.325117	0.490353	0.003922 
		0.516161	0.325517	0.487236	0.003922 
		0.500911	0.393737	0.494632	0.003922 
		0.503001	0.354602	0.494632	0.003922 
		0.493844	0.439765	0.497569	0.003922 
		0.496477	0.390457	0.497569	0.003922 
		0.490436	0.480608	0.498351	0.003922 
		0.493029	0.432050	0.498351	0.003922 
		0.491242	0.481967	0.497791	0.003922 
		0.489560	0.513470	0.497791	0.003922 
		0.494431	0.513870	0.494674	0.003922 
		0.495660	0.529943	0.493344	0.003922 
		0.490789	0.529543	0.496462	0.003922 
		0.496113	0.482368	0.494674	0.003922 
		0.497232	0.481166	0.494002	0.003922 
		0.501873	0.440424	0.492431	0.003922 
		0.504505	0.391116	0.492431	0.003922 
		0.499824	0.432608	0.494002	0.003922 
		0.507707	0.394295	0.490283	0.003922 
		0.509796	0.355161	0.490283	0.003922 
		0.510405	0.341685	0.490353	0.003922 
		0.515277	0.342085	0.487236	0.003922 
		0.508151	0.278360	0.482942	0.003922 
		0.505800	0.294380	0.485156	0.003922 
		0.493931	0.281649	0.501618	0.003922 
		0.495770	0.271833	0.499732	0.003922 
		0.508220	0.276632	0.482948	0.003922 
		0.495839	0.270105	0.499738	0.003922 
		0.490146	0.270806	0.507249	0.003922 
		0.492434	0.264265	0.504583	0.003922 
		0.492366	0.265993	0.504577	0.003922 
		0.513817	0.259799	0.476473	0.003922 
		0.513767	0.263818	0.476313	0.003922 
		0.510146	0.263366	0.481141	0.003922 
		0.510196	0.259347	0.481302	0.003922 
		0.501209	0.335245	0.488940	0.003922 
		0.502372	0.306036	0.489046	0.003922 
		0.494015	0.402693	0.494679	0.003922 
		0.495479	0.365891	0.494812	0.003922 
		0.489486	0.466376	0.497094	0.003922 
		0.490928	0.430134	0.497225	0.003922 
		0.486757	0.524170	0.497453	0.003922 
		0.487693	0.500657	0.497538	0.003922 
		0.485987	0.561695	0.496358	0.003922 
		0.489608	0.562147	0.491530	0.003922 
		0.491313	0.501109	0.492710	0.003922 
		0.490378	0.524622	0.492625	0.003922 
		0.495979	0.430765	0.490489	0.003922 
		0.494537	0.467007	0.490358	0.003922 
		0.499982	0.403437	0.486721	0.003922 
		0.501447	0.366635	0.486854	0.003922 
		0.506261	0.335875	0.482205	0.003922 
		0.507423	0.306666	0.482310	0.003922 
		0.514259	0.251452	0.476357	0.003922 
		0.510638	0.251000	0.481185	0.003922 
		0.540180	0.438217	0.500000	0.003922 
		0.522380	0.395530	0.500000	0.003922 
		0.471546	0.414526	0.500000	0.003922 
		0.490910	0.460964	0.500000	0.003922 
		0.513479	0.374187	0.500000	0.003922 
		0.461863	0.391308	0.500000	0.003922 
		0.518199	0.385505	0.500000	0.003922 
		0.522380	0.395530	0.500000	0.003922 
		0.471546	0.414526	0.500000	0.003922 
		0.467039	0.403720	0.500000	0.003922 
		0.540180	0.438217	0.500000	0.003922 
		0.490910	0.460964	0.500000	0.003922 
		0.544495	0.448564	0.500000	0.003922 
		0.549080	0.459560	0.500000	0.003922 
		0.500592	0.484183	0.500000	0.003922 
		0.495525	0.472031	0.500000	0.003922 
		0.548935	0.409511	0.500000	0.003922 
		0.534359	0.398434	0.500000	0.003922 
		0.540180	0.438217	0.500000	0.003922 
		0.522380	0.395530	0.500000	0.003922 
		0.534359	0.398434	0.500000	0.003922 
		0.546483	0.427874	0.500000	0.003922 
		0.546483	0.427874	0.500000	0.003922 
		0.400958	0.496482	0.500000	0.003922 
		0.383009	0.453438	0.500000	0.003922 
		0.316349	0.506500	0.500000	0.003922 
		0.374035	0.431917	0.500000	0.003922 
		0.378813	0.443375	0.500000	0.003922 
		0.383009	0.453438	0.500000	0.003922 
		0.400958	0.496482	0.500000	0.003922 
		0.405164	0.506567	0.500000	0.003922 
		0.409933	0.518003	0.500000	0.003922 
		0.490910	0.460964	0.500000	0.003922 
		0.495525	0.472031	0.500000	0.003922 
		0.405164	0.506567	0.500000	0.003922 
		0.400958	0.496482	0.500000	0.003922 
		0.467039	0.403720	0.500000	0.003922 
		0.471546	0.414526	0.500000	0.003922 
		0.383009	0.453438	0.500000	0.003922 
		0.378813	0.443375	0.500000	0.003922 
		0.500000	0.254093	0.500000	0.003922 
		0.500000	0.254093	0.500000	0.003922 
		0.500000	0.393471	0.500000	0.003922 
		0.500000	0.393471	0.500000	0.003922 
		0.500000	0.254093	0.500000	0.003922 
		0.500000	0.254093	0.500000	0.003922 
		0.500000	0.393471	0.500000	0.003922 
		0.500000	0.393471	0.500000	0.003922 
		0.500000	0.500000	0.500000	0.003922 
		0.500000	0.500000	0.500000	0.003922 
		0.500000	0.500000	0.500000	0.003922 
		0.500000	0.500000	0.500000	0.003922 
		0.500000	0.500000	0.500000	0.003922 
		0.500000	0.500000	0.500000	0.003922 
		0.500000	0.500000	0.500000	0.003922 
		0.500000	0.500000	0.500000	0.003922 
		0.500000	0.500000	0.500000	0.003922 
		0.500000	0.500000	0.500000	0.003922 
		0.500000	0.500000	0.500000	0.003922 
		0.500000	0.500000	0.500000	0.003922 
		0.500000	0.254093	0.500000	0.003922 
		0.500000	0.254093	0.500000	0.003922 
		0.500000	0.393471	0.500000	0.003922 
		0.500000	0.393471	0.500000	0.003922 
		0.500000	0.500000	0.500000	0.000000 
		0.500000	0.393471	0.500000	0.003922 
		0.500000	0.393471	0.500000	0.003922 
		0.500000	0.500000	0.500000	0.000000 
		0.500000	0.500000	0.500000	0.000000 
		0.500000	0.393471	0.500000	0.003922 
		0.500000	0.393471	0.500000	0.003922 
		0.500000	0.500000	0.500000	0.000000 
		0.500000	0.393471	0.500000	0.003922 
		0.500000	0.500000	0.500000	0.000000 
		0.500000	0.500000	0.500000	0.000000 
		0.500000	0.393471	0.500000	0.003922 
		0.500000	0.500000	0.500000	0.000000 
		0.500000	0.393471	0.500000	0.003922 
		0.500000	0.393471	0.500000	0.003922 
		0.500000	0.500000	0.500000	0.000000 
		0.500000	0.500000	0.500000	0.000000 
		0.500000	0.393471	0.500000	0.003922 
		0.500000	0.393471	0.500000	0.003922 
		0.500000	0.500000	0.500000	0.000000 
		0.500000	0.500000	0.500000	0.000000 
		0.500000	0.500000	0.500000	0.003922 
		0.500000	0.500000	0.500000	0.003922 
		0.500000	0.500000	0.500000	0.000000 
		0.500000	0.500000	0.500000	0.003922 
		0.500000	0.500000	0.500000	0.000000 
		0.500000	0.500000	0.500000	0.000000 
		0.500000	0.500000	0.500000	0.003922 
		0.500000	0.500000	0.500000	0.000000 
		0.500000	0.500000	0.500000	0.003922 
		0.500000	0.500000	0.500000	0.003922 
		0.500000	0.500000	0.500000	0.000000 
		0.500000	0.500000	0.500000	0.000000 
		0.500000	0.500000	0.500000	0.003922 
		0.500000	0.500000	0.500000	0.003922 
		0.500000	0.500000	0.500000	0.000000 
		0.500000	0.500000	0.500000	0.000000 
		0.500000	0.500000	0.500000	0.000000 
		0.500000	0.254093	0.500000	0.003922 
		0.500000	0.254093	0.500000	0.003922 
		0.500000	0.500000	0.500000	0.000000 
		0.500000	0.500000	0.500000	0.000000 
		0.500000	0.254093	0.500000	0.003922 
		0.500000	0.254093	0.500000	0.003922 
		0.500000	0.500000	0.500000	0.000000 
		0.500000	0.500000	0.500000	0.000000 
		0.500000	0.254093	0.500000	0.003922 
		0.500000	0.254093	0.500000	0.003922 
		0.500000	0.500000	0.500000	0.000000 
		0.500000	0.500000	0.500000	0.000000 
		0.500000	0.500000	0.500000	0.003922 
		0.500000	0.500000	0.500000	0.003922 
		0.500000	0.500000	0.500000	0.003922 
		0.500000	0.500000	0.500000	0.003922 
		0.500000	0.500000	0.500000	0.000000 
		0.500000	0.500000	0.500000	0.000000 
		0.500000	0.500000	0.500000	0.000000 
		0.500000	0.500000	0.500000	0.000000 
		0.500000	0.500000	0.500000	0.003922 
		0.500000	0.500000	0.500000	0.003922 
		0.500000	0.500000	0.500000	0.000000 
		0.500000	0.500000	0.500000	0.000000 
		0.500000	0.500000	0.500000	0.003922 
		0.500000	0.500000	0.500000	0.003922 
		0.500000	0.500000	0.500000	0.000000 
		0.500000	0.393471	0.500000	0.003922 
		0.500000	0.393471	0.500000	0.003922 
		0.500000	0.500000	0.500000	0.000000 
		0.500000	0.254093	0.500000	0.003922 
		0.500000	0.254093	0.500000	0.003922 
		0.500000	0.500000	0.500000	0.000000 
		0.500000	0.500000	0.500000	0.000000 
		0.500000	0.500000	0.500000	0.000000 
		0.500000	0.500000	0.500000	0.000000 
		0.500000	0.254093	0.500000	0.003922 
		0.500000	0.254093	0.500000	0.003922 
		0.500000	0.500000	0.500000	0.000000 
		0.500000	0.500000	0.500000	0.000000 
		0.500000	0.254093	0.500000	0.003922 
		0.500000	0.254093	0.500000	0.003922 
		0.500000	0.500000	0.500000	0.003922 
		0.500000	0.500000	0.500000	0.003922 
		0.500000	0.500000	0.500000	0.003922 
		0.500000	0.500000	0.500000	0.003922 
		0.500000	0.500000	0.500000	0.003922 
		0.500000	0.500000	0.500000	0.003922 
		0.500000	0.393471	0.500000	0.003922 
		0.500000	0.393471	0.500000	0.003922 
		0.500000	0.393471	0.500000	0.003922 
		0.500000	0.254093	0.500000	0.003922 
		0.500000	0.254093	0.500000	0.003922 
		0.500000	0.254093	0.500000	0.003922 
		0.494087	0.417154	0.500000	0.003922 
		0.494087	0.417154	0.500000	0.003922 
		0.495575	0.449970	0.500000	0.003922 
		0.495575	0.449970	0.500000	0.003922 
		0.496737	0.482797	0.500000	0.003922 
		0.496737	0.482797	0.500000	0.003922 
		0.498400	0.449870	0.500000	0.003922 
		0.497239	0.417043	0.500000	0.003922 
		0.499562	0.482697	0.500000	0.003922 
		0.498400	0.449870	0.500000	0.003922 
		0.499562	0.482697	0.500000	0.003922 
		0.497239	0.417043	0.500000	0.003922 
		0.494087	0.417154	0.500000	0.003922 
		0.494087	0.417154	0.500000	0.003922 
		0.488665	0.374677	0.500000	0.003922 
		0.488665	0.374677	0.500000	0.003922 
		0.496737	0.482797	0.500000	0.003922 
		0.496737	0.482797	0.500000	0.003922 
		0.492115	0.488474	0.500000	0.003922 
		0.492115	0.488474	0.500000	0.003922 
		0.497239	0.417043	0.500000	0.003922 
		0.497239	0.417043	0.500000	0.003922 
		0.489325	0.373102	0.500000	0.003922 
		0.489325	0.373102	0.500000	0.003922 
		0.499562	0.482697	0.500000	0.003922 
		0.499562	0.482697	0.500000	0.003922 
		0.491437	0.490050	0.500000	0.003922 
		0.491437	0.490050	0.500000	0.003922 
		0.497239	0.417043	0.500000	0.003922 
		0.489325	0.373102	0.500000	0.003922 
		0.499562	0.482697	0.500000	0.003922 
		0.491437	0.490050	0.500000	0.003922 
		0.499562	0.482697	0.500000	0.003922 
		0.491437	0.490050	0.500000	0.003922 
		0.497239	0.417043	0.500000	0.003922 
		0.494087	0.417154	0.500000	0.003922 
		0.488665	0.374677	0.500000	0.003922 
		0.489325	0.373102	0.500000	0.003922 
		0.509224	0.462059	0.500000	0.003922 
		0.508425	0.439471	0.500000	0.003922 
		0.501902	0.439702	0.500000	0.003922 
		0.502701	0.462289	0.500000	0.003922 
		0.510432	0.462016	0.500000	0.003922 
		0.504537	0.462224	0.500000	0.003922 
		0.503738	0.439637	0.500000	0.003922 
		0.509633	0.439429	0.500000	0.003922 
		0.504537	0.462224	0.500000	0.003922 
		0.510432	0.462016	0.500000	0.003922 
		0.509224	0.462059	0.500000	0.003922 
		0.502701	0.462289	0.500000	0.003922 
		0.501902	0.439702	0.500000	0.003922 
		0.503738	0.439637	0.500000	0.003922 
		0.509633	0.439429	0.500000	0.003922 
		0.508425	0.439471	0.500000	0.003922 
		0.497239	0.417043	0.500000	0.003922 
		0.502768	0.412215	0.500000	0.003922 
		0.505475	0.488739	0.500000	0.003922 
		0.500592	0.484183	0.500000	0.003922 
		0.497239	0.417043	0.500000	0.003922 
		0.499286	0.484960	0.500000	0.003922 
		0.503639	0.488804	0.500000	0.003922 
		0.500932	0.412280	0.500000	0.003922 
		0.497239	0.417043	0.500000	0.003922 
		0.500592	0.484183	0.500000	0.003922 
		0.499286	0.484960	0.500000	0.003922 
		0.497239	0.417043	0.500000	0.003922 
		0.503639	0.488804	0.500000	0.003922 
		0.499286	0.484960	0.500000	0.003922 
		0.502768	0.412215	0.500000	0.003922 
		0.497239	0.417043	0.500000	0.003922 
		0.501902	0.439702	0.500000	0.003922 
		0.508425	0.439471	0.500000	0.003922 
		0.507654	0.417689	0.500000	0.003922 
		0.500932	0.412280	0.500000	0.003922 
		0.502701	0.462289	0.500000	0.003922 
		0.503639	0.488804	0.500000	0.003922 
		0.509995	0.483841	0.500000	0.003922 
		0.509224	0.462059	0.500000	0.003922 
		0.510432	0.462016	0.500000	0.003922 
		0.511203	0.483798	0.500000	0.003922 
		0.505475	0.488739	0.500000	0.003922 
		0.504537	0.462224	0.500000	0.003922 
		0.509633	0.439429	0.500000	0.003922 
		0.503738	0.439637	0.500000	0.003922 
		0.502768	0.412215	0.500000	0.003922 
		0.508862	0.417647	0.500000	0.003922 
		0.509224	0.462059	0.500000	0.003922 
		0.509995	0.483841	0.500000	0.003922 
		0.511203	0.483798	0.500000	0.003922 
		0.510432	0.462016	0.500000	0.003922 
		0.508425	0.439471	0.500000	0.003922 
		0.509633	0.439429	0.500000	0.003922 
		0.508862	0.417647	0.500000	0.003922 
		0.507654	0.417689	0.500000	0.003922 
		0.509995	0.483841	0.500000	0.003922 
		0.503639	0.488804	0.500000	0.003922 
		0.505475	0.488739	0.500000	0.003922 
		0.511203	0.483798	0.500000	0.003922 
		0.507654	0.417689	0.500000	0.003922 
		0.508862	0.417647	0.500000	0.003922 
		0.502768	0.412215	0.500000	0.003922 
		0.500932	0.412280	0.500000	0.003922 
		0.500000	0.500000	0.500000	0.000000 
		0.500000	0.500000	0.500000	0.000000 
		0.500000	0.500000	0.500000	0.000000 
		0.500000	0.500000	0.500000	0.000000 
		0.500000	0.500000	0.500000	0.000000 
		0.500000	0.500000	0.500000	0.000000 
		0.500000	0.572506	0.500000	0.000000 
		0.500000	0.664421	0.410141	0.000000 
		0.500000	0.634760	0.438978	0.000000 
		0.500000	0.500000	0.500000	0.000000 
		0.500000	0.500000	0.500000	0.000000 
		0.500000	0.599570	0.500000	0.000000 
		0.580796	0.606166	0.500000	0.000000 
		0.500000	0.606166	0.500000	0.000000 
		0.500000	0.606166	0.500000	0.000000 
		0.500000	0.588787	0.667073	0.000000 
		0.576710	0.500000	0.500000	0.000000 
		0.500000	0.500000	0.500000	0.000000 
		0.576710	0.500000	0.500000	0.000000 
		0.500000	0.500000	0.500000	0.000000 
		0.500000	0.500000	0.500000	0.000000 
		0.570678	0.500000	0.500000	0.000000 
		0.500000	0.500000	0.500000	0.000000 
		0.500000	0.500000	0.500000	0.000000 
		0.500000	0.500000	0.500000	0.000000 
		0.500000	0.500000	0.500000	0.000000 
		0.500000	0.500000	0.500000	0.000000 
		0.500000	0.500000	0.500000	0.000000 
		0.500000	0.500000	0.500000	0.000000 
		0.500000	0.500000	0.500000	0.000000 
		0.500000	0.500000	0.500000	0.000000 
		0.500000	0.500000	0.500000	0.000000 
		0.500000	0.500000	0.500000	0.000000 
		0.500000	0.500000	0.500000	0.000000 
		0.500000	0.500000	0.500000	0.000000 
		0.500000	0.500000	0.500000	0.000000 
		0.576710	0.500000	0.500000	0.000000 
		0.580796	0.606166	0.500000	0.000000 
		0.500000	0.599570	0.500000	0.000000 
		0.500000	0.500000	0.500000	0.000000 
		0.500000	0.500000	0.500000	0.000000 
		0.500000	0.500000	0.500000	0.000000 
		0.500000	0.500000	0.500000	0.000000 
		0.500000	0.500000	0.500000	0.000000 
		0.500000	0.500000	0.500000	0.000000 
		0.500000	0.500000	0.500000	0.000000 
		0.500000	0.572506	0.500000	0.000000 
		0.406898	0.500000	0.500000	0.000000 
		0.406898	0.500000	0.500000	0.000000 
		0.500000	0.500000	0.500000	0.000000 
		0.500000	0.551521	0.500000	0.000000 
		0.500000	0.500000	0.500000	0.000000 
		0.500000	0.500000	0.500000	0.000000 
		0.500000	0.500000	0.500000	0.000000 
		0.500000	0.500000	0.500000	0.000000 
		0.500000	0.500000	0.500000	0.000000 
		0.500000	0.500000	0.500000	0.000000 
		0.500000	0.500000	0.500000	0.000000 
		0.500000	0.500000	0.500000	0.000000 
		0.500000	0.500000	0.500000	0.000000 
		0.500000	0.500000	0.500000	0.000000 
		0.500000	0.500000	0.500000	0.000000 
		0.500000	0.500000	0.500000	0.000000 
		0.500000	0.500000	0.500000	0.000000 
		0.421300	0.500000	0.500000	0.000000 
		0.500000	0.500000	0.500000	0.000000 
		0.421300	0.500000	0.500000	0.000000 
		0.408234	0.500000	0.500000	0.000000 
		0.406898	0.500000	0.500000	0.000000 
		0.500000	0.500000	0.500000	0.000000 
	}

	Tex0 319 { 
		0.033203	0.628906 
		0.017578	0.628906 
		0.017578	0.529297 
		0.033203	0.529297 
		0.000977	0.628906 
		0.000000	0.529297 
		0.479492	0.628906 
		0.479492	0.529297 
		0.497070	0.529297 
		0.496094	0.628906 
		0.464844	0.628906 
		0.464844	0.529297 
		0.977539	0.679688 
		0.977539	0.727539 
		0.899414	0.727539 
		0.899414	0.679688 
		0.977539	0.632813 
		0.899414	0.632813 
		0.601563	0.727539 
		0.523438	0.727539 
		0.523438	0.679688 
		0.601563	0.679688 
		0.523438	0.632813 
		0.601563	0.632813 
		0.244141	0.010742 
		0.662109	0.008789 
		0.663086	0.067383 
		0.234375	0.069336 
		0.946289	0.006836 
		0.973633	0.017578 
		0.973633	0.127930 
		0.248047	0.427734 
		0.248047	0.502930 
		0.017578	0.502930 
		0.020508	0.427734 
		0.643555	0.495117 
		0.636719	0.484375 
		0.643555	0.477539 
		0.746094	0.476563 
		0.746094	0.494141 
		0.248047	0.749023 
		0.248047	0.782227 
		0.017578	0.781250 
		0.017578	0.748047 
		0.143555	0.093750 
		0.246094	0.792969 
		0.246094	0.899414 
		0.069336	0.899414 
		0.047852	0.792969 
		0.246094	0.989258 
		0.089844	0.982422 
		0.426758	0.417969 
		0.420898	0.417969 
		0.418945	0.416992 
		0.753906	0.997070 
		0.753906	0.916016 
		0.918945	0.911133 
		0.894531	0.990234 
		0.753906	0.811523 
		0.940430	0.798828 
		0.736328	0.771484 
		0.736328	0.788086 
		0.550781	0.787109 
		0.545898	0.769531 
		0.736328	0.798828 
		0.558594	0.796875 
		0.802734	0.751953 
		0.802734	0.678711 
		0.497070	0.679688 
		0.498047	0.737305 
		0.802734	0.595703 
		0.497070	0.595703 
		0.749023	0.595703 
		0.749023	0.577148 
		1.000000	0.578125 
		0.999023	0.595703 
		0.749023	0.455078 
		0.999023	0.455078 
		0.969727	0.099609 
		0.875000	0.093750 
		0.878906	0.029297 
		0.990234	0.055664 
		0.997070	0.099609 
		0.017578	0.095703 
		0.020508	0.010742 
		0.045898	0.006836 
		0.065430	0.109375 
		0.212891	0.069336 
		0.223633	0.119141 
		0.195313	0.123047 
		0.675781	0.118164 
		0.298828	0.332031 
		0.244141	0.239258 
		0.573242	0.244141 
		0.569336	0.343750 
		0.374023	0.409180 
		0.338867	0.391602 
		0.555664	0.407227 
		0.041992	0.109375 
		0.023438	0.108398 
		0.113281	0.155273 
		0.107422	0.181641 
		0.065430	0.152344 
		0.081055	0.134766 
		0.036133	0.166016 
		0.159180	0.183594 
		0.200195	0.160156 
		0.253906	0.239258 
		0.120117	0.216797 
		0.052734	0.196289 
		0.693359	0.150391 
		0.970703	0.169922 
		0.970703	0.229492 
		0.964844	0.244141 
		0.734375	0.179688 
		0.805664	0.184570 
		0.850586	0.154297 
		0.969727	0.114258 
		0.636719	0.501953 
		0.000977	0.502930 
		0.006836	0.422852 
		0.001953	0.737305 
		0.001953	0.762695 
		0.582031	0.251953 
		0.578125	0.345703 
		0.561523	0.419922 
		0.374023	0.421875 
		0.334961	0.403320 
		0.289063	0.335938 
		0.232422	0.247070 
		0.242188	0.247070 
		0.117188	0.228516 
		0.045898	0.206055 
		0.024414	0.166016 
		0.011719	0.108398 
		0.006836	0.096680 
		0.010742	0.011719 
		0.157227	0.152344 
		0.220703	0.010742 
		0.679688	0.008789 
		0.684570	0.064453 
		0.700195	0.120117 
		0.741211	0.150391 
		0.799805	0.152344 
		0.833008	0.128906 
		0.852539	0.086914 
		0.863281	0.027344 
		0.464844	0.059570 
		0.249023	0.069336 
		0.026367	0.127930 
		0.026367	0.017578 
		0.053711	0.006836 
		0.479492	0.502930 
		0.476563	0.427734 
		0.849609	0.495117 
		0.849609	0.477539 
		0.856445	0.484375 
		0.479492	0.781250 
		0.479492	0.748047 
		0.422852	0.899414 
		0.445313	0.792969 
		0.403320	0.982422 
		0.581055	0.911133 
		0.604492	0.990234 
		0.559570	0.798828 
		0.921875	0.787109 
		0.925781	0.769531 
		0.914063	0.796875 
		0.499023	0.679688 
		0.499023	0.595703 
		0.499023	0.578125 
		0.499023	0.455078 
		0.251953	0.117188 
		0.260742	0.192383 
		0.913086	0.193359 
		0.856445	0.501953 
		0.490234	0.422852 
		0.496094	0.502930 
		0.495117	0.737305 
		0.495117	0.762695 
		0.914063	0.244141 
		0.145508	0.186523 
		0.141602	0.172852 
		0.170898	0.183594 
		0.170898	0.187500 
		0.171875	0.161133 
		0.144531	0.156250 
		0.536133	0.333984 
		0.495117	0.335938 
		0.493164	0.276367 
		0.538086	0.266602 
		0.542969	0.303711 
		0.656250	0.193359 
		0.912109	0.244141 
		0.655273	0.244141 
		0.652344	0.244141 
		0.652344	0.194336 
		0.465820	0.193359 
		0.465820	0.141602 
		0.245117	0.135742 
		0.473633	0.121094 
		0.458008	0.193359 
		0.242188	0.186523 
		0.251953	0.049805 
		0.478516	0.073242 
		0.860352	0.099609 
		0.137695	0.365234 
		0.138672	0.345703 
		0.115234	0.410156 
		0.115234	0.320313 
		0.090820	0.422852 
		0.090820	0.308594 
		0.066406	0.421875 
		0.066406	0.309570 
		0.042969	0.329102 
		0.042969	0.401367 
		0.024414	0.365234 
		0.138672	0.384766 
		0.146484	0.370117 
		0.211914	0.385742 
		0.358398	0.287109 
		0.516602	0.307617 
		0.288086	0.520508 
		0.373047	0.459961 
		0.285156	0.520508 
		0.285156	0.515625 
		0.287109	0.515625 
		0.275391	0.450195 
		0.283203	0.450195 
		0.283203	0.452148 
		0.275391	0.452148 
		0.270508	0.450195 
		0.273438	0.450195 
		0.278320	0.446289 
		0.265625	0.446289 
		0.273438	0.452148 
		0.270508	0.452148 
		0.946289	0.636719 
		0.266602	0.442383 
		0.278320	0.442383 
		0.278320	0.451172 
		0.266602	0.451172 
		0.881836	0.583984 
		0.415039	0.521484 
		0.417969	0.533203 
		0.362305	0.533203 
		0.365234	0.521484 
		0.409180	0.519531 
		0.228516	0.393555 
		0.203125	0.388672 
		0.216797	0.388672 
		0.207031	0.404297 
		0.210938	0.398438 
		0.208008	0.387695 
		0.221680	0.396484 
		0.223633	0.384766 
		0.240234	0.062500 
		0.215820	0.039063 
		0.216797	0.269531 
		0.673828	0.269531 
		0.673828	0.032227 
		0.656250	0.062500 
		0.856445	0.286133 
		1.000000	0.500000 
		0.994141	0.073242 
		0.873047	0.046875 
		0.856445	0.022461 
		0.042969	0.269531 
		0.042969	0.052734 
		0.017578	0.083008 
		0.006836	0.114258 
		0.000000	0.500000 
		0.076172	0.029297 
		0.068359	0.269531 
		0.107422	0.021484 
		0.188477	0.269531 
		0.190430	0.021484 
		0.151367	0.017578 
		0.195313	0.774414 
		0.208008	0.024414 
		0.678711	0.018555 
		0.685547	0.269531 
		0.693359	0.008789 
		0.734375	0.000000 
		0.833008	0.286133 
		0.826172	0.004883 
		0.791992	0.000000 
		0.845703	0.008789 
		0.060547	0.035156 
		0.216797	0.730469 
		0.215820	0.960938 
		0.240234	0.937500 
		0.656250	0.937500 
		0.673828	0.967773 
		0.673828	0.730469 
		0.856445	0.713867 
		0.856445	0.977539 
		0.873047	0.953125 
		0.994141	0.926758 
		0.042969	0.730469 
		0.006836	0.885742 
		0.017578	0.916992 
		0.042969	0.947266 
		0.076172	0.970703 
		0.107422	0.978516 
		0.068359	0.730469 
		0.188477	0.730469 
		0.151367	0.982422 
		0.190430	0.978516 
		0.208008	0.975586 
		0.678711	0.981445 
		0.693359	0.991211 
		0.685547	0.730469 
		0.734375	1.000000 
		0.833008	0.713867 
		0.791992	1.000000 
		0.826172	0.995117 
		0.845703	0.991211 
		0.060547	0.964844 
	}

	Tex1 0 
	Adj 762 { 
		P 0 
		N 0 
		C0 0 
		T0 0 
		P 1 
		N 1 
		C0 1 
		T0 1 
		P 2 
		N 2 
		C0 2 
		T0 2 
		P 3 
		N 0 
		C0 3 
		T0 3 
		P 4 
		N 3 
		C0 4 
		T0 4 
		P 5 
		N 4 
		C0 5 
		T0 5 
		P 6 
		N 5 
		C0 6 
		T0 6 
		P 7 
		N 6 
		C0 7 
		T0 7 
		P 8 
		N 7 
		C0 8 
		T0 8 
		P 9 
		N 8 
		C0 9 
		T0 9 
		P 10 
		N 9 
		C0 10 
		T0 10 
		P 11 
		N 9 
		C0 11 
		T0 11 
		P 12 
		N 10 
		C0 12 
		T0 12 
		P 13 
		N 11 
		C0 13 
		T0 13 
		P 14 
		N 12 
		C0 14 
		T0 14 
		P 15 
		N 13 
		C0 15 
		T0 15 
		P 16 
		N 14 
		C0 16 
		T0 16 
		P 17 
		N 14 
		C0 17 
		T0 17 
		P 18 
		N 15 
		C0 18 
		T0 18 
		P 19 
		N 16 
		C0 19 
		T0 19 
		P 20 
		N 17 
		C0 20 
		T0 20 
		P 21 
		N 18 
		C0 21 
		T0 21 
		P 22 
		N 19 
		C0 22 
		T0 22 
		P 23 
		N 19 
		C0 23 
		T0 23 
		P 24 
		N 20 
		C0 24 
		T0 24 
		P 25 
		N 20 
		C0 25 
		T0 25 
		P 26 
		N 21 
		C0 26 
		T0 26 
		P 27 
		N 22 
		C0 27 
		T0 27 
		P 28 
		N 23 
		C0 28 
		T0 28 
		P 29 
		N 24 
		C0 29 
		T0 29 
		P 30 
		N 25 
		C0 30 
		T0 30 
		P 31 
		N 26 
		C0 31 
		T0 31 
		P 32 
		N 26 
		C0 32 
		T0 32 
		P 33 
		N 27 
		C0 33 
		T0 33 
		P 28 
		N 28 
		C0 34 
		T0 34 
		P 34 
		N 29 
		C0 35 
		T0 35 
		P 35 
		N 30 
		C0 36 
		T0 36 
		P 33 
		N 31 
		C0 37 
		T0 37 
		P 32 
		N 29 
		C0 38 
		T0 38 
		P 36 
		N 29 
		C0 39 
		T0 39 
		P 37 
		N 32 
		C0 40 
		T0 40 
		P 38 
		N 33 
		C0 41 
		T0 41 
		P 39 
		N 34 
		C0 42 
		T0 42 
		P 40 
		N 35 
		C0 43 
		T0 43 
		P 38 
		N 33 
		C0 44 
		T0 44 
		P 41 
		N 36 
		C0 45 
		T0 44 
		P 42 
		N 37 
		C0 46 
		T0 44 
		P 39 
		N 34 
		C0 47 
		T0 44 
		P 41 
		N 38 
		C0 48 
		T0 45 
		P 43 
		N 39 
		C0 49 
		T0 46 
		P 44 
		N 40 
		C0 50 
		T0 47 
		P 42 
		N 37 
		C0 51 
		T0 48 
		P 45 
		N 41 
		C0 52 
		T0 49 
		P 46 
		N 42 
		C0 53 
		T0 50 
		P 45 
		N 41 
		C0 54 
		T0 51 
		P 47 
		N 43 
		C0 55 
		T0 52 
		P 48 
		N 44 
		C0 56 
		T0 52 
		P 46 
		N 42 
		C0 57 
		T0 51 
		P 49 
		N 45 
		C0 58 
		T0 53 
		P 50 
		N 46 
		C0 59 
		T0 52 
		P 49 
		N 45 
		C0 60 
		T0 54 
		P 51 
		N 47 
		C0 61 
		T0 55 
		P 52 
		N 48 
		C0 62 
		T0 56 
		P 50 
		N 46 
		C0 63 
		T0 57 
		P 53 
		N 49 
		C0 64 
		T0 58 
		P 54 
		N 50 
		C0 65 
		T0 59 
		P 53 
		N 49 
		C0 66 
		T0 60 
		P 55 
		N 43 
		C0 67 
		T0 61 
		P 56 
		N 51 
		C0 68 
		T0 62 
		P 54 
		N 50 
		C0 69 
		T0 63 
		P 57 
		N 52 
		C0 70 
		T0 64 
		P 58 
		N 53 
		C0 71 
		T0 65 
		P 57 
		N 52 
		C0 72 
		T0 66 
		P 59 
		N 54 
		C0 73 
		T0 67 
		P 60 
		N 55 
		C0 74 
		T0 68 
		P 58 
		N 53 
		C0 75 
		T0 69 
		P 61 
		N 56 
		C0 76 
		T0 70 
		P 62 
		N 57 
		C0 77 
		T0 71 
		P 61 
		N 58 
		C0 78 
		T0 72 
		P 63 
		N 58 
		C0 79 
		T0 73 
		P 64 
		N 59 
		C0 80 
		T0 74 
		P 62 
		N 60 
		C0 81 
		T0 75 
		P 63 
		N 61 
		C0 82 
		T0 73 
		P 65 
		N 62 
		C0 83 
		T0 76 
		P 66 
		N 63 
		C0 84 
		T0 77 
		P 64 
		N 64 
		C0 85 
		T0 74 
		P 67 
		N 65 
		C0 86 
		T0 78 
		P 68 
		N 66 
		C0 87 
		T0 79 
		P 30 
		N 67 
		C0 88 
		T0 80 
		P 29 
		N 68 
		C0 89 
		T0 81 
		P 35 
		N 69 
		C0 90 
		T0 82 
		P 69 
		N 70 
		C0 91 
		T0 83 
		P 70 
		N 71 
		C0 92 
		T0 84 
		P 71 
		N 72 
		C0 93 
		T0 85 
		P 72 
		N 73 
		C0 94 
		T0 86 
		P 73 
		N 74 
		C0 95 
		T0 87 
		P 27 
		N 75 
		C0 96 
		T0 27 
		P 74 
		N 76 
		C0 97 
		T0 88 
		P 75 
		N 77 
		C0 98 
		T0 89 
		P 76 
		N 78 
		C0 99 
		T0 90 
		P 74 
		N 66 
		C0 100 
		T0 88 
		P 77 
		N 79 
		C0 101 
		T0 91 
		P 78 
		N 80 
		C0 102 
		T0 92 
		P 79 
		N 81 
		C0 103 
		T0 93 
		P 80 
		N 82 
		C0 104 
		T0 94 
		P 81 
		N 83 
		C0 105 
		T0 95 
		P 82 
		N 84 
		C0 106 
		T0 96 
		P 83 
		N 85 
		C0 107 
		T0 97 
		P 84 
		N 86 
		C0 108 
		T0 98 
		P 85 
		N 87 
		C0 109 
		T0 99 
		P 69 
		N 88 
		C0 110 
		T0 83 
		P 72 
		N 89 
		C0 111 
		T0 86 
		P 86 
		N 90 
		C0 112 
		T0 100 
		P 87 
		N 91 
		C0 113 
		T0 101 
		P 88 
		N 92 
		C0 114 
		T0 102 
		P 89 
		N 92 
		C0 115 
		T0 103 
		P 90 
		N 93 
		C0 116 
		T0 104 
		P 85 
		N 94 
		C0 117 
		T0 99 
		P 84 
		N 95 
		C0 118 
		T0 98 
		P 88 
		N 96 
		C0 119 
		T0 102 
		P 91 
		N 97 
		C0 120 
		T0 105 
		P 92 
		N 98 
		C0 121 
		T0 106 
		P 78 
		N 80 
		C0 122 
		T0 107 
		P 93 
		N 99 
		C0 123 
		T0 108 
		P 87 
		N 100 
		C0 124 
		T0 101 
		P 94 
		N 101 
		C0 125 
		T0 109 
		P 95 
		N 78 
		C0 126 
		T0 110 
		P 4 
		N 102 
		C0 127 
		T0 111 
		P 96 
		N 103 
		C0 128 
		T0 112 
		P 97 
		N 104 
		C0 129 
		T0 113 
		P 98 
		N 78 
		C0 130 
		T0 114 
		P 99 
		N 78 
		C0 131 
		T0 115 
		P 100 
		N 78 
		C0 132 
		T0 116 
		P 5 
		N 105 
		C0 133 
		T0 117 
		P 67 
		N 36 
		C0 134 
		T0 118 
		P 35 
		N 69 
		C0 135 
		T0 119 
		P 29 
		N 68 
		C0 136 
		T0 120 
		P 2 
		N 1 
		C0 137 
		T0 2 
		P 5 
		N 105 
		C0 138 
		T0 5 
		P 67 
		N 65 
		C0 139 
		T0 119 
		P 34 
		N 2 
		C0 140 
		T0 33 
		P 96 
		N 103 
		C0 141 
		T0 121 
		P 97 
		N 104 
		C0 142 
		T0 122 
		P 39 
		N 34 
		C0 143 
		T0 113 
		P 42 
		N 37 
		C0 144 
		T0 123 
		P 44 
		N 40 
		C0 145 
		T0 124 
		P 46 
		N 42 
		C0 146 
		T0 125 
		P 48 
		N 44 
		C0 147 
		T0 126 
		P 50 
		N 46 
		C0 148 
		T0 127 
		P 52 
		N 48 
		C0 149 
		T0 128 
		P 54 
		N 50 
		C0 150 
		T0 129 
		P 54 
		N 50 
		C0 151 
		T0 130 
		P 56 
		N 51 
		C0 152 
		T0 131 
		P 58 
		N 53 
		C0 153 
		T0 132 
		P 60 
		N 55 
		C0 154 
		T0 133 
		P 62 
		N 57 
		C0 155 
		T0 134 
		P 62 
		N 60 
		C0 156 
		T0 134 
		P 64 
		N 59 
		C0 157 
		T0 135 
		P 64 
		N 64 
		C0 158 
		T0 135 
		P 66 
		N 63 
		C0 159 
		T0 136 
		P 84 
		N 106 
		C0 160 
		T0 98 
		P 72 
		N 106 
		C0 161 
		T0 86 
		P 91 
		N 107 
		C0 162 
		T0 105 
		P 101 
		N 108 
		C0 163 
		T0 137 
		P 92 
		N 109 
		C0 164 
		T0 106 
		P 102 
		N 110 
		C0 165 
		T0 138 
		P 24 
		N 110 
		C0 166 
		T0 24 
		P 103 
		N 111 
		C0 167 
		T0 139 
		P 104 
		N 112 
		C0 168 
		T0 140 
		P 26 
		N 113 
		C0 169 
		T0 26 
		P 25 
		N 114 
		C0 170 
		T0 25 
		P 105 
		N 115 
		C0 171 
		T0 141 
		P 76 
		N 116 
		C0 172 
		T0 90 
		P 95 
		N 117 
		C0 173 
		T0 110 
		P 106 
		N 118 
		C0 174 
		T0 142 
		P 98 
		N 119 
		C0 175 
		T0 114 
		P 99 
		N 120 
		C0 176 
		T0 115 
		P 107 
		N 121 
		C0 177 
		T0 143 
		P 100 
		N 122 
		C0 178 
		T0 116 
		P 108 
		N 123 
		C0 179 
		T0 144 
		P 109 
		N 124 
		C0 180 
		T0 145 
		P 68 
		N 125 
		C0 181 
		T0 79 
		P 110 
		N 126 
		C0 182 
		T0 146 
		P 30 
		N 127 
		C0 183 
		T0 80 
		P 111 
		N 128 
		C0 184 
		T0 147 
		P 112 
		N 129 
		C0 185 
		T0 25 
		P 113 
		N 130 
		C0 186 
		T0 24 
		P 114 
		N 131 
		C0 187 
		T0 148 
		P 115 
		N 132 
		C0 188 
		T0 27 
		P 116 
		N 133 
		C0 189 
		T0 149 
		P 117 
		N 134 
		C0 190 
		T0 150 
		P 118 
		N 135 
		C0 191 
		T0 151 
		P 119 
		N 136 
		C0 192 
		T0 152 
		P 118 
		N 137 
		C0 193 
		T0 153 
		P 120 
		N 29 
		C0 194 
		T0 154 
		P 119 
		N 138 
		C0 195 
		T0 155 
		P 121 
		N 139 
		C0 196 
		T0 156 
		P 120 
		N 140 
		C0 197 
		T0 152 
		P 7 
		N 140 
		C0 198 
		T0 7 
		P 36 
		N 141 
		C0 199 
		T0 32 
		P 122 
		N 142 
		C0 200 
		T0 157 
		P 123 
		N 143 
		C0 201 
		T0 158 
		P 124 
		N 144 
		C0 202 
		T0 44 
		P 122 
		N 142 
		C0 203 
		T0 44 
		P 125 
		N 145 
		C0 204 
		T0 159 
		P 124 
		N 144 
		C0 205 
		T0 160 
		P 126 
		N 146 
		C0 206 
		T0 161 
		P 127 
		N 147 
		C0 207 
		T0 52 
		P 126 
		N 146 
		C0 208 
		T0 51 
		P 128 
		N 148 
		C0 209 
		T0 52 
		P 129 
		N 149 
		C0 210 
		T0 162 
		P 128 
		N 148 
		C0 211 
		T0 163 
		P 130 
		N 150 
		C0 212 
		T0 164 
		P 131 
		N 151 
		C0 213 
		T0 165 
		P 130 
		N 150 
		C0 214 
		T0 166 
		P 132 
		N 152 
		C0 215 
		T0 167 
		P 133 
		N 153 
		C0 216 
		T0 168 
		P 132 
		N 152 
		C0 217 
		T0 69 
		P 134 
		N 154 
		C0 218 
		T0 169 
		P 135 
		N 155 
		C0 219 
		T0 170 
		P 134 
		N 156 
		C0 220 
		T0 169 
		P 136 
		N 157 
		C0 221 
		T0 171 
		P 135 
		N 158 
		C0 222 
		T0 170 
		P 137 
		N 159 
		C0 223 
		T0 78 
		P 121 
		N 160 
		C0 224 
		T0 82 
		P 117 
		N 161 
		C0 225 
		T0 81 
		P 116 
		N 162 
		C0 226 
		T0 80 
		P 138 
		N 163 
		C0 227 
		T0 79 
		P 139 
		N 164 
		C0 228 
		T0 85 
		P 140 
		N 165 
		C0 229 
		T0 84 
		P 141 
		N 166 
		C0 230 
		T0 83 
		P 142 
		N 167 
		C0 231 
		T0 86 
		P 143 
		N 168 
		C0 232 
		T0 88 
		P 144 
		N 169 
		C0 233 
		T0 87 
		P 145 
		N 170 
		C0 234 
		T0 89 
		P 143 
		N 171 
		C0 235 
		T0 88 
		P 146 
		N 172 
		C0 236 
		T0 172 
		P 147 
		N 173 
		C0 237 
		T0 93 
		P 148 
		N 174 
		C0 238 
		T0 92 
		P 149 
		N 175 
		C0 239 
		T0 91 
		P 150 
		N 176 
		C0 240 
		T0 94 
		P 151 
		N 177 
		C0 241 
		T0 95 
		P 152 
		N 178 
		C0 242 
		T0 97 
		P 153 
		N 179 
		C0 243 
		T0 96 
		P 141 
		N 180 
		C0 244 
		T0 83 
		P 154 
		N 181 
		C0 245 
		T0 99 
		P 155 
		N 182 
		C0 246 
		T0 98 
		P 142 
		N 183 
		C0 247 
		T0 86 
		P 156 
		N 184 
		C0 248 
		T0 102 
		P 157 
		N 185 
		C0 249 
		T0 101 
		P 158 
		N 186 
		C0 250 
		T0 100 
		P 159 
		N 184 
		C0 251 
		T0 103 
		P 155 
		N 187 
		C0 252 
		T0 98 
		P 154 
		N 188 
		C0 253 
		T0 99 
		P 160 
		N 189 
		C0 254 
		T0 104 
		P 148 
		N 174 
		C0 255 
		T0 107 
		P 161 
		N 190 
		C0 256 
		T0 106 
		P 162 
		N 191 
		C0 257 
		T0 105 
		P 163 
		N 192 
		C0 258 
		T0 108 
		P 157 
		N 193 
		C0 259 
		T0 101 
		P 164 
		N 194 
		C0 260 
		T0 109 
		P 156 
		N 195 
		C0 261 
		T0 102 
		P 165 
		N 190 
		C0 262 
		T0 173 
		P 166 
		N 196 
		C0 263 
		T0 113 
		P 167 
		N 197 
		C0 264 
		T0 112 
		P 9 
		N 198 
		C0 265 
		T0 111 
		P 8 
		N 199 
		C0 266 
		T0 117 
		P 168 
		N 172 
		C0 267 
		T0 174 
		P 169 
		N 172 
		C0 268 
		T0 116 
		P 170 
		N 172 
		C0 269 
		T0 115 
		P 137 
		N 36 
		C0 270 
		T0 175 
		P 117 
		N 161 
		C0 271 
		T0 176 
		P 121 
		N 160 
		C0 272 
		T0 177 
		P 167 
		N 197 
		C0 273 
		T0 178 
		P 166 
		N 196 
		C0 274 
		T0 179 
		P 122 
		N 142 
		C0 275 
		T0 113 
		P 171 
		N 200 
		C0 276 
		T0 180 
		P 124 
		N 144 
		C0 277 
		T0 123 
		P 125 
		N 145 
		C0 278 
		T0 124 
		P 126 
		N 146 
		C0 279 
		T0 125 
		P 127 
		N 147 
		C0 280 
		T0 126 
		P 128 
		N 148 
		C0 281 
		T0 127 
		P 129 
		N 149 
		C0 282 
		T0 128 
		P 130 
		N 150 
		C0 283 
		T0 129 
		P 131 
		N 151 
		C0 284 
		T0 131 
		P 130 
		N 150 
		C0 285 
		T0 130 
		P 132 
		N 152 
		C0 286 
		T0 132 
		P 133 
		N 153 
		C0 287 
		T0 133 
		P 134 
		N 154 
		C0 288 
		T0 134 
		P 134 
		N 156 
		C0 289 
		T0 134 
		P 135 
		N 155 
		C0 290 
		T0 135 
		P 135 
		N 158 
		C0 291 
		T0 135 
		P 136 
		N 157 
		C0 292 
		T0 136 
		P 142 
		N 201 
		C0 293 
		T0 86 
		P 155 
		N 201 
		C0 294 
		T0 98 
		P 162 
		N 202 
		C0 295 
		T0 105 
		P 172 
		N 203 
		C0 296 
		T0 137 
		P 161 
		N 204 
		C0 297 
		T0 106 
		P 173 
		N 205 
		C0 298 
		T0 138 
		P 174 
		N 206 
		C0 299 
		T0 26 
		P 175 
		N 207 
		C0 300 
		T0 140 
		P 176 
		N 208 
		C0 301 
		T0 139 
		P 112 
		N 209 
		C0 302 
		T0 25 
		P 177 
		N 210 
		C0 303 
		T0 90 
		P 178 
		N 211 
		C0 304 
		T0 141 
		P 179 
		N 212 
		C0 305 
		T0 110 
		P 180 
		N 213 
		C0 306 
		T0 142 
		P 181 
		N 214 
		C0 307 
		T0 114 
		P 170 
		N 215 
		C0 308 
		T0 115 
		P 182 
		N 216 
		C0 309 
		T0 143 
		P 169 
		N 217 
		C0 310 
		T0 116 
		P 183 
		N 218 
		C0 311 
		T0 144 
		P 138 
		N 219 
		C0 312 
		T0 79 
		P 184 
		N 220 
		C0 313 
		T0 145 
		P 116 
		N 221 
		C0 314 
		T0 80 
		P 185 
		N 222 
		C0 315 
		T0 146 
		P 1 
		N 223 
		C0 316 
		T0 1 
		P 4 
		N 102 
		C0 317 
		T0 4 
		P 6 
		N 224 
		C0 318 
		T0 6 
		P 9 
		N 198 
		C0 319 
		T0 9 
		P 137 
		N 159 
		C0 320 
		T0 177 
		P 8 
		N 199 
		C0 321 
		T0 8 
		P 186 
		N 225 
		C0 322 
		T0 181 
		P 187 
		N 226 
		C0 323 
		T0 182 
		P 188 
		N 227 
		C0 324 
		T0 182 
		P 189 
		N 228 
		C0 325 
		T0 183 
		P 190 
		N 229 
		C0 326 
		T0 184 
		P 191 
		N 230 
		C0 327 
		T0 185 
		P 192 
		N 231 
		C0 328 
		T0 185 
		P 193 
		N 232 
		C0 329 
		T0 186 
		P 194 
		N 233 
		C0 330 
		T0 186 
		P 186 
		N 225 
		C0 331 
		T0 187 
		P 190 
		N 229 
		C0 332 
		T0 188 
		P 191 
		N 230 
		C0 333 
		T0 189 
		P 194 
		N 233 
		C0 334 
		T0 190 
		P 187 
		N 226 
		C0 335 
		T0 191 
		P 195 
		N 234 
		C0 336 
		T0 181 
		P 196 
		N 235 
		C0 337 
		T0 182 
		P 197 
		N 236 
		C0 338 
		T0 182 
		P 198 
		N 237 
		C0 339 
		T0 183 
		P 199 
		N 238 
		C0 340 
		T0 184 
		P 200 
		N 239 
		C0 341 
		T0 185 
		P 201 
		N 240 
		C0 342 
		T0 185 
		P 202 
		N 241 
		C0 343 
		T0 186 
		P 203 
		N 242 
		C0 344 
		T0 186 
		P 195 
		N 234 
		C0 345 
		T0 187 
		P 200 
		N 239 
		C0 346 
		T0 189 
		P 199 
		N 238 
		C0 347 
		T0 188 
		P 203 
		N 242 
		C0 348 
		T0 190 
		P 197 
		N 236 
		C0 349 
		T0 191 
		P 168 
		N 172 
		C0 350 
		T0 192 
		P 204 
		N 172 
		C0 351 
		T0 174 
		P 205 
		N 243 
		C0 352 
		T0 193 
		P 171 
		N 200 
		C0 353 
		T0 194 
		P 205 
		N 243 
		C0 354 
		T0 195 
		P 204 
		N 172 
		C0 355 
		T0 196 
		P 181 
		N 172 
		C0 356 
		T0 114 
		P 179 
		N 171 
		C0 357 
		T0 110 
		P 206 
		N 172 
		C0 358 
		T0 197 
		P 207 
		N 172 
		C0 359 
		T0 198 
		P 177 
		N 244 
		C0 360 
		T0 90 
		P 174 
		N 128 
		C0 361 
		T0 26 
		P 207 
		N 172 
		C0 362 
		T0 199 
		P 146 
		N 172 
		C0 363 
		T0 200 
		P 165 
		N 190 
		C0 364 
		T0 201 
		P 206 
		N 172 
		C0 365 
		T0 202 
		P 111 
		N 128 
		C0 366 
		T0 203 
		P 114 
		N 131 
		C0 367 
		T0 204 
		P 208 
		N 245 
		C0 368 
		T0 205 
		P 209 
		N 246 
		C0 369 
		T0 205 
		P 210 
		N 247 
		C0 370 
		T0 205 
		P 211 
		N 248 
		C0 371 
		T0 205 
		P 212 
		N 249 
		C0 372 
		T0 205 
		P 213 
		N 250 
		C0 373 
		T0 205 
		P 214 
		N 251 
		C0 374 
		T0 205 
		P 215 
		N 252 
		C0 375 
		T0 205 
		P 216 
		N 253 
		C0 376 
		T0 205 
		P 217 
		N 254 
		C0 377 
		T0 206 
		P 218 
		N 255 
		C0 378 
		T0 206 
		P 219 
		N 256 
		C0 379 
		T0 207 
		P 220 
		N 257 
		C0 380 
		T0 207 
		P 221 
		N 258 
		C0 381 
		T0 208 
		P 222 
		N 259 
		C0 382 
		T0 209 
		P 223 
		N 260 
		C0 383 
		T0 210 
		P 224 
		N 261 
		C0 384 
		T0 211 
		P 225 
		N 262 
		C0 385 
		T0 212 
		P 226 
		N 263 
		C0 386 
		T0 213 
		P 227 
		N 264 
		C0 387 
		T0 214 
		P 228 
		N 265 
		C0 388 
		T0 215 
		P 229 
		N 266 
		C0 389 
		T0 215 
		P 230 
		N 267 
		C0 390 
		T0 216 
		P 231 
		N 268 
		C0 391 
		T0 216 
		P 232 
		N 269 
		C0 392 
		T0 214 
		P 233 
		N 270 
		C0 393 
		T0 212 
		P 234 
		N 271 
		C0 394 
		T0 210 
		P 235 
		N 272 
		C0 395 
		T0 211 
		P 236 
		N 273 
		C0 396 
		T0 213 
		P 237 
		N 274 
		C0 397 
		T0 208 
		P 238 
		N 275 
		C0 398 
		T0 209 
		P 239 
		N 276 
		C0 399 
		T0 217 
		P 240 
		N 277 
		C0 400 
		T0 217 
		P 241 
		N 250 
		C0 401 
		T0 205 
		P 242 
		N 248 
		C0 402 
		T0 205 
		P 243 
		N 247 
		C0 403 
		T0 205 
		P 244 
		N 278 
		C0 404 
		T0 205 
		P 245 
		N 245 
		C0 405 
		T0 205 
		P 246 
		N 279 
		C0 406 
		T0 205 
		P 247 
		N 251 
		C0 407 
		T0 205 
		P 248 
		N 252 
		C0 408 
		T0 205 
		P 249 
		N 253 
		C0 409 
		T0 205 
		P 250 
		N 254 
		C0 410 
		T0 218 
		P 251 
		N 277 
		C0 411 
		T0 218 
		P 252 
		N 276 
		C0 412 
		T0 218 
		P 253 
		N 255 
		C0 413 
		T0 218 
		P 254 
		N 280 
		C0 414 
		T0 218 
		P 255 
		N 281 
		C0 415 
		T0 218 
		P 256 
		N 260 
		C0 416 
		T0 218 
		P 257 
		N 261 
		C0 417 
		T0 218 
		P 258 
		N 262 
		C0 418 
		T0 218 
		P 259 
		N 263 
		C0 419 
		T0 218 
		P 260 
		N 265 
		C0 420 
		T0 218 
		P 261 
		N 264 
		C0 421 
		T0 218 
		P 262 
		N 268 
		C0 422 
		T0 218 
		P 263 
		N 267 
		C0 423 
		T0 218 
		P 264 
		N 269 
		C0 424 
		T0 218 
		P 265 
		N 266 
		C0 425 
		T0 218 
		P 266 
		N 273 
		C0 426 
		T0 218 
		P 267 
		N 270 
		C0 427 
		T0 218 
		P 268 
		N 271 
		C0 428 
		T0 218 
		P 269 
		N 272 
		C0 429 
		T0 218 
		P 270 
		N 282 
		C0 430 
		T0 218 
		P 271 
		N 283 
		C0 431 
		T0 218 
		P 272 
		N 257 
		C0 432 
		T0 218 
		P 273 
		N 256 
		C0 433 
		T0 218 
		P 274 
		N 284 
		C0 434 
		T0 219 
		P 275 
		N 285 
		C0 435 
		T0 219 
		P 276 
		N 286 
		C0 436 
		T0 219 
		P 277 
		N 287 
		C0 437 
		T0 219 
		P 278 
		N 288 
		C0 438 
		T0 219 
		P 279 
		N 289 
		C0 439 
		T0 219 
		P 280 
		N 290 
		C0 440 
		T0 219 
		P 281 
		N 291 
		C0 441 
		T0 219 
		P 282 
		N 292 
		C0 442 
		T0 219 
		P 283 
		N 293 
		C0 443 
		T0 219 
		P 284 
		N 294 
		C0 444 
		T0 219 
		P 285 
		N 295 
		C0 445 
		T0 219 
		P 286 
		N 296 
		C0 446 
		T0 219 
		P 287 
		N 297 
		C0 447 
		T0 219 
		P 288 
		N 298 
		C0 448 
		T0 219 
		P 289 
		N 299 
		C0 449 
		T0 219 
		P 290 
		N 300 
		C0 450 
		T0 219 
		P 291 
		N 301 
		C0 451 
		T0 219 
		P 284 
		N 302 
		C0 452 
		T0 220 
		P 281 
		N 302 
		C0 453 
		T0 220 
		P 291 
		N 301 
		C0 454 
		T0 220 
		P 292 
		N 303 
		C0 455 
		T0 220 
		P 292 
		N 303 
		C0 456 
		T0 219 
		P 293 
		N 304 
		C0 457 
		T0 219 
		P 294 
		N 305 
		C0 458 
		T0 219 
		P 295 
		N 306 
		C0 459 
		T0 219 
		P 296 
		N 307 
		C0 460 
		T0 219 
		P 297 
		N 308 
		C0 461 
		T0 219 
		P 298 
		N 309 
		C0 462 
		T0 219 
		P 299 
		N 310 
		C0 463 
		T0 219 
		P 300 
		N 311 
		C0 464 
		T0 219 
		P 301 
		N 312 
		C0 465 
		T0 219 
		P 285 
		N 313 
		C0 466 
		T0 221 
		P 289 
		N 313 
		C0 467 
		T0 221 
		P 300 
		N 313 
		C0 468 
		T0 221 
		P 299 
		N 313 
		C0 469 
		T0 221 
		P 283 
		N 314 
		C0 470 
		T0 221 
		P 282 
		N 314 
		C0 471 
		T0 221 
		P 298 
		N 314 
		C0 472 
		T0 221 
		P 297 
		N 314 
		C0 473 
		T0 221 
		P 302 
		N 315 
		C0 474 
		T0 222 
		P 303 
		N 315 
		C0 475 
		T0 222 
		P 304 
		N 315 
		C0 476 
		T0 222 
		P 305 
		N 315 
		C0 477 
		T0 222 
		P 306 
		N 316 
		C0 478 
		T0 222 
		P 302 
		N 316 
		C0 479 
		T0 222 
		P 305 
		N 316 
		C0 480 
		T0 222 
		P 307 
		N 316 
		C0 481 
		T0 222 
		P 308 
		N 315 
		C0 482 
		T0 222 
		P 309 
		N 315 
		C0 483 
		T0 222 
		P 310 
		N 315 
		C0 484 
		T0 222 
		P 311 
		N 315 
		C0 485 
		T0 222 
		P 309 
		N 317 
		C0 486 
		T0 222 
		P 312 
		N 317 
		C0 487 
		T0 222 
		P 313 
		N 317 
		C0 488 
		T0 222 
		P 310 
		N 317 
		C0 489 
		T0 222 
		P 312 
		N 316 
		C0 490 
		T0 222 
		P 308 
		N 316 
		C0 491 
		T0 222 
		P 311 
		N 316 
		C0 492 
		T0 222 
		P 313 
		N 316 
		C0 493 
		T0 222 
		P 303 
		N 318 
		C0 494 
		T0 222 
		P 306 
		N 318 
		C0 495 
		T0 222 
		P 307 
		N 318 
		C0 496 
		T0 222 
		P 304 
		N 318 
		C0 497 
		T0 222 
		P 314 
		N 319 
		C0 498 
		T0 223 
		P 315 
		N 319 
		C0 499 
		T0 223 
		P 316 
		N 319 
		C0 500 
		T0 223 
		P 317 
		N 319 
		C0 501 
		T0 223 
		P 318 
		N 320 
		C0 502 
		T0 223 
		P 319 
		N 320 
		C0 503 
		T0 223 
		P 320 
		N 320 
		C0 504 
		T0 223 
		P 321 
		N 320 
		C0 505 
		T0 223 
		P 322 
		N 321 
		C0 506 
		T0 224 
		P 323 
		N 321 
		C0 507 
		T0 225 
		P 324 
		N 321 
		C0 508 
		T0 226 
		P 325 
		N 321 
		C0 509 
		T0 222 
		P 323 
		N 322 
		C0 510 
		T0 225 
		P 322 
		N 322 
		C0 511 
		T0 224 
		P 326 
		N 322 
		C0 512 
		T0 224 
		P 327 
		N 322 
		C0 513 
		T0 225 
		P 328 
		N 323 
		C0 514 
		T0 226 
		P 329 
		N 323 
		C0 515 
		T0 222 
		P 325 
		N 323 
		C0 516 
		T0 222 
		P 324 
		N 323 
		C0 517 
		T0 226 
		P 330 
		N 324 
		C0 518 
		T0 225 
		P 331 
		N 324 
		C0 519 
		T0 224 
		P 332 
		N 324 
		C0 520 
		T0 222 
		P 333 
		N 324 
		C0 521 
		T0 226 
		P 334 
		N 321 
		C0 522 
		T0 224 
		P 335 
		N 321 
		C0 523 
		T0 225 
		P 336 
		N 321 
		C0 524 
		T0 226 
		P 337 
		N 321 
		C0 525 
		T0 222 
		P 335 
		N 322 
		C0 526 
		T0 225 
		P 334 
		N 322 
		C0 527 
		T0 224 
		P 331 
		N 322 
		C0 528 
		T0 224 
		P 330 
		N 322 
		C0 529 
		T0 225 
		P 333 
		N 323 
		C0 530 
		T0 226 
		P 332 
		N 323 
		C0 531 
		T0 222 
		P 337 
		N 323 
		C0 532 
		T0 222 
		P 336 
		N 323 
		C0 533 
		T0 226 
		P 338 
		N 324 
		C0 534 
		T0 225 
		P 339 
		N 324 
		C0 535 
		T0 226 
		P 340 
		N 324 
		C0 536 
		T0 222 
		P 341 
		N 324 
		C0 537 
		T0 224 
		P 342 
		N 325 
		C0 538 
		T0 225 
		P 338 
		N 325 
		C0 539 
		T0 225 
		P 341 
		N 325 
		C0 540 
		T0 224 
		P 343 
		N 325 
		C0 541 
		T0 224 
		P 339 
		N 326 
		C0 542 
		T0 226 
		P 344 
		N 326 
		C0 543 
		T0 226 
		P 345 
		N 326 
		C0 544 
		T0 222 
		P 340 
		N 326 
		C0 545 
		T0 222 
		P 346 
		N 324 
		C0 546 
		T0 225 
		P 347 
		N 324 
		C0 547 
		T0 226 
		P 348 
		N 324 
		C0 548 
		T0 222 
		P 349 
		N 324 
		C0 549 
		T0 224 
		P 350 
		N 321 
		C0 550 
		T0 224 
		P 351 
		N 321 
		C0 551 
		T0 222 
		P 352 
		N 321 
		C0 552 
		T0 226 
		P 353 
		N 321 
		C0 553 
		T0 225 
		P 353 
		N 325 
		C0 554 
		T0 225 
		P 346 
		N 325 
		C0 555 
		T0 225 
		P 349 
		N 325 
		C0 556 
		T0 224 
		P 350 
		N 325 
		C0 557 
		T0 224 
		P 347 
		N 326 
		C0 558 
		T0 226 
		P 352 
		N 326 
		C0 559 
		T0 226 
		P 351 
		N 326 
		C0 560 
		T0 222 
		P 348 
		N 326 
		C0 561 
		T0 222 
		P 327 
		N 324 
		C0 562 
		T0 225 
		P 326 
		N 324 
		C0 563 
		T0 224 
		P 329 
		N 324 
		C0 564 
		T0 222 
		P 328 
		N 324 
		C0 565 
		T0 226 
		P 343 
		N 321 
		C0 566 
		T0 224 
		P 345 
		N 321 
		C0 567 
		T0 222 
		P 344 
		N 321 
		C0 568 
		T0 226 
		P 342 
		N 321 
		C0 569 
		T0 225 
		P 354 
		N 327 
		C0 570 
		T0 223 
		P 355 
		N 327 
		C0 571 
		T0 223 
		P 356 
		N 327 
		C0 572 
		T0 223 
		P 357 
		N 327 
		C0 573 
		T0 223 
		P 358 
		N 328 
		C0 574 
		T0 223 
		P 359 
		N 328 
		C0 575 
		T0 223 
		P 360 
		N 328 
		C0 576 
		T0 223 
		P 361 
		N 328 
		C0 577 
		T0 223 
		P 309 
		N 329 
		C0 578 
		T0 222 
		P 308 
		N 329 
		C0 579 
		T0 222 
		P 312 
		N 329 
		C0 580 
		T0 222 
		P 310 
		N 330 
		C0 581 
		T0 222 
		P 313 
		N 330 
		C0 582 
		T0 222 
		P 311 
		N 330 
		C0 583 
		T0 222 
		P 304 
		N 330 
		C0 584 
		T0 222 
		P 307 
		N 330 
		C0 585 
		T0 222 
		P 305 
		N 330 
		C0 586 
		T0 222 
		P 303 
		N 329 
		C0 587 
		T0 222 
		P 302 
		N 329 
		C0 588 
		T0 222 
		P 306 
		N 329 
		C0 589 
		T0 222 
		P 362 
		N 331 
		C0 590 
		T0 227 
		P 363 
		N 332 
		C0 591 
		T0 227 
		P 364 
		N 333 
		C0 592 
		T0 228 
		P 365 
		N 331 
		C0 593 
		T0 228 
		P 366 
		N 333 
		C0 594 
		T0 227 
		P 367 
		N 331 
		C0 595 
		T0 227 
		P 368 
		N 334 
		C0 596 
		T0 229 
		P 369 
		N 334 
		C0 597 
		T0 230 
		P 370 
		N 334 
		C0 598 
		T0 230 
		P 371 
		N 335 
		C0 599 
		T0 229 
		P 372 
		N 335 
		C0 600 
		T0 230 
		P 373 
		N 336 
		C0 601 
		T0 230 
		P 363 
		N 332 
		C0 602 
		T0 231 
		P 362 
		N 337 
		C0 603 
		T0 232 
		P 374 
		N 338 
		C0 604 
		T0 233 
		P 375 
		N 338 
		C0 605 
		T0 234 
		P 367 
		N 339 
		C0 606 
		T0 232 
		P 366 
		N 340 
		C0 607 
		T0 231 
		P 376 
		N 341 
		C0 608 
		T0 234 
		P 377 
		N 341 
		C0 609 
		T0 233 
		P 369 
		N 342 
		C0 610 
		T0 235 
		P 373 
		N 342 
		C0 611 
		T0 236 
		P 378 
		N 343 
		C0 612 
		T0 234 
		P 379 
		N 343 
		C0 613 
		T0 233 
		P 372 
		N 344 
		C0 614 
		T0 236 
		P 370 
		N 344 
		C0 615 
		T0 235 
		P 380 
		N 345 
		C0 616 
		T0 233 
		P 381 
		N 345 
		C0 617 
		T0 234 
		P 369 
		N 346 
		C0 618 
		T0 235 
		P 379 
		N 347 
		C0 619 
		T0 233 
		P 370 
		N 348 
		C0 620 
		T0 235 
		P 380 
		N 349 
		C0 621 
		T0 233 
		P 372 
		N 350 
		C0 622 
		T0 236 
		P 381 
		N 351 
		C0 623 
		T0 234 
		P 373 
		N 336 
		C0 624 
		T0 237 
		P 363 
		N 332 
		C0 625 
		T0 237 
		P 375 
		N 338 
		C0 626 
		T0 237 
		P 378 
		N 352 
		C0 627 
		T0 237 
		P 382 
		N 268 
		C0 628 
		T0 238 
		P 383 
		N 268 
		C0 629 
		T0 239 
		P 384 
		N 248 
		C0 630 
		T0 240 
		P 385 
		N 248 
		C0 631 
		T0 241 
		P 386 
		N 353 
		C0 632 
		T0 238 
		P 387 
		N 354 
		C0 633 
		T0 241 
		P 388 
		N 354 
		C0 634 
		T0 240 
		P 389 
		N 353 
		C0 635 
		T0 239 
		P 387 
		N 66 
		C0 636 
		T0 242 
		P 386 
		N 66 
		C0 637 
		T0 242 
		P 382 
		N 66 
		C0 638 
		T0 242 
		P 385 
		N 66 
		C0 639 
		T0 242 
		P 384 
		N 66 
		C0 640 
		T0 242 
		P 388 
		N 66 
		C0 641 
		T0 242 
		P 389 
		N 66 
		C0 642 
		T0 242 
		P 383 
		N 66 
		C0 643 
		T0 242 
		P 390 
		N 355 
		C0 644 
		T0 243 
		P 391 
		N 356 
		C0 645 
		T0 244 
		P 392 
		N 357 
		C0 646 
		T0 245 
		P 393 
		N 358 
		C0 647 
		T0 246 
		P 394 
		N 359 
		C0 648 
		T0 243 
		P 395 
		N 360 
		C0 649 
		T0 246 
		P 396 
		N 361 
		C0 650 
		T0 245 
		P 397 
		N 362 
		C0 651 
		T0 244 
		P 390 
		N 355 
		C0 652 
		T0 247 
		P 393 
		N 358 
		C0 653 
		T0 247 
		P 395 
		N 360 
		C0 654 
		T0 247 
		P 394 
		N 359 
		C0 655 
		T0 247 
		P 396 
		N 361 
		C0 656 
		T0 244 
		P 395 
		N 360 
		C0 657 
		T0 243 
		P 391 
		N 356 
		C0 658 
		T0 245 
		P 390 
		N 355 
		C0 659 
		T0 246 
		P 384 
		N 248 
		C0 660 
		T0 248 
		P 383 
		N 248 
		C0 661 
		T0 249 
		P 398 
		N 248 
		C0 662 
		T0 249 
		P 397 
		N 248 
		C0 663 
		T0 248 
		P 385 
		N 248 
		C0 664 
		T0 250 
		P 396 
		N 248 
		C0 665 
		T0 250 
		P 399 
		N 248 
		C0 666 
		T0 251 
		P 382 
		N 248 
		C0 667 
		T0 251 
		P 386 
		N 354 
		C0 668 
		T0 252 
		P 400 
		N 354 
		C0 669 
		T0 252 
		P 392 
		N 354 
		C0 670 
		T0 253 
		P 387 
		N 354 
		C0 671 
		T0 253 
		P 389 
		N 354 
		C0 672 
		T0 252 
		P 388 
		N 354 
		C0 673 
		T0 253 
		P 391 
		N 354 
		C0 674 
		T0 253 
		P 401 
		N 354 
		C0 675 
		T0 252 
		P 382 
		N 363 
		C0 676 
		T0 254 
		P 399 
		N 363 
		C0 677 
		T0 254 
		P 400 
		N 363 
		C0 678 
		T0 252 
		P 386 
		N 363 
		C0 679 
		T0 252 
		P 383 
		N 363 
		C0 680 
		T0 254 
		P 389 
		N 363 
		C0 681 
		T0 252 
		P 401 
		N 363 
		C0 682 
		T0 252 
		P 398 
		N 363 
		C0 683 
		T0 254 
		P 399 
		N 364 
		C0 684 
		T0 254 
		P 396 
		N 364 
		C0 685 
		T0 255 
		P 392 
		N 364 
		C0 686 
		T0 253 
		P 400 
		N 364 
		C0 687 
		T0 252 
		P 398 
		N 365 
		C0 688 
		T0 254 
		P 401 
		N 365 
		C0 689 
		T0 252 
		P 391 
		N 365 
		C0 690 
		T0 253 
		P 397 
		N 365 
		C0 691 
		T0 255 
		P 24 
		N 366 
		C0 692 
		T0 256 
		P 102 
		N 366 
		C0 693 
		T0 257 
		P 402 
		N 366 
		C0 694 
		T0 258 
		P 403 
		N 367 
		C0 695 
		T0 259 
		P 103 
		N 368 
		C0 696 
		T0 260 
		P 25 
		N 366 
		C0 697 
		T0 261 
		P 404 
		N 369 
		C0 698 
		T0 262 
		P 31 
		N 370 
		C0 699 
		T0 263 
		P 28 
		N 23 
		C0 700 
		T0 264 
		P 30 
		N 25 
		C0 701 
		T0 265 
		P 110 
		N 371 
		C0 702 
		T0 266 
		P 405 
		N 372 
		C0 703 
		T0 267 
		P 71 
		N 373 
		C0 704 
		T0 268 
		P 70 
		N 374 
		C0 705 
		T0 269 
		P 66 
		N 374 
		C0 706 
		T0 270 
		P 65 
		N 374 
		C0 707 
		T0 271 
		P 89 
		N 375 
		C0 708 
		T0 272 
		P 406 
		N 376 
		C0 709 
		T0 273 
		P 86 
		N 377 
		C0 710 
		T0 274 
		P 407 
		N 378 
		C0 711 
		T0 275 
		P 75 
		N 379 
		C0 712 
		T0 276 
		P 101 
		N 380 
		C0 713 
		T0 277 
		P 75 
		N 379 
		C0 714 
		T0 278 
		P 407 
		N 378 
		C0 715 
		T0 278 
		P 73 
		N 381 
		C0 716 
		T0 278 
		P 402 
		N 382 
		C0 717 
		T0 258 
		P 102 
		N 383 
		C0 718 
		T0 257 
		P 73 
		N 381 
		C0 719 
		T0 279 
		P 104 
		N 384 
		C0 720 
		T0 280 
		P 408 
		N 385 
		C0 721 
		T0 281 
		P 105 
		N 386 
		C0 722 
		T0 282 
		P 106 
		N 387 
		C0 723 
		T0 283 
		P 409 
		N 388 
		C0 724 
		T0 284 
		P 108 
		N 389 
		C0 725 
		T0 285 
		P 107 
		N 390 
		C0 726 
		T0 286 
		P 109 
		N 391 
		C0 727 
		T0 287 
		P 72 
		N 392 
		C0 728 
		T0 288 
		P 71 
		N 393 
		C0 729 
		T0 268 
		P 405 
		N 394 
		C0 730 
		T0 267 
		P 410 
		N 395 
		C0 731 
		T0 289 
		P 173 
		N 396 
		C0 732 
		T0 290 
		P 113 
		N 366 
		C0 733 
		T0 291 
		P 112 
		N 366 
		C0 734 
		T0 292 
		P 176 
		N 368 
		C0 735 
		T0 293 
		P 411 
		N 397 
		C0 736 
		T0 294 
		P 410 
		N 366 
		C0 737 
		T0 289 
		P 412 
		N 398 
		C0 738 
		T0 295 
		P 185 
		N 371 
		C0 739 
		T0 296 
		P 116 
		N 133 
		C0 740 
		T0 297 
		P 118 
		N 135 
		C0 741 
		T0 298 
		P 413 
		N 399 
		C0 742 
		T0 299 
		P 136 
		N 374 
		C0 743 
		T0 300 
		P 140 
		N 374 
		C0 744 
		T0 301 
		P 139 
		N 400 
		C0 745 
		T0 302 
		P 159 
		N 401 
		C0 746 
		T0 303 
		P 158 
		N 402 
		C0 747 
		T0 304 
		P 414 
		N 403 
		C0 748 
		T0 305 
		P 415 
		N 404 
		C0 749 
		T0 306 
		P 172 
		N 405 
		C0 750 
		T0 307 
		P 145 
		N 406 
		C0 751 
		T0 308 
		P 144 
		N 407 
		C0 752 
		T0 309 
		P 175 
		N 408 
		C0 753 
		T0 310 
		P 178 
		N 409 
		C0 754 
		T0 311 
		P 416 
		N 410 
		C0 755 
		T0 312 
		P 180 
		N 411 
		C0 756 
		T0 313 
		P 417 
		N 412 
		C0 757 
		T0 314 
		P 182 
		N 413 
		C0 758 
		T0 315 
		P 183 
		N 414 
		C0 759 
		T0 316 
		P 184 
		N 415 
		C0 760 
		T0 317 
		P 142 
		N 416 
		C0 761 
		T0 318 
	}

	Mtl 4 { 
		{
			Name "#2" 
			Priority 32 
			Prim 2 { 
				{
					Type TRISTRIP
					Priority 32 
					Idx 6 { 3 0 2 1 5 4 }
				}
				{
					Type TRISTRIP
					Priority 32 
					Idx 7 { 11 7 10 7 6 8 9 }
				}
			}

		}
		{
			Name "#3" 
			Priority 32 
			Prim 2 { 
				{
					Type TRISTRIP
					Priority 32 
					Idx 6 { 13 14 12 15 16 17 }
				}
				{
					Type TRISTRIP
					Priority 32 
					Idx 7 { 23 21 22 21 20 18 19 }
				}
			}

		}
		{
			Name "#4" 
			Priority 32 
			Prim 111 { 
				{
					Type TRISTRIP
					Priority 32 
					Idx 6 { 231 228 230 229 291 292 }
				}
				{
					Type TRISTRIP
					Priority 32 
					Idx 5 { 332 333 331 334 335 }
				}
				{
					Type TRISTRIP2
					Priority 32 
					Idx 6 { 94 93 91 92 158 159 }
				}
				{
					Type TRISTRIP2
					Priority 32 
					Idx 5 { 347 346 345 348 349 }
				}
				{
					Type TRISTRIP
					Priority 32 
					Idx 4 { 351 352 350 353 }
				}
				{
					Type TRISTRIP
					Priority 32 
					Idx 4 { 455 452 454 453 }
				}
				{
					Type TRISTRIP
					Priority 32 
					Idx 4 { 467 468 466 469 }
				}
				{
					Type TRISTRIP
					Priority 32 
					Idx 4 { 470 471 473 472 }
				}
				{
					Type TRISTRIP
					Priority 32 
					Idx 4 { 474 475 477 476 }
				}
				{
					Type TRISTRIP
					Priority 32 
					Idx 4 { 479 480 478 481 }
				}
				{
					Type TRISTRIP
					Priority 32 
					Idx 4 { 482 483 485 484 }
				}
				{
					Type TRISTRIP
					Priority 32 
					Idx 4 { 486 487 489 488 }
				}
				{
					Type TRISTRIP
					Priority 32 
					Idx 4 { 491 492 490 493 }
				}
				{
					Type TRISTRIP
					Priority 32 
					Idx 4 { 494 495 497 496 }
				}
				{
					Type TRISTRIP
					Priority 32 
					Idx 4 { 501 498 500 499 }
				}
				{
					Type TRISTRIP
					Priority 32 
					Idx 4 { 502 503 505 504 }
				}
				{
					Type TRISTRIP
					Priority 32 
					Idx 4 { 508 509 507 506 }
				}
				{
					Type TRISTRIP
					Priority 32 
					Idx 4 { 510 511 513 512 }
				}
				{
					Type TRISTRIP
					Priority 32 
					Idx 4 { 517 514 516 515 }
				}
				{
					Type TRISTRIP
					Priority 32 
					Idx 4 { 521 518 520 519 }
				}
				{
					Type TRISTRIP
					Priority 32 
					Idx 4 { 524 525 523 522 }
				}
				{
					Type TRISTRIP
					Priority 32 
					Idx 4 { 526 527 529 528 }
				}
				{
					Type TRISTRIP
					Priority 32 
					Idx 4 { 533 530 532 531 }
				}
				{
					Type TRISTRIP
					Priority 32 
					Idx 4 { 534 535 537 536 }
				}
				{
					Type TRISTRIP
					Priority 32 
					Idx 4 { 538 539 541 540 }
				}
				{
					Type TRISTRIP
					Priority 32 
					Idx 4 { 543 544 542 545 }
				}
				{
					Type TRISTRIP
					Priority 32 
					Idx 4 { 546 547 549 548 }
				}
				{
					Type TRISTRIP
					Priority 32 
					Idx 4 { 553 550 552 551 }
				}
				{
					Type TRISTRIP
					Priority 32 
					Idx 4 { 554 555 557 556 }
				}
				{
					Type TRISTRIP
					Priority 32 
					Idx 4 { 559 560 558 561 }
				}
				{
					Type TRISTRIP
					Priority 32 
					Idx 4 { 565 562 564 563 }
				}
				{
					Type TRISTRIP
					Priority 32 
					Idx 4 { 569 566 568 567 }
				}
				{
					Type TRISTRIP
					Priority 32 
					Idx 4 { 571 572 570 573 }
				}
				{
					Type TRISTRIP
					Priority 32 
					Idx 4 { 574 575 577 576 }
				}
				{
					Type TRISTRIP
					Priority 32 
					Idx 4 { 613 610 612 611 }
				}
				{
					Type TRISTRIP
					Priority 32 
					Idx 4 { 616 617 615 614 }
				}
				{
					Type TRISTRIP
					Priority 32 
					Idx 8 { 621 620 609 606 608 607 623 622 }
				}
				{
					Type TRISTRIP
					Priority 32 
					Idx 4 { 625 626 624 627 }
				}
				{
					Type TRISTRIP
					Priority 32 
					Idx 4 { 639 636 638 637 }
				}
				{
					Type TRISTRIP
					Priority 32 
					Idx 4 { 640 641 643 642 }
				}
				{
					Type TRISTRIP
					Priority 32 
					Idx 4 { 654 655 653 652 }
				}
				{
					Type TRISTRIP
					Priority 32 
					Idx 4 { 660 661 663 662 }
				}
				{
					Type TRISTRIP
					Priority 32 
					Idx 4 { 665 666 664 667 }
				}
				{
					Type TRISTRIP
					Priority 32 
					Idx 4 { 670 671 669 668 }
				}
				{
					Type TRISTRIP
					Priority 32 
					Idx 4 { 672 673 675 674 }
				}
				{
					Type TRISTRIP
					Priority 32 
					Idx 4 { 677 678 676 679 }
				}
				{
					Type TRISTRIP
					Priority 32 
					Idx 4 { 680 681 683 682 }
				}
				{
					Type TRISTRIP
					Priority 32 
					Idx 4 { 685 686 684 687 }
				}
				{
					Type TRISTRIP
					Priority 32 
					Idx 4 { 691 688 690 689 }
				}
				{
					Type TRISTRIP
					Priority 32 
					Idx 11 { 271 272 193 192 31 32 31 33 34 135 136 }
				}
				{
					Type TRISTRIP2
					Priority 32 
					Idx 6 { 365 364 362 363 366 367 }
				}
				{
					Type TRISTRIP2
					Priority 32 
					Idx 8 { 631 630 628 629 632 635 633 634 }
				}
				{
					Type TRISTRIP2
					Priority 32 
					Idx 19 { 302 301 299 300 303 304 305 306 307 306 308 309 310 311 312 313 312 315 314 }
				}
				{
					Type TRISTRIP
					Priority 32 
					Idx 19 { 170 167 169 168 172 171 173 174 175 174 176 177 178 179 181 180 181 182 183 }
				}
				{
					Type TRISTRIP2
					Priority 32 
					Idx 17 { 166 165 96 95 97 98 164 163 162 112 113 112 114 115 114 161 160 }
				}
				{
					Type TRISTRIP
					Priority 32 
					Idx 7 { 658 659 651 648 651 649 650 }
				}
				{
					Type TRISTRIP2
					Priority 32 
					Idx 22 { 25 24 26 27 26 100 99 121 126 121 122 120 123 124 125 119 116 118 116 117 154 155 }
				}
				{
					Type TRISTRIP2
					Priority 32 
					Idx 9 { 151 122 152 123 152 125 153 116 154 }
				}
				{
					Type TRISTRIP
					Priority 32 
					Idx 7 { 656 657 646 647 646 644 645 }
				}
				{
					Type TRISTRIP2
					Priority 32 
					Idx 7 { 602 605 603 604 603 619 618 }
				}
				{
					Type TRISTRIP
					Priority 32 
					Idx 14 { 320 321 197 198 197 11 199 11 40 10 201 318 273 319 }
				}
				{
					Type TRISTRIP
					Priority 32 
					Idx 13 { 142 141 42 43 42 40 41 40 200 201 200 273 274 }
				}
				{
					Type TRISTRIP2
					Priority 32 
					Idx 7 { 247 246 244 245 244 289 290 }
				}
				{
					Type TRISTRIP
					Priority 32 
					Idx 13 { 138 139 137 140 3 199 0 40 0 43 316 141 317 }
				}
				{
					Type TRISTRIP2
					Priority 32 
					Idx 7 { 215 213 70 67 70 68 71 }
				}
				{
					Type TRISTRIP
					Priority 32 
					Idx 7 { 214 213 66 67 66 68 69 }
				}
				{
					Type TRISTRIP2
					Priority 32 
					Idx 7 { 209 207 58 55 58 56 59 }
				}
				{
					Type TRISTRIP
					Priority 32 
					Idx 7 { 208 207 54 55 54 56 57 }
				}
				{
					Type TRISTRIP2
					Priority 32 
					Idx 7 { 157 156 110 109 110 108 111 }
				}
				{
					Type TRISTRIP
					Priority 32 
					Idx 7 { 220 219 78 79 78 80 81 }
				}
				{
					Type TRISTRIP2
					Priority 32 
					Idx 7 { 47 46 44 45 44 202 203 }
				}
				{
					Type TRISTRIP
					Priority 32 
					Idx 19 { 150 102 149 101 148 106 147 105 146 107 146 104 145 104 144 104 103 101 102 }
				}
				{
					Type TRISTRIP2
					Priority 32 
					Idx 5 { 107 104 105 101 106 }
				}
				{
					Type TRISTRIP
					Priority 32 
					Idx 8 { 122 126 103 130 103 129 144 143 }
				}
				{
					Type TRISTRIP
					Priority 32 
					Idx 5 { 130 131 129 132 87 }
				}
				{
					Type TRISTRIP2
					Priority 32 
					Idx 11 { 90 89 86 88 86 87 133 87 127 129 128 }
				}
				{
					Type TRISTRIP
					Priority 32 
					Idx 14 { 262 255 358 237 355 237 354 277 354 275 276 263 265 264 }
				}
				{
					Type TRISTRIP
					Priority 32 
					Idx 11 { 224 225 223 226 223 227 266 227 265 267 276 }
				}
				{
					Type TRISTRIP2
					Priority 32 
					Idx 19 { 283 238 282 239 281 243 280 241 279 242 279 240 278 240 277 240 237 239 238 }
				}
				{
					Type TRISTRIP
					Priority 32 
					Idx 5 { 242 240 241 239 243 }
				}
				{
					Type TRISTRIP2
					Priority 32 
					Idx 9 { 287 254 286 260 284 258 284 255 285 }
				}
				{
					Type TRISTRIP
					Priority 32 
					Idx 37 { 288 287 253 254 252 254 261 260 259 258 257 255 256 262 235 236 188 187 188 186 188 298 188 233 232 234 297 296 295 250 249 250 248 251 248 293 294 }
				}
				{
					Type TRISTRIP2
					Priority 32 
					Idx 15 { 601 591 599 592 600 592 594 593 595 593 598 593 596 590 597 }
				}
				{
					Type TRISTRIP
					Priority 32 
					Idx 4 { 593 590 592 591 }
				}
				{
					Type TRISTRIP
					Priority 32 
					Idx 18 { 227 268 267 269 267 356 355 357 358 357 359 360 359 361 184 185 187 186 }
				}
				{
					Type TRISTRIP
					Priority 32 
					Idx 14 { 330 327 329 328 324 328 325 327 325 326 325 322 324 323 }
				}
				{
					Type TRISTRIP
					Priority 32 
					Idx 7 { 222 221 82 83 82 84 85 }
				}
				{
					Type TRISTRIP2
					Priority 32 
					Idx 14 { 344 341 343 342 337 342 339 341 339 340 339 336 337 338 }
				}
				{
					Type TRISTRIP2
					Priority 32 
					Idx 13 { 270 196 194 195 194 38 39 38 35 37 35 36 134 }
				}
				{
					Type TRISTRIP
					Priority 32 
					Idx 13 { 75 72 74 73 77 73 76 73 218 73 216 72 217 }
				}
				{
					Type TRISTRIP2
					Priority 32 
					Idx 13 { 211 60 210 61 212 61 64 61 65 61 62 60 63 }
				}
				{
					Type TRISTRIP
					Priority 32 
					Idx 13 { 51 48 50 49 53 49 52 49 206 49 204 48 205 }
				}
				{
					Type TRISTRIP2
					Priority 32 
					Idx 16 { 373 370 371 370 368 369 373 372 370 374 369 375 372 376 374 375 }
				}
				{
					Type TRISTRIP2
					Priority 32 
					Idx 16 { 401 403 402 403 405 406 401 404 403 407 406 408 404 409 407 408 }
				}
				{
					Type TRISTRIP2
					Priority 32 
					Idx 16 { 444 441 445 442 463 462 459 461 460 443 439 443 440 443 441 442 }
				}
				{
					Type TRISTRIP2
					Priority 32 
					Idx 13 { 445 449 444 446 456 447 456 450 451 438 451 440 441 }
				}
				{
					Type TRISTRIP
					Priority 32 
					Idx 20 { 463 464 459 464 465 449 448 446 448 447 437 447 434 450 435 438 436 438 439 440 }
				}
				{
					Type TRISTRIP
					Priority 32 
					Idx 18 { 457 436 458 439 458 460 458 459 457 465 457 448 457 437 436 437 435 434 }
				}
				{
					Type TRISTRIP
					Priority 32 
					Idx 16 { 417 415 416 414 430 411 410 413 432 433 415 413 414 412 411 413 }
				}
				{
					Type TRISTRIP
					Priority 32 
					Idx 23 { 410 432 431 415 431 417 429 419 426 421 424 422 423 425 424 425 426 427 429 428 431 430 410 }
				}
				{
					Type TRISTRIP2
					Priority 32 
					Idx 18 { 430 416 428 416 418 417 418 419 420 421 420 422 420 425 420 427 418 428 }
				}
				{
					Type TRISTRIP2
					Priority 32 
					Idx 14 { 385 388 393 389 396 392 387 391 388 391 389 390 392 391 }
				}
				{
					Type TRISTRIP2
					Priority 32 
					Idx 19 { 387 388 386 385 384 383 382 381 379 378 379 380 382 398 384 395 386 396 387 }
				}
				{
					Type TRISTRIP
					Priority 32 
					Idx 20 { 396 393 395 393 394 385 394 383 397 381 400 381 399 378 400 377 397 377 380 378 }
				}
				{
					Type TRISTRIP
					Priority 32 
					Idx 5 { 395 394 398 397 380 }
				}
				{
					Type TRISTRIP2
					Priority 32 
					Idx 3 { 28 30 29 }
				}
				{
					Type TRISTRIP
					Priority 32 
					Idx 3 { 191 189 190 }
				}
				{
					Type TRISTRIP2
					Priority 32 
					Idx 3 { 578 580 579 }
				}
				{
					Type TRISTRIP
					Priority 32 
					Idx 3 { 583 581 582 }
				}
				{
					Type TRISTRIP2
					Priority 32 
					Idx 3 { 584 586 585 }
				}
				{
					Type TRISTRIP
					Priority 32 
					Idx 3 { 589 587 588 }
				}
			}

		}
		{
			Name "#5" 
			Priority 32 
			Prim 8 { 
				{
					Type TRISTRIP
					Priority 32 
					Idx 10 { 729 730 728 709 708 709 710 711 713 712 }
				}
				{
					Type TRISTRIP
					Priority 32 
					Idx 6 { 718 719 717 711 730 709 }
				}
				{
					Type TRISTRIP
					Priority 32 
					Idx 29 { 704 705 703 706 703 707 742 743 742 744 742 745 742 761 748 746 748 747 749 750 749 751 749 752 731 732 731 733 734 }
				}
				{
					Type TRISTRIP2
					Priority 32 
					Idx 7 { 703 694 742 731 742 749 748 }
				}
				{
					Type TRISTRIP
					Priority 32 
					Idx 49 { 737 734 736 735 736 753 755 754 755 756 757 758 757 759 757 760 738 739 738 740 738 741 738 699 698 700 698 701 698 702 698 727 724 725 724 726 724 723 721 722 721 720 695 696 695 697 694 692 693 }
				}
				{
					Type TRISTRIP2
					Priority 32 
					Idx 9 { 721 724 695 698 695 738 736 757 755 }
				}
				{
					Type TRISTRIP
					Priority 32 
					Idx 4 { 731 736 694 695 }
				}
				{
					Type TRISTRIP
					Priority 32 
					Idx 3 { 716 714 715 }
				}
			}

		}
	}

	Offset 0 
}
