{
	Skinned 0 
	PosSkin 0 
	Pos 365 { 
		0.678270	0.827087	-2.107806 
		0.695285	0.941239	-2.105068 
		0.745775	0.941239	-2.069218 
		0.745775	0.827087	-2.069218 
		0.554152	0.827087	-2.127780 
		0.554152	0.941239	-2.127780 
		-0.678270	0.827087	-2.107806 
		-0.745775	0.827087	-2.069218 
		-0.745775	0.941239	-2.069218 
		-0.695285	0.941239	-2.105068 
		-0.554152	0.827087	-2.127780 
		-0.554152	0.941239	-2.127780 
		0.000000	0.377478	2.579941 
		0.000000	0.461439	2.585264 
		-0.745613	0.461439	2.585217 
		-0.742670	0.377478	2.579941 
		0.000000	1.856816	1.936743 
		0.000000	1.865876	1.221291 
		-0.638708	1.865526	1.221291 
		-0.639764	1.856527	1.936743 
		0.000000	1.870938	0.225308 
		-0.644165	1.870906	0.225308 
		0.000000	1.865474	-0.807051 
		-0.635800	1.851345	-0.772816 
		0.000000	1.809010	-0.911578 
		-0.634714	1.783257	-0.871655 
		-0.716108	1.173442	-1.688708 
		-0.812687	1.074113	-1.688916 
		-0.804029	1.227046	-1.353943 
		-0.730686	1.284716	-1.378633 
		-0.694350	1.830720	0.225914 
		-0.694177	1.820020	-0.747299 
		-0.854871	1.110207	1.211104 
		-0.852440	1.113047	2.126510 
		-0.709349	1.806324	1.964109 
		-0.689419	1.821886	1.220703 
		0.000000	1.117147	2.189707 
		0.000000	1.762852	2.042790 
		-0.650710	1.763203	2.042790 
		-0.763774	1.117147	2.189707 
		-0.849702	0.597165	2.100069 
		-0.749159	0.604892	2.163228 
		-0.754362	0.787273	2.172655 
		-0.763087	1.093049	2.188461 
		-0.892065	0.756206	1.416999 
		-0.888715	0.618892	1.576461 
		-0.853448	1.107909	0.186018 
		-0.892065	0.720770	1.024988 
		-0.892065	0.776139	1.206598 
		-0.861013	0.550775	-1.212085 
		-0.881616	0.564930	0.128925 
		0.000000	1.100779	-2.064653 
		0.000000	0.990598	-2.156223 
		-0.695942	0.987046	-2.085836 
		-0.701530	1.062169	-1.998783 
		0.000000	1.311045	-1.448947 
		-0.844256	1.096679	-0.931970 
		-0.840635	0.419643	-1.974984 
		-0.793899	0.414166	-2.132232 
		-0.792593	0.330873	-1.989442 
		-0.867654	0.742093	-1.828027 
		-0.795280	0.986539	-2.037407 
		-0.795610	0.655382	-2.033428 
		-0.865149	0.607904	-1.944324 
		-0.832563	1.089142	-1.342232 
		-0.866780	0.793599	-1.609433 
		-0.866745	0.734732	-1.356798 
		-0.795205	0.609148	-2.147174 
		-0.659203	0.673912	-2.126832 
		-0.649673	0.611337	-2.244231 
		-0.651453	0.415552	-2.227919 
		0.000000	0.673925	-2.196941 
		0.000000	0.619692	-2.317389 
		0.000000	0.420954	-2.299244 
		0.000000	0.606856	2.163330 
		0.000000	0.787273	2.172656 
		-0.678987	0.787273	2.172655 
		-0.848477	0.377152	2.186776 
		-0.742670	0.377478	2.250010 
		-0.745613	0.461439	2.255286 
		-0.749159	0.562638	2.261645 
		-0.849702	0.558978	2.198598 
		0.000000	0.564591	2.261873 
		-0.848477	0.377152	2.088240 
		-0.860238	0.374867	1.645697 
		-0.848513	0.313578	0.818102 
		-0.888715	0.565738	0.876600 
		-0.851861	0.312048	-1.189522 
		-0.497658	0.334794	-2.158859 
		0.000000	0.339367	-2.202423 
		-0.584929	0.739028	1.562746 
		-0.562133	0.374867	1.645697 
		-0.584929	0.738369	0.930181 
		-0.560087	0.313578	0.818102 
		-0.558419	0.746111	-1.264385 
		-0.538578	0.312048	-1.189522 
		-0.547948	0.746093	-1.884268 
		-0.537289	0.330873	-1.989442 
		0.742670	0.377478	2.579941 
		0.745613	0.461439	2.585217 
		0.639764	1.856527	1.936743 
		0.638708	1.865526	1.221291 
		0.644165	1.870906	0.225308 
		0.635800	1.851345	-0.772816 
		0.634714	1.783257	-0.871655 
		0.695942	0.987046	-2.085836 
		0.659203	0.673912	-2.126832 
		0.716108	1.173442	-1.688708 
		0.730686	1.284716	-1.378633 
		0.804029	1.227046	-1.353943 
		0.812687	1.074113	-1.688916 
		0.694350	1.830720	0.225914 
		0.694177	1.820020	-0.747299 
		0.854871	1.110207	1.211104 
		0.689419	1.821886	1.220703 
		0.709349	1.806324	1.964109 
		0.852440	1.113047	2.126510 
		0.763774	1.117147	2.189707 
		0.650710	1.763203	2.042790 
		0.849702	0.597165	2.100069 
		0.763087	1.093049	2.188461 
		0.754362	0.787273	2.172655 
		0.749159	0.604892	2.163228 
		0.888715	0.618892	1.576461 
		0.892065	0.756206	1.416999 
		0.853448	1.107909	0.186018 
		0.892065	0.776139	1.206598 
		0.892065	0.720770	1.024988 
		0.649673	0.611337	-2.244231 
		0.651453	0.415552	-2.227919 
		0.861013	0.550775	-1.212085 
		0.881616	0.564930	0.128925 
		0.701530	1.062169	-1.998783 
		0.844256	1.096679	-0.931970 
		0.840635	0.419643	-1.974984 
		0.792593	0.330873	-1.989442 
		0.793899	0.414166	-2.132232 
		0.867654	0.742093	-1.828027 
		0.865149	0.607904	-1.944324 
		0.795610	0.655382	-2.033428 
		0.795280	0.986539	-2.037407 
		0.832563	1.089142	-1.342232 
		0.866745	0.734732	-1.356798 
		0.866780	0.793599	-1.609433 
		0.795205	0.609148	-2.147174 
		0.497658	0.334794	-2.158859 
		0.678451	0.787273	2.172655 
		0.848477	0.377152	2.186776 
		0.849702	0.558978	2.198598 
		0.749159	0.562638	2.261645 
		0.745613	0.461439	2.255286 
		0.742670	0.377478	2.250010 
		0.848477	0.377152	2.088240 
		0.860238	0.374867	1.645697 
		0.888715	0.565738	0.876600 
		0.848513	0.313578	0.818102 
		0.851861	0.312048	-1.189522 
		0.562133	0.374867	1.645697 
		0.584929	0.739028	1.562746 
		0.584929	0.738369	0.930181 
		0.560087	0.313578	0.818102 
		0.538578	0.312048	-1.189522 
		0.558419	0.746111	-1.264385 
		0.547948	0.746093	-1.884268 
		0.537289	0.330873	-1.989442 
		0.000000	0.461439	2.255333 
		0.000000	0.377478	2.250010 
		-0.408945	0.480838	2.563248 
		-0.458803	0.491370	2.466928 
		-0.518575	0.491370	2.517388 
		-0.409506	0.480838	2.279150 
		-0.455366	0.491370	2.388780 
		-0.603185	0.491370	2.527099 
		-0.693043	0.480838	2.563809 
		-0.551274	0.950170	2.421480 
		-0.499364	0.491370	2.315860 
		-0.647183	0.491370	2.454179 
		-0.643746	0.491370	2.376031 
		-0.583974	0.491370	2.325572 
		-0.693604	0.480838	2.279711 
		-0.558486	1.966868	-0.643336 
		-0.558486	1.851589	-0.643336 
		-0.505850	1.851589	-0.643336 
		-0.505850	1.966868	-0.643336 
		-0.558486	1.993187	1.849904 
		-0.558486	1.966869	1.849904 
		-0.505850	1.966869	1.849904 
		-0.505850	1.993187	1.849904 
		-0.558486	1.993186	-0.695972 
		-0.558486	1.993186	-0.643336 
		-0.505850	1.993186	-0.643336 
		-0.505850	1.993186	-0.695972 
		-0.558486	1.966868	-0.695972 
		-0.505850	1.966868	-0.695972 
		-0.558486	1.851589	-0.695972 
		-0.505850	1.851589	-0.695972 
		-0.635859	1.966868	-0.695972 
		-0.635859	1.966868	-0.643336 
		-0.635859	1.993186	-0.643336 
		-0.635859	1.993186	-0.695972 
		-0.043620	1.966868	-0.695972 
		-0.043620	1.966868	-0.643336 
		-0.043620	1.993186	-0.695972 
		-0.043620	1.993186	-0.643336 
		-0.558486	1.966868	1.803324 
		-0.505850	1.966868	1.803324 
		-0.558486	1.993186	1.803324 
		-0.505850	1.993186	1.803324 
		-0.656152	1.993186	1.803324 
		-0.656152	1.966868	1.803324 
		-0.656152	1.966869	1.849904 
		-0.656152	1.993187	1.849904 
		-0.505850	1.852046	1.803324 
		-0.558486	1.852046	1.803324 
		-0.505850	1.852046	1.849904 
		-0.558486	1.852046	1.849904 
		-0.043620	1.993186	1.803324 
		-0.043620	1.966868	1.803324 
		-0.043620	1.993187	1.849904 
		-0.043620	1.966869	1.849904 
		0.043620	1.966869	-0.643336 
		0.043620	1.966869	-0.695972 
		0.043620	1.993186	-0.695972 
		0.043620	1.993186	-0.643336 
		0.043620	1.966869	1.849904 
		0.043620	1.993187	1.849904 
		0.043620	1.966868	1.803324 
		0.043620	1.993186	1.803324 
		0.558486	1.966869	-0.643336 
		0.505850	1.966869	-0.643336 
		0.505850	1.851589	-0.643336 
		0.558486	1.851589	-0.643336 
		0.558486	1.993187	1.849904 
		0.505850	1.993187	1.849904 
		0.505850	1.966869	1.849904 
		0.558486	1.966869	1.849904 
		0.558486	1.993187	-0.695972 
		0.505850	1.993187	-0.695972 
		0.505850	1.993187	-0.643336 
		0.558486	1.993187	-0.643336 
		0.558486	1.966869	-0.695972 
		0.505850	1.966869	-0.695972 
		0.558486	1.851589	-0.695972 
		0.505850	1.851589	-0.695972 
		0.635859	1.966869	-0.695972 
		0.635859	1.993186	-0.695972 
		0.635859	1.993186	-0.643336 
		0.635859	1.966869	-0.643336 
		0.558486	1.966869	1.803324 
		0.505850	1.966869	1.803324 
		0.558486	1.993187	1.803324 
		0.505850	1.993187	1.803324 
		0.656152	1.993187	1.803324 
		0.656152	1.993187	1.849904 
		0.656152	1.966869	1.849904 
		0.656152	1.966869	1.803324 
		0.558486	1.852046	1.803324 
		0.505850	1.852046	1.803324 
		0.505850	1.852046	1.849904 
		0.558486	1.852046	1.849904 
		-0.475260	1.993314	2.088259 
		-0.429471	1.993314	2.088259 
		-0.429471	2.045280	2.088259 
		-0.475260	2.045280	2.088259 
		-0.020155	1.993314	2.088259 
		0.025634	1.993314	2.088259 
		0.025634	2.045280	2.088259 
		-0.020155	2.045280	2.088259 
		-0.475260	2.045280	1.855731 
		-0.429471	2.045280	1.855731 
		-0.429471	2.045280	1.777246 
		-0.475260	2.045280	1.777246 
		-0.020155	2.045280	1.855731 
		-0.020155	2.045280	1.777246 
		0.025634	2.045280	1.855731 
		0.025634	2.045280	1.777246 
		-0.429471	2.045280	1.303611 
		-0.475260	2.045280	1.303611 
		0.025634	2.045280	1.303611 
		-0.020155	2.045280	1.303611 
		-0.429471	2.045280	1.227809 
		-0.475260	2.045280	1.227809 
		-0.020155	2.045280	1.227809 
		0.025634	2.045280	1.227809 
		-0.429471	2.045280	0.760460 
		-0.475260	2.045280	0.760460 
		0.025634	2.045280	0.760460 
		-0.020155	2.045280	0.760460 
		-0.429471	2.045280	0.666362 
		-0.475260	2.045280	0.666362 
		-0.020155	2.045280	0.666362 
		0.025634	2.045280	0.666362 
		-0.429471	2.045280	0.206251 
		-0.475260	2.045280	0.206251 
		0.025634	2.045280	0.206251 
		-0.020155	2.045280	0.206251 
		-0.429471	2.045280	0.115973 
		-0.475260	2.045280	0.115973 
		-0.020155	2.045280	0.115973 
		0.025634	2.045280	0.115973 
		-0.429471	2.045280	-0.353487 
		-0.475260	2.045280	-0.353487 
		0.025634	2.045280	-0.353487 
		-0.020155	2.045280	-0.353487 
		-0.429471	2.045280	-0.428887 
		-0.475260	2.045280	-0.428887 
		-0.020155	2.045280	-0.428887 
		0.025634	2.045280	-0.428887 
		-0.429471	2.045280	-0.805411 
		-0.475260	2.045280	-0.805411 
		0.025634	2.045280	-0.805411 
		-0.020155	2.045280	-0.805411 
		-0.429471	1.993314	-0.805411 
		-0.475260	1.993314	-0.805411 
		0.025634	1.993314	-0.805411 
		-0.020155	1.993314	-0.805411 
		-0.429471	1.993314	-0.428887 
		-0.475260	1.993314	-0.428887 
		0.025634	1.993314	-0.428887 
		-0.020155	1.993314	-0.428887 
		-0.429471	1.993314	-0.353487 
		-0.475260	1.993314	-0.353487 
		-0.020155	1.993314	-0.353487 
		0.025634	1.993314	-0.353487 
		-0.429471	1.993314	0.115973 
		-0.475260	1.993314	0.115973 
		0.025634	1.993314	0.115973 
		-0.020155	1.993314	0.115973 
		-0.429471	1.993314	0.206251 
		-0.475260	1.993314	0.206251 
		-0.020155	1.993314	0.206251 
		0.025634	1.993314	0.206251 
		-0.429471	1.993314	0.666362 
		-0.475260	1.993314	0.666362 
		0.025634	1.993314	0.666362 
		-0.020155	1.993314	0.666362 
		-0.429471	1.993314	0.760460 
		-0.475260	1.993314	0.760460 
		-0.020155	1.993314	0.760460 
		0.025634	1.993314	0.760460 
		-0.429471	1.993314	1.227809 
		-0.475260	1.993314	1.227809 
		0.025634	1.993314	1.227809 
		-0.020155	1.993314	1.227809 
		-0.429471	1.993314	1.303611 
		-0.475260	1.993314	1.303611 
		-0.020155	1.993314	1.303611 
		0.025634	1.993314	1.303611 
		-0.429471	1.993314	1.777246 
		-0.475260	1.993314	1.777246 
		0.025634	1.993314	1.777246 
		-0.020155	1.993314	1.777246 
		-0.429471	1.993314	1.855731 
		-0.475260	1.993314	1.855731 
		-0.020155	1.993314	1.855731 
		0.025634	1.993314	1.855731 
		-0.688765	1.093049	2.188461 
		0.000000	1.093049	2.188461 
		0.689000	1.093049	2.188461 
		0.000000	0.377478	2.151474 
		-0.742670	0.377478	2.151474 
		0.000000	0.313578	0.818102 
		0.000000	0.374867	1.645697 
		0.000000	0.312048	-1.189522 
		0.742670	0.377478	2.151474 
	}

	Nrm 215 { 
		0.531250	-0.031250	-0.843750 
		0.156250	0.000000	-0.984375 
		-0.531250	-0.031250	-0.843750 
		-0.156250	0.000000	-0.984375 
		0.000000	-0.062500	1.000000 
		0.000000	0.937500	0.359375 
		0.000000	1.000000	0.015625 
		-0.328125	0.937500	0.015625 
		-0.250000	0.906250	0.359375 
		0.000000	1.000000	0.000000 
		-0.312500	0.953125	0.000000 
		0.000000	0.953125	-0.281250 
		-0.328125	0.906250	-0.281250 
		0.000000	0.796875	-0.609375 
		-0.343750	0.750000	-0.562500 
		-0.375000	0.875000	-0.312500 
		-0.906250	0.406250	-0.156250 
		-0.890625	0.406250	-0.187500 
		-0.390625	0.781250	-0.484375 
		-0.843750	0.546875	0.000000 
		-0.812500	0.546875	-0.218750 
		-0.984375	0.156250	0.000000 
		-0.921875	0.125000	0.359375 
		-0.718750	0.578125	0.390625 
		-0.843750	0.531250	0.000000 
		0.000000	0.078125	1.000000 
		0.000000	0.515625	0.859375 
		-0.250000	0.531250	0.812500 
		-0.312500	0.109375	0.937500 
		-0.921875	0.187500	0.312500 
		-0.281250	-0.046875	0.953125 
		-1.000000	0.062500	0.031250 
		-1.000000	-0.031250	0.062500 
		-1.000000	0.109375	-0.015625 
		-1.000000	0.062500	-0.015625 
		-1.000000	0.109375	0.000000 
		-1.000000	0.015625	0.000000 
		-1.000000	-0.031250	-0.015625 
		0.000000	0.843750	-0.546875 
		0.000000	0.437500	-0.906250 
		-0.281250	0.421875	-0.859375 
		-0.296875	0.812500	-0.515625 
		0.000000	0.937500	-0.328125 
		0.000000	0.734375	-0.687500 
		-0.984375	0.140625	-0.015625 
		-0.921875	-0.250000	-0.281250 
		-0.750000	-0.390625	-0.531250 
		-0.421875	-0.859375	-0.281250 
		-0.968750	0.140625	-0.218750 
		-0.765625	0.406250	-0.500000 
		-0.765625	0.046875	-0.640625 
		-0.921875	0.078125	-0.359375 
		-0.984375	0.140625	-0.031250 
		-0.984375	0.171875	-0.046875 
		-1.000000	0.093750	-0.015625 
		-0.906250	0.296875	-0.296875 
		-0.562500	0.750000	-0.343750 
		-0.750000	0.390625	-0.531250 
		-0.312500	0.078125	-0.953125 
		-0.328125	0.484375	-0.812500 
		-0.203125	0.875000	-0.437500 
		-0.281250	-0.484375	-0.828125 
		0.000000	0.890625	-0.437500 
		0.000000	0.484375	-0.875000 
		0.000000	-0.453125	-0.890625 
		0.000000	-0.046875	1.000000 
		-0.875000	-0.046875	0.484375 
		-0.515625	-0.062500	0.859375 
		-0.265625	-0.062500	0.953125 
		-0.781250	0.359375	0.531250 
		-0.140625	0.906250	0.375000 
		0.000000	0.531250	0.859375 
		0.000000	0.921875	0.390625 
		-1.000000	-0.031250	0.031250 
		-1.000000	-0.062500	0.046875 
		-1.000000	-0.125000	0.000000 
		-1.000000	-0.062500	-0.015625 
		-1.000000	-0.093750	0.000000 
		0.000000	0.125000	-1.000000 
		-0.078125	-0.953125	-0.312500 
		0.000000	-0.968750	-0.250000 
		0.156250	-0.515625	-0.843750 
		-0.296875	-0.750000	-0.593750 
		-0.687500	-0.218750	-0.687500 
		0.031250	-0.234375	-0.968750 
		0.093750	-0.937500	-0.359375 
		0.031250	-0.984375	0.140625 
		-0.203125	-0.812500	0.546875 
		0.203125	-0.828125	0.515625 
		0.125000	-0.468750	0.875000 
		-0.015625	-0.250000	0.968750 
		-0.703125	-0.218750	0.671875 
		0.109375	-0.390625	-0.921875 
		-0.328125	-0.656250	-0.687500 
		-0.718750	-0.125000	-0.687500 
		-0.031250	-0.140625	-0.984375 
		0.093750	-0.875000	-0.468750 
		-0.015625	-1.000000	0.078125 
		-0.234375	-0.703125	0.656250 
		0.093750	-0.843750	0.515625 
		0.015625	-0.421875	0.906250 
		-0.062500	-0.203125	0.984375 
		-0.015625	-0.234375	0.968750 
		-0.718750	-0.187500	0.671875 
		0.250000	0.906250	0.359375 
		0.328125	0.937500	0.015625 
		0.312500	0.953125	0.000000 
		0.328125	0.906250	-0.281250 
		0.343750	0.750000	-0.562500 
		0.281250	0.421875	-0.859375 
		0.312500	0.078125	-0.953125 
		0.375000	0.875000	-0.312500 
		0.390625	0.781250	-0.484375 
		0.890625	0.406250	-0.187500 
		0.906250	0.406250	-0.156250 
		0.843750	0.546875	0.000000 
		0.812500	0.546875	-0.218750 
		0.984375	0.156250	0.000000 
		0.843750	0.531250	0.000000 
		0.718750	0.578125	0.390625 
		0.921875	0.125000	0.359375 
		0.312500	0.109375	0.937500 
		0.250000	0.531250	0.812500 
		0.921875	0.187500	0.312500 
		0.281250	-0.046875	0.953125 
		1.000000	-0.031250	0.062500 
		1.000000	0.062500	0.031250 
		1.000000	0.109375	-0.015625 
		1.000000	0.109375	0.000000 
		1.000000	0.062500	-0.015625 
		0.328125	0.484375	-0.812500 
		0.281250	-0.484375	-0.828125 
		1.000000	0.015625	0.000000 
		1.000000	-0.031250	-0.015625 
		0.296875	0.812500	-0.515625 
		0.984375	0.140625	-0.015625 
		0.921875	-0.250000	-0.281250 
		0.421875	-0.859375	-0.281250 
		0.750000	-0.390625	-0.531250 
		0.968750	0.140625	-0.218750 
		0.921875	0.078125	-0.359375 
		0.765625	0.046875	-0.640625 
		0.765625	0.406250	-0.500000 
		0.984375	0.140625	-0.031250 
		1.000000	0.093750	-0.015625 
		0.984375	0.171875	-0.046875 
		0.203125	0.875000	-0.437500 
		0.906250	0.296875	-0.296875 
		0.750000	0.390625	-0.531250 
		0.562500	0.750000	-0.343750 
		0.078125	-0.953125	-0.312500 
		0.875000	-0.046875	0.484375 
		0.781250	0.359375	0.531250 
		0.265625	-0.062500	0.953125 
		0.515625	-0.062500	0.859375 
		0.140625	0.906250	0.375000 
		1.000000	-0.031250	0.031250 
		1.000000	-0.062500	0.046875 
		1.000000	-0.062500	-0.015625 
		1.000000	-0.125000	0.000000 
		1.000000	-0.093750	0.000000 
		-0.156250	-0.515625	-0.843750 
		-0.031250	-0.234375	-0.968750 
		0.687500	-0.218750	-0.687500 
		0.296875	-0.750000	-0.593750 
		-0.093750	-0.937500	-0.359375 
		-0.031250	-0.984375	0.140625 
		0.203125	-0.812500	0.546875 
		-0.203125	-0.828125	0.515625 
		-0.125000	-0.468750	0.875000 
		0.015625	-0.250000	0.968750 
		0.703125	-0.218750	0.671875 
		-0.109375	-0.390625	-0.921875 
		0.031250	-0.140625	-0.984375 
		0.718750	-0.125000	-0.687500 
		0.328125	-0.656250	-0.687500 
		-0.093750	-0.875000	-0.468750 
		0.015625	-1.000000	0.078125 
		0.234375	-0.703125	0.656250 
		-0.093750	-0.843750	0.515625 
		-0.015625	-0.421875	0.906250 
		0.062500	-0.203125	0.984375 
		0.015625	-0.234375	0.968750 
		0.718750	-0.187500	0.671875 
		1.000000	0.000000	0.000000 
		-1.000000	-0.031250	0.000000 
		0.000000	-1.000000	0.000000 
		1.000000	-0.031250	0.000000 
		-1.000000	0.000000	0.000000 
		0.093750	0.984375	0.109375 
		0.140625	0.984375	0.031250 
		0.031250	0.984375	0.156250 
		0.109375	0.984375	-0.093750 
		0.156250	0.984375	-0.031250 
		-0.046875	0.984375	0.156250 
		-0.109375	0.984375	0.093750 
		0.375000	0.218750	0.906250 
		0.859375	0.281250	0.421875 
		-0.421875	0.312500	0.843750 
		0.937500	0.218750	-0.250000 
		0.421875	0.312500	-0.843750 
		0.046875	0.984375	-0.156250 
		-0.156250	0.984375	0.031250 
		-0.859375	0.281250	-0.421875 
		-0.937500	0.218750	0.250000 
		-0.375000	0.218750	-0.906250 
		-0.093750	0.984375	-0.109375 
		-0.031250	0.984375	-0.156250 
		-0.140625	0.984375	-0.031250 
		0.000000	0.000000	1.000000 
		0.000000	0.000000	-1.000000 
		-0.703125	0.000000	-0.703125 
		0.000000	-1.000000	-0.015625 
		0.000000	-1.000000	0.031250 
		0.000000	-1.000000	0.046875 
	}

	Cpv 829 { 
		0.500000	0.500000	0.500000	0.000000 
		0.500000	0.500000	0.500000	0.000000 
		0.500000	0.500000	0.500000	0.000000 
		0.500000	0.500000	0.500000	0.000000 
		0.500000	0.500000	0.500000	0.000000 
		0.500000	0.500000	0.500000	0.000000 
		0.500000	0.500000	0.500000	0.000000 
		0.500000	0.500000	0.500000	0.000000 
		0.500000	0.500000	0.500000	0.000000 
		0.500000	0.500000	0.500000	0.000000 
		0.500000	0.500000	0.500000	0.000000 
		0.500000	0.500000	0.500000	0.000000 
		0.500000	0.500000	0.500000	0.000000 
		0.500000	0.500000	0.500000	0.000000 
		0.500000	0.500000	0.500000	0.000000 
		0.500000	0.500000	0.500000	0.000000 
		0.500000	0.595132	0.404382	0.000000 
		0.500000	0.595132	0.404382	0.000000 
		0.500000	0.464064	0.407956	0.000000 
		0.500000	0.464064	0.407956	0.000000 
		0.500000	0.424622	0.500000	0.003922 
		0.500000	0.424622	0.500000	0.003922 
		0.500000	0.500000	0.500000	0.003922 
		0.500000	0.500000	0.500000	0.003922 
		0.500000	0.424622	0.500000	0.003922 
		0.500000	0.500000	0.500000	0.003922 
		0.500000	0.424622	0.500000	0.003922 
		0.500000	0.500000	0.500000	0.003922 
		0.500000	0.424622	0.500000	0.003922 
		0.500000	0.424622	0.500000	0.003922 
		0.500000	0.500000	0.500000	0.003922 
		0.500000	0.500000	0.500000	0.003922 
		0.561256	0.500000	0.500000	0.000000 
		0.561256	0.500000	0.500000	0.000000 
		0.500000	0.500000	0.500000	0.000000 
		0.500000	0.500000	0.500000	0.000000 
		0.500000	0.500000	0.500000	0.003922 
		0.500000	0.500000	0.500000	0.003922 
		0.500000	0.500000	0.500000	0.003922 
		0.500000	0.500000	0.500000	0.003922 
		0.648729	0.500000	0.500000	0.000000 
		0.500000	0.500000	0.500000	0.000000 
		0.500000	0.500000	0.500000	0.003922 
		0.500000	0.500000	0.500000	0.003922 
		0.500000	0.500000	0.500000	0.003922 
		0.500000	0.500000	0.426160	0.000000 
		0.500000	0.424622	0.500000	0.003922 
		0.500000	0.500000	0.500000	0.003922 
		0.500000	0.500000	0.500000	0.000000 
		0.500000	0.424622	0.500000	0.003922 
		0.500000	0.424622	0.500000	0.003922 
		0.500000	0.500000	0.500000	0.003922 
		0.500000	0.500000	0.500000	0.003922 
		0.500000	0.500000	0.500000	0.003922 
		0.500000	0.500000	0.500000	0.003922 
		0.500000	0.500000	0.500000	0.000000 
		0.500000	0.500000	0.500000	0.000000 
		0.500000	0.500000	0.500000	0.000000 
		0.500000	0.500000	0.500000	0.000000 
		0.500000	0.500000	0.500000	0.000000 
		0.500000	0.500000	0.500000	0.000000 
		0.500000	0.500000	0.500000	0.000000 
		0.694722	0.500000	0.500000	0.000000 
		0.645610	0.500000	0.500000	0.000000 
		0.648729	0.500000	0.500000	0.000000 
		0.500000	0.500000	0.500000	0.000000 
		0.694722	0.500000	0.500000	0.000000 
		0.500000	0.500000	0.500000	0.000000 
		0.500000	0.500000	0.500000	0.000000 
		0.500000	0.500000	0.500000	0.000000 
		0.500000	0.500000	0.500000	0.000000 
		0.500000	0.500000	0.500000	0.000000 
		0.500000	0.500000	0.500000	0.000000 
		0.500000	0.500000	0.500000	0.000000 
		0.500000	0.500000	0.500000	0.000000 
		0.500000	0.500000	0.500000	0.003922 
		0.541364	0.561542	0.500000	0.000000 
		0.500000	0.561542	0.500000	0.000000 
		0.500000	0.561542	0.500000	0.000000 
		0.541364	0.500000	0.500000	0.000000 
		0.500000	0.500000	0.500000	0.000000 
		0.500000	0.500000	0.500000	0.000000 
		0.541364	0.500000	0.500000	0.000000 
		0.500000	0.500000	0.500000	0.000000 
		0.561256	0.500000	0.500000	0.000000 
		0.602620	0.500000	0.500000	0.000000 
		0.500000	0.500000	0.500000	0.000000 
		0.500000	0.500000	0.500000	0.000000 
		0.541364	0.500000	0.500000	0.000000 
		0.500000	0.500000	0.500000	0.000000 
		0.500000	0.500000	0.500000	0.000000 
		0.500000	0.500000	0.500000	0.000000 
		0.500000	0.500000	0.500000	0.000000 
		0.500000	0.500000	0.500000	0.000000 
		0.500000	0.500000	0.500000	0.000000 
		0.500000	0.561542	0.500000	0.000000 
		0.500000	0.500000	0.500000	0.000000 
		0.500000	0.500000	0.500000	0.000000 
		0.500000	0.583248	0.500000	0.000000 
		0.500000	0.583248	0.500000	0.000000 
		0.500000	0.561542	0.500000	0.000000 
		0.500000	0.583248	0.500000	0.000000 
		0.500000	0.500000	0.500000	0.000000 
		0.500000	0.500000	0.500000	0.000000 
		0.500000	0.536607	0.426160	0.000000 
		0.500000	0.500000	0.426160	0.000000 
		0.500000	0.500000	0.500000	0.000000 
		0.500000	0.500000	0.500000	0.000000 
		0.500000	0.500000	0.500000	0.000000 
		0.500000	0.500000	0.500000	0.000000 
		0.500000	0.500000	0.500000	0.000000 
		0.500000	0.500000	0.500000	0.000000 
		0.500000	0.500000	0.500000	0.000000 
		0.500000	0.500000	0.500000	0.000000 
		0.500000	0.500000	0.500000	0.000000 
		0.500000	0.500000	0.500000	0.000000 
		0.500000	0.546435	0.426160	0.000000 
		0.500000	0.536607	0.426160	0.000000 
		0.500000	0.500000	0.500000	0.000000 
		0.500000	0.500000	0.500000	0.000000 
		0.500000	0.500000	0.500000	0.000000 
		0.500000	0.500000	0.500000	0.000000 
		0.500000	0.500000	0.500000	0.000000 
		0.500000	0.500000	0.500000	0.000000 
		0.645610	0.500000	0.500000	0.000000 
		0.645610	0.500000	0.500000	0.000000 
		0.500000	0.500000	0.500000	0.000000 
		0.500000	0.583248	0.500000	0.000000 
		0.500000	0.561542	0.500000	0.000000 
		0.500000	0.561542	0.500000	0.000000 
		0.500000	0.561542	0.500000	0.000000 
		0.500000	0.583248	0.500000	0.000000 
		0.500000	0.500000	0.500000	0.000000 
		0.500000	0.500000	0.500000	0.000000 
		0.500000	0.500000	0.500000	0.000000 
		0.500000	0.500000	0.500000	0.000000 
		0.500000	0.500000	0.500000	0.000000 
		0.648729	0.500000	0.500000	0.000000 
		0.500000	0.500000	0.500000	0.000000 
		0.645610	0.500000	0.500000	0.000000 
		0.645610	0.500000	0.500000	0.000000 
		0.645610	0.500000	0.500000	0.000000 
		0.500000	0.500000	0.500000	0.000000 
		0.500000	0.500000	0.500000	0.000000 
		0.500000	0.500000	0.500000	0.000000 
		0.500000	0.500000	0.500000	0.000000 
		0.500000	0.500000	0.500000	0.000000 
		0.500000	0.500000	0.500000	0.000000 
		0.602620	0.500000	0.500000	0.000000 
		0.500000	0.500000	0.500000	0.000000 
		0.541364	0.500000	0.500000	0.000000 
		0.541364	0.500000	0.500000	0.000000 
		0.541364	0.561542	0.500000	0.000000 
		0.500000	0.561542	0.500000	0.000000 
		0.500000	0.561542	0.500000	0.000000 
		0.500000	0.500000	0.500000	0.000000 
		0.500000	0.500000	0.500000	0.000000 
		0.500000	0.418728	0.500000	0.003922 
		0.500000	0.418728	0.500000	0.003922 
		0.500000	0.418728	0.500000	0.003922 
		0.500000	0.418728	0.500000	0.003922 
		0.500000	0.418728	0.500000	0.003922 
		0.500000	0.418728	0.500000	0.003922 
		0.500000	0.500000	0.500000	0.000000 
		0.500000	0.500000	0.500000	0.000000 
		0.500000	0.500000	0.500000	0.000000 
		0.500000	0.500000	0.500000	0.000000 
		0.500000	0.500000	0.500000	0.000000 
		0.500000	0.500000	0.500000	0.000000 
		0.500000	0.418728	0.500000	0.003922 
		0.500000	0.418728	0.500000	0.003922 
		0.500000	0.418728	0.500000	0.003922 
		0.500000	0.418728	0.500000	0.003922 
		0.277749	0.500000	0.500000	0.000000 
		0.500000	0.418728	0.500000	0.003922 
		0.500000	0.418728	0.500000	0.003922 
		0.500000	0.500000	0.500000	0.000000 
		0.500000	0.418728	0.500000	0.003922 
		0.500000	0.500000	0.500000	0.000000 
		0.500000	0.418728	0.500000	0.003922 
		0.500000	0.418728	0.500000	0.003922 
		0.500000	0.418728	0.500000	0.003922 
		0.500000	0.418728	0.500000	0.003922 
		0.500000	0.418728	0.500000	0.003922 
		0.500000	0.500000	0.500000	0.000000 
		0.500000	0.500000	0.500000	0.000000 
		0.500000	0.500000	0.500000	0.000000 
		0.500000	0.500000	0.500000	0.000000 
		0.500000	0.500000	0.500000	0.000000 
		0.500000	0.500000	0.500000	0.000000 
		0.500000	0.500000	0.500000	0.000000 
		0.500000	0.500000	0.500000	0.000000 
		0.500000	0.500000	0.500000	0.000000 
		0.500000	0.500000	0.500000	0.000000 
		0.500000	0.500000	0.500000	0.000000 
		0.500000	0.500000	0.500000	0.000000 
		0.500000	0.500000	0.500000	0.000000 
		0.275511	0.500000	0.500000	0.000000 
		0.500000	0.500000	0.500000	0.000000 
		0.500000	0.500000	0.500000	0.000000 
		0.275511	0.500000	0.500000	0.000000 
		0.500000	0.418728	0.500000	0.003922 
		0.500000	0.500000	0.500000	0.000000 
		0.500000	0.500000	0.500000	0.000000 
		0.500000	0.500000	0.500000	0.000000 
		0.500000	0.500000	0.500000	0.000000 
		0.500000	0.500000	0.500000	0.000000 
		0.500000	0.500000	0.500000	0.000000 
		0.500000	0.500000	0.500000	0.000000 
		0.500000	0.500000	0.500000	0.000000 
		0.500000	0.500000	0.500000	0.000000 
		0.500000	0.500000	0.500000	0.000000 
		0.500000	0.500000	0.500000	0.000000 
		0.500000	0.500000	0.500000	0.000000 
		0.500000	0.500000	0.500000	0.000000 
		0.500000	0.500000	0.500000	0.000000 
		0.500000	0.500000	0.500000	0.000000 
		0.500000	0.500000	0.500000	0.000000 
		0.500000	0.500000	0.500000	0.000000 
		0.500000	0.500000	0.500000	0.000000 
		0.500000	0.500000	0.500000	0.000000 
		0.500000	0.500000	0.500000	0.000000 
		0.500000	0.500000	0.500000	0.000000 
		0.500000	0.500000	0.500000	0.000000 
		0.500000	0.500000	0.500000	0.000000 
		0.500000	0.500000	0.500000	0.000000 
		0.500000	0.500000	0.500000	0.000000 
		0.500000	0.500000	0.500000	0.000000 
		0.500000	0.500000	0.500000	0.000000 
		0.500000	0.500000	0.500000	0.000000 
		0.500000	0.500000	0.500000	0.000000 
		0.500000	0.500000	0.500000	0.000000 
		0.500000	0.500000	0.500000	0.000000 
		0.500000	0.500000	0.500000	0.000000 
		0.500000	0.500000	0.500000	0.000000 
		0.500000	0.500000	0.500000	0.000000 
		0.500000	0.500000	0.500000	0.000000 
		0.500000	0.500000	0.500000	0.000000 
		0.500000	0.500000	0.500000	0.000000 
		0.500000	0.500000	0.500000	0.000000 
		0.500000	0.500000	0.500000	0.000000 
		0.500000	0.500000	0.500000	0.000000 
		0.500000	0.500000	0.500000	0.000000 
		0.500000	0.500000	0.500000	0.000000 
		0.500000	0.500000	0.500000	0.000000 
		0.500000	0.500000	0.500000	0.000000 
		0.500000	0.500000	0.500000	0.000000 
		0.500000	0.500000	0.500000	0.000000 
		0.500000	0.500000	0.500000	0.000000 
		0.500000	0.500000	0.500000	0.000000 
		0.500000	0.500000	0.500000	0.000000 
		0.500000	0.500000	0.500000	0.000000 
		0.500000	0.500000	0.500000	0.000000 
		0.500000	0.500000	0.500000	0.000000 
		0.500000	0.500000	0.500000	0.000000 
		0.500000	0.500000	0.500000	0.000000 
		0.500000	0.500000	0.500000	0.000000 
		0.500000	0.500000	0.500000	0.000000 
		0.500000	0.500000	0.500000	0.000000 
		0.500000	0.500000	0.500000	0.000000 
		0.500000	0.500000	0.500000	0.000000 
		0.500000	0.500000	0.500000	0.000000 
		0.500000	0.500000	0.500000	0.000000 
		0.500000	0.500000	0.500000	0.000000 
		0.500000	0.500000	0.500000	0.000000 
		0.500000	0.500000	0.500000	0.000000 
		0.500000	0.500000	0.500000	0.000000 
		0.500000	0.500000	0.500000	0.000000 
		0.500000	0.500000	0.500000	0.000000 
		0.500000	0.546435	0.426160	0.000000 
		0.500000	0.500000	0.500000	0.000000 
		0.500000	0.595132	0.426160	0.000000 
		0.500000	0.546435	0.426160	0.000000 
		0.500000	0.595132	0.404382	0.000000 
		0.500000	0.595132	0.404382	0.000000 
		0.500000	0.546435	0.426160	0.000000 
		0.500000	0.500000	0.500000	0.000000 
		0.500000	0.464064	0.407956	0.000000 
		0.500000	0.595132	0.404382	0.000000 
		0.500000	0.500000	0.500000	0.000000 
		0.500000	0.500000	0.500000	0.000000 
		0.500000	0.464064	0.407956	0.000000 
		0.500000	0.464064	0.407956	0.000000 
		0.500000	0.500000	0.500000	0.000000 
		0.500000	0.595132	0.426160	0.000000 
		0.500000	0.595132	0.404382	0.000000 
		0.500000	0.464064	0.407956	0.000000 
		0.500000	0.500000	0.500000	0.000000 
		0.500000	0.500000	0.500000	0.000000 
		0.500000	0.500000	0.500000	0.000000 
		0.500000	0.500000	0.500000	0.000000 
		0.500000	0.500000	0.500000	0.000000 
		0.500000	0.500000	0.500000	0.000000 
		0.500000	0.500000	0.500000	0.000000 
		0.500000	0.500000	0.500000	0.000000 
		0.500000	0.546435	0.426160	0.000000 
		0.500000	0.595132	0.426160	0.000000 
		0.500000	0.595132	0.404382	0.000000 
		0.500000	0.595132	0.404382	0.000000 
		0.500000	0.500000	0.500000	0.000000 
		0.500000	0.500000	0.500000	0.000000 
		0.500000	0.500000	0.500000	0.000000 
		0.500000	0.500000	0.500000	0.000000 
		0.500000	0.500000	0.500000	0.000000 
		0.500000	0.500000	0.500000	0.000000 
		0.500000	0.500000	0.500000	0.000000 
		0.500000	0.500000	0.500000	0.000000 
		0.500000	0.500000	0.500000	0.000000 
		0.500000	0.500000	0.500000	0.000000 
		0.500000	0.500000	0.500000	0.000000 
		0.500000	0.500000	0.500000	0.000000 
		0.500000	0.500000	0.500000	0.000000 
		0.500000	0.500000	0.500000	0.000000 
		0.500000	0.500000	0.500000	0.000000 
		0.500000	0.500000	0.500000	0.000000 
		0.500000	0.500000	0.500000	0.000000 
		0.500000	0.500000	0.500000	0.000000 
		0.500000	0.500000	0.500000	0.000000 
		0.500000	0.500000	0.500000	0.000000 
		0.500000	0.500000	0.500000	0.000000 
		0.500000	0.500000	0.500000	0.003922 
		0.500000	0.500000	0.500000	0.003922 
		0.500000	0.500000	0.500000	0.003922 
		0.500000	0.500000	0.500000	0.003922 
		0.500000	0.500000	0.500000	0.003922 
		0.500000	0.500000	0.500000	0.003922 
		0.500000	0.500000	0.500000	0.003922 
		0.500000	0.500000	0.500000	0.003922 
		0.500000	0.500000	0.500000	0.003922 
		0.500000	0.500000	0.500000	0.003922 
		0.500000	0.500000	0.500000	0.003922 
		0.500000	0.500000	0.500000	0.003922 
		0.500000	0.500000	0.500000	0.003922 
		0.500000	0.500000	0.500000	0.003922 
		0.500000	0.500000	0.500000	0.003922 
		0.500000	0.500000	0.500000	0.003922 
		0.500000	0.500000	0.500000	0.003922 
		0.500000	0.500000	0.500000	0.003922 
		0.500000	0.500000	0.500000	0.003922 
		0.500000	0.500000	0.500000	0.003922 
		0.500000	0.500000	0.500000	0.003922 
		0.500000	0.500000	0.500000	0.003922 
		0.500000	0.500000	0.500000	0.003922 
		0.500000	0.500000	0.500000	0.003922 
		0.500000	0.500000	0.500000	0.003922 
		0.500000	0.500000	0.500000	0.003922 
		0.500000	0.500000	0.500000	0.003922 
		0.500000	0.500000	0.500000	0.003922 
		0.500000	0.500000	0.500000	0.003922 
		0.500000	0.500000	0.500000	0.003922 
		0.500000	0.500000	0.500000	0.003922 
		0.500000	0.500000	0.500000	0.003922 
		0.500000	0.500000	0.500000	0.003922 
		0.500000	0.500000	0.500000	0.003922 
		0.500000	0.500000	0.500000	0.003922 
		0.500000	0.500000	0.500000	0.003922 
		0.500000	0.500000	0.500000	0.003922 
		0.500000	0.500000	0.500000	0.003922 
		0.500000	0.500000	0.500000	0.003922 
		0.500000	0.500000	0.500000	0.003922 
		0.500000	0.500000	0.500000	0.003922 
		0.500000	0.500000	0.500000	0.003922 
		0.500000	0.500000	0.500000	0.003922 
		0.500000	0.429094	0.500000	0.003922 
		0.500000	0.429094	0.500000	0.003922 
		0.500000	0.429094	0.500000	0.003922 
		0.500000	0.429094	0.500000	0.003922 
		0.500000	0.429094	0.500000	0.003922 
		0.500000	0.429094	0.500000	0.003922 
		0.500000	0.500000	0.500000	0.003922 
		0.500000	0.429094	0.500000	0.003922 
		0.500000	0.429094	0.500000	0.003922 
		0.500000	0.500000	0.500000	0.003922 
		0.500000	0.500000	0.500000	0.003922 
		0.500000	0.500000	0.500000	0.003922 
		0.500000	0.500000	0.500000	0.003922 
		0.500000	0.500000	0.500000	0.003922 
		0.500000	0.500000	0.500000	0.003922 
		0.500000	0.500000	0.500000	0.003922 
		0.500000	0.500000	0.500000	0.003922 
		0.500000	0.500000	0.500000	0.003922 
		0.500000	0.500000	0.500000	0.003922 
		0.500000	0.500000	0.500000	0.003922 
		0.500000	0.500000	0.500000	0.003922 
		0.500000	0.500000	0.500000	0.003922 
		0.500000	0.500000	0.500000	0.003922 
		0.500000	0.500000	0.500000	0.003922 
		0.500000	0.500000	0.500000	0.003922 
		0.500000	0.500000	0.500000	0.003922 
		0.500000	0.500000	0.500000	0.003922 
		0.500000	0.500000	0.500000	0.003922 
		0.500000	0.500000	0.500000	0.003922 
		0.500000	0.500000	0.500000	0.003922 
		0.500000	0.500000	0.500000	0.003922 
		0.500000	0.500000	0.500000	0.003922 
		0.500000	0.500000	0.500000	0.003922 
		0.500000	0.500000	0.500000	0.003922 
		0.500000	0.500000	0.500000	0.003922 
		0.500000	0.500000	0.500000	0.003922 
		0.500000	0.500000	0.500000	0.003922 
		0.500000	0.500000	0.500000	0.003922 
		0.500000	0.500000	0.500000	0.003922 
		0.500000	0.500000	0.500000	0.003922 
		0.500000	0.500000	0.500000	0.003922 
		0.500000	0.500000	0.500000	0.003922 
		0.500000	0.500000	0.500000	0.003922 
		0.500000	0.500000	0.500000	0.003922 
		0.500000	0.500000	0.500000	0.003922 
		0.500000	0.500000	0.500000	0.003922 
		0.500000	0.500000	0.500000	0.003922 
		0.500000	0.500000	0.500000	0.003922 
		0.500000	0.429094	0.500000	0.003922 
		0.500000	0.429094	0.500000	0.003922 
		0.500000	0.429094	0.500000	0.003922 
		0.500000	0.429094	0.500000	0.003922 
		0.500000	0.429094	0.500000	0.003922 
		0.500000	0.429094	0.500000	0.003922 
		0.500000	0.500000	0.500000	0.003922 
		0.500000	0.429094	0.500000	0.003922 
		0.500000	0.429094	0.500000	0.003922 
		0.500000	0.429094	0.500000	0.003922 
		0.500000	0.429094	0.500000	0.003922 
		0.500000	0.429094	0.500000	0.003922 
		0.500000	0.429094	0.500000	0.003922 
		0.500000	0.429094	0.500000	0.003922 
		0.500000	0.429094	0.500000	0.003922 
		0.500000	0.429094	0.500000	0.003922 
		0.500000	0.429094	0.500000	0.003922 
		0.500000	0.429094	0.500000	0.003922 
		0.500000	0.429094	0.500000	0.003922 
		0.500000	0.429094	0.500000	0.003922 
		0.500000	0.429094	0.500000	0.003922 
		0.500000	0.429094	0.500000	0.003922 
		0.500000	0.429094	0.500000	0.003922 
		0.500000	0.429094	0.500000	0.003922 
		0.500000	0.429094	0.500000	0.003922 
		0.500000	0.429094	0.500000	0.003922 
		0.500000	0.418728	0.500000	0.003922 
		0.500000	0.418728	0.500000	0.003922 
		0.500000	0.418728	0.500000	0.003922 
		0.500000	0.418728	0.500000	0.003922 
		0.500000	0.418728	0.500000	0.003922 
		0.500000	0.418728	0.500000	0.003922 
		0.500000	0.418728	0.500000	0.003922 
		0.500000	0.418728	0.500000	0.003922 
		0.500000	0.418728	0.500000	0.003922 
		0.500000	0.418728	0.500000	0.003922 
		0.500000	0.418728	0.500000	0.003922 
		0.500000	0.418728	0.500000	0.003922 
		0.500000	0.418728	0.500000	0.003922 
		0.500000	0.418728	0.500000	0.003922 
		0.500000	0.418728	0.500000	0.003922 
		0.500000	0.418728	0.500000	0.003922 
		0.500000	0.418728	0.500000	0.003922 
		0.500000	0.418728	0.500000	0.003922 
		0.500000	0.418728	0.500000	0.003922 
		0.500000	0.418728	0.500000	0.003922 
		0.500000	0.418728	0.500000	0.003922 
		0.500000	0.418728	0.500000	0.003922 
		0.500000	0.418728	0.500000	0.003922 
		0.500000	0.418728	0.500000	0.003922 
		0.500000	0.418728	0.500000	0.003922 
		0.500000	0.418728	0.500000	0.003922 
		0.500000	0.418728	0.500000	0.003922 
		0.500000	0.418728	0.500000	0.003922 
		0.500000	0.418728	0.500000	0.003922 
		0.500000	0.418728	0.500000	0.003922 
		0.500000	0.418728	0.500000	0.003922 
		0.500000	0.418728	0.500000	0.003922 
		0.500000	0.418728	0.500000	0.003922 
		0.500000	0.418728	0.500000	0.003922 
		0.500000	0.418728	0.500000	0.003922 
		0.500000	0.418728	0.500000	0.003922 
		0.500000	0.418728	0.500000	0.003922 
		0.500000	0.418728	0.500000	0.003922 
		0.500000	0.418728	0.500000	0.003922 
		0.500000	0.418728	0.500000	0.003922 
		0.500000	0.418728	0.500000	0.003922 
		0.500000	0.418728	0.500000	0.003922 
		0.500000	0.418728	0.500000	0.003922 
		0.500000	0.418728	0.500000	0.003922 
		0.500000	0.429094	0.500000	0.003922 
		0.500000	0.429094	0.500000	0.003922 
		0.500000	0.418728	0.500000	0.003922 
		0.500000	0.418728	0.500000	0.003922 
		0.500000	0.418728	0.500000	0.003922 
		0.500000	0.418728	0.500000	0.003922 
		0.500000	0.418728	0.500000	0.003922 
		0.500000	0.418728	0.500000	0.003922 
		0.500000	0.418728	0.500000	0.003922 
		0.500000	0.418728	0.500000	0.003922 
		0.500000	0.418728	0.500000	0.003922 
		0.500000	0.418728	0.500000	0.003922 
		0.500000	0.418728	0.500000	0.003922 
		0.500000	0.418728	0.500000	0.003922 
		0.500000	0.418728	0.500000	0.003922 
		0.500000	0.418728	0.500000	0.003922 
		0.500000	0.418728	0.500000	0.003922 
		0.500000	0.418728	0.500000	0.003922 
		0.500000	0.418728	0.500000	0.003922 
		0.500000	0.418728	0.500000	0.003922 
		0.500000	0.418728	0.500000	0.003922 
		0.500000	0.418728	0.500000	0.003922 
		0.500000	0.418728	0.500000	0.003922 
		0.500000	0.418728	0.500000	0.003922 
		0.500000	0.418728	0.500000	0.003922 
		0.500000	0.418728	0.500000	0.003922 
		0.500000	0.418728	0.500000	0.003922 
		0.500000	0.418728	0.500000	0.003922 
		0.500000	0.418728	0.500000	0.003922 
		0.500000	0.418728	0.500000	0.003922 
		0.500000	0.418728	0.500000	0.003922 
		0.500000	0.418728	0.500000	0.003922 
		0.500000	0.418728	0.500000	0.003922 
		0.500000	0.418728	0.500000	0.003922 
		0.500000	0.418728	0.500000	0.003922 
		0.500000	0.418728	0.500000	0.003922 
		0.500000	0.418728	0.500000	0.003922 
		0.500000	0.418728	0.500000	0.003922 
		0.500000	0.418728	0.500000	0.003922 
		0.500000	0.418728	0.500000	0.003922 
		0.500000	0.429094	0.500000	0.003922 
		0.500000	0.429094	0.500000	0.003922 
		0.500000	0.418728	0.500000	0.003922 
		0.500000	0.429094	0.500000	0.003922 
		0.500000	0.418728	0.500000	0.003922 
		0.500000	0.429094	0.500000	0.003922 
		0.500000	0.429094	0.500000	0.003922 
		0.500000	0.429094	0.500000	0.003922 
		0.500000	0.429094	0.500000	0.003922 
		0.500000	0.500000	0.500000	0.003922 
		0.500000	0.500000	0.500000	0.003922 
		0.500000	0.500000	0.500000	0.003922 
		0.500000	0.500000	0.500000	0.003922 
		0.500000	0.429094	0.500000	0.003922 
		0.500000	0.429094	0.500000	0.003922 
		0.500000	0.429094	0.500000	0.003922 
		0.500000	0.429094	0.500000	0.003922 
		0.500000	0.500000	0.500000	0.003922 
		0.500000	0.500000	0.500000	0.003922 
		0.500000	0.500000	0.500000	0.003922 
		0.500000	0.500000	0.500000	0.003922 
		0.500000	0.429094	0.500000	0.003922 
		0.500000	0.429094	0.500000	0.003922 
		0.500000	0.429094	0.500000	0.003922 
		0.500000	0.429094	0.500000	0.003922 
		0.500000	0.500000	0.500000	0.003922 
		0.500000	0.500000	0.500000	0.003922 
		0.500000	0.429094	0.500000	0.003922 
		0.500000	0.429094	0.500000	0.003922 
		0.500000	0.500000	0.500000	0.003922 
		0.500000	0.500000	0.500000	0.003922 
		0.500000	0.429094	0.500000	0.003922 
		0.500000	0.429094	0.500000	0.003922 
		0.500000	0.500000	0.500000	0.003922 
		0.500000	0.500000	0.500000	0.003922 
		0.500000	0.429094	0.500000	0.003922 
		0.500000	0.429094	0.500000	0.003922 
		0.500000	0.500000	0.500000	0.003922 
		0.500000	0.500000	0.500000	0.003922 
		0.500000	0.429094	0.500000	0.003922 
		0.500000	0.429094	0.500000	0.003922 
		0.500000	0.500000	0.500000	0.003922 
		0.500000	0.500000	0.500000	0.003922 
		0.500000	0.429094	0.500000	0.003922 
		0.500000	0.429094	0.500000	0.003922 
		0.500000	0.500000	0.500000	0.003922 
		0.500000	0.500000	0.500000	0.003922 
		0.500000	0.429094	0.500000	0.003922 
		0.500000	0.429094	0.500000	0.003922 
		0.500000	0.500000	0.500000	0.003922 
		0.500000	0.500000	0.500000	0.003922 
		0.500000	0.429094	0.500000	0.003922 
		0.500000	0.429094	0.500000	0.003922 
		0.500000	0.500000	0.500000	0.003922 
		0.500000	0.500000	0.500000	0.003922 
		0.500000	0.429094	0.500000	0.003922 
		0.500000	0.429094	0.500000	0.003922 
		0.500000	0.500000	0.500000	0.003922 
		0.500000	0.500000	0.500000	0.003922 
		0.500000	0.429094	0.500000	0.003922 
		0.500000	0.429094	0.500000	0.003922 
		0.500000	0.500000	0.500000	0.003922 
		0.500000	0.500000	0.500000	0.003922 
		0.500000	0.500000	0.500000	0.003922 
		0.500000	0.500000	0.500000	0.003922 
		0.500000	0.429094	0.500000	0.003922 
		0.500000	0.429094	0.500000	0.003922 
		0.500000	0.429094	0.500000	0.003922 
		0.500000	0.429094	0.500000	0.003922 
		0.500000	0.500000	0.500000	0.003922 
		0.500000	0.500000	0.500000	0.003922 
		0.500000	0.500000	0.500000	0.003922 
		0.500000	0.500000	0.500000	0.003922 
		0.500000	0.429094	0.500000	0.003922 
		0.500000	0.429094	0.500000	0.003922 
		0.500000	0.429094	0.500000	0.003922 
		0.500000	0.429094	0.500000	0.003922 
		0.500000	0.500000	0.500000	0.003922 
		0.500000	0.500000	0.500000	0.003922 
		0.500000	0.429094	0.500000	0.003922 
		0.500000	0.429094	0.500000	0.003922 
		0.500000	0.500000	0.500000	0.003922 
		0.500000	0.500000	0.500000	0.003922 
		0.500000	0.429094	0.500000	0.003922 
		0.500000	0.429094	0.500000	0.003922 
		0.500000	0.500000	0.500000	0.003922 
		0.500000	0.500000	0.500000	0.003922 
		0.500000	0.429094	0.500000	0.003922 
		0.500000	0.429094	0.500000	0.003922 
		0.500000	0.500000	0.500000	0.003922 
		0.500000	0.500000	0.500000	0.003922 
		0.500000	0.429094	0.500000	0.003922 
		0.500000	0.429094	0.500000	0.003922 
		0.500000	0.500000	0.500000	0.003922 
		0.500000	0.500000	0.500000	0.003922 
		0.500000	0.429094	0.500000	0.003922 
		0.500000	0.429094	0.500000	0.003922 
		0.500000	0.500000	0.500000	0.003922 
		0.500000	0.500000	0.500000	0.003922 
		0.500000	0.429094	0.500000	0.003922 
		0.500000	0.429094	0.500000	0.003922 
		0.500000	0.500000	0.500000	0.003922 
		0.500000	0.500000	0.500000	0.003922 
		0.500000	0.429094	0.500000	0.003922 
		0.500000	0.429094	0.500000	0.003922 
		0.500000	0.500000	0.500000	0.003922 
		0.500000	0.500000	0.500000	0.003922 
		0.500000	0.429094	0.500000	0.003922 
		0.500000	0.429094	0.500000	0.003922 
		0.500000	0.500000	0.500000	0.003922 
		0.500000	0.500000	0.500000	0.003922 
		0.500000	0.429094	0.500000	0.003922 
		0.500000	0.429094	0.500000	0.003922 
		0.500000	0.429094	0.500000	0.003922 
		0.500000	0.429094	0.500000	0.003922 
		0.500000	0.429094	0.500000	0.003922 
		0.500000	0.429094	0.500000	0.003922 
		0.500000	0.429094	0.500000	0.003922 
		0.500000	0.429094	0.500000	0.003922 
		0.500000	0.429094	0.500000	0.003922 
		0.500000	0.429094	0.500000	0.003922 
		0.500000	0.429094	0.500000	0.003922 
		0.500000	0.429094	0.500000	0.003922 
		0.500000	0.429094	0.500000	0.003922 
		0.500000	0.429094	0.500000	0.003922 
		0.500000	0.429094	0.500000	0.003922 
		0.500000	0.429094	0.500000	0.003922 
		0.500000	0.429094	0.500000	0.003922 
		0.500000	0.429094	0.500000	0.003922 
		0.500000	0.429094	0.500000	0.003922 
		0.500000	0.429094	0.500000	0.003922 
		0.500000	0.429094	0.500000	0.003922 
		0.500000	0.429094	0.500000	0.003922 
		0.500000	0.429094	0.500000	0.003922 
		0.500000	0.429094	0.500000	0.003922 
		0.500000	0.500000	0.500000	0.003922 
		0.500000	0.500000	0.500000	0.003922 
		0.500000	0.500000	0.500000	0.003922 
		0.500000	0.500000	0.500000	0.003922 
		0.500000	0.500000	0.500000	0.003922 
		0.500000	0.500000	0.500000	0.003922 
		0.500000	0.500000	0.500000	0.003922 
		0.500000	0.500000	0.500000	0.003922 
		0.500000	0.500000	0.500000	0.003922 
		0.500000	0.500000	0.500000	0.003922 
		0.500000	0.500000	0.500000	0.003922 
		0.500000	0.500000	0.500000	0.003922 
		0.500000	0.500000	0.500000	0.003922 
		0.500000	0.500000	0.500000	0.003922 
		0.500000	0.500000	0.500000	0.003922 
		0.500000	0.500000	0.500000	0.003922 
		0.500000	0.500000	0.500000	0.003922 
		0.500000	0.500000	0.500000	0.003922 
		0.500000	0.500000	0.500000	0.003922 
		0.500000	0.500000	0.500000	0.003922 
		0.500000	0.500000	0.500000	0.003922 
		0.500000	0.500000	0.500000	0.003922 
		0.500000	0.500000	0.500000	0.003922 
		0.500000	0.500000	0.500000	0.003922 
		0.500000	0.500000	0.500000	0.003922 
		0.500000	0.500000	0.500000	0.003922 
		0.500000	0.500000	0.500000	0.003922 
		0.500000	0.500000	0.500000	0.003922 
		0.500000	0.429094	0.500000	0.003922 
		0.500000	0.429094	0.500000	0.003922 
		0.500000	0.429094	0.500000	0.003922 
		0.500000	0.429094	0.500000	0.003922 
		0.500000	0.429094	0.500000	0.003922 
		0.500000	0.429094	0.500000	0.003922 
		0.500000	0.500000	0.500000	0.003922 
		0.500000	0.429094	0.500000	0.003922 
		0.500000	0.429094	0.500000	0.003922 
		0.500000	0.500000	0.500000	0.003922 
		0.500000	0.429094	0.500000	0.003922 
		0.500000	0.500000	0.500000	0.003922 
		0.500000	0.500000	0.500000	0.003922 
		0.500000	0.429094	0.500000	0.003922 
		0.500000	0.500000	0.500000	0.003922 
		0.500000	0.429094	0.500000	0.003922 
		0.500000	0.429094	0.500000	0.003922 
		0.500000	0.500000	0.500000	0.003922 
		0.500000	0.429094	0.500000	0.003922 
		0.500000	0.500000	0.500000	0.003922 
		0.500000	0.500000	0.500000	0.003922 
		0.500000	0.429094	0.500000	0.003922 
		0.500000	0.500000	0.500000	0.003922 
		0.500000	0.429094	0.500000	0.003922 
		0.500000	0.429094	0.500000	0.003922 
		0.500000	0.500000	0.500000	0.003922 
		0.500000	0.429094	0.500000	0.003922 
		0.500000	0.500000	0.500000	0.003922 
		0.500000	0.500000	0.500000	0.003922 
		0.500000	0.429094	0.500000	0.003922 
		0.500000	0.500000	0.500000	0.003922 
		0.500000	0.429094	0.500000	0.003922 
		0.500000	0.429094	0.500000	0.003922 
		0.500000	0.500000	0.500000	0.003922 
		0.500000	0.429094	0.500000	0.003922 
		0.500000	0.500000	0.500000	0.003922 
		0.500000	0.500000	0.500000	0.003922 
		0.500000	0.429094	0.500000	0.003922 
		0.500000	0.500000	0.500000	0.003922 
		0.500000	0.429094	0.500000	0.003922 
		0.500000	0.429094	0.500000	0.003922 
		0.500000	0.500000	0.500000	0.003922 
		0.500000	0.500000	0.500000	0.003922 
		0.500000	0.500000	0.500000	0.003922 
		0.500000	0.500000	0.500000	0.003922 
		0.500000	0.500000	0.500000	0.003922 
		0.500000	0.429094	0.500000	0.003922 
		0.500000	0.429094	0.500000	0.003922 
		0.500000	0.429094	0.500000	0.003922 
		0.500000	0.429094	0.500000	0.003922 
		0.500000	0.500000	0.500000	0.003922 
		0.500000	0.500000	0.500000	0.003922 
		0.500000	0.500000	0.500000	0.003922 
		0.500000	0.500000	0.500000	0.003922 
		0.500000	0.429094	0.500000	0.003922 
		0.500000	0.429094	0.500000	0.003922 
		0.500000	0.429094	0.500000	0.003922 
		0.500000	0.429094	0.500000	0.003922 
		0.500000	0.500000	0.500000	0.003922 
		0.500000	0.500000	0.500000	0.003922 
		0.500000	0.500000	0.500000	0.003922 
		0.500000	0.500000	0.500000	0.003922 
		0.500000	0.429094	0.500000	0.003922 
		0.500000	0.429094	0.500000	0.003922 
		0.500000	0.429094	0.500000	0.003922 
		0.500000	0.429094	0.500000	0.003922 
		0.500000	0.500000	0.500000	0.003922 
		0.500000	0.500000	0.500000	0.003922 
		0.500000	0.500000	0.500000	0.003922 
		0.500000	0.500000	0.500000	0.003922 
		0.500000	0.429094	0.500000	0.003922 
		0.500000	0.429094	0.500000	0.003922 
		0.500000	0.429094	0.500000	0.003922 
		0.500000	0.429094	0.500000	0.003922 
		0.500000	0.500000	0.500000	0.003922 
		0.500000	0.500000	0.500000	0.003922 
		0.500000	0.500000	0.500000	0.003922 
		0.500000	0.500000	0.500000	0.003922 
		0.500000	0.429094	0.500000	0.003922 
		0.500000	0.429094	0.500000	0.003922 
		0.500000	0.429094	0.500000	0.003922 
		0.500000	0.429094	0.500000	0.003922 
		0.500000	0.429094	0.500000	0.003922 
		0.500000	0.500000	0.500000	0.003922 
		0.500000	0.500000	0.500000	0.003922 
		0.500000	0.429094	0.500000	0.003922 
		0.500000	0.500000	0.500000	0.003922 
		0.500000	0.500000	0.500000	0.003922 
		0.500000	0.500000	0.500000	0.003922 
		0.500000	0.500000	0.500000	0.003922 
		0.500000	0.429094	0.500000	0.003922 
		0.500000	0.429094	0.500000	0.003922 
		0.500000	0.429094	0.500000	0.003922 
		0.500000	0.429094	0.500000	0.003922 
		0.500000	0.500000	0.500000	0.000000 
		0.500000	0.500000	0.500000	0.000000 
		0.500000	0.500000	0.426160	0.000000 
		0.500000	0.500000	0.500000	0.000000 
		0.500000	0.500000	0.500000	0.000000 
		0.500000	0.546435	0.426160	0.000000 
		0.500000	0.595132	0.426160	0.000000 
		0.500000	0.500000	0.500000	0.000000 
		0.500000	0.500000	0.500000	0.000000 
		0.500000	0.500000	0.500000	0.000000 
		0.500000	0.500000	0.500000	0.000000 
		0.500000	0.500000	0.500000	0.000000 
		0.500000	0.500000	0.500000	0.000000 
		0.500000	0.500000	0.500000	0.000000 
		0.645610	0.500000	0.500000	0.000000 
		0.500000	0.500000	0.500000	0.000000 
		0.500000	0.500000	0.500000	0.000000 
		0.500000	0.500000	0.500000	0.000000 
		0.500000	0.500000	0.500000	0.000000 
		0.500000	0.500000	0.500000	0.000000 
		0.500000	0.561542	0.500000	0.000000 
		0.500000	0.561542	0.500000	0.000000 
		0.500000	0.583248	0.500000	0.000000 
		0.500000	0.561542	0.500000	0.000000 
		0.500000	0.500000	0.500000	0.000000 
		0.500000	0.500000	0.500000	0.000000 
		0.500000	0.500000	0.500000	0.000000 
		0.500000	0.500000	0.500000	0.000000 
		0.500000	0.500000	0.500000	0.000000 
		0.500000	0.500000	0.500000	0.000000 
		0.500000	0.500000	0.500000	0.000000 
		0.500000	0.500000	0.500000	0.000000 
		0.500000	0.500000	0.500000	0.000000 
		0.500000	0.500000	0.500000	0.000000 
		0.500000	0.500000	0.500000	0.000000 
		0.500000	0.500000	0.500000	0.000000 
		0.500000	0.500000	0.500000	0.000000 
		0.500000	0.536607	0.426160	0.000000 
		0.500000	0.546435	0.426160	0.000000 
		0.500000	0.546435	0.426160	0.000000 
		0.500000	0.595132	0.426160	0.000000 
		0.500000	0.546435	0.426160	0.000000 
		0.500000	0.536607	0.426160	0.000000 
		0.500000	0.546435	0.426160	0.000000 
		0.500000	0.595132	0.426160	0.000000 
		0.500000	0.546435	0.426160	0.000000 
		0.500000	0.546435	0.426160	0.000000 
		0.500000	0.500000	0.500000	0.000000 
		0.500000	0.500000	0.500000	0.000000 
		0.500000	0.500000	0.500000	0.000000 
		0.500000	0.500000	0.500000	0.000000 
	}

	Tex0 204 { 
		0.958008	0.671875 
		0.962891	0.715820 
		0.979492	0.715820 
		0.979492	0.671875 
		0.916992	0.671875 
		0.916992	0.715820 
		0.250000	0.540039 
		0.250000	0.566406 
		0.007813	0.566406 
		0.008789	0.540039 
		0.468750	0.981445 
		0.748047	0.974609 
		0.748047	0.949219 
		0.595703	0.958008 
		0.595703	0.981445 
		0.553711	0.817383 
		0.528320	0.817383 
		0.521484	0.812500 
		0.541016	0.812500 
		0.452148	0.504883 
		0.452148	0.524414 
		0.671875	0.520508 
		0.666992	0.502930 
		0.234375	0.358398 
		0.033203	0.359375 
		0.068359	0.500000 
		0.232422	0.503906 
		0.232422	0.523438 
		0.250000	0.771484 
		0.250000	0.973633 
		0.038086	0.973633 
		0.001953	0.771484 
		0.460938	0.979492 
		0.051758	0.502930 
		0.075195	0.521484 
		0.039063	0.253906 
		0.024414	0.254883 
		0.022461	0.291992 
		0.019531	0.354492 
		0.018555	0.359375 
		0.189453	0.286133 
		0.154297	0.257813 
		0.460938	0.357422 
		0.275391	0.279297 
		0.235352	0.290039 
		0.769531	0.244141 
		0.473633	0.247070 
		0.750977	0.771484 
		0.750977	0.732422 
		0.540039	0.733398 
		0.538086	0.759766 
		0.747070	0.813477 
		0.748047	0.827148 
		0.546875	0.824219 
		0.707031	0.355469 
		0.582031	0.988281 
		0.937500	0.217773 
		0.971680	0.216797 
		0.940430	0.208984 
		0.905273	0.283203 
		0.951172	0.333008 
		0.950195	0.265625 
		0.930664	0.255859 
		0.797852	0.354492 
		0.874023	0.350586 
		0.856445	0.293945 
		0.800781	0.282227 
		0.509766	0.737305 
		0.975586	0.255859 
		0.550781	0.623047 
		0.509766	0.621094 
		0.997070	0.256836 
		0.957031	0.269531 
		0.993164	0.216797 
		0.535156	0.574219 
		0.531250	0.583984 
		0.754883	0.583008 
		0.754883	0.574219 
		0.562500	0.553711 
		0.754883	0.554688 
		0.800781	0.381836 
		0.526367	0.830078 
		0.250000	0.611328 
		0.250000	0.667969 
		0.029297	0.667969 
		0.004883	0.667969 
		0.005859	0.611328 
		0.019531	0.224609 
		0.005859	0.224609 
		0.004883	0.234375 
		0.002930	0.247070 
		0.016602	0.246094 
		0.005859	0.597656 
		0.250000	0.598633 
		0.041016	0.224609 
		0.138672	0.223633 
		0.567383	0.821289 
		0.541992	0.822266 
		0.747070	0.822266 
		0.321289	0.208008 
		0.308594	0.247070 
		0.764648	0.208008 
		0.750977	0.616211 
		0.608398	0.544922 
		0.521484	0.543945 
		0.520508	0.553711 
		0.754883	0.544922 
		0.165039	0.886719 
		0.491211	0.540039 
		0.492188	0.566406 
		0.900391	0.981445 
		0.900391	0.958008 
		0.960938	0.733398 
		0.950195	0.623047 
		0.944336	0.817383 
		0.955078	0.812500 
		0.974609	0.812500 
		0.969727	0.817383 
		0.498047	0.771484 
		0.460938	0.973633 
		0.974609	0.574219 
		0.946289	0.553711 
		0.962891	0.759766 
		0.949219	0.824219 
		0.914063	0.988281 
		0.991211	0.737305 
		0.977539	0.583984 
		0.901367	0.544922 
		0.991211	0.621094 
		0.969727	0.830078 
		0.493164	0.611328 
		0.495117	0.667969 
		0.469727	0.667969 
		0.493164	0.597656 
		0.933594	0.821289 
		0.958984	0.822266 
		0.988281	0.553711 
		0.988281	0.543945 
		0.972656	0.050781 
		0.976563	0.052734 
		0.973633	0.052734 
		0.983398	0.050781 
		0.979492	0.052734 
		0.977539	0.149414 
		0.982422	0.052734 
		0.851563	0.133789 
		0.851563	0.121094 
		0.849609	0.133789 
		0.862305	0.133789 
		0.849609	0.122070 
		0.862305	0.122070 
		0.864258	0.133789 
		0.864258	0.121094 
		0.875977	0.133789 
		0.875977	0.121094 
		0.877930	0.133789 
		0.877930	0.122070 
		0.932617	0.173828 
		0.937500	0.173828 
		0.933594	0.175781 
		0.938477	0.175781 
		0.933594	0.177734 
		0.938477	0.177734 
		0.933594	0.180664 
		0.938477	0.180664 
		0.001953	0.763672 
		0.025391	0.763672 
		0.250000	0.763672 
		0.473633	0.763672 
		0.498047	0.763672 
		0.970703	0.498047 
		0.993164	0.498047 
		0.993164	0.101563 
		0.970703	0.101563 
		0.979492	0.044922 
		0.957031	0.044922 
		0.220703	0.043945 
		0.220703	0.210938 
		0.671875	0.199219 
		0.671875	0.044922 
		0.857422	0.039063 
		0.857422	0.198242 
		0.671875	0.498047 
		0.857422	0.498047 
		0.220703	0.498047 
		0.041016	0.210938 
		0.002930	0.232422 
		-0.006836	0.498047 
		0.041016	0.075195 
		0.970703	0.894531 
		0.993164	0.894531 
		0.957031	0.951172 
		0.979492	0.951172 
		0.220703	0.953125 
		0.671875	0.951172 
		0.671875	0.796875 
		0.220703	0.785156 
		0.857422	0.957031 
		0.857422	0.797852 
		0.041016	0.785156 
		0.041016	0.920898 
		0.500000	0.155273 
		0.500000	0.069336 
		0.500000	0.000000 
	}

	Tex1 0 
	Adj 829 { 
		P 0 
		N 0 
		C0 0 
		T0 0 
		P 1 
		N 0 
		C0 1 
		T0 1 
		P 2 
		N 0 
		C0 2 
		T0 2 
		P 3 
		N 0 
		C0 3 
		T0 3 
		P 4 
		N 1 
		C0 4 
		T0 4 
		P 5 
		N 1 
		C0 5 
		T0 5 
		P 1 
		N 1 
		C0 6 
		T0 1 
		P 0 
		N 1 
		C0 7 
		T0 0 
		P 6 
		N 2 
		C0 8 
		T0 0 
		P 7 
		N 2 
		C0 9 
		T0 3 
		P 8 
		N 2 
		C0 10 
		T0 2 
		P 9 
		N 2 
		C0 11 
		T0 1 
		P 10 
		N 3 
		C0 12 
		T0 4 
		P 6 
		N 3 
		C0 13 
		T0 0 
		P 9 
		N 3 
		C0 14 
		T0 1 
		P 11 
		N 3 
		C0 15 
		T0 5 
		P 12 
		N 4 
		C0 16 
		T0 6 
		P 13 
		N 4 
		C0 17 
		T0 7 
		P 14 
		N 4 
		C0 18 
		T0 8 
		P 15 
		N 4 
		C0 19 
		T0 9 
		P 16 
		N 5 
		C0 20 
		T0 10 
		P 17 
		N 6 
		C0 21 
		T0 10 
		P 18 
		N 7 
		C0 22 
		T0 10 
		P 19 
		N 8 
		C0 23 
		T0 10 
		P 20 
		N 9 
		C0 24 
		T0 10 
		P 21 
		N 10 
		C0 25 
		T0 10 
		P 22 
		N 11 
		C0 26 
		T0 10 
		P 23 
		N 12 
		C0 27 
		T0 10 
		P 22 
		N 11 
		C0 28 
		T0 11 
		P 24 
		N 13 
		C0 29 
		T0 12 
		P 25 
		N 14 
		C0 30 
		T0 13 
		P 23 
		N 12 
		C0 31 
		T0 14 
		P 26 
		N 15 
		C0 32 
		T0 15 
		P 27 
		N 16 
		C0 33 
		T0 16 
		P 28 
		N 17 
		C0 34 
		T0 17 
		P 29 
		N 18 
		C0 35 
		T0 18 
		P 30 
		N 19 
		C0 36 
		T0 19 
		P 21 
		N 10 
		C0 37 
		T0 20 
		P 23 
		N 12 
		C0 38 
		T0 21 
		P 31 
		N 20 
		C0 39 
		T0 22 
		P 32 
		N 21 
		C0 40 
		T0 23 
		P 33 
		N 22 
		C0 41 
		T0 24 
		P 34 
		N 23 
		C0 42 
		T0 25 
		P 35 
		N 24 
		C0 43 
		T0 26 
		P 18 
		N 7 
		C0 44 
		T0 27 
		P 36 
		N 25 
		C0 45 
		T0 28 
		P 37 
		N 26 
		C0 46 
		T0 29 
		P 38 
		N 27 
		C0 47 
		T0 30 
		P 39 
		N 28 
		C0 48 
		T0 31 
		P 37 
		N 26 
		C0 49 
		T0 32 
		P 16 
		N 5 
		C0 50 
		T0 32 
		P 19 
		N 8 
		C0 51 
		T0 32 
		P 38 
		N 27 
		C0 52 
		T0 32 
		P 38 
		N 27 
		C0 53 
		T0 33 
		P 19 
		N 8 
		C0 54 
		T0 34 
		P 40 
		N 29 
		C0 55 
		T0 35 
		P 41 
		N 30 
		C0 56 
		T0 36 
		P 42 
		N 30 
		C0 57 
		T0 37 
		P 43 
		N 30 
		C0 58 
		T0 38 
		P 39 
		N 28 
		C0 59 
		T0 39 
		P 44 
		N 31 
		C0 60 
		T0 40 
		P 45 
		N 32 
		C0 61 
		T0 41 
		P 46 
		N 33 
		C0 62 
		T0 42 
		P 47 
		N 34 
		C0 63 
		T0 43 
		P 48 
		N 35 
		C0 64 
		T0 44 
		P 49 
		N 36 
		C0 65 
		T0 45 
		P 50 
		N 37 
		C0 66 
		T0 46 
		P 51 
		N 38 
		C0 67 
		T0 47 
		P 52 
		N 39 
		C0 68 
		T0 48 
		P 53 
		N 40 
		C0 69 
		T0 49 
		P 54 
		N 41 
		C0 70 
		T0 50 
		P 55 
		N 42 
		C0 71 
		T0 51 
		P 55 
		N 43 
		C0 72 
		T0 52 
		P 29 
		N 18 
		C0 73 
		T0 53 
		P 56 
		N 44 
		C0 74 
		T0 54 
		P 31 
		N 20 
		C0 75 
		T0 55 
		P 57 
		N 45 
		C0 76 
		T0 56 
		P 58 
		N 46 
		C0 77 
		T0 57 
		P 59 
		N 47 
		C0 78 
		T0 58 
		P 60 
		N 48 
		C0 79 
		T0 59 
		P 61 
		N 49 
		C0 80 
		T0 60 
		P 62 
		N 50 
		C0 81 
		T0 61 
		P 63 
		N 51 
		C0 82 
		T0 62 
		P 64 
		N 52 
		C0 83 
		T0 63 
		P 27 
		N 16 
		C0 84 
		T0 64 
		P 65 
		N 53 
		C0 85 
		T0 65 
		P 66 
		N 54 
		C0 86 
		T0 66 
		P 61 
		N 49 
		C0 87 
		T0 67 
		P 63 
		N 55 
		C0 88 
		T0 62 
		P 62 
		N 56 
		C0 89 
		T0 61 
		P 67 
		N 57 
		C0 90 
		T0 68 
		P 68 
		N 58 
		C0 91 
		T0 69 
		P 62 
		N 50 
		C0 92 
		T0 70 
		P 69 
		N 59 
		C0 93 
		T0 71 
		P 68 
		N 60 
		C0 94 
		T0 72 
		P 70 
		N 61 
		C0 95 
		T0 73 
		P 69 
		N 59 
		C0 96 
		T0 74 
		P 68 
		N 60 
		C0 97 
		T0 75 
		P 71 
		N 62 
		C0 98 
		T0 76 
		P 72 
		N 63 
		C0 99 
		T0 77 
		P 70 
		N 61 
		C0 100 
		T0 78 
		P 73 
		N 64 
		C0 101 
		T0 79 
		P 28 
		N 17 
		C0 102 
		T0 80 
		P 28 
		N 17 
		C0 103 
		T0 81 
		P 74 
		N 65 
		C0 104 
		T0 82 
		P 75 
		N 65 
		C0 105 
		T0 83 
		P 76 
		N 65 
		C0 106 
		T0 84 
		P 42 
		N 30 
		C0 107 
		T0 85 
		P 41 
		N 30 
		C0 108 
		T0 86 
		P 77 
		N 66 
		C0 109 
		T0 87 
		P 78 
		N 67 
		C0 110 
		T0 88 
		P 79 
		N 68 
		C0 111 
		T0 89 
		P 80 
		N 27 
		C0 112 
		T0 90 
		P 81 
		N 69 
		C0 113 
		T0 91 
		P 41 
		N 70 
		C0 114 
		T0 86 
		P 80 
		N 27 
		C0 115 
		T0 92 
		P 82 
		N 71 
		C0 116 
		T0 93 
		P 74 
		N 72 
		C0 117 
		T0 82 
		P 83 
		N 73 
		C0 118 
		T0 94 
		P 41 
		N 70 
		C0 119 
		T0 36 
		P 84 
		N 74 
		C0 120 
		T0 95 
		P 54 
		N 41 
		C0 121 
		T0 96 
		P 61 
		N 49 
		C0 122 
		T0 97 
		P 51 
		N 38 
		C0 123 
		T0 98 
		P 85 
		N 75 
		C0 124 
		T0 99 
		P 86 
		N 76 
		C0 125 
		T0 100 
		P 87 
		N 77 
		C0 126 
		T0 101 
		P 71 
		N 78 
		C0 127 
		T0 102 
		P 88 
		N 79 
		C0 128 
		T0 103 
		P 59 
		N 47 
		C0 129 
		T0 104 
		P 58 
		N 46 
		C0 130 
		T0 105 
		P 89 
		N 80 
		C0 131 
		T0 106 
		P 45 
		N 81 
		C0 132 
		T0 107 
		P 90 
		N 82 
		C0 133 
		T0 107 
		P 91 
		N 83 
		C0 134 
		T0 107 
		P 84 
		N 84 
		C0 135 
		T0 107 
		P 44 
		N 85 
		C0 136 
		T0 107 
		P 48 
		N 86 
		C0 137 
		T0 107 
		P 92 
		N 87 
		C0 138 
		T0 107 
		P 47 
		N 88 
		C0 139 
		T0 107 
		P 86 
		N 89 
		C0 140 
		T0 107 
		P 85 
		N 90 
		C0 141 
		T0 107 
		P 93 
		N 91 
		C0 142 
		T0 107 
		P 49 
		N 92 
		C0 143 
		T0 107 
		P 94 
		N 93 
		C0 144 
		T0 107 
		P 95 
		N 94 
		C0 145 
		T0 107 
		P 87 
		N 95 
		C0 146 
		T0 107 
		P 66 
		N 96 
		C0 147 
		T0 107 
		P 65 
		N 97 
		C0 148 
		T0 107 
		P 96 
		N 98 
		C0 149 
		T0 107 
		P 60 
		N 99 
		C0 150 
		T0 107 
		P 63 
		N 100 
		C0 151 
		T0 107 
		P 57 
		N 101 
		C0 152 
		T0 107 
		P 59 
		N 102 
		C0 153 
		T0 107 
		P 97 
		N 103 
		C0 154 
		T0 107 
		P 98 
		N 4 
		C0 155 
		T0 108 
		P 99 
		N 4 
		C0 156 
		T0 109 
		P 100 
		N 104 
		C0 157 
		T0 10 
		P 101 
		N 105 
		C0 158 
		T0 10 
		P 102 
		N 106 
		C0 159 
		T0 10 
		P 103 
		N 107 
		C0 160 
		T0 10 
		P 103 
		N 107 
		C0 161 
		T0 110 
		P 104 
		N 108 
		C0 162 
		T0 111 
		P 105 
		N 109 
		C0 163 
		T0 112 
		P 106 
		N 110 
		C0 164 
		T0 113 
		P 107 
		N 111 
		C0 165 
		T0 114 
		P 108 
		N 112 
		C0 166 
		T0 115 
		P 109 
		N 113 
		C0 167 
		T0 116 
		P 110 
		N 114 
		C0 168 
		T0 117 
		P 111 
		N 115 
		C0 169 
		T0 19 
		P 112 
		N 116 
		C0 170 
		T0 22 
		P 103 
		N 107 
		C0 171 
		T0 21 
		P 102 
		N 106 
		C0 172 
		T0 20 
		P 113 
		N 117 
		C0 173 
		T0 23 
		P 114 
		N 118 
		C0 174 
		T0 26 
		P 115 
		N 119 
		C0 175 
		T0 25 
		P 116 
		N 120 
		C0 176 
		T0 24 
		P 101 
		N 105 
		C0 177 
		T0 27 
		P 117 
		N 121 
		C0 178 
		T0 118 
		P 118 
		N 122 
		C0 179 
		T0 119 
		P 118 
		N 122 
		C0 180 
		T0 32 
		P 100 
		N 104 
		C0 181 
		T0 32 
		P 100 
		N 104 
		C0 182 
		T0 34 
		P 118 
		N 122 
		C0 183 
		T0 33 
		P 119 
		N 123 
		C0 184 
		T0 35 
		P 117 
		N 121 
		C0 185 
		T0 39 
		P 120 
		N 124 
		C0 186 
		T0 38 
		P 121 
		N 124 
		C0 187 
		T0 37 
		P 122 
		N 124 
		C0 188 
		T0 36 
		P 123 
		N 125 
		C0 189 
		T0 41 
		P 124 
		N 126 
		C0 190 
		T0 40 
		P 125 
		N 127 
		C0 191 
		T0 42 
		P 126 
		N 128 
		C0 192 
		T0 44 
		P 127 
		N 129 
		C0 193 
		T0 43 
		P 128 
		N 130 
		C0 194 
		T0 120 
		P 129 
		N 131 
		C0 195 
		T0 121 
		P 130 
		N 132 
		C0 196 
		T0 45 
		P 131 
		N 133 
		C0 197 
		T0 46 
		P 132 
		N 134 
		C0 198 
		T0 122 
		P 108 
		N 112 
		C0 199 
		T0 123 
		P 133 
		N 135 
		C0 200 
		T0 54 
		P 112 
		N 116 
		C0 201 
		T0 124 
		P 134 
		N 136 
		C0 202 
		T0 56 
		P 135 
		N 137 
		C0 203 
		T0 58 
		P 136 
		N 138 
		C0 204 
		T0 57 
		P 137 
		N 139 
		C0 205 
		T0 59 
		P 138 
		N 140 
		C0 206 
		T0 62 
		P 139 
		N 141 
		C0 207 
		T0 61 
		P 140 
		N 142 
		C0 208 
		T0 60 
		P 141 
		N 143 
		C0 209 
		T0 63 
		P 142 
		N 144 
		C0 210 
		T0 66 
		P 143 
		N 145 
		C0 211 
		T0 65 
		P 110 
		N 114 
		C0 212 
		T0 64 
		P 140 
		N 142 
		C0 213 
		T0 125 
		P 106 
		N 146 
		C0 214 
		T0 126 
		P 138 
		N 147 
		C0 215 
		T0 62 
		P 144 
		N 148 
		C0 216 
		T0 68 
		P 139 
		N 149 
		C0 217 
		T0 61 
		P 145 
		N 150 
		C0 218 
		T0 127 
		P 139 
		N 141 
		C0 219 
		T0 128 
		P 128 
		N 130 
		C0 220 
		T0 71 
		P 106 
		N 146 
		C0 221 
		T0 72 
		P 129 
		N 131 
		C0 222 
		T0 73 
		P 109 
		N 113 
		C0 223 
		T0 80 
		P 109 
		N 113 
		C0 224 
		T0 129 
		P 122 
		N 124 
		C0 225 
		T0 130 
		P 121 
		N 124 
		C0 226 
		T0 131 
		P 146 
		N 65 
		C0 227 
		T0 132 
		P 147 
		N 151 
		C0 228 
		T0 87 
		P 148 
		N 152 
		C0 229 
		T0 91 
		P 149 
		N 122 
		C0 230 
		T0 90 
		P 150 
		N 153 
		C0 231 
		T0 89 
		P 151 
		N 154 
		C0 232 
		T0 88 
		P 122 
		N 155 
		C0 233 
		T0 130 
		P 149 
		N 122 
		C0 234 
		T0 133 
		P 152 
		N 156 
		C0 235 
		T0 94 
		P 122 
		N 155 
		C0 236 
		T0 36 
		P 153 
		N 157 
		C0 237 
		T0 95 
		P 132 
		N 134 
		C0 238 
		T0 134 
		P 140 
		N 142 
		C0 239 
		T0 135 
		P 154 
		N 158 
		C0 240 
		T0 100 
		P 155 
		N 159 
		C0 241 
		T0 99 
		P 156 
		N 160 
		C0 242 
		T0 101 
		P 136 
		N 138 
		C0 243 
		T0 136 
		P 135 
		N 137 
		C0 244 
		T0 137 
		P 123 
		N 161 
		C0 245 
		T0 107 
		P 153 
		N 162 
		C0 246 
		T0 107 
		P 157 
		N 163 
		C0 247 
		T0 107 
		P 158 
		N 164 
		C0 248 
		T0 107 
		P 124 
		N 165 
		C0 249 
		T0 107 
		P 126 
		N 166 
		C0 250 
		T0 107 
		P 159 
		N 167 
		C0 251 
		T0 107 
		P 127 
		N 168 
		C0 252 
		T0 107 
		P 154 
		N 169 
		C0 253 
		T0 107 
		P 155 
		N 170 
		C0 254 
		T0 107 
		P 160 
		N 171 
		C0 255 
		T0 107 
		P 130 
		N 172 
		C0 256 
		T0 107 
		P 156 
		N 173 
		C0 257 
		T0 107 
		P 161 
		N 174 
		C0 258 
		T0 107 
		P 162 
		N 175 
		C0 259 
		T0 107 
		P 142 
		N 176 
		C0 260 
		T0 107 
		P 143 
		N 177 
		C0 261 
		T0 107 
		P 163 
		N 178 
		C0 262 
		T0 107 
		P 137 
		N 179 
		C0 263 
		T0 107 
		P 138 
		N 180 
		C0 264 
		T0 107 
		P 134 
		N 181 
		C0 265 
		T0 107 
		P 135 
		N 182 
		C0 266 
		T0 107 
		P 164 
		N 183 
		C0 267 
		T0 107 
		P 79 
		N 68 
		C0 268 
		T0 8 
		P 165 
		N 4 
		C0 269 
		T0 7 
		P 150 
		N 153 
		C0 270 
		T0 109 
		P 166 
		N 184 
		C0 271 
		T0 6 
		P 165 
		N 184 
		C0 272 
		T0 7 
		P 13 
		N 184 
		C0 273 
		T0 7 
		P 12 
		N 184 
		C0 274 
		T0 6 
		P 165 
		N 9 
		C0 275 
		T0 7 
		P 79 
		N 9 
		C0 276 
		T0 8 
		P 14 
		N 9 
		C0 277 
		T0 8 
		P 13 
		N 9 
		C0 278 
		T0 7 
		P 79 
		N 185 
		C0 279 
		T0 8 
		P 78 
		N 185 
		C0 280 
		T0 9 
		P 15 
		N 185 
		C0 281 
		T0 9 
		P 14 
		N 185 
		C0 282 
		T0 8 
		P 78 
		N 186 
		C0 283 
		T0 9 
		P 166 
		N 186 
		C0 284 
		T0 6 
		P 12 
		N 186 
		C0 285 
		T0 6 
		P 15 
		N 186 
		C0 286 
		T0 9 
		P 151 
		N 186 
		C0 287 
		T0 108 
		P 98 
		N 186 
		C0 288 
		T0 108 
		P 151 
		N 187 
		C0 289 
		T0 108 
		P 150 
		N 187 
		C0 290 
		T0 109 
		P 99 
		N 187 
		C0 291 
		T0 109 
		P 98 
		N 187 
		C0 292 
		T0 108 
		P 150 
		N 9 
		C0 293 
		T0 109 
		P 99 
		N 9 
		C0 294 
		T0 109 
		P 165 
		N 188 
		C0 295 
		T0 7 
		P 166 
		N 188 
		C0 296 
		T0 6 
		P 12 
		N 188 
		C0 297 
		T0 6 
		P 13 
		N 188 
		C0 298 
		T0 7 
		P 167 
		N 189 
		C0 299 
		T0 138 
		P 168 
		N 190 
		C0 300 
		T0 139 
		P 169 
		N 191 
		C0 301 
		T0 140 
		P 170 
		N 192 
		C0 302 
		T0 141 
		P 171 
		N 193 
		C0 303 
		T0 142 
		P 172 
		N 194 
		C0 304 
		T0 140 
		P 173 
		N 195 
		C0 305 
		T0 138 
		P 169 
		N 196 
		C0 306 
		T0 140 
		P 168 
		N 197 
		C0 307 
		T0 139 
		P 174 
		N 9 
		C0 308 
		T0 143 
		P 172 
		N 198 
		C0 309 
		T0 140 
		P 171 
		N 199 
		C0 310 
		T0 142 
		P 175 
		N 200 
		C0 311 
		T0 144 
		P 175 
		N 201 
		C0 312 
		T0 144 
		P 176 
		N 202 
		C0 313 
		T0 139 
		P 177 
		N 203 
		C0 314 
		T0 142 
		P 176 
		N 204 
		C0 315 
		T0 139 
		P 178 
		N 205 
		C0 316 
		T0 144 
		P 179 
		N 206 
		C0 317 
		T0 141 
		P 178 
		N 207 
		C0 318 
		T0 144 
		P 177 
		N 208 
		C0 319 
		T0 142 
		P 180 
		N 209 
		C0 320 
		T0 145 
		P 181 
		N 209 
		C0 321 
		T0 145 
		P 182 
		N 209 
		C0 322 
		T0 145 
		P 183 
		N 209 
		C0 323 
		T0 145 
		P 184 
		N 209 
		C0 324 
		T0 146 
		P 185 
		N 209 
		C0 325 
		T0 146 
		P 186 
		N 209 
		C0 326 
		T0 146 
		P 187 
		N 209 
		C0 327 
		T0 146 
		P 188 
		N 9 
		C0 328 
		T0 145 
		P 189 
		N 9 
		C0 329 
		T0 145 
		P 190 
		N 9 
		C0 330 
		T0 145 
		P 191 
		N 9 
		C0 331 
		T0 145 
		P 192 
		N 210 
		C0 332 
		T0 145 
		P 188 
		N 210 
		C0 333 
		T0 145 
		P 191 
		N 210 
		C0 334 
		T0 145 
		P 193 
		N 210 
		C0 335 
		T0 145 
		P 194 
		N 210 
		C0 336 
		T0 145 
		P 195 
		N 210 
		C0 337 
		T0 145 
		P 182 
		N 184 
		C0 338 
		T0 145 
		P 195 
		N 184 
		C0 339 
		T0 145 
		P 193 
		N 184 
		C0 340 
		T0 145 
		P 183 
		N 184 
		C0 341 
		T0 145 
		P 194 
		N 188 
		C0 342 
		T0 145 
		P 181 
		N 188 
		C0 343 
		T0 145 
		P 180 
		N 188 
		C0 344 
		T0 145 
		P 192 
		N 188 
		C0 345 
		T0 145 
		P 196 
		N 188 
		C0 346 
		T0 147 
		P 197 
		N 188 
		C0 347 
		T0 147 
		P 198 
		N 188 
		C0 348 
		T0 147 
		P 199 
		N 188 
		C0 349 
		T0 147 
		P 192 
		N 186 
		C0 350 
		T0 145 
		P 180 
		N 186 
		C0 351 
		T0 145 
		P 197 
		N 186 
		C0 352 
		T0 147 
		P 196 
		N 186 
		C0 353 
		T0 147 
		P 189 
		N 209 
		C0 354 
		T0 145 
		P 198 
		N 209 
		C0 355 
		T0 147 
		P 197 
		N 209 
		C0 356 
		T0 147 
		P 199 
		N 9 
		C0 357 
		T0 147 
		P 198 
		N 9 
		C0 358 
		T0 147 
		P 196 
		N 210 
		C0 359 
		T0 147 
		P 199 
		N 210 
		C0 360 
		T0 147 
		P 183 
		N 186 
		C0 361 
		T0 145 
		P 193 
		N 186 
		C0 362 
		T0 145 
		P 200 
		N 186 
		C0 363 
		T0 148 
		P 201 
		N 186 
		C0 364 
		T0 148 
		P 202 
		N 210 
		C0 365 
		T0 148 
		P 200 
		N 210 
		C0 366 
		T0 148 
		P 203 
		N 9 
		C0 367 
		T0 148 
		P 202 
		N 9 
		C0 368 
		T0 148 
		P 190 
		N 209 
		C0 369 
		T0 145 
		P 201 
		N 209 
		C0 370 
		T0 148 
		P 203 
		N 209 
		C0 371 
		T0 148 
		P 204 
		N 186 
		C0 372 
		T0 146 
		P 205 
		N 186 
		C0 373 
		T0 146 
		P 189 
		N 188 
		C0 374 
		T0 145 
		P 204 
		N 188 
		C0 375 
		T0 146 
		P 206 
		N 188 
		C0 376 
		T0 146 
		P 190 
		N 184 
		C0 377 
		T0 145 
		P 207 
		N 184 
		C0 378 
		T0 146 
		P 205 
		N 184 
		C0 379 
		T0 146 
		P 206 
		N 9 
		C0 380 
		T0 146 
		P 207 
		N 9 
		C0 381 
		T0 146 
		P 208 
		N 188 
		C0 382 
		T0 149 
		P 209 
		N 188 
		C0 383 
		T0 149 
		P 210 
		N 188 
		C0 384 
		T0 149 
		P 211 
		N 188 
		C0 385 
		T0 149 
		P 184 
		N 9 
		C0 386 
		T0 146 
		P 187 
		N 9 
		C0 387 
		T0 146 
		P 204 
		N 210 
		C0 388 
		T0 146 
		P 205 
		N 210 
		C0 389 
		T0 146 
		P 212 
		N 210 
		C0 390 
		T0 146 
		P 213 
		N 210 
		C0 391 
		T0 146 
		P 186 
		N 184 
		C0 392 
		T0 146 
		P 214 
		N 184 
		C0 393 
		T0 146 
		P 212 
		N 184 
		C0 394 
		T0 146 
		P 215 
		N 209 
		C0 395 
		T0 146 
		P 214 
		N 209 
		C0 396 
		T0 146 
		P 185 
		N 188 
		C0 397 
		T0 146 
		P 213 
		N 188 
		C0 398 
		T0 146 
		P 215 
		N 188 
		C0 399 
		T0 146 
		P 206 
		N 210 
		C0 400 
		T0 146 
		P 209 
		N 210 
		C0 401 
		T0 149 
		P 208 
		N 210 
		C0 402 
		T0 149 
		P 185 
		N 186 
		C0 403 
		T0 146 
		P 210 
		N 186 
		C0 404 
		T0 149 
		P 209 
		N 186 
		C0 405 
		T0 149 
		P 211 
		N 209 
		C0 406 
		T0 149 
		P 210 
		N 209 
		C0 407 
		T0 149 
		P 208 
		N 9 
		C0 408 
		T0 149 
		P 211 
		N 9 
		C0 409 
		T0 149 
		P 207 
		N 210 
		C0 410 
		T0 146 
		P 216 
		N 211 
		C0 411 
		T0 150 
		P 217 
		N 211 
		C0 412 
		T0 150 
		P 218 
		N 9 
		C0 413 
		T0 150 
		P 216 
		N 9 
		C0 414 
		T0 150 
		P 219 
		N 209 
		C0 415 
		T0 150 
		P 218 
		N 209 
		C0 416 
		T0 150 
		P 186 
		N 186 
		C0 417 
		T0 146 
		P 217 
		N 186 
		C0 418 
		T0 150 
		P 219 
		N 186 
		C0 419 
		T0 150 
		P 220 
		N 186 
		C0 420 
		T0 151 
		P 221 
		N 186 
		C0 421 
		T0 151 
		P 222 
		N 210 
		C0 422 
		T0 151 
		P 221 
		N 210 
		C0 423 
		T0 151 
		P 223 
		N 9 
		C0 424 
		T0 151 
		P 222 
		N 9 
		C0 425 
		T0 151 
		P 224 
		N 209 
		C0 426 
		T0 152 
		P 225 
		N 209 
		C0 427 
		T0 152 
		P 226 
		N 186 
		C0 428 
		T0 152 
		P 224 
		N 186 
		C0 429 
		T0 152 
		P 203 
		N 188 
		C0 430 
		T0 148 
		P 201 
		N 188 
		C0 431 
		T0 148 
		P 220 
		N 184 
		C0 432 
		T0 151 
		P 223 
		N 184 
		C0 433 
		T0 151 
		P 227 
		N 184 
		C0 434 
		T0 152 
		P 226 
		N 184 
		C0 435 
		T0 152 
		P 227 
		N 9 
		C0 436 
		T0 152 
		P 228 
		N 209 
		C0 437 
		T0 153 
		P 229 
		N 209 
		C0 438 
		T0 153 
		P 230 
		N 209 
		C0 439 
		T0 153 
		P 231 
		N 209 
		C0 440 
		T0 153 
		P 232 
		N 209 
		C0 441 
		T0 154 
		P 233 
		N 209 
		C0 442 
		T0 154 
		P 234 
		N 209 
		C0 443 
		T0 154 
		P 235 
		N 209 
		C0 444 
		T0 154 
		P 236 
		N 9 
		C0 445 
		T0 153 
		P 237 
		N 9 
		C0 446 
		T0 153 
		P 238 
		N 9 
		C0 447 
		T0 153 
		P 239 
		N 9 
		C0 448 
		T0 153 
		P 240 
		N 210 
		C0 449 
		T0 153 
		P 241 
		N 210 
		C0 450 
		T0 153 
		P 237 
		N 210 
		C0 451 
		T0 153 
		P 236 
		N 210 
		C0 452 
		T0 153 
		P 242 
		N 210 
		C0 453 
		T0 153 
		P 243 
		N 210 
		C0 454 
		T0 153 
		P 230 
		N 188 
		C0 455 
		T0 153 
		P 229 
		N 188 
		C0 456 
		T0 153 
		P 241 
		N 188 
		C0 457 
		T0 153 
		P 243 
		N 188 
		C0 458 
		T0 153 
		P 242 
		N 184 
		C0 459 
		T0 153 
		P 240 
		N 184 
		C0 460 
		T0 153 
		P 228 
		N 184 
		C0 461 
		T0 153 
		P 231 
		N 184 
		C0 462 
		T0 153 
		P 244 
		N 184 
		C0 463 
		T0 155 
		P 245 
		N 184 
		C0 464 
		T0 155 
		P 246 
		N 184 
		C0 465 
		T0 155 
		P 247 
		N 184 
		C0 466 
		T0 155 
		P 240 
		N 186 
		C0 467 
		T0 153 
		P 244 
		N 186 
		C0 468 
		T0 155 
		P 247 
		N 186 
		C0 469 
		T0 155 
		P 228 
		N 186 
		C0 470 
		T0 153 
		P 247 
		N 209 
		C0 471 
		T0 155 
		P 246 
		N 209 
		C0 472 
		T0 155 
		P 239 
		N 209 
		C0 473 
		T0 153 
		P 246 
		N 9 
		C0 474 
		T0 155 
		P 245 
		N 9 
		C0 475 
		T0 155 
		P 245 
		N 210 
		C0 476 
		T0 155 
		P 244 
		N 210 
		C0 477 
		T0 155 
		P 229 
		N 186 
		C0 478 
		T0 153 
		P 241 
		N 186 
		C0 479 
		T0 153 
		P 238 
		N 209 
		C0 480 
		T0 153 
		P 223 
		N 209 
		C0 481 
		T0 151 
		P 220 
		N 209 
		C0 482 
		T0 151 
		P 248 
		N 186 
		C0 483 
		T0 154 
		P 249 
		N 186 
		C0 484 
		T0 154 
		P 239 
		N 184 
		C0 485 
		T0 153 
		P 250 
		N 184 
		C0 486 
		T0 154 
		P 248 
		N 184 
		C0 487 
		T0 154 
		P 249 
		N 188 
		C0 488 
		T0 154 
		P 251 
		N 188 
		C0 489 
		T0 154 
		P 238 
		N 188 
		C0 490 
		T0 153 
		P 250 
		N 9 
		C0 491 
		T0 154 
		P 251 
		N 9 
		C0 492 
		T0 154 
		P 252 
		N 184 
		C0 493 
		T0 156 
		P 253 
		N 184 
		C0 494 
		T0 156 
		P 254 
		N 184 
		C0 495 
		T0 156 
		P 255 
		N 184 
		C0 496 
		T0 156 
		P 233 
		N 9 
		C0 497 
		T0 154 
		P 232 
		N 9 
		C0 498 
		T0 154 
		P 248 
		N 210 
		C0 499 
		T0 154 
		P 256 
		N 210 
		C0 500 
		T0 154 
		P 257 
		N 210 
		C0 501 
		T0 154 
		P 249 
		N 210 
		C0 502 
		T0 154 
		P 257 
		N 188 
		C0 503 
		T0 154 
		P 258 
		N 188 
		C0 504 
		T0 154 
		P 234 
		N 188 
		C0 505 
		T0 154 
		P 258 
		N 209 
		C0 506 
		T0 154 
		P 259 
		N 209 
		C0 507 
		T0 154 
		P 235 
		N 184 
		C0 508 
		T0 154 
		P 259 
		N 184 
		C0 509 
		T0 154 
		P 256 
		N 184 
		C0 510 
		T0 154 
		P 250 
		N 210 
		C0 511 
		T0 154 
		P 252 
		N 210 
		C0 512 
		T0 156 
		P 255 
		N 210 
		C0 513 
		T0 156 
		P 255 
		N 186 
		C0 514 
		T0 156 
		P 254 
		N 186 
		C0 515 
		T0 156 
		P 235 
		N 186 
		C0 516 
		T0 154 
		P 254 
		N 209 
		C0 517 
		T0 156 
		P 253 
		N 209 
		C0 518 
		T0 156 
		P 253 
		N 9 
		C0 519 
		T0 156 
		P 252 
		N 9 
		C0 520 
		T0 156 
		P 226 
		N 210 
		C0 521 
		T0 152 
		P 227 
		N 210 
		C0 522 
		T0 152 
		P 251 
		N 210 
		C0 523 
		T0 154 
		P 225 
		N 9 
		C0 524 
		T0 152 
		P 234 
		N 186 
		C0 525 
		T0 154 
		P 220 
		N 188 
		C0 526 
		T0 151 
		P 226 
		N 188 
		C0 527 
		T0 152 
		P 227 
		N 188 
		C0 528 
		T0 152 
		P 223 
		N 188 
		C0 529 
		T0 151 
		P 260 
		N 209 
		C0 530 
		T0 157 
		P 261 
		N 209 
		C0 531 
		T0 157 
		P 262 
		N 209 
		C0 532 
		T0 157 
		P 263 
		N 209 
		C0 533 
		T0 157 
		P 264 
		N 209 
		C0 534 
		T0 158 
		P 265 
		N 209 
		C0 535 
		T0 158 
		P 266 
		N 209 
		C0 536 
		T0 158 
		P 267 
		N 209 
		C0 537 
		T0 158 
		P 268 
		N 9 
		C0 538 
		T0 157 
		P 269 
		N 9 
		C0 539 
		T0 157 
		P 270 
		N 9 
		C0 540 
		T0 157 
		P 271 
		N 9 
		C0 541 
		T0 157 
		P 272 
		N 9 
		C0 542 
		T0 158 
		P 273 
		N 9 
		C0 543 
		T0 158 
		P 274 
		N 9 
		C0 544 
		T0 158 
		P 275 
		N 9 
		C0 545 
		T0 158 
		P 276 
		N 9 
		C0 546 
		T0 159 
		P 277 
		N 9 
		C0 547 
		T0 159 
		P 278 
		N 9 
		C0 548 
		T0 160 
		P 279 
		N 9 
		C0 549 
		T0 160 
		P 280 
		N 9 
		C0 550 
		T0 159 
		P 281 
		N 9 
		C0 551 
		T0 159 
		P 282 
		N 9 
		C0 552 
		T0 160 
		P 283 
		N 9 
		C0 553 
		T0 160 
		P 284 
		N 9 
		C0 554 
		T0 161 
		P 285 
		N 9 
		C0 555 
		T0 161 
		P 286 
		N 9 
		C0 556 
		T0 162 
		P 287 
		N 9 
		C0 557 
		T0 162 
		P 288 
		N 9 
		C0 558 
		T0 161 
		P 289 
		N 9 
		C0 559 
		T0 161 
		P 290 
		N 9 
		C0 560 
		T0 162 
		P 291 
		N 9 
		C0 561 
		T0 162 
		P 292 
		N 9 
		C0 562 
		T0 161 
		P 293 
		N 9 
		C0 563 
		T0 161 
		P 294 
		N 9 
		C0 564 
		T0 162 
		P 295 
		N 9 
		C0 565 
		T0 162 
		P 296 
		N 9 
		C0 566 
		T0 161 
		P 297 
		N 9 
		C0 567 
		T0 161 
		P 298 
		N 9 
		C0 568 
		T0 162 
		P 299 
		N 9 
		C0 569 
		T0 162 
		P 300 
		N 9 
		C0 570 
		T0 163 
		P 301 
		N 9 
		C0 571 
		T0 163 
		P 302 
		N 9 
		C0 572 
		T0 164 
		P 303 
		N 9 
		C0 573 
		T0 164 
		P 304 
		N 9 
		C0 574 
		T0 163 
		P 305 
		N 9 
		C0 575 
		T0 163 
		P 306 
		N 9 
		C0 576 
		T0 164 
		P 307 
		N 9 
		C0 577 
		T0 164 
		P 308 
		N 9 
		C0 578 
		T0 163 
		P 309 
		N 9 
		C0 579 
		T0 163 
		P 310 
		N 9 
		C0 580 
		T0 164 
		P 311 
		N 9 
		C0 581 
		T0 164 
		P 309 
		N 210 
		C0 582 
		T0 163 
		P 308 
		N 210 
		C0 583 
		T0 163 
		P 312 
		N 210 
		C0 584 
		T0 163 
		P 313 
		N 210 
		C0 585 
		T0 163 
		P 311 
		N 210 
		C0 586 
		T0 164 
		P 310 
		N 210 
		C0 587 
		T0 164 
		P 314 
		N 210 
		C0 588 
		T0 164 
		P 315 
		N 210 
		C0 589 
		T0 164 
		P 313 
		N 186 
		C0 590 
		T0 163 
		P 312 
		N 186 
		C0 591 
		T0 163 
		P 316 
		N 186 
		C0 592 
		T0 163 
		P 317 
		N 186 
		C0 593 
		T0 163 
		P 315 
		N 186 
		C0 594 
		T0 164 
		P 314 
		N 186 
		C0 595 
		T0 164 
		P 318 
		N 186 
		C0 596 
		T0 164 
		P 319 
		N 186 
		C0 597 
		T0 164 
		P 320 
		N 186 
		C0 598 
		T0 163 
		P 321 
		N 186 
		C0 599 
		T0 163 
		P 322 
		N 186 
		C0 600 
		T0 164 
		P 323 
		N 186 
		C0 601 
		T0 164 
		P 324 
		N 186 
		C0 602 
		T0 161 
		P 325 
		N 186 
		C0 603 
		T0 161 
		P 326 
		N 186 
		C0 604 
		T0 162 
		P 327 
		N 186 
		C0 605 
		T0 162 
		P 328 
		N 186 
		C0 606 
		T0 161 
		P 329 
		N 186 
		C0 607 
		T0 161 
		P 330 
		N 186 
		C0 608 
		T0 162 
		P 331 
		N 186 
		C0 609 
		T0 162 
		P 332 
		N 186 
		C0 610 
		T0 161 
		P 333 
		N 186 
		C0 611 
		T0 161 
		P 334 
		N 186 
		C0 612 
		T0 162 
		P 335 
		N 186 
		C0 613 
		T0 162 
		P 336 
		N 186 
		C0 614 
		T0 161 
		P 337 
		N 186 
		C0 615 
		T0 161 
		P 338 
		N 186 
		C0 616 
		T0 162 
		P 339 
		N 186 
		C0 617 
		T0 162 
		P 340 
		N 186 
		C0 618 
		T0 159 
		P 341 
		N 186 
		C0 619 
		T0 159 
		P 342 
		N 186 
		C0 620 
		T0 160 
		P 343 
		N 186 
		C0 621 
		T0 160 
		P 344 
		N 186 
		C0 622 
		T0 159 
		P 345 
		N 186 
		C0 623 
		T0 159 
		P 346 
		N 186 
		C0 624 
		T0 160 
		P 347 
		N 186 
		C0 625 
		T0 160 
		P 348 
		N 186 
		C0 626 
		T0 157 
		P 349 
		N 186 
		C0 627 
		T0 157 
		P 350 
		N 186 
		C0 628 
		T0 158 
		P 351 
		N 186 
		C0 629 
		T0 158 
		P 352 
		N 186 
		C0 630 
		T0 157 
		P 353 
		N 186 
		C0 631 
		T0 157 
		P 354 
		N 186 
		C0 632 
		T0 158 
		P 355 
		N 186 
		C0 633 
		T0 158 
		P 318 
		N 184 
		C0 634 
		T0 164 
		P 314 
		N 184 
		C0 635 
		T0 164 
		P 310 
		N 184 
		C0 636 
		T0 164 
		P 307 
		N 184 
		C0 637 
		T0 164 
		P 323 
		N 184 
		C0 638 
		T0 164 
		P 302 
		N 184 
		C0 639 
		T0 164 
		P 326 
		N 184 
		C0 640 
		T0 162 
		P 299 
		N 184 
		C0 641 
		T0 162 
		P 331 
		N 184 
		C0 642 
		T0 162 
		P 294 
		N 184 
		C0 643 
		T0 162 
		P 334 
		N 184 
		C0 644 
		T0 162 
		P 291 
		N 184 
		C0 645 
		T0 162 
		P 339 
		N 184 
		C0 646 
		T0 162 
		P 286 
		N 184 
		C0 647 
		T0 162 
		P 342 
		N 184 
		C0 648 
		T0 160 
		P 283 
		N 184 
		C0 649 
		T0 160 
		P 347 
		N 184 
		C0 650 
		T0 160 
		P 278 
		N 184 
		C0 651 
		T0 160 
		P 350 
		N 184 
		C0 652 
		T0 158 
		P 275 
		N 184 
		C0 653 
		T0 158 
		P 355 
		N 184 
		C0 654 
		T0 158 
		P 274 
		N 184 
		C0 655 
		T0 158 
		P 313 
		N 188 
		C0 656 
		T0 163 
		P 317 
		N 188 
		C0 657 
		T0 163 
		P 305 
		N 188 
		C0 658 
		T0 163 
		P 309 
		N 188 
		C0 659 
		T0 163 
		P 321 
		N 188 
		C0 660 
		T0 163 
		P 301 
		N 188 
		C0 661 
		T0 163 
		P 325 
		N 188 
		C0 662 
		T0 161 
		P 297 
		N 188 
		C0 663 
		T0 161 
		P 329 
		N 188 
		C0 664 
		T0 161 
		P 293 
		N 188 
		C0 665 
		T0 161 
		P 333 
		N 188 
		C0 666 
		T0 161 
		P 289 
		N 188 
		C0 667 
		T0 161 
		P 337 
		N 188 
		C0 668 
		T0 161 
		P 285 
		N 188 
		C0 669 
		T0 161 
		P 341 
		N 188 
		C0 670 
		T0 159 
		P 281 
		N 188 
		C0 671 
		T0 159 
		P 345 
		N 188 
		C0 672 
		T0 159 
		P 277 
		N 188 
		C0 673 
		T0 159 
		P 349 
		N 188 
		C0 674 
		T0 157 
		P 271 
		N 188 
		C0 675 
		T0 157 
		P 353 
		N 188 
		C0 676 
		T0 157 
		P 268 
		N 188 
		C0 677 
		T0 157 
		P 261 
		N 186 
		C0 678 
		T0 157 
		P 260 
		N 186 
		C0 679 
		T0 157 
		P 263 
		N 9 
		C0 680 
		T0 157 
		P 262 
		N 9 
		C0 681 
		T0 157 
		P 260 
		N 188 
		C0 682 
		T0 157 
		P 263 
		N 188 
		C0 683 
		T0 157 
		P 265 
		N 186 
		C0 684 
		T0 158 
		P 264 
		N 186 
		C0 685 
		T0 158 
		P 266 
		N 184 
		C0 686 
		T0 158 
		P 265 
		N 184 
		C0 687 
		T0 158 
		P 267 
		N 9 
		C0 688 
		T0 158 
		P 266 
		N 9 
		C0 689 
		T0 158 
		P 270 
		N 210 
		C0 690 
		T0 157 
		P 273 
		N 210 
		C0 691 
		T0 158 
		P 351 
		N 210 
		C0 692 
		T0 158 
		P 348 
		N 210 
		C0 693 
		T0 157 
		P 279 
		N 209 
		C0 694 
		T0 160 
		P 276 
		N 209 
		C0 695 
		T0 159 
		P 344 
		N 209 
		C0 696 
		T0 159 
		P 346 
		N 209 
		C0 697 
		T0 160 
		P 280 
		N 210 
		C0 698 
		T0 159 
		P 282 
		N 210 
		C0 699 
		T0 160 
		P 343 
		N 210 
		C0 700 
		T0 160 
		P 340 
		N 210 
		C0 701 
		T0 159 
		P 287 
		N 209 
		C0 702 
		T0 162 
		P 284 
		N 209 
		C0 703 
		T0 161 
		P 336 
		N 209 
		C0 704 
		T0 161 
		P 338 
		N 209 
		C0 705 
		T0 162 
		P 288 
		N 210 
		C0 706 
		T0 161 
		P 290 
		N 210 
		C0 707 
		T0 162 
		P 335 
		N 210 
		C0 708 
		T0 162 
		P 332 
		N 210 
		C0 709 
		T0 161 
		P 295 
		N 209 
		C0 710 
		T0 162 
		P 292 
		N 209 
		C0 711 
		T0 161 
		P 328 
		N 209 
		C0 712 
		T0 161 
		P 330 
		N 209 
		C0 713 
		T0 162 
		P 296 
		N 210 
		C0 714 
		T0 161 
		P 298 
		N 210 
		C0 715 
		T0 162 
		P 327 
		N 210 
		C0 716 
		T0 162 
		P 324 
		N 210 
		C0 717 
		T0 161 
		P 303 
		N 209 
		C0 718 
		T0 164 
		P 300 
		N 209 
		C0 719 
		T0 163 
		P 320 
		N 209 
		C0 720 
		T0 163 
		P 322 
		N 209 
		C0 721 
		T0 164 
		P 304 
		N 210 
		C0 722 
		T0 163 
		P 306 
		N 210 
		C0 723 
		T0 164 
		P 319 
		N 210 
		C0 724 
		T0 164 
		P 316 
		N 210 
		C0 725 
		T0 163 
		P 276 
		N 184 
		C0 726 
		T0 159 
		P 270 
		N 184 
		C0 727 
		T0 157 
		P 348 
		N 184 
		C0 728 
		T0 157 
		P 344 
		N 184 
		C0 729 
		T0 159 
		P 273 
		N 188 
		C0 730 
		T0 158 
		P 279 
		N 188 
		C0 731 
		T0 160 
		P 346 
		N 188 
		C0 732 
		T0 160 
		P 351 
		N 188 
		C0 733 
		T0 158 
		P 284 
		N 184 
		C0 734 
		T0 161 
		P 280 
		N 184 
		C0 735 
		T0 159 
		P 340 
		N 184 
		C0 736 
		T0 159 
		P 336 
		N 184 
		C0 737 
		T0 161 
		P 282 
		N 188 
		C0 738 
		T0 160 
		P 287 
		N 188 
		C0 739 
		T0 162 
		P 338 
		N 188 
		C0 740 
		T0 162 
		P 343 
		N 188 
		C0 741 
		T0 160 
		P 292 
		N 184 
		C0 742 
		T0 161 
		P 288 
		N 184 
		C0 743 
		T0 161 
		P 332 
		N 184 
		C0 744 
		T0 161 
		P 328 
		N 184 
		C0 745 
		T0 161 
		P 290 
		N 188 
		C0 746 
		T0 162 
		P 295 
		N 188 
		C0 747 
		T0 162 
		P 330 
		N 188 
		C0 748 
		T0 162 
		P 335 
		N 188 
		C0 749 
		T0 162 
		P 300 
		N 184 
		C0 750 
		T0 163 
		P 296 
		N 184 
		C0 751 
		T0 161 
		P 324 
		N 184 
		C0 752 
		T0 161 
		P 320 
		N 184 
		C0 753 
		T0 163 
		P 298 
		N 188 
		C0 754 
		T0 162 
		P 303 
		N 188 
		C0 755 
		T0 164 
		P 322 
		N 188 
		C0 756 
		T0 164 
		P 327 
		N 188 
		C0 757 
		T0 162 
		P 308 
		N 184 
		C0 758 
		T0 163 
		P 304 
		N 184 
		C0 759 
		T0 163 
		P 316 
		N 184 
		C0 760 
		T0 163 
		P 312 
		N 184 
		C0 761 
		T0 163 
		P 306 
		N 188 
		C0 762 
		T0 164 
		P 311 
		N 188 
		C0 763 
		T0 164 
		P 315 
		N 188 
		C0 764 
		T0 164 
		P 319 
		N 188 
		C0 765 
		T0 164 
		P 272 
		N 209 
		C0 766 
		T0 158 
		P 269 
		N 209 
		C0 767 
		T0 157 
		P 352 
		N 209 
		C0 768 
		T0 157 
		P 354 
		N 209 
		C0 769 
		T0 158 
		P 269 
		N 184 
		C0 770 
		T0 157 
		P 262 
		N 184 
		C0 771 
		T0 157 
		P 261 
		N 184 
		C0 772 
		T0 157 
		P 352 
		N 184 
		C0 773 
		T0 157 
		P 267 
		N 188 
		C0 774 
		T0 158 
		P 272 
		N 188 
		C0 775 
		T0 158 
		P 354 
		N 188 
		C0 776 
		T0 158 
		P 264 
		N 188 
		C0 777 
		T0 158 
		P 43 
		N 30 
		C0 778 
		T0 165 
		P 356 
		N 65 
		C0 779 
		T0 166 
		P 357 
		N 65 
		C0 780 
		T0 167 
		P 358 
		N 65 
		C0 781 
		T0 168 
		P 120 
		N 124 
		C0 782 
		T0 169 
		P 359 
		N 186 
		C0 783 
		T0 170 
		P 166 
		N 186 
		C0 784 
		T0 171 
		P 78 
		N 186 
		C0 785 
		T0 172 
		P 360 
		N 186 
		C0 786 
		T0 173 
		P 77 
		N 186 
		C0 787 
		T0 174 
		P 83 
		N 186 
		C0 788 
		T0 175 
		P 87 
		N 186 
		C0 789 
		T0 176 
		P 95 
		N 212 
		C0 790 
		T0 177 
		P 93 
		N 213 
		C0 791 
		T0 178 
		P 85 
		N 186 
		C0 792 
		T0 179 
		P 84 
		N 186 
		C0 793 
		T0 180 
		P 91 
		N 213 
		C0 794 
		T0 181 
		P 361 
		N 213 
		C0 795 
		T0 182 
		P 362 
		N 214 
		C0 796 
		T0 183 
		P 363 
		N 212 
		C0 797 
		T0 184 
		P 97 
		N 212 
		C0 798 
		T0 185 
		P 88 
		N 79 
		C0 799 
		T0 186 
		P 89 
		N 80 
		C0 800 
		T0 187 
		P 59 
		N 47 
		C0 801 
		T0 188 
		P 364 
		N 186 
		C0 802 
		T0 189 
		P 151 
		N 186 
		C0 803 
		T0 190 
		P 152 
		N 186 
		C0 804 
		T0 191 
		P 147 
		N 186 
		C0 805 
		T0 192 
		P 156 
		N 186 
		C0 806 
		T0 193 
		P 155 
		N 186 
		C0 807 
		T0 194 
		P 160 
		N 213 
		C0 808 
		T0 195 
		P 161 
		N 212 
		C0 809 
		T0 196 
		P 153 
		N 186 
		C0 810 
		T0 197 
		P 157 
		N 213 
		C0 811 
		T0 198 
		P 164 
		N 212 
		C0 812 
		T0 199 
		P 145 
		N 150 
		C0 813 
		T0 165 
		P 135 
		N 137 
		C0 814 
		T0 200 
		P 74 
		N 184 
		C0 815 
		T0 201 
		P 82 
		N 184 
		C0 816 
		T0 201 
		P 165 
		N 184 
		C0 817 
		T0 202 
		P 166 
		N 184 
		C0 818 
		T0 203 
		P 359 
		N 184 
		C0 819 
		T0 203 
		P 74 
		N 188 
		C0 820 
		T0 201 
		P 359 
		N 188 
		C0 821 
		T0 203 
		P 166 
		N 188 
		C0 822 
		T0 203 
		P 165 
		N 188 
		C0 823 
		T0 202 
		P 82 
		N 188 
		C0 824 
		T0 201 
		P 121 
		N 65 
		C0 825 
		T0 131 
		P 120 
		N 65 
		C0 826 
		T0 169 
		P 42 
		N 65 
		C0 827 
		T0 85 
		P 43 
		N 65 
		C0 828 
		T0 165 
	}

	Mtl 5 { 
		{
			Name "#2" 
			Priority 32 
			Prim 4 { 
				{
					Type TRISTRIP
					Priority 32 
					Idx 4 { 0 1 3 2 }
				}
				{
					Type TRISTRIP
					Priority 32 
					Idx 4 { 4 5 7 6 }
				}
				{
					Type TRISTRIP
					Priority 32 
					Idx 4 { 9 10 8 11 }
				}
				{
					Type TRISTRIP
					Priority 32 
					Idx 4 { 13 14 12 15 }
				}
			}

		}
		{
			Name "#3" 
			Priority 32 
			Prim 127 { 
				{
					Type TRISTRIP
					Priority 32 
					Idx 6 { 51 52 50 49 181 180 }
				}
				{
					Type TRISTRIP
					Priority 32 
					Idx 4 { 271 272 274 273 }
				}
				{
					Type TRISTRIP
					Priority 32 
					Idx 6 { 276 277 275 278 293 294 }
				}
				{
					Type TRISTRIP
					Priority 32 
					Idx 4 { 280 281 279 282 }
				}
				{
					Type TRISTRIP
					Priority 32 
					Idx 4 { 289 290 292 291 }
				}
				{
					Type TRISTRIP
					Priority 32 
					Idx 4 { 296 297 295 298 }
				}
				{
					Type TRISTRIP
					Priority 32 
					Idx 4 { 321 322 320 323 }
				}
				{
					Type TRISTRIP
					Priority 32 
					Idx 4 { 356 320 355 354 }
				}
				{
					Type TRISTRIP
					Priority 32 
					Idx 4 { 323 370 369 371 }
				}
				{
					Type TRISTRIP
					Priority 32 
					Idx 4 { 346 347 349 348 }
				}
				{
					Type TRISTRIP
					Priority 32 
					Idx 8 { 353 350 352 351 351 361 372 373 }
				}
				{
					Type TRISTRIP
					Priority 32 
					Idx 4 { 405 372 404 403 }
				}
				{
					Type TRISTRIP
					Priority 32 
					Idx 16 { 359 360 332 333 335 334 366 365 423 422 450 451 449 452 477 476 }
				}
				{
					Type TRISTRIP
					Priority 32 
					Idx 4 { 336 332 337 335 }
				}
				{
					Type TRISTRIP
					Priority 32 
					Idx 4 { 454 450 453 449 }
				}
				{
					Type TRISTRIP
					Priority 32 
					Idx 8 { 339 340 338 341 341 377 379 378 }
				}
				{
					Type TRISTRIP
					Priority 32 
					Idx 4 { 394 379 393 392 }
				}
				{
					Type TRISTRIP
					Priority 32 
					Idx 4 { 383 384 382 385 }
				}
				{
					Type TRISTRIP
					Priority 32 
					Idx 4 { 391 388 390 389 }
				}
				{
					Type TRISTRIP
					Priority 32 
					Idx 4 { 401 402 388 400 }
				}
				{
					Type TRISTRIP
					Priority 32 
					Idx 4 { 398 399 375 397 }
				}
				{
					Type TRISTRIP
					Priority 32 
					Idx 4 { 344 375 374 376 }
				}
				{
					Type TRISTRIP
					Priority 32 
					Idx 4 { 342 343 345 344 }
				}
				{
					Type TRISTRIP
					Priority 32 
					Idx 16 { 408 409 380 386 381 387 414 413 436 524 492 497 491 498 520 519 }
				}
				{
					Type TRISTRIP
					Priority 32 
					Idx 4 { 329 380 330 381 }
				}
				{
					Type TRISTRIP
					Priority 32 
					Idx 4 { 367 414 424 436 }
				}
				{
					Type TRISTRIP
					Priority 32 
					Idx 16 { 357 358 328 329 331 330 368 367 425 424 446 447 445 448 475 474 }
				}
				{
					Type TRISTRIP
					Priority 32 
					Idx 4 { 447 492 448 491 }
				}
				{
					Type TRISTRIP
					Priority 32 
					Idx 4 { 432 433 435 434 }
				}
				{
					Type TRISTRIP
					Priority 32 
					Idx 4 { 432 433 435 434 }
				}
				{
					Type TRISTRIP
					Priority 32 
					Idx 8 { 459 460 462 461 461 485 487 486 }
				}
				{
					Type TRISTRIP
					Priority 32 
					Idx 4 { 510 487 509 508 }
				}
				{
					Type TRISTRIP
					Priority 32 
					Idx 4 { 437 471 473 472 }
				}
				{
					Type TRISTRIP
					Priority 32 
					Idx 4 { 439 440 438 437 }
				}
				{
					Type TRISTRIP
					Priority 32 
					Idx 4 { 482 438 481 480 }
				}
				{
					Type TRISTRIP
					Priority 32 
					Idx 4 { 463 464 466 465 }
				}
				{
					Type TRISTRIP
					Priority 32 
					Idx 4 { 456 488 490 489 }
				}
				{
					Type TRISTRIP
					Priority 32 
					Idx 4 { 503 504 488 505 }
				}
				{
					Type TRISTRIP
					Priority 32 
					Idx 4 { 458 455 457 456 }
				}
				{
					Type TRISTRIP
					Priority 32 
					Idx 8 { 501 502 500 499 499 511 513 512 }
				}
				{
					Type TRISTRIP
					Priority 32 
					Idx 4 { 521 522 502 523 }
				}
				{
					Type TRISTRIP
					Priority 32 
					Idx 8 { 478 470 484 483 483 514 516 515 }
				}
				{
					Type TRISTRIP
					Priority 32 
					Idx 4 { 467 468 470 469 }
				}
				{
					Type TRISTRIP
					Priority 32 
					Idx 4 { 496 493 495 494 }
				}
				{
					Type TRISTRIP
					Priority 32 
					Idx 4 { 526 527 529 528 }
				}
				{
					Type TRISTRIP
					Priority 32 
					Idx 4 { 530 531 533 532 }
				}
				{
					Type TRISTRIP
					Priority 32 
					Idx 4 { 534 535 537 536 }
				}
				{
					Type TRISTRIP
					Priority 32 
					Idx 4 { 585 582 584 583 }
				}
				{
					Type TRISTRIP
					Priority 32 
					Idx 4 { 589 586 588 587 }
				}
				{
					Type TRISTRIP
					Priority 32 
					Idx 24 { 590 591 593 592 599 598 603 602 607 606 611 610 615 614 619 618 623 622 627 626 631 630 679 678 }
				}
				{
					Type TRISTRIP
					Priority 32 
					Idx 4 { 602 605 606 608 }
				}
				{
					Type TRISTRIP
					Priority 32 
					Idx 24 { 594 595 597 596 600 601 605 604 608 609 613 612 616 617 621 620 624 625 629 628 632 633 685 684 }
				}
				{
					Type TRISTRIP
					Priority 32 
					Idx 4 { 610 613 614 616 }
				}
				{
					Type TRISTRIP
					Priority 32 
					Idx 4 { 618 621 622 624 }
				}
				{
					Type TRISTRIP
					Priority 32 
					Idx 4 { 626 629 630 632 }
				}
				{
					Type TRISTRIP
					Priority 32 
					Idx 4 { 592 597 598 600 }
				}
				{
					Type TRISTRIP
					Priority 32 
					Idx 24 { 635 636 634 637 638 639 640 641 642 643 644 645 646 647 648 649 650 651 652 653 654 655 687 686 }
				}
				{
					Type TRISTRIP
					Priority 32 
					Idx 4 { 693 690 692 691 }
				}
				{
					Type TRISTRIP
					Priority 32 
					Idx 4 { 696 697 695 694 }
				}
				{
					Type TRISTRIP
					Priority 32 
					Idx 4 { 701 698 700 699 }
				}
				{
					Type TRISTRIP
					Priority 32 
					Idx 4 { 704 705 703 702 }
				}
				{
					Type TRISTRIP
					Priority 32 
					Idx 4 { 709 706 708 707 }
				}
				{
					Type TRISTRIP
					Priority 32 
					Idx 4 { 712 713 711 710 }
				}
				{
					Type TRISTRIP
					Priority 32 
					Idx 4 { 717 714 716 715 }
				}
				{
					Type TRISTRIP
					Priority 32 
					Idx 4 { 720 721 719 718 }
				}
				{
					Type TRISTRIP
					Priority 32 
					Idx 4 { 725 722 724 723 }
				}
				{
					Type TRISTRIP
					Priority 32 
					Idx 4 { 729 726 728 727 }
				}
				{
					Type TRISTRIP
					Priority 32 
					Idx 4 { 732 733 731 730 }
				}
				{
					Type TRISTRIP
					Priority 32 
					Idx 4 { 737 734 736 735 }
				}
				{
					Type TRISTRIP
					Priority 32 
					Idx 4 { 740 741 739 738 }
				}
				{
					Type TRISTRIP
					Priority 32 
					Idx 4 { 745 742 744 743 }
				}
				{
					Type TRISTRIP
					Priority 32 
					Idx 4 { 748 749 747 746 }
				}
				{
					Type TRISTRIP
					Priority 32 
					Idx 4 { 753 750 752 751 }
				}
				{
					Type TRISTRIP
					Priority 32 
					Idx 4 { 756 757 755 754 }
				}
				{
					Type TRISTRIP
					Priority 32 
					Idx 4 { 761 758 760 759 }
				}
				{
					Type TRISTRIP
					Priority 32 
					Idx 4 { 764 765 763 762 }
				}
				{
					Type TRISTRIP
					Priority 32 
					Idx 4 { 768 769 767 766 }
				}
				{
					Type TRISTRIP
					Priority 32 
					Idx 4 { 773 770 772 771 }
				}
				{
					Type TRISTRIP
					Priority 32 
					Idx 4 { 776 777 775 774 }
				}
				{
					Type TRISTRIP
					Priority 32 
					Idx 25 { 579 575 578 575 574 571 570 567 566 563 562 559 558 555 554 551 550 547 546 541 540 538 539 680 681 }
				}
				{
					Type TRISTRIP2
					Priority 32 
					Idx 4 { 540 543 539 542 }
				}
				{
					Type TRISTRIP2
					Priority 32 
					Idx 24 { 689 688 544 542 545 543 548 549 553 552 556 557 561 560 564 565 569 568 572 573 577 576 580 581 }
				}
				{
					Type TRISTRIP2
					Priority 32 
					Idx 4 { 549 546 552 550 }
				}
				{
					Type TRISTRIP2
					Priority 32 
					Idx 4 { 558 560 554 557 }
				}
				{
					Type TRISTRIP2
					Priority 32 
					Idx 4 { 566 568 562 565 }
				}
				{
					Type TRISTRIP2
					Priority 32 
					Idx 4 { 574 576 570 573 }
				}
				{
					Type TRISTRIP2
					Priority 32 
					Idx 4 { 364 418 420 428 }
				}
				{
					Type TRISTRIP2
					Priority 32 
					Idx 8 { 362 361 363 364 421 420 479 478 }
				}
				{
					Type TRISTRIP2
					Priority 32 
					Idx 8 { 373 417 418 419 428 429 484 525 }
				}
				{
					Type TRISTRIP2
					Priority 32 
					Idx 6 { 19 18 16 17 155 156 }
				}
				{
					Type TRISTRIP2
					Priority 32 
					Idx 4 { 506 443 507 444 }
				}
				{
					Type TRISTRIP2
					Priority 32 
					Idx 16 { 407 406 325 324 326 327 415 416 426 427 443 442 444 441 517 518 }
				}
				{
					Type TRISTRIP2
					Priority 32 
					Idx 4 { 395 325 396 326 }
				}
				{
					Type TRISTRIP2
					Priority 32 
					Idx 6 { 283 286 284 285 287 288 }
				}
				{
					Type TRISTRIP2
					Priority 32 
					Idx 24 { 656 659 657 658 660 661 662 663 664 665 666 667 668 669 670 671 672 673 674 675 676 677 682 683 }
				}
				{
					Type TRISTRIP2
					Priority 32 
					Idx 16 { 171 170 172 169 177 174 182 175 183 176 185 184 186 184 187 188 }
				}
				{
					Type TRISTRIP2
					Priority 32 
					Idx 27 { 232 231 228 230 229 236 229 184 228 184 235 184 237 184 189 176 190 173 192 173 193 191 240 197 241 196 242 }
				}
				{
					Type TRISTRIP
					Priority 32 
					Idx 19 { 175 176 174 173 169 191 170 200 223 209 212 209 210 209 196 200 196 191 197 }
				}
				{
					Type TRISTRIP2
					Priority 32 
					Idx 6 { 158 21 159 24 160 26 }
				}
				{
					Type TRISTRIP2
					Priority 32 
					Idx 7 { 207 206 208 205 212 211 210 }
				}
				{
					Type TRISTRIP
					Priority 32 
					Idx 4 { 96 97 99 98 }
				}
				{
					Type TRISTRIP
					Priority 32 
					Idx 11 { 157 158 20 21 23 21 22 24 25 26 27 }
				}
				{
					Type TRISTRIP2
					Priority 32 
					Idx 4 { 77 95 90 93 }
				}
				{
					Type TRISTRIP2
					Priority 32 
					Idx 16 { 108 107 104 106 105 779 780 778 45 48 45 47 45 46 178 179 }
				}
				{
					Type TRISTRIP2
					Priority 32 
					Idx 13 { 45 178 780 782 780 781 780 227 105 227 104 226 225 }
				}
				{
					Type TRISTRIP
					Priority 32 
					Idx 19 { 92 87 91 69 127 68 164 163 219 163 213 163 198 163 67 68 70 69 87 }
				}
				{
					Type TRISTRIP2
					Priority 32 
					Idx 19 { 103 73 75 30 31 29 28 162 161 162 201 162 224 162 199 29 72 30 73 }
				}
				{
					Type TRISTRIP
					Priority 32 
					Idx 27 { 110 111 109 112 113 119 113 55 109 55 118 55 120 55 61 41 60 40 64 40 63 62 125 66 124 65 126 }
				}
				{
					Type TRISTRIP2
					Priority 32 
					Idx 11 { 130 129 100 128 101 131 195 218 195 244 243 }
				}
				{
					Type TRISTRIP
					Priority 32 
					Idx 9 { 94 93 89 90 88 90 76 77 78 }
				}
				{
					Type TRISTRIP2
					Priority 32 
					Idx 9 { 214 98 194 99 195 99 101 96 100 }
				}
				{
					Type TRISTRIP
					Priority 32 
					Idx 15 { 153 154 152 149 151 149 150 149 148 144 147 144 143 145 146 }
				}
				{
					Type TRISTRIP2
					Priority 32 
					Idx 4 { 154 149 145 144 }
				}
				{
					Type TRISTRIP2
					Priority 32 
					Idx 10 { 167 166 168 165 239 165 238 165 71 166 }
				}
				{
					Type TRISTRIP2
					Priority 32 
					Idx 7 { 431 430 412 411 412 410 389 }
				}
				{
					Type TRISTRIP
					Priority 32 
					Idx 3 { 238 123 71 }
				}
				{
					Type TRISTRIP2
					Priority 32 
					Idx 12 { 122 121 33 32 34 32 35 32 71 32 123 121 }
				}
				{
					Type TRISTRIP2
					Priority 32 
					Idx 13 { 268 115 269 116 270 116 234 116 233 116 117 115 114 }
				}
				{
					Type TRISTRIP
					Priority 32 
					Idx 13 { 203 204 202 216 215 216 217 216 221 216 220 204 222 }
				}
				{
					Type TRISTRIP2
					Priority 32 
					Idx 6 { 66 65 62 74 39 102 }
				}
				{
					Type TRISTRIP2
					Priority 32 
					Idx 18 { 141 140 142 140 138 139 138 137 133 136 133 132 133 135 133 134 138 142 }
				}
				{
					Type TRISTRIP2
					Priority 32 
					Idx 14 { 306 309 307 308 310 308 311 308 316 308 314 308 315 309 }
				}
				{
					Type TRISTRIP2
					Priority 32 
					Idx 19 { 246 245 247 245 248 249 248 250 251 252 251 253 251 254 251 255 251 247 248 }
				}
				{
					Type TRISTRIP
					Priority 32 
					Idx 29 { 56 57 55 58 55 59 41 59 42 53 42 54 42 44 42 43 41 43 40 36 62 36 39 36 38 36 37 43 44 }
				}
				{
					Type TRISTRIP2
					Priority 32 
					Idx 16 { 301 300 299 303 302 312 302 318 317 319 305 313 305 304 299 301 }
				}
				{
					Type TRISTRIP2
					Priority 32 
					Idx 19 { 265 266 262 267 262 258 259 257 259 256 259 260 259 261 262 263 262 264 265 }
				}
				{
					Type TRISTRIP
					Priority 32 
					Idx 15 { 81 82 80 79 80 85 84 86 83 65 83 74 83 102 84 }
				}
			}

		}
		{
			Name "#4" 
			Priority 32 
			Prim 4 { 
				{
					Type TRISTRIP
					Priority 32 
					Idx 11 { 801 799 798 800 790 800 797 800 812 813 814 }
				}
				{
					Type TRISTRIP2
					Priority 32 
					Idx 8 { 807 806 808 809 795 809 797 812 }
				}
				{
					Type TRISTRIP2
					Priority 32 
					Idx 32 { 789 792 790 791 797 791 795 794 796 786 796 783 811 802 810 802 804 802 805 802 803 802 784 783 785 786 787 786 788 794 788 793 }
				}
				{
					Type TRISTRIP2
					Priority 32 
					Idx 4 { 795 796 808 811 }
				}
			}

		}
		{
			Name "#5" 
			Priority 32 
			Prim 2 { 
				{
					Type TRISTRIP
					Priority 32 
					Idx 5 { 816 817 815 818 819 }
				}
				{
					Type TRISTRIP2
					Priority 32 
					Idx 5 { 824 823 820 822 821 }
				}
			}

		}
		{
			Name "#6" 
			Priority 32 
			Prim 2 { 
				{
					Type TRISTRIP
					Priority 32 
					Idx 4 { 227 825 781 826 }
				}
				{
					Type TRISTRIP
					Priority 32 
					Idx 4 { 827 106 828 779 }
				}
			}

		}
	}

	Offset 0 
}
