18:03:31 | INFO: Data are loaded, start creating Blender stuff
18:03:31 | INFO: Blender create Mesh node record_001
18:03:31 | INFO: Blender create Mesh node record_002
18:03:31 | INFO: Blender create Mesh node record_003
18:03:31 | INFO: Blender create Mesh node record_004
18:03:31 | INFO: Blender create Mesh node record_005
18:03:31 | INFO: Blender create Mesh node record_006
18:03:31 | INFO: Blender create Mesh node record_007
18:03:31 | INFO: Blender create Mesh node record_008
18:03:31 | INFO: Blender create Mesh node record_009
18:03:31 | INFO: Blender create Mesh node record_010
18:03:31 | INFO: Blender create Mesh node record_011
18:03:31 | INFO: Blender create Mesh node record_012
18:03:31 | INFO: Blender create Mesh node record_013
18:03:31 | INFO: Blender create Mesh node record_014
18:03:31 | INFO: Blender create Mesh node record_015
18:03:31 | INFO: Blender create Mesh node record_016
18:03:31 | INFO: Blender create Mesh node record_017
18:03:31 | INFO: Blender create Mesh node record_018
18:03:31 | INFO: Blender create Mesh node record_019
18:03:31 | INFO: Blender create Mesh node record_020
18:03:31 | INFO: Blender create Mesh node record_021
18:03:31 | INFO: Blender create Mesh node record_022
18:03:31 | INFO: Blender create Mesh node record_023
18:03:31 | INFO: Blender create Mesh node record_024
18:03:31 | INFO: Blender create Mesh node record_025
18:03:31 | INFO: Blender create Mesh node record_026
18:03:31 | INFO: Blender create Mesh node record_027
18:03:31 | INFO: Blender create Mesh node record_028
18:03:31 | INFO: Blender create Mesh node record_029
18:03:31 | INFO: Blender create Mesh node record_030
18:03:31 | INFO: Blender create Mesh node record_031
18:03:31 | INFO: Blender create Mesh node record_032
18:03:31 | INFO: Blender create Mesh node record_033
18:03:31 | INFO: Blender create Mesh node record_034
18:03:31 | INFO: Blender create Mesh node record_035
18:03:31 | INFO: Blender create Mesh node record_036
18:03:31 | INFO: Blender create Mesh node record_037
18:03:31 | INFO: Blender create Mesh node record_038
18:03:31 | INFO: glTF import finished in 0.18s
{"validated": "49_COUPE.glb", "scenes": 6, "images": 5}
18:03:32 | INFO: Data are loaded, start creating Blender stuff
18:03:32 | INFO: Blender create Mesh node record_001
18:03:32 | INFO: Blender create Mesh node record_002
18:03:32 | INFO: Blender create Mesh node record_003
18:03:32 | INFO: Blender create Mesh node record_004
18:03:32 | INFO: Blender create Mesh node record_005
18:03:32 | INFO: Blender create Mesh node record_006
18:03:32 | INFO: Blender create Mesh node record_007
18:03:32 | INFO: Blender create Mesh node record_008
18:03:32 | INFO: Blender create Mesh node record_009
18:03:32 | INFO: Blender create Mesh node record_010
18:03:32 | INFO: Blender create Mesh node record_011
18:03:32 | INFO: Blender create Mesh node record_012
18:03:32 | INFO: Blender create Mesh node record_013
18:03:32 | INFO: Blender create Mesh node record_014
18:03:32 | INFO: Blender create Mesh node record_015
18:03:32 | INFO: Blender create Mesh node record_016
18:03:32 | INFO: Blender create Mesh node record_017
18:03:32 | INFO: Blender create Mesh node record_018
18:03:32 | INFO: Blender create Mesh node record_019
18:03:32 | INFO: Blender create Mesh node record_020
18:03:32 | INFO: Blender create Mesh node record_021
18:03:32 | INFO: Blender create Mesh node record_022
18:03:32 | INFO: Blender create Mesh node record_023
18:03:32 | INFO: Blender create Mesh node record_024
18:03:32 | INFO: Blender create Mesh node record_025
18:03:32 | INFO: Blender create Mesh node record_026
18:03:32 | INFO: Blender create Mesh node record_027
18:03:32 | INFO: Blender create Mesh node record_028
18:03:32 | INFO: Blender create Mesh node record_029
18:03:32 | INFO: Blender create Mesh node record_030
18:03:32 | INFO: Blender create Mesh node record_031
18:03:32 | INFO: Blender create Mesh node record_032
18:03:32 | INFO: Blender create Mesh node record_033
18:03:32 | INFO: Blender create Mesh node record_034
18:03:32 | INFO: glTF import finished in 0.23s
{"validated": "49_COUPE_MOVIE.glb", "scenes": 6, "images": 4}
18:03:32 | INFO: Data are loaded, start creating Blender stuff
18:03:32 | INFO: Blender create Mesh node record_001
18:03:32 | INFO: Blender create Mesh node record_002
18:03:32 | INFO: Blender create Mesh node record_003
18:03:32 | INFO: Blender create Mesh node record_004
18:03:32 | INFO: Blender create Mesh node record_005
18:03:32 | INFO: Blender create Mesh node record_006
18:03:32 | INFO: Blender create Mesh node record_007
18:03:32 | INFO: Blender create Mesh node record_008
18:03:32 | INFO: Blender create Mesh node record_009
18:03:32 | INFO: Blender create Mesh node record_010
18:03:32 | INFO: Blender create Mesh node record_011
18:03:32 | INFO: Blender create Mesh node record_012
18:03:32 | INFO: Blender create Mesh node record_013
18:03:32 | INFO: Blender create Mesh node record_014
18:03:32 | INFO: Blender create Mesh node record_015
18:03:32 | INFO: Blender create Mesh node record_016
18:03:32 | INFO: Blender create Mesh node record_017
18:03:32 | INFO: Blender create Mesh node record_018
18:03:32 | INFO: Blender create Mesh node record_019
18:03:32 | INFO: Blender create Mesh node record_020
18:03:32 | INFO: Blender create Mesh node record_021
18:03:32 | INFO: Blender create Mesh node record_022
18:03:32 | INFO: Blender create Mesh node record_023
18:03:32 | INFO: Blender create Mesh node record_024
18:03:32 | INFO: Blender create Mesh node record_025
18:03:33 | INFO: Blender create Mesh node record_026
18:03:33 | INFO: Blender create Mesh node record_027
18:03:33 | INFO: Blender create Mesh node record_028
18:03:33 | INFO: Blender create Mesh node record_029
18:03:33 | INFO: Blender create Mesh node record_030
18:03:33 | INFO: Blender create Mesh node record_031
18:03:33 | INFO: Blender create Mesh node record_032
18:03:33 | INFO: Blender create Mesh node record_033
18:03:33 | INFO: Blender create Mesh node record_034
18:03:33 | INFO: Blender create Mesh node record_035
18:03:33 | INFO: Blender create Mesh node record_036
18:03:33 | INFO: Blender create Mesh node record_037
18:03:33 | INFO: Blender create Mesh node record_038
18:03:33 | INFO: Blender create Mesh node record_039
18:03:33 | INFO: Blender create Mesh node record_040
18:03:33 | INFO: Blender create Mesh node record_041
18:03:33 | INFO: Blender create Mesh node record_042
18:03:33 | INFO: Blender create Mesh node record_043
18:03:33 | INFO: Blender create Mesh node record_044
18:03:33 | INFO: Blender create Mesh node record_045
18:03:33 | INFO: Blender create Mesh node record_046
18:03:33 | INFO: Blender create Mesh node record_047
18:03:33 | INFO: Blender create Mesh node record_048
18:03:33 | INFO: Blender create Mesh node record_049
18:03:33 | INFO: glTF import finished in 0.20s
{"validated": "COBRA.glb", "scenes": 6, "images": 6}
18:03:33 | INFO: Data are loaded, start creating Blender stuff
18:03:33 | INFO: Blender create Mesh node record_001
18:03:33 | INFO: Blender create Mesh node record_002
18:03:33 | INFO: Blender create Mesh node record_003
18:03:33 | INFO: Blender create Mesh node record_004
18:03:33 | INFO: Blender create Mesh node record_005
18:03:33 | INFO: Blender create Mesh node record_006
18:03:33 | INFO: Blender create Mesh node record_007
18:03:33 | INFO: Blender create Mesh node record_008
18:03:33 | INFO: Blender create Mesh node record_009
18:03:33 | INFO: Blender create Mesh node record_010
18:03:33 | INFO: Blender create Mesh node record_011
18:03:33 | INFO: Blender create Mesh node record_012
18:03:33 | INFO: Blender create Mesh node record_013
18:03:33 | INFO: Blender create Mesh node record_014
18:03:33 | INFO: Blender create Mesh node record_015
18:03:33 | INFO: Blender create Mesh node record_016
18:03:33 | INFO: Blender create Mesh node record_017
18:03:33 | INFO: Blender create Mesh node record_018
18:03:33 | INFO: Blender create Mesh node record_019
18:03:33 | INFO: Blender create Mesh node record_020
18:03:33 | INFO: Blender create Mesh node record_021
18:03:33 | INFO: Blender create Mesh node record_022
18:03:33 | INFO: Blender create Mesh node record_023
18:03:33 | INFO: Blender create Mesh node record_024
18:03:33 | INFO: Blender create Mesh node record_025
18:03:33 | INFO: Blender create Mesh node record_026
18:03:33 | INFO: Blender create Mesh node record_027
18:03:33 | INFO: Blender create Mesh node record_028
18:03:33 | INFO: Blender create Mesh node record_029
18:03:33 | INFO: Blender create Mesh node record_030
18:03:33 | INFO: Blender create Mesh node record_031
18:03:33 | INFO: Blender create Mesh node record_032
18:03:33 | INFO: Blender create Mesh node record_033
18:03:33 | INFO: Blender create Mesh node record_034
18:03:33 | INFO: Blender create Mesh node record_035
18:03:33 | INFO: Blender create Mesh node record_036
18:03:33 | INFO: Blender create Mesh node record_037
18:03:33 | INFO: Blender create Mesh node record_038
18:03:33 | INFO: Blender create Mesh node record_039
18:03:33 | INFO: Blender create Mesh node record_040
18:03:33 | INFO: Blender create Mesh node record_041
18:03:33 | INFO: Blender create Mesh node record_042
18:03:33 | INFO: Blender create Mesh node record_043
18:03:33 | INFO: Blender create Mesh node record_044
18:03:33 | INFO: Blender create Mesh node record_045
18:03:33 | INFO: Blender create Mesh node record_046
18:03:33 | INFO: Blender create Mesh node record_047
18:03:33 | INFO: Blender create Mesh node record_048
18:03:33 | INFO: Blender create Mesh node record_049
18:03:33 | INFO: Blender create Mesh node record_050
18:03:33 | INFO: Blender create Mesh node record_051
18:03:33 | INFO: Blender create Mesh node record_052
18:03:33 | INFO: Blender create Mesh node record_053
18:03:33 | INFO: Blender create Mesh node record_054
18:03:33 | INFO: Blender create Mesh node record_055
18:03:33 | INFO: Blender create Mesh node record_056
18:03:33 | INFO: Blender create Mesh node record_057
18:03:33 | INFO: Blender create Mesh node record_058
18:03:33 | INFO: Blender create Mesh node record_059
18:03:33 | INFO: Blender create Mesh node record_060
18:03:33 | INFO: Blender create Mesh node record_061
18:03:33 | INFO: Blender create Mesh node record_062
18:03:33 | INFO: Blender create Mesh node record_063
18:03:33 | INFO: Blender create Mesh node record_064
18:03:33 | INFO: Blender create Mesh node record_065
18:03:33 | INFO: Blender create Mesh node record_066
18:03:33 | INFO: Blender create Mesh node record_067
18:03:33 | INFO: glTF import finished in 0.23s
{"validated": "CROWN_VICTORIA.glb", "scenes": 6, "images": 6}
18:03:33 | INFO: Data are loaded, start creating Blender stuff
18:03:33 | INFO: Blender create Mesh node record_001
18:03:33 | INFO: Blender create Mesh node record_002
18:03:33 | INFO: Blender create Mesh node record_003
18:03:33 | INFO: Blender create Mesh node record_004
18:03:33 | INFO: Blender create Mesh node record_005
18:03:33 | INFO: Blender create Mesh node record_006
18:03:33 | INFO: Blender create Mesh node record_007
18:03:33 | INFO: Blender create Mesh node record_008
18:03:33 | INFO: Blender create Mesh node record_009
18:03:33 | INFO: Blender create Mesh node record_010
18:03:33 | INFO: Blender create Mesh node record_011
18:03:33 | INFO: Blender create Mesh node record_012
18:03:33 | INFO: Blender create Mesh node record_013
18:03:33 | INFO: Blender create Mesh node record_014
18:03:33 | INFO: Blender create Mesh node record_015
18:03:33 | INFO: Blender create Mesh node record_016
18:03:33 | INFO: Blender create Mesh node record_017
18:03:33 | INFO: Blender create Mesh node record_018
18:03:33 | INFO: Blender create Mesh node record_019
18:03:33 | INFO: Blender create Mesh node record_020
18:03:33 | INFO: Blender create Mesh node record_021
18:03:33 | INFO: Blender create Mesh node record_022
18:03:33 | INFO: Blender create Mesh node record_023
18:03:34 | INFO: Blender create Mesh node record_024
18:03:34 | INFO: Blender create Mesh node record_025
18:03:34 | INFO: Blender create Mesh node record_026
18:03:34 | INFO: Blender create Mesh node record_027
18:03:34 | INFO: Blender create Mesh node record_028
18:03:34 | INFO: Blender create Mesh node record_029
18:03:34 | INFO: Blender create Mesh node record_030
18:03:34 | INFO: Blender create Mesh node record_031
18:03:34 | INFO: Blender create Mesh node record_032
18:03:34 | INFO: Blender create Mesh node record_033
18:03:34 | INFO: Blender create Mesh node record_034
18:03:34 | INFO: Blender create Mesh node record_035
18:03:34 | INFO: Blender create Mesh node record_036
18:03:34 | INFO: Blender create Mesh node record_037
18:03:34 | INFO: Blender create Mesh node record_038
18:03:34 | INFO: Blender create Mesh node record_039
18:03:34 | INFO: Blender create Mesh node record_040
18:03:34 | INFO: Blender create Mesh node record_041
18:03:34 | INFO: Blender create Mesh node record_042
18:03:34 | INFO: Blender create Mesh node record_043
18:03:34 | INFO: Blender create Mesh node record_044
18:03:34 | INFO: Blender create Mesh node record_045
18:03:34 | INFO: Blender create Mesh node record_046
18:03:34 | INFO: Blender create Mesh node record_047
18:03:34 | INFO: Blender create Mesh node record_048
18:03:34 | INFO: Blender create Mesh node record_049
18:03:34 | INFO: Blender create Mesh node record_050
18:03:34 | INFO: Blender create Mesh node record_051
18:03:34 | INFO: Blender create Mesh node record_052
18:03:34 | INFO: Blender create Mesh node record_053
18:03:34 | INFO: Blender create Mesh node record_054
18:03:34 | INFO: Blender create Mesh node record_055
18:03:34 | INFO: Blender create Mesh node record_056
18:03:34 | INFO: Blender create Mesh node record_057
18:03:34 | INFO: Blender create Mesh node record_058
18:03:34 | INFO: Blender create Mesh node record_059
18:03:34 | INFO: Blender create Mesh node record_060
18:03:34 | INFO: Blender create Mesh node record_061
18:03:34 | INFO: glTF import finished in 0.24s
{"validated": "EX.glb", "scenes": 6, "images": 6}
18:03:34 | INFO: Data are loaded, start creating Blender stuff
18:03:34 | INFO: Blender create Mesh node record_001
18:03:34 | INFO: Blender create Mesh node record_002
18:03:34 | INFO: Blender create Mesh node record_003
18:03:34 | INFO: Blender create Mesh node record_004
18:03:34 | INFO: Blender create Mesh node record_005
18:03:34 | INFO: Blender create Mesh node record_006
18:03:34 | INFO: Blender create Mesh node record_007
18:03:34 | INFO: Blender create Mesh node record_008
18:03:34 | INFO: Blender create Mesh node record_009
18:03:34 | INFO: Blender create Mesh node record_010
18:03:34 | INFO: Blender create Mesh node record_011
18:03:34 | INFO: Blender create Mesh node record_012
18:03:34 | INFO: Blender create Mesh node record_013
18:03:34 | INFO: Blender create Mesh node record_014
18:03:34 | INFO: Blender create Mesh node record_015
18:03:34 | INFO: Blender create Mesh node record_016
18:03:34 | INFO: Blender create Mesh node record_017
18:03:34 | INFO: Blender create Mesh node record_018
18:03:34 | INFO: Blender create Mesh node record_019
18:03:34 | INFO: Blender create Mesh node record_020
18:03:34 | INFO: Blender create Mesh node record_021
18:03:34 | INFO: Blender create Mesh node record_022
18:03:34 | INFO: Blender create Mesh node record_023
18:03:34 | INFO: Blender create Mesh node record_024
18:03:34 | INFO: Blender create Mesh node record_025
18:03:34 | INFO: Blender create Mesh node record_026
18:03:34 | INFO: Blender create Mesh node record_027
18:03:34 | INFO: Blender create Mesh node record_028
18:03:34 | INFO: Blender create Mesh node record_029
18:03:34 | INFO: Blender create Mesh node record_030
18:03:34 | INFO: Blender create Mesh node record_031
18:03:34 | INFO: Blender create Mesh node record_032
18:03:34 | INFO: Blender create Mesh node record_033
18:03:34 | INFO: Blender create Mesh node record_034
18:03:34 | INFO: Blender create Mesh node record_035
18:03:34 | INFO: Blender create Mesh node record_036
18:03:34 | INFO: Blender create Mesh node record_037
18:03:34 | INFO: Blender create Mesh node record_038
18:03:34 | INFO: Blender create Mesh node record_039
18:03:34 | INFO: Blender create Mesh node record_040
18:03:34 | INFO: Blender create Mesh node record_041
18:03:34 | INFO: Blender create Mesh node record_042
18:03:34 | INFO: Blender create Mesh node record_043
18:03:34 | INFO: Blender create Mesh node record_044
18:03:34 | INFO: Blender create Mesh node record_045
18:03:34 | INFO: Blender create Mesh node record_046
18:03:34 | INFO: Blender create Mesh node record_047
18:03:34 | INFO: Blender create Mesh node record_048
18:03:34 | INFO: Blender create Mesh node record_049
18:03:34 | INFO: glTF import finished in 0.34s
{"validated": "EXPLORER.glb", "scenes": 6, "images": 6}
18:03:35 | INFO: Data are loaded, start creating Blender stuff
18:03:35 | INFO: Blender create Mesh node record_001
18:03:35 | INFO: Blender create Mesh node record_002
18:03:35 | INFO: Blender create Mesh node record_003
18:03:35 | INFO: Blender create Mesh node record_004
18:03:35 | INFO: Blender create Mesh node record_005
18:03:35 | INFO: Blender create Mesh node record_006
18:03:35 | INFO: Blender create Mesh node record_007
18:03:35 | INFO: Blender create Mesh node record_008
18:03:35 | INFO: Blender create Mesh node record_009
18:03:35 | INFO: Blender create Mesh node record_010
18:03:35 | INFO: Blender create Mesh node record_011
18:03:35 | INFO: Blender create Mesh node record_012
18:03:35 | INFO: Blender create Mesh node record_013
18:03:35 | INFO: Blender create Mesh node record_014
18:03:35 | INFO: Blender create Mesh node record_015
18:03:35 | INFO: Blender create Mesh node record_016
18:03:35 | INFO: Blender create Mesh node record_017
18:03:35 | INFO: Blender create Mesh node record_018
18:03:35 | INFO: Blender create Mesh node record_019
18:03:35 | INFO: Blender create Mesh node record_020
18:03:35 | INFO: Blender create Mesh node record_021
18:03:35 | INFO: Blender create Mesh node record_022
18:03:35 | INFO: Blender create Mesh node record_023
18:03:35 | INFO: Blender create Mesh node record_024
18:03:35 | INFO: Blender create Mesh node record_025
18:03:35 | INFO: Blender create Mesh node record_026
18:03:35 | INFO: Blender create Mesh node record_027
18:03:35 | INFO: Blender create Mesh node record_028
18:03:35 | INFO: Blender create Mesh node record_029
18:03:35 | INFO: Blender create Mesh node record_030
18:03:35 | INFO: Blender create Mesh node record_031
18:03:35 | INFO: Blender create Mesh node record_032
18:03:35 | INFO: Blender create Mesh node record_033
18:03:35 | INFO: Blender create Mesh node record_034
18:03:35 | INFO: Blender create Mesh node record_035
18:03:35 | INFO: Blender create Mesh node record_036
18:03:35 | INFO: Blender create Mesh node record_037
18:03:35 | INFO: Blender create Mesh node record_038
18:03:35 | INFO: Blender create Mesh node record_039
18:03:35 | INFO: Blender create Mesh node record_040
18:03:35 | INFO: Blender create Mesh node record_041
18:03:35 | INFO: glTF import finished in 0.30s
{"validated": "F100_1956.glb", "scenes": 6, "images": 5}
18:03:36 | INFO: Data are loaded, start creating Blender stuff
18:03:36 | INFO: Blender create Mesh node record_001
18:03:36 | INFO: Blender create Mesh node record_002
18:03:36 | INFO: Blender create Mesh node record_003
18:03:36 | INFO: Blender create Mesh node record_004
18:03:36 | INFO: Blender create Mesh node record_005
18:03:36 | INFO: Blender create Mesh node record_006
18:03:36 | INFO: Blender create Mesh node record_007
18:03:36 | INFO: Blender create Mesh node record_008
18:03:36 | INFO: Blender create Mesh node record_009
18:03:36 | INFO: Blender create Mesh node record_010
18:03:36 | INFO: Blender create Mesh node record_011
18:03:36 | INFO: Blender create Mesh node record_012
18:03:36 | INFO: Blender create Mesh node record_013
18:03:36 | INFO: Blender create Mesh node record_014
18:03:36 | INFO: Blender create Mesh node record_015
18:03:36 | INFO: Blender create Mesh node record_016
18:03:36 | INFO: Blender create Mesh node record_017
18:03:36 | INFO: Blender create Mesh node record_018
18:03:36 | INFO: Blender create Mesh node record_019
18:03:36 | INFO: Blender create Mesh node record_020
18:03:36 | INFO: Blender create Mesh node record_021
18:03:36 | INFO: Blender create Mesh node record_022
18:03:36 | INFO: Blender create Mesh node record_023
18:03:36 | INFO: Blender create Mesh node record_024
18:03:36 | INFO: Blender create Mesh node record_025
18:03:36 | INFO: Blender create Mesh node record_026
18:03:36 | INFO: Blender create Mesh node record_027
18:03:36 | INFO: Blender create Mesh node record_028
18:03:36 | INFO: Blender create Mesh node record_029
18:03:36 | INFO: Blender create Mesh node record_030
18:03:36 | INFO: Blender create Mesh node record_031
18:03:36 | INFO: Blender create Mesh node record_032
18:03:36 | INFO: Blender create Mesh node record_033
18:03:36 | INFO: Blender create Mesh node record_034
18:03:36 | INFO: Blender create Mesh node record_035
18:03:36 | INFO: glTF import finished in 0.13s
{"validated": "F100_1965.glb", "scenes": 6, "images": 5}
18:03:36 | INFO: Data are loaded, start creating Blender stuff
18:03:36 | INFO: Blender create Mesh node record_001
18:03:36 | INFO: Blender create Mesh node record_002
18:03:36 | INFO: Blender create Mesh node record_003
18:03:36 | INFO: Blender create Mesh node record_004
18:03:36 | INFO: Blender create Mesh node record_005
18:03:36 | INFO: Blender create Mesh node record_006
18:03:36 | INFO: Blender create Mesh node record_007
18:03:36 | INFO: Blender create Mesh node record_008
18:03:36 | INFO: Blender create Mesh node record_009
18:03:36 | INFO: Blender create Mesh node record_010
18:03:36 | INFO: Blender create Mesh node record_011
18:03:36 | INFO: Blender create Mesh node record_012
18:03:36 | INFO: Blender create Mesh node record_013
18:03:36 | INFO: Blender create Mesh node record_014
18:03:36 | INFO: Blender create Mesh node record_015
18:03:36 | INFO: Blender create Mesh node record_016
18:03:36 | INFO: Blender create Mesh node record_017
18:03:36 | INFO: Blender create Mesh node record_018
18:03:36 | INFO: Blender create Mesh node record_019
18:03:36 | INFO: Blender create Mesh node record_020
18:03:36 | INFO: Blender create Mesh node record_021
18:03:36 | INFO: Blender create Mesh node record_022
18:03:36 | INFO: Blender create Mesh node record_023
18:03:36 | INFO: Blender create Mesh node record_024
18:03:36 | INFO: Blender create Mesh node record_025
18:03:36 | INFO: Blender create Mesh node record_026
18:03:36 | INFO: Blender create Mesh node record_027
18:03:36 | INFO: Blender create Mesh node record_028
18:03:36 | INFO: Blender create Mesh node record_029
18:03:36 | INFO: Blender create Mesh node record_030
18:03:36 | INFO: Blender create Mesh node record_031
18:03:36 | INFO: Blender create Mesh node record_032
18:03:36 | INFO: Blender create Mesh node record_033
18:03:36 | INFO: Blender create Mesh node record_034
18:03:36 | INFO: Blender create Mesh node record_035
18:03:36 | INFO: Blender create Mesh node record_036
18:03:36 | INFO: Blender create Mesh node record_037
18:03:36 | INFO: Blender create Mesh node record_038
18:03:36 | INFO: Blender create Mesh node record_039
18:03:36 | INFO: Blender create Mesh node record_040
18:03:36 | INFO: Blender create Mesh node record_041
18:03:36 | INFO: Blender create Mesh node record_042
18:03:36 | INFO: Blender create Mesh node record_043
18:03:36 | INFO: Blender create Mesh node record_044
18:03:36 | INFO: Blender create Mesh node record_045
18:03:36 | INFO: Blender create Mesh node record_046
18:03:36 | INFO: Blender create Mesh node record_047
18:03:36 | INFO: Blender create Mesh node record_048
18:03:36 | INFO: Blender create Mesh node record_049
18:03:36 | INFO: Blender create Mesh node record_050
18:03:36 | INFO: Blender create Mesh node record_051
18:03:36 | INFO: glTF import finished in 0.18s
{"validated": "F150.glb", "scenes": 6, "images": 6}
18:03:37 | INFO: Data are loaded, start creating Blender stuff
18:03:37 | INFO: Blender create Mesh node record_001
18:03:37 | INFO: Blender create Mesh node record_002
18:03:37 | INFO: Blender create Mesh node record_003
18:03:37 | INFO: Blender create Mesh node record_004
18:03:37 | INFO: Blender create Mesh node record_005
18:03:37 | INFO: Blender create Mesh node record_006
18:03:37 | INFO: Blender create Mesh node record_007
18:03:37 | INFO: Blender create Mesh node record_008
18:03:37 | INFO: Blender create Mesh node record_009
18:03:37 | INFO: Blender create Mesh node record_010
18:03:37 | INFO: Blender create Mesh node record_011
18:03:37 | INFO: Blender create Mesh node record_012
18:03:37 | INFO: Blender create Mesh node record_013
18:03:37 | INFO: Blender create Mesh node record_014
18:03:37 | INFO: Blender create Mesh node record_015
18:03:37 | INFO: Blender create Mesh node record_016
18:03:37 | INFO: Blender create Mesh node record_017
18:03:37 | INFO: Blender create Mesh node record_018
18:03:37 | INFO: Blender create Mesh node record_019
18:03:37 | INFO: Blender create Mesh node record_020
18:03:37 | INFO: Blender create Mesh node record_021
18:03:37 | INFO: Blender create Mesh node record_022
18:03:37 | INFO: Blender create Mesh node record_023
18:03:37 | INFO: Blender create Mesh node record_024
18:03:37 | INFO: Blender create Mesh node record_025
18:03:37 | INFO: Blender create Mesh node record_026
18:03:37 | INFO: Blender create Mesh node record_027
18:03:37 | INFO: Blender create Mesh node record_028
18:03:37 | INFO: Blender create Mesh node record_029
18:03:37 | INFO: Blender create Mesh node record_030
18:03:37 | INFO: Blender create Mesh node record_031
18:03:37 | INFO: Blender create Mesh node record_032
18:03:37 | INFO: Blender create Mesh node record_033
18:03:37 | INFO: Blender create Mesh node record_034
18:03:37 | INFO: Blender create Mesh node record_035
18:03:37 | INFO: Blender create Mesh node record_036
18:03:37 | INFO: Blender create Mesh node record_037
18:03:37 | INFO: Blender create Mesh node record_038
18:03:37 | INFO: Blender create Mesh node record_039
18:03:37 | INFO: Blender create Mesh node record_040
18:03:37 | INFO: Blender create Mesh node record_041
18:03:37 | INFO: Blender create Mesh node record_042
18:03:37 | INFO: Blender create Mesh node record_043
18:03:37 | INFO: Blender create Mesh node record_044
18:03:37 | INFO: Blender create Mesh node record_045
18:03:37 | INFO: glTF import finished in 0.15s
{"validated": "F150_2004.glb", "scenes": 6, "images": 6}
18:03:38 | INFO: Data are loaded, start creating Blender stuff
18:03:38 | INFO: Blender create Mesh node record_001
18:03:38 | INFO: Blender create Mesh node record_002
18:03:38 | INFO: Blender create Mesh node record_003
18:03:38 | INFO: Blender create Mesh node record_004
18:03:38 | INFO: Blender create Mesh node record_005
18:03:38 | INFO: Blender create Mesh node record_006
18:03:38 | INFO: Blender create Mesh node record_007
18:03:38 | INFO: Blender create Mesh node record_008
18:03:38 | INFO: Blender create Mesh node record_009
18:03:38 | INFO: Blender create Mesh node record_010
18:03:38 | INFO: Blender create Mesh node record_011
18:03:38 | INFO: Blender create Mesh node record_012
18:03:38 | INFO: Blender create Mesh node record_013
18:03:38 | INFO: Blender create Mesh node record_014
18:03:38 | INFO: Blender create Mesh node record_015
18:03:38 | INFO: Blender create Mesh node record_016
18:03:38 | INFO: Blender create Mesh node record_017
18:03:38 | INFO: Blender create Mesh node record_018
18:03:38 | INFO: Blender create Mesh node record_019
18:03:38 | INFO: Blender create Mesh node record_020
18:03:38 | INFO: Blender create Mesh node record_021
18:03:38 | INFO: Blender create Mesh node record_022
18:03:38 | INFO: Blender create Mesh node record_023
18:03:38 | INFO: Blender create Mesh node record_024
18:03:38 | INFO: Blender create Mesh node record_025
18:03:38 | INFO: Blender create Mesh node record_026
18:03:38 | INFO: Blender create Mesh node record_027
18:03:38 | INFO: Blender create Mesh node record_028
18:03:38 | INFO: Blender create Mesh node record_029
18:03:38 | INFO: Blender create Mesh node record_030
18:03:38 | INFO: Blender create Mesh node record_031
18:03:38 | INFO: Blender create Mesh node record_032
18:03:38 | INFO: Blender create Mesh node record_033
18:03:38 | INFO: Blender create Mesh node record_034
18:03:38 | INFO: Blender create Mesh node record_035
18:03:38 | INFO: Blender create Mesh node record_036
18:03:38 | INFO: Blender create Mesh node record_037
18:03:38 | INFO: Blender create Mesh node record_038
18:03:38 | INFO: Blender create Mesh node record_039
18:03:38 | INFO: Blender create Mesh node record_040
18:03:38 | INFO: Blender create Mesh node record_041
18:03:38 | INFO: Blender create Mesh node record_042
18:03:38 | INFO: Blender create Mesh node record_043
18:03:38 | INFO: Blender create Mesh node record_044
18:03:38 | INFO: Blender create Mesh node record_045
18:03:38 | INFO: Blender create Mesh node record_046
18:03:38 | INFO: Blender create Mesh node record_047
18:03:38 | INFO: Blender create Mesh node record_048
18:03:38 | INFO: glTF import finished in 0.21s
{"validated": "F350.glb", "scenes": 6, "images": 6}
18:03:38 | INFO: Data are loaded, start creating Blender stuff
18:03:38 | INFO: Blender create Mesh node record_001
18:03:38 | INFO: Blender create Mesh node record_002
18:03:38 | INFO: Blender create Mesh node record_003
18:03:38 | INFO: Blender create Mesh node record_004
18:03:38 | INFO: Blender create Mesh node record_005
18:03:38 | INFO: Blender create Mesh node record_006
18:03:38 | INFO: Blender create Mesh node record_007
18:03:38 | INFO: Blender create Mesh node record_008
18:03:38 | INFO: Blender create Mesh node record_009
18:03:38 | INFO: Blender create Mesh node record_010
18:03:38 | INFO: Blender create Mesh node record_011
18:03:38 | INFO: Blender create Mesh node record_012
18:03:38 | INFO: Blender create Mesh node record_013
18:03:38 | INFO: Blender create Mesh node record_014
18:03:38 | INFO: Blender create Mesh node record_015
18:03:38 | INFO: Blender create Mesh node record_016
18:03:38 | INFO: Blender create Mesh node record_017
18:03:38 | INFO: Blender create Mesh node record_018
18:03:38 | INFO: Blender create Mesh node record_019
18:03:38 | INFO: Blender create Mesh node record_020
18:03:38 | INFO: Blender create Mesh node record_021
18:03:38 | INFO: Blender create Mesh node record_022
18:03:38 | INFO: Blender create Mesh node record_023
18:03:38 | INFO: Blender create Mesh node record_024
18:03:38 | INFO: Blender create Mesh node record_025
18:03:38 | INFO: Blender create Mesh node record_026
18:03:38 | INFO: Blender create Mesh node record_027
18:03:38 | INFO: Blender create Mesh node record_028
18:03:38 | INFO: Blender create Mesh node record_029
18:03:38 | INFO: Blender create Mesh node record_030
18:03:38 | INFO: Blender create Mesh node record_031
18:03:38 | INFO: Blender create Mesh node record_032
18:03:38 | INFO: Blender create Mesh node record_033
18:03:38 | INFO: Blender create Mesh node record_034
18:03:38 | INFO: Blender create Mesh node record_035
18:03:38 | INFO: Blender create Mesh node record_036
18:03:38 | INFO: Blender create Mesh node record_037
18:03:38 | INFO: Blender create Mesh node record_038
18:03:38 | INFO: Blender create Mesh node record_039
18:03:38 | INFO: Blender create Mesh node record_040
18:03:38 | INFO: Blender create Mesh node record_041
18:03:38 | INFO: Blender create Mesh node record_042
18:03:38 | INFO: Blender create Mesh node record_043
18:03:38 | INFO: Blender create Mesh node record_044
18:03:38 | INFO: Blender create Mesh node record_045
18:03:38 | INFO: Blender create Mesh node record_046
18:03:38 | INFO: Blender create Mesh node record_047
18:03:38 | INFO: Blender create Mesh node record_048
18:03:38 | INFO: Blender create Mesh node record_049
18:03:38 | INFO: Blender create Mesh node record_050
18:03:38 | INFO: Blender create Mesh node record_051
18:03:38 | INFO: Blender create Mesh node record_052
18:03:38 | INFO: Blender create Mesh node record_053
18:03:38 | INFO: Blender create Mesh node record_054
18:03:38 | INFO: Blender create Mesh node record_055
18:03:38 | INFO: Blender create Mesh node record_056
18:03:38 | INFO: Blender create Mesh node record_057
18:03:38 | INFO: Blender create Mesh node record_058
18:03:38 | INFO: Blender create Mesh node record_059
18:03:38 | INFO: Blender create Mesh node record_060
18:03:38 | INFO: Blender create Mesh node record_061
18:03:38 | INFO: Blender create Mesh node record_062
18:03:38 | INFO: Blender create Mesh node record_063
18:03:38 | INFO: Blender create Mesh node record_064
18:03:38 | INFO: Blender create Mesh node record_065
18:03:38 | INFO: glTF import finished in 0.23s
{"validated": "FOCUS_FR200.glb", "scenes": 6, "images": 7}
18:03:39 | INFO: Data are loaded, start creating Blender stuff
18:03:39 | INFO: Blender create Mesh node record_001
18:03:39 | INFO: Blender create Mesh node record_002
18:03:39 | INFO: Blender create Mesh node record_003
18:03:39 | INFO: Blender create Mesh node record_004
18:03:39 | INFO: Blender create Mesh node record_005
18:03:39 | INFO: Blender create Mesh node record_006
18:03:39 | INFO: Blender create Mesh node record_007
18:03:39 | INFO: Blender create Mesh node record_008
18:03:39 | INFO: Blender create Mesh node record_009
18:03:39 | INFO: Blender create Mesh node record_010
18:03:39 | INFO: Blender create Mesh node record_011
18:03:39 | INFO: Blender create Mesh node record_012
18:03:39 | INFO: Blender create Mesh node record_013
18:03:39 | INFO: Blender create Mesh node record_014
18:03:39 | INFO: Blender create Mesh node record_015
18:03:39 | INFO: Blender create Mesh node record_016
18:03:39 | INFO: Blender create Mesh node record_017
18:03:39 | INFO: Blender create Mesh node record_018
18:03:39 | INFO: Blender create Mesh node record_019
18:03:39 | INFO: Blender create Mesh node record_020
18:03:39 | INFO: Blender create Mesh node record_021
18:03:39 | INFO: Blender create Mesh node record_022
18:03:39 | INFO: Blender create Mesh node record_023
18:03:39 | INFO: Blender create Mesh node record_024
18:03:39 | INFO: Blender create Mesh node record_025
18:03:39 | INFO: Blender create Mesh node record_026
18:03:39 | INFO: Blender create Mesh node record_027
18:03:39 | INFO: Blender create Mesh node record_028
18:03:39 | INFO: Blender create Mesh node record_029
18:03:39 | INFO: Blender create Mesh node record_030
18:03:39 | INFO: Blender create Mesh node record_031
18:03:39 | INFO: Blender create Mesh node record_032
18:03:39 | INFO: Blender create Mesh node record_033
18:03:39 | INFO: Blender create Mesh node record_034
18:03:39 | INFO: Blender create Mesh node record_035
18:03:39 | INFO: Blender create Mesh node record_036
18:03:39 | INFO: Blender create Mesh node record_037
18:03:39 | INFO: Blender create Mesh node record_038
18:03:39 | INFO: Blender create Mesh node record_039
18:03:39 | INFO: Blender create Mesh node record_040
18:03:39 | INFO: Blender create Mesh node record_041
18:03:39 | INFO: Blender create Mesh node record_042
18:03:39 | INFO: Blender create Mesh node record_043
18:03:39 | INFO: Blender create Mesh node record_044
18:03:39 | INFO: Blender create Mesh node record_045
18:03:39 | INFO: Blender create Mesh node record_046
18:03:39 | INFO: Blender create Mesh node record_047
18:03:39 | INFO: Blender create Mesh node record_048
18:03:39 | INFO: Blender create Mesh node record_049
18:03:39 | INFO: Blender create Mesh node record_050
18:03:39 | INFO: Blender create Mesh node record_051
18:03:39 | INFO: Blender create Mesh node record_052
18:03:39 | INFO: Blender create Mesh node record_053
18:03:39 | INFO: Blender create Mesh node record_054
18:03:39 | INFO: Blender create Mesh node record_055
18:03:39 | INFO: Blender create Mesh node record_056
18:03:39 | INFO: Blender create Mesh node record_057
18:03:39 | INFO: glTF import finished in 0.30s
{"validated": "FOCUS_SVT.glb", "scenes": 6, "images": 6}
18:03:39 | INFO: Data are loaded, start creating Blender stuff
18:03:39 | INFO: Blender create Mesh node record_001
18:03:39 | INFO: Blender create Mesh node record_002
18:03:39 | INFO: Blender create Mesh node record_003
18:03:39 | INFO: Blender create Mesh node record_004
18:03:39 | INFO: Blender create Mesh node record_005
18:03:39 | INFO: Blender create Mesh node record_006
18:03:39 | INFO: Blender create Mesh node record_007
18:03:39 | INFO: Blender create Mesh node record_008
18:03:39 | INFO: Blender create Mesh node record_009
18:03:39 | INFO: Blender create Mesh node record_010
18:03:39 | INFO: Blender create Mesh node record_011
18:03:39 | INFO: Blender create Mesh node record_012
18:03:39 | INFO: Blender create Mesh node record_013
18:03:39 | INFO: Blender create Mesh node record_014
18:03:39 | INFO: Blender create Mesh node record_015
18:03:39 | INFO: Blender create Mesh node record_016
18:03:39 | INFO: Blender create Mesh node record_017
18:03:39 | INFO: Blender create Mesh node record_018
18:03:39 | INFO: Blender create Mesh node record_019
18:03:39 | INFO: Blender create Mesh node record_020
18:03:39 | INFO: Blender create Mesh node record_021
18:03:40 | INFO: Blender create Mesh node record_022
18:03:40 | INFO: Blender create Mesh node record_023
18:03:40 | INFO: Blender create Mesh node record_024
18:03:40 | INFO: Blender create Mesh node record_025
18:03:40 | INFO: Blender create Mesh node record_026
18:03:40 | INFO: Blender create Mesh node record_027
18:03:40 | INFO: Blender create Mesh node record_028
18:03:40 | INFO: Blender create Mesh node record_029
18:03:40 | INFO: Blender create Mesh node record_030
18:03:40 | INFO: Blender create Mesh node record_031
18:03:40 | INFO: Blender create Mesh node record_032
18:03:40 | INFO: Blender create Mesh node record_033
18:03:40 | INFO: Blender create Mesh node record_034
18:03:40 | INFO: Blender create Mesh node record_035
18:03:40 | INFO: Blender create Mesh node record_036
18:03:40 | INFO: Blender create Mesh node record_037
18:03:40 | INFO: Blender create Mesh node record_038
18:03:40 | INFO: Blender create Mesh node record_039
18:03:40 | INFO: Blender create Mesh node record_040
18:03:40 | INFO: Blender create Mesh node record_041
18:03:40 | INFO: Blender create Mesh node record_042
18:03:40 | INFO: Blender create Mesh node record_043
18:03:40 | INFO: Blender create Mesh node record_044
18:03:40 | INFO: Blender create Mesh node record_045
18:03:40 | INFO: Blender create Mesh node record_046
18:03:40 | INFO: Blender create Mesh node record_047
18:03:40 | INFO: Blender create Mesh node record_048
18:03:40 | INFO: Blender create Mesh node record_049
18:03:40 | INFO: Blender create Mesh node record_050
18:03:40 | INFO: Blender create Mesh node record_051
18:03:40 | INFO: Blender create Mesh node record_052
18:03:40 | INFO: Blender create Mesh node record_053
18:03:40 | INFO: Blender create Mesh node record_054
18:03:40 | INFO: Blender create Mesh node record_055
18:03:40 | INFO: Blender create Mesh node record_056
18:03:40 | INFO: Blender create Mesh node record_057
18:03:40 | INFO: Blender create Mesh node record_058
18:03:40 | INFO: Blender create Mesh node record_059
18:03:40 | INFO: Blender create Mesh node record_060
18:03:40 | INFO: Blender create Mesh node record_061
18:03:40 | INFO: Blender create Mesh node record_062
18:03:40 | INFO: Blender create Mesh node record_063
18:03:40 | INFO: Blender create Mesh node record_064
18:03:40 | INFO: Blender create Mesh node record_065
18:03:40 | INFO: glTF import finished in 0.28s
{"validated": "FOCUS_WRC.glb", "scenes": 6, "images": 7}
18:03:40 | INFO: Data are loaded, start creating Blender stuff
18:03:40 | INFO: Blender create Mesh node record_001
18:03:40 | INFO: Blender create Mesh node record_002
18:03:40 | INFO: Blender create Mesh node record_003
18:03:40 | INFO: Blender create Mesh node record_004
18:03:40 | INFO: Blender create Mesh node record_005
18:03:40 | INFO: Blender create Mesh node record_006
18:03:40 | INFO: Blender create Mesh node record_007
18:03:40 | INFO: Blender create Mesh node record_008
18:03:40 | INFO: Blender create Mesh node record_009
18:03:40 | INFO: Blender create Mesh node record_010
18:03:40 | INFO: Blender create Mesh node record_011
18:03:40 | INFO: Blender create Mesh node record_012
18:03:40 | INFO: Blender create Mesh node record_013
18:03:40 | INFO: Blender create Mesh node record_014
18:03:40 | INFO: Blender create Mesh node record_015
18:03:40 | INFO: Blender create Mesh node record_016
18:03:40 | INFO: Blender create Mesh node record_017
18:03:40 | INFO: Blender create Mesh node record_018
18:03:40 | INFO: Blender create Mesh node record_019
18:03:40 | INFO: Blender create Mesh node record_020
18:03:40 | INFO: Blender create Mesh node record_021
18:03:40 | INFO: Blender create Mesh node record_022
18:03:40 | INFO: Blender create Mesh node record_023
18:03:40 | INFO: Blender create Mesh node record_024
18:03:40 | INFO: Blender create Mesh node record_025
18:03:40 | INFO: Blender create Mesh node record_026
18:03:40 | INFO: Blender create Mesh node record_027
18:03:40 | INFO: Blender create Mesh node record_028
18:03:40 | INFO: Blender create Mesh node record_029
18:03:40 | INFO: Blender create Mesh node record_030
18:03:40 | INFO: Blender create Mesh node record_031
18:03:40 | INFO: Blender create Mesh node record_032
18:03:40 | INFO: Blender create Mesh node record_033
18:03:40 | INFO: Blender create Mesh node record_034
18:03:40 | INFO: Blender create Mesh node record_035
18:03:40 | INFO: Blender create Mesh node record_036
18:03:40 | INFO: Blender create Mesh node record_037
18:03:40 | INFO: Blender create Mesh node record_038
18:03:40 | INFO: Blender create Mesh node record_039
18:03:40 | INFO: Blender create Mesh node record_040
18:03:40 | INFO: Blender create Mesh node record_041
18:03:40 | INFO: Blender create Mesh node record_042
18:03:40 | INFO: Blender create Mesh node record_043
18:03:40 | INFO: Blender create Mesh node record_044
18:03:40 | INFO: Blender create Mesh node record_045
18:03:40 | INFO: Blender create Mesh node record_046
18:03:40 | INFO: Blender create Mesh node record_047
18:03:40 | INFO: Blender create Mesh node record_048
18:03:40 | INFO: Blender create Mesh node record_049
18:03:40 | INFO: Blender create Mesh node record_050
18:03:40 | INFO: Blender create Mesh node record_051
18:03:40 | INFO: Blender create Mesh node record_052
18:03:40 | INFO: Blender create Mesh node record_053
18:03:40 | INFO: Blender create Mesh node record_054
18:03:40 | INFO: Blender create Mesh node record_055
18:03:40 | INFO: Blender create Mesh node record_056
18:03:40 | INFO: Blender create Mesh node record_057
18:03:40 | INFO: Blender create Mesh node record_058
18:03:40 | INFO: Blender create Mesh node record_059
18:03:40 | INFO: Blender create Mesh node record_060
18:03:40 | INFO: Blender create Mesh node record_061
18:03:40 | INFO: Blender create Mesh node record_062
18:03:40 | INFO: Blender create Mesh node record_063
18:03:40 | INFO: Blender create Mesh node record_064
18:03:40 | INFO: Blender create Mesh node record_065
18:03:40 | INFO: Blender create Mesh node record_066
18:03:40 | INFO: Blender create Mesh node record_067
18:03:40 | INFO: Blender create Mesh node record_068
18:03:40 | INFO: Blender create Mesh node record_069
18:03:40 | INFO: Blender create Mesh node record_070
18:03:40 | INFO: Blender create Mesh node record_071
18:03:40 | INFO: Blender create Mesh node record_072
18:03:40 | INFO: Blender create Mesh node record_073
18:03:40 | INFO: glTF import finished in 0.33s
{"validated": "FORD_GT.glb", "scenes": 6, "images": 8}
18:03:41 | INFO: Data are loaded, start creating Blender stuff
18:03:41 | INFO: Blender create Mesh node record_001
18:03:41 | INFO: Blender create Mesh node record_002
18:03:41 | INFO: Blender create Mesh node record_003
18:03:41 | INFO: Blender create Mesh node record_004
18:03:41 | INFO: Blender create Mesh node record_005
18:03:41 | INFO: Blender create Mesh node record_006
18:03:41 | INFO: Blender create Mesh node record_007
18:03:41 | INFO: Blender create Mesh node record_008
18:03:41 | INFO: Blender create Mesh node record_009
18:03:41 | INFO: Blender create Mesh node record_010
18:03:41 | INFO: Blender create Mesh node record_011
18:03:41 | INFO: Blender create Mesh node record_012
18:03:41 | INFO: Blender create Mesh node record_013
18:03:41 | INFO: Blender create Mesh node record_014
18:03:41 | INFO: Blender create Mesh node record_015
18:03:41 | INFO: Blender create Mesh node record_016
18:03:41 | INFO: Blender create Mesh node record_017
18:03:41 | INFO: Blender create Mesh node record_018
18:03:41 | INFO: Blender create Mesh node record_019
18:03:41 | INFO: Blender create Mesh node record_020
18:03:41 | INFO: Blender create Mesh node record_021
18:03:41 | INFO: Blender create Mesh node record_022
18:03:41 | INFO: Blender create Mesh node record_023
18:03:41 | INFO: Blender create Mesh node record_024
18:03:41 | INFO: Blender create Mesh node record_025
18:03:41 | INFO: Blender create Mesh node record_026
18:03:41 | INFO: Blender create Mesh node record_027
18:03:41 | INFO: Blender create Mesh node record_028
18:03:41 | INFO: Blender create Mesh node record_029
18:03:41 | INFO: Blender create Mesh node record_030
18:03:41 | INFO: Blender create Mesh node record_031
18:03:41 | INFO: Blender create Mesh node record_032
18:03:41 | INFO: Blender create Mesh node record_033
18:03:41 | INFO: Blender create Mesh node record_034
18:03:41 | INFO: Blender create Mesh node record_035
18:03:41 | INFO: Blender create Mesh node record_036
18:03:41 | INFO: Blender create Mesh node record_037
18:03:41 | INFO: Blender create Mesh node record_038
18:03:41 | INFO: Blender create Mesh node record_039
18:03:41 | INFO: Blender create Mesh node record_040
18:03:41 | INFO: glTF import finished in 0.18s
{"validated": "FORTYNINE.glb", "scenes": 6, "images": 5}
18:03:42 | INFO: Data are loaded, start creating Blender stuff
18:03:42 | INFO: Blender create Mesh node record_001
18:03:42 | INFO: Blender create Mesh node record_002
18:03:42 | INFO: Blender create Mesh node record_003
18:03:42 | INFO: Blender create Mesh node record_004
18:03:42 | INFO: Blender create Mesh node record_005
18:03:42 | INFO: Blender create Mesh node record_006
18:03:42 | INFO: Blender create Mesh node record_007
18:03:42 | INFO: Blender create Mesh node record_008
18:03:42 | INFO: Blender create Mesh node record_009
18:03:42 | INFO: Blender create Mesh node record_010
18:03:42 | INFO: Blender create Mesh node record_011
18:03:42 | INFO: Blender create Mesh node record_012
18:03:42 | INFO: Blender create Mesh node record_013
18:03:42 | INFO: Blender create Mesh node record_014
18:03:42 | INFO: Blender create Mesh node record_015
18:03:42 | INFO: Blender create Mesh node record_016
18:03:42 | INFO: Blender create Mesh node record_017
18:03:42 | INFO: Blender create Mesh node record_018
18:03:42 | INFO: Blender create Mesh node record_019
18:03:42 | INFO: Blender create Mesh node record_020
18:03:42 | INFO: Blender create Mesh node record_021
18:03:42 | INFO: Blender create Mesh node record_022
18:03:42 | INFO: Blender create Mesh node record_023
18:03:42 | INFO: Blender create Mesh node record_024
18:03:42 | INFO: Blender create Mesh node record_025
18:03:42 | INFO: Blender create Mesh node record_026
18:03:42 | INFO: Blender create Mesh node record_027
18:03:42 | INFO: Blender create Mesh node record_028
18:03:42 | INFO: Blender create Mesh node record_029
18:03:42 | INFO: Blender create Mesh node record_030
18:03:42 | INFO: Blender create Mesh node record_031
18:03:42 | INFO: Blender create Mesh node record_032
18:03:42 | INFO: Blender create Mesh node record_033
18:03:42 | INFO: Blender create Mesh node record_034
18:03:42 | INFO: Blender create Mesh node record_035
18:03:42 | INFO: Blender create Mesh node record_036
18:03:42 | INFO: Blender create Mesh node record_037
18:03:42 | INFO: Blender create Mesh node record_038
18:03:42 | INFO: Blender create Mesh node record_039
18:03:42 | INFO: Blender create Mesh node record_040
18:03:42 | INFO: Blender create Mesh node record_041
18:03:42 | INFO: Blender create Mesh node record_042
18:03:42 | INFO: Blender create Mesh node record_043
18:03:42 | INFO: Blender create Mesh node record_044
18:03:42 | INFO: Blender create Mesh node record_045
18:03:42 | INFO: Blender create Mesh node record_046
18:03:42 | INFO: Blender create Mesh node record_047
18:03:42 | INFO: Blender create Mesh node record_048
18:03:42 | INFO: Blender create Mesh node record_049
18:03:42 | INFO: Blender create Mesh node record_050
18:03:42 | INFO: Blender create Mesh node record_051
18:03:42 | INFO: Blender create Mesh node record_052
18:03:42 | INFO: Blender create Mesh node record_053
18:03:42 | INFO: glTF import finished in 0.46s
{"validated": "FR500.glb", "scenes": 6, "images": 6}
18:03:42 | INFO: Data are loaded, start creating Blender stuff
18:03:42 | INFO: Blender create Mesh node record_001
18:03:42 | INFO: Blender create Mesh node record_002
18:03:42 | INFO: Blender create Mesh node record_003
18:03:42 | INFO: Blender create Mesh node record_004
18:03:42 | INFO: Blender create Mesh node record_005
18:03:42 | INFO: Blender create Mesh node record_006
18:03:42 | INFO: Blender create Mesh node record_007
18:03:42 | INFO: Blender create Mesh node record_008
18:03:42 | INFO: Blender create Mesh node record_009
18:03:42 | INFO: Blender create Mesh node record_010
18:03:42 | INFO: Blender create Mesh node record_011
18:03:42 | INFO: Blender create Mesh node record_012
18:03:42 | INFO: Blender create Mesh node record_013
18:03:42 | INFO: Blender create Mesh node record_014
18:03:42 | INFO: Blender create Mesh node record_015
18:03:42 | INFO: Blender create Mesh node record_016
18:03:42 | INFO: Blender create Mesh node record_017
18:03:42 | INFO: Blender create Mesh node record_018
18:03:42 | INFO: Blender create Mesh node record_019
18:03:42 | INFO: Blender create Mesh node record_020
18:03:42 | INFO: Blender create Mesh node record_021
18:03:42 | INFO: Blender create Mesh node record_022
18:03:42 | INFO: Blender create Mesh node record_023
18:03:42 | INFO: Blender create Mesh node record_024
18:03:42 | INFO: Blender create Mesh node record_025
18:03:42 | INFO: Blender create Mesh node record_026
18:03:42 | INFO: Blender create Mesh node record_027
18:03:42 | INFO: Blender create Mesh node record_028
18:03:42 | INFO: Blender create Mesh node record_029
18:03:42 | INFO: Blender create Mesh node record_030
18:03:42 | INFO: Blender create Mesh node record_031
18:03:42 | INFO: Blender create Mesh node record_032
18:03:42 | INFO: Blender create Mesh node record_033
18:03:42 | INFO: Blender create Mesh node record_034
18:03:42 | INFO: Blender create Mesh node record_035
18:03:42 | INFO: Blender create Mesh node record_036
18:03:42 | INFO: Blender create Mesh node record_037
18:03:42 | INFO: Blender create Mesh node record_038
18:03:42 | INFO: Blender create Mesh node record_039
18:03:42 | INFO: Blender create Mesh node record_040
18:03:42 | INFO: Blender create Mesh node record_041
18:03:42 | INFO: Blender create Mesh node record_042
18:03:43 | INFO: glTF import finished in 0.35s
{"validated": "GRAN_TORINO.glb", "scenes": 6, "images": 6}
18:03:43 | INFO: Data are loaded, start creating Blender stuff
18:03:43 | INFO: Blender create Mesh node record_001
18:03:43 | INFO: Blender create Mesh node record_002
18:03:43 | INFO: Blender create Mesh node record_003
18:03:43 | INFO: Blender create Mesh node record_004
18:03:43 | INFO: Blender create Mesh node record_005
18:03:43 | INFO: Blender create Mesh node record_006
18:03:43 | INFO: Blender create Mesh node record_007
18:03:43 | INFO: Blender create Mesh node record_008
18:03:43 | INFO: Blender create Mesh node record_009
18:03:43 | INFO: Blender create Mesh node record_010
18:03:43 | INFO: Blender create Mesh node record_011
18:03:43 | INFO: Blender create Mesh node record_012
18:03:43 | INFO: Blender create Mesh node record_013
18:03:43 | INFO: Blender create Mesh node record_014
18:03:43 | INFO: Blender create Mesh node record_015
18:03:43 | INFO: Blender create Mesh node record_016
18:03:43 | INFO: Blender create Mesh node record_017
18:03:43 | INFO: Blender create Mesh node record_018
18:03:43 | INFO: Blender create Mesh node record_019
18:03:43 | INFO: Blender create Mesh node record_020
18:03:43 | INFO: Blender create Mesh node record_021
18:03:43 | INFO: Blender create Mesh node record_022
18:03:43 | INFO: Blender create Mesh node record_023
18:03:43 | INFO: Blender create Mesh node record_024
18:03:43 | INFO: Blender create Mesh node record_025
18:03:43 | INFO: Blender create Mesh node record_026
18:03:43 | INFO: Blender create Mesh node record_027
18:03:43 | INFO: Blender create Mesh node record_028
18:03:43 | INFO: Blender create Mesh node record_029
18:03:43 | INFO: Blender create Mesh node record_030
18:03:43 | INFO: Blender create Mesh node record_031
18:03:43 | INFO: Blender create Mesh node record_032
18:03:43 | INFO: Blender create Mesh node record_033
18:03:43 | INFO: Blender create Mesh node record_034
18:03:43 | INFO: Blender create Mesh node record_035
18:03:43 | INFO: Blender create Mesh node record_036
18:03:43 | INFO: Blender create Mesh node record_037
18:03:43 | INFO: Blender create Mesh node record_038
18:03:43 | INFO: Blender create Mesh node record_039
18:03:43 | INFO: Blender create Mesh node record_040
18:03:43 | INFO: Blender create Mesh node record_041
18:03:43 | INFO: Blender create Mesh node record_042
18:03:43 | INFO: Blender create Mesh node record_043
18:03:43 | INFO: Blender create Mesh node record_044
18:03:43 | INFO: Blender create Mesh node record_045
18:03:43 | INFO: Blender create Mesh node record_046
18:03:43 | INFO: Blender create Mesh node record_047
18:03:43 | INFO: Blender create Mesh node record_048
18:03:43 | INFO: Blender create Mesh node record_049
18:03:43 | INFO: Blender create Mesh node record_050
18:03:43 | INFO: Blender create Mesh node record_051
18:03:43 | INFO: Blender create Mesh node record_052
18:03:43 | INFO: Blender create Mesh node record_053
18:03:43 | INFO: Blender create Mesh node record_054
18:03:43 | INFO: Blender create Mesh node record_055
18:03:43 | INFO: Blender create Mesh node record_056
18:03:43 | INFO: Blender create Mesh node record_057
18:03:43 | INFO: Blender create Mesh node record_058
18:03:43 | INFO: Blender create Mesh node record_059
18:03:43 | INFO: Blender create Mesh node record_060
18:03:43 | INFO: Blender create Mesh node record_061
18:03:43 | INFO: Blender create Mesh node record_062
18:03:43 | INFO: Blender create Mesh node record_063
18:03:43 | INFO: Blender create Mesh node record_064
18:03:43 | INFO: Blender create Mesh node record_065
18:03:43 | INFO: Blender create Mesh node record_066
18:03:43 | INFO: Blender create Mesh node record_067
18:03:43 | INFO: Blender create Mesh node record_068
18:03:43 | INFO: Blender create Mesh node record_069
18:03:43 | INFO: Blender create Mesh node record_070
18:03:43 | INFO: Blender create Mesh node record_071
18:03:43 | INFO: Blender create Mesh node record_072
18:03:43 | INFO: glTF import finished in 0.23s
{"validated": "GT90.glb", "scenes": 6, "images": 8}
18:03:44 | INFO: Data are loaded, start creating Blender stuff
18:03:44 | INFO: Blender create Mesh node record_001
18:03:44 | INFO: Blender create Mesh node record_002
18:03:44 | INFO: Blender create Mesh node record_003
18:03:44 | INFO: Blender create Mesh node record_004
18:03:44 | INFO: Blender create Mesh node record_005
18:03:44 | INFO: Blender create Mesh node record_006
18:03:44 | INFO: Blender create Mesh node record_007
18:03:44 | INFO: Blender create Mesh node record_008
18:03:44 | INFO: Blender create Mesh node record_009
18:03:44 | INFO: Blender create Mesh node record_010
18:03:44 | INFO: Blender create Mesh node record_011
18:03:44 | INFO: Blender create Mesh node record_012
18:03:44 | INFO: Blender create Mesh node record_013
18:03:44 | INFO: Blender create Mesh node record_014
18:03:44 | INFO: Blender create Mesh node record_015
18:03:44 | INFO: Blender create Mesh node record_016
18:03:44 | INFO: Blender create Mesh node record_017
18:03:44 | INFO: Blender create Mesh node record_018
18:03:44 | INFO: Blender create Mesh node record_019
18:03:44 | INFO: Blender create Mesh node record_020
18:03:44 | INFO: Blender create Mesh node record_021
18:03:44 | INFO: Blender create Mesh node record_022
18:03:44 | INFO: Blender create Mesh node record_023
18:03:44 | INFO: Blender create Mesh node record_024
18:03:44 | INFO: Blender create Mesh node record_025
18:03:44 | INFO: Blender create Mesh node record_026
18:03:44 | INFO: Blender create Mesh node record_027
18:03:44 | INFO: Blender create Mesh node record_028
18:03:44 | INFO: Blender create Mesh node record_029
18:03:44 | INFO: Blender create Mesh node record_030
18:03:44 | INFO: Blender create Mesh node record_031
18:03:44 | INFO: Blender create Mesh node record_032
18:03:44 | INFO: Blender create Mesh node record_033
18:03:44 | INFO: Blender create Mesh node record_034
18:03:44 | INFO: Blender create Mesh node record_035
18:03:44 | INFO: Blender create Mesh node record_036
18:03:44 | INFO: Blender create Mesh node record_037
18:03:44 | INFO: Blender create Mesh node record_038
18:03:44 | INFO: Blender create Mesh node record_039
18:03:44 | INFO: Blender create Mesh node record_040
18:03:44 | INFO: Blender create Mesh node record_041
18:03:44 | INFO: Blender create Mesh node record_042
18:03:44 | INFO: Blender create Mesh node record_043
18:03:44 | INFO: Blender create Mesh node record_044
18:03:44 | INFO: Blender create Mesh node record_045
18:03:44 | INFO: Blender create Mesh node record_046
18:03:44 | INFO: Blender create Mesh node record_047
18:03:44 | INFO: Blender create Mesh node record_048
18:03:44 | INFO: Blender create Mesh node record_049
18:03:44 | INFO: Blender create Mesh node record_050
18:03:44 | INFO: Blender create Mesh node record_051
18:03:44 | INFO: Blender create Mesh node record_052
18:03:44 | INFO: Blender create Mesh node record_053
18:03:44 | INFO: Blender create Mesh node record_054
18:03:44 | INFO: Blender create Mesh node record_055
18:03:44 | INFO: Blender create Mesh node record_056
18:03:44 | INFO: Blender create Mesh node record_057
18:03:44 | INFO: Blender create Mesh node record_058
18:03:44 | INFO: Blender create Mesh node record_059
18:03:44 | INFO: Blender create Mesh node record_060
18:03:44 | INFO: Blender create Mesh node record_061
18:03:44 | INFO: Blender create Mesh node record_062
18:03:44 | INFO: Blender create Mesh node record_063
18:03:44 | INFO: Blender create Mesh node record_064
18:03:44 | INFO: Blender create Mesh node record_065
18:03:44 | INFO: Blender create Mesh node record_066
18:03:44 | INFO: Blender create Mesh node record_067
18:03:44 | INFO: Blender create Mesh node record_068
18:03:44 | INFO: Blender create Mesh node record_069
18:03:44 | INFO: Blender create Mesh node record_070
18:03:44 | INFO: Blender create Mesh node record_071
18:03:44 | INFO: Blender create Mesh node record_072
18:03:44 | INFO: Blender create Mesh node record_073
18:03:44 | INFO: Blender create Mesh node record_074
18:03:44 | INFO: Blender create Mesh node record_075
18:03:44 | INFO: Blender create Mesh node record_076
18:03:44 | INFO: Blender create Mesh node record_077
18:03:44 | INFO: Blender create Mesh node record_078
18:03:44 | INFO: Blender create Mesh node record_079
18:03:44 | INFO: Blender create Mesh node record_080
18:03:44 | INFO: Blender create Mesh node record_081
18:03:44 | INFO: Blender create Mesh node record_082
18:03:44 | INFO: Blender create Mesh node record_083
18:03:44 | INFO: Blender create Mesh node record_084
18:03:44 | INFO: Blender create Mesh node record_085
18:03:44 | INFO: Blender create Mesh node record_086
18:03:44 | INFO: Blender create Mesh node record_087
18:03:44 | INFO: Blender create Mesh node record_088
18:03:44 | INFO: Blender create Mesh node record_089
18:03:44 | INFO: Blender create Mesh node record_090
18:03:44 | INFO: Blender create Mesh node record_091
18:03:44 | INFO: Blender create Mesh node record_092
18:03:44 | INFO: Blender create Mesh node record_093
18:03:44 | INFO: Blender create Mesh node record_094
18:03:44 | INFO: Blender create Mesh node record_095
18:03:44 | INFO: glTF import finished in 0.39s
{"validated": "INDIGO.glb", "scenes": 6, "images": 9}
18:03:45 | INFO: Data are loaded, start creating Blender stuff
18:03:45 | INFO: Blender create Mesh node record_001
18:03:45 | INFO: Blender create Mesh node record_002
18:03:45 | INFO: Blender create Mesh node record_003
18:03:45 | INFO: Blender create Mesh node record_004
18:03:45 | INFO: Blender create Mesh node record_005
18:03:45 | INFO: Blender create Mesh node record_006
18:03:45 | INFO: Blender create Mesh node record_007
18:03:45 | INFO: Blender create Mesh node record_008
18:03:45 | INFO: Blender create Mesh node record_009
18:03:45 | INFO: Blender create Mesh node record_010
18:03:45 | INFO: Blender create Mesh node record_011
18:03:45 | INFO: Blender create Mesh node record_012
18:03:45 | INFO: Blender create Mesh node record_013
18:03:45 | INFO: Blender create Mesh node record_014
18:03:45 | INFO: Blender create Mesh node record_015
18:03:45 | INFO: Blender create Mesh node record_016
18:03:45 | INFO: Blender create Mesh node record_017
18:03:45 | INFO: Blender create Mesh node record_018
18:03:45 | INFO: Blender create Mesh node record_019
18:03:45 | INFO: Blender create Mesh node record_020
18:03:45 | INFO: Blender create Mesh node record_021
18:03:45 | INFO: Blender create Mesh node record_022
18:03:45 | INFO: Blender create Mesh node record_023
18:03:45 | INFO: Blender create Mesh node record_024
18:03:45 | INFO: Blender create Mesh node record_025
18:03:45 | INFO: Blender create Mesh node record_026
18:03:45 | INFO: Blender create Mesh node record_027
18:03:45 | INFO: Blender create Mesh node record_028
18:03:45 | INFO: Blender create Mesh node record_029
18:03:45 | INFO: Blender create Mesh node record_030
18:03:45 | INFO: Blender create Mesh node record_031
18:03:45 | INFO: Blender create Mesh node record_032
18:03:45 | INFO: Blender create Mesh node record_033
18:03:45 | INFO: Blender create Mesh node record_034
18:03:45 | INFO: Blender create Mesh node record_035
18:03:45 | INFO: Blender create Mesh node record_036
18:03:45 | INFO: Blender create Mesh node record_037
18:03:45 | INFO: Blender create Mesh node record_038
18:03:45 | INFO: Blender create Mesh node record_039
18:03:45 | INFO: Blender create Mesh node record_040
18:03:45 | INFO: Blender create Mesh node record_041
18:03:45 | INFO: Blender create Mesh node record_042
18:03:45 | INFO: Blender create Mesh node record_043
18:03:45 | INFO: Blender create Mesh node record_044
18:03:45 | INFO: Blender create Mesh node record_045
18:03:45 | INFO: Blender create Mesh node record_046
18:03:45 | INFO: Blender create Mesh node record_047
18:03:45 | INFO: Blender create Mesh node record_048
18:03:45 | INFO: Blender create Mesh node record_049
18:03:45 | INFO: Blender create Mesh node record_050
18:03:45 | INFO: Blender create Mesh node record_051
18:03:45 | INFO: Blender create Mesh node record_052
18:03:45 | INFO: Blender create Mesh node record_053
18:03:45 | INFO: Blender create Mesh node record_054
18:03:45 | INFO: Blender create Mesh node record_055
18:03:45 | INFO: Blender create Mesh node record_056
18:03:45 | INFO: Blender create Mesh node record_057
18:03:45 | INFO: glTF import finished in 0.23s
{"validated": "LIGHTNING_SVT.glb", "scenes": 6, "images": 6}
18:03:45 | INFO: Data are loaded, start creating Blender stuff
18:03:45 | INFO: Blender create Mesh node record_001
18:03:45 | INFO: Blender create Mesh node record_002
18:03:45 | INFO: Blender create Mesh node record_003
18:03:45 | INFO: Blender create Mesh node record_004
18:03:45 | INFO: Blender create Mesh node record_005
18:03:45 | INFO: Blender create Mesh node record_006
18:03:45 | INFO: Blender create Mesh node record_007
18:03:45 | INFO: Blender create Mesh node record_008
18:03:45 | INFO: Blender create Mesh node record_009
18:03:45 | INFO: Blender create Mesh node record_010
18:03:45 | INFO: Blender create Mesh node record_011
18:03:45 | INFO: Blender create Mesh node record_012
18:03:45 | INFO: Blender create Mesh node record_013
18:03:45 | INFO: Blender create Mesh node record_014
18:03:45 | INFO: Blender create Mesh node record_015
18:03:45 | INFO: Blender create Mesh node record_016
18:03:45 | INFO: Blender create Mesh node record_017
18:03:45 | INFO: Blender create Mesh node record_018
18:03:45 | INFO: Blender create Mesh node record_019
18:03:45 | INFO: Blender create Mesh node record_020
18:03:45 | INFO: Blender create Mesh node record_021
18:03:45 | INFO: Blender create Mesh node record_022
18:03:45 | INFO: Blender create Mesh node record_023
18:03:45 | INFO: Blender create Mesh node record_024
18:03:45 | INFO: Blender create Mesh node record_025
18:03:45 | INFO: Blender create Mesh node record_026
18:03:45 | INFO: Blender create Mesh node record_027
18:03:45 | INFO: Blender create Mesh node record_028
18:03:45 | INFO: glTF import finished in 0.11s
{"validated": "MACH1_AGENT.glb", "scenes": 6, "images": 5}
18:03:46 | INFO: Data are loaded, start creating Blender stuff
18:03:46 | INFO: Blender create Mesh node record_001
18:03:46 | INFO: Blender create Mesh node record_002
18:03:46 | INFO: Blender create Mesh node record_003
18:03:46 | INFO: Blender create Mesh node record_004
18:03:46 | INFO: Blender create Mesh node record_005
18:03:46 | INFO: Blender create Mesh node record_006
18:03:46 | INFO: Blender create Mesh node record_007
18:03:46 | INFO: Blender create Mesh node record_008
18:03:46 | INFO: Blender create Mesh node record_009
18:03:46 | INFO: Blender create Mesh node record_010
18:03:46 | INFO: Blender create Mesh node record_011
18:03:46 | INFO: Blender create Mesh node record_012
18:03:46 | INFO: Blender create Mesh node record_013
18:03:46 | INFO: Blender create Mesh node record_014
18:03:46 | INFO: Blender create Mesh node record_015
18:03:46 | INFO: Blender create Mesh node record_016
18:03:46 | INFO: Blender create Mesh node record_017
18:03:46 | INFO: Blender create Mesh node record_018
18:03:46 | INFO: Blender create Mesh node record_019
18:03:46 | INFO: Blender create Mesh node record_020
18:03:46 | INFO: Blender create Mesh node record_021
18:03:46 | INFO: Blender create Mesh node record_022
18:03:46 | INFO: Blender create Mesh node record_023
18:03:46 | INFO: Blender create Mesh node record_024
18:03:46 | INFO: Blender create Mesh node record_025
18:03:46 | INFO: Blender create Mesh node record_026
18:03:46 | INFO: Blender create Mesh node record_027
18:03:46 | INFO: Blender create Mesh node record_028
18:03:46 | INFO: glTF import finished in 0.12s
{"validated": "MACH1_SIXTY.glb", "scenes": 6, "images": 5}
18:03:46 | INFO: Data are loaded, start creating Blender stuff
18:03:46 | INFO: Blender create Mesh node record_001
18:03:46 | INFO: Blender create Mesh node record_002
18:03:46 | INFO: Blender create Mesh node record_003
18:03:46 | INFO: Blender create Mesh node record_004
18:03:46 | INFO: Blender create Mesh node record_005
18:03:46 | INFO: Blender create Mesh node record_006
18:03:46 | INFO: Blender create Mesh node record_007
18:03:46 | INFO: Blender create Mesh node record_008
18:03:46 | INFO: Blender create Mesh node record_009
18:03:46 | INFO: Blender create Mesh node record_010
18:03:46 | INFO: Blender create Mesh node record_011
18:03:46 | INFO: Blender create Mesh node record_012
18:03:46 | INFO: Blender create Mesh node record_013
18:03:46 | INFO: Blender create Mesh node record_014
18:03:46 | INFO: Blender create Mesh node record_015
18:03:46 | INFO: Blender create Mesh node record_016
18:03:46 | INFO: Blender create Mesh node record_017
18:03:46 | INFO: Blender create Mesh node record_018
18:03:46 | INFO: Blender create Mesh node record_019
18:03:46 | INFO: Blender create Mesh node record_020
18:03:46 | INFO: Blender create Mesh node record_021
18:03:46 | INFO: Blender create Mesh node record_022
18:03:46 | INFO: Blender create Mesh node record_023
18:03:46 | INFO: Blender create Mesh node record_024
18:03:46 | INFO: Blender create Mesh node record_025
18:03:46 | INFO: Blender create Mesh node record_026
18:03:46 | INFO: Blender create Mesh node record_027
18:03:46 | INFO: Blender create Mesh node record_028
18:03:46 | INFO: Blender create Mesh node record_029
18:03:46 | INFO: Blender create Mesh node record_030
18:03:46 | INFO: Blender create Mesh node record_031
18:03:46 | INFO: Blender create Mesh node record_032
18:03:46 | INFO: Blender create Mesh node record_033
18:03:46 | INFO: Blender create Mesh node record_034
18:03:46 | INFO: Blender create Mesh node record_035
18:03:46 | INFO: Blender create Mesh node record_036
18:03:46 | INFO: Blender create Mesh node record_037
18:03:46 | INFO: Blender create Mesh node record_038
18:03:46 | INFO: Blender create Mesh node record_039
18:03:46 | INFO: Blender create Mesh node record_040
18:03:46 | INFO: Blender create Mesh node record_041
18:03:46 | INFO: Blender create Mesh node record_042
18:03:46 | INFO: Blender create Mesh node record_043
18:03:46 | INFO: Blender create Mesh node record_044
18:03:46 | INFO: Blender create Mesh node record_045
18:03:46 | INFO: Blender create Mesh node record_046
18:03:46 | INFO: Blender create Mesh node record_047
18:03:46 | INFO: Blender create Mesh node record_048
18:03:46 | INFO: Blender create Mesh node record_049
18:03:46 | INFO: Blender create Mesh node record_050
18:03:46 | INFO: Blender create Mesh node record_051
18:03:46 | INFO: Blender create Mesh node record_052
18:03:46 | INFO: Blender create Mesh node record_053
18:03:46 | INFO: Blender create Mesh node record_054
18:03:46 | INFO: Blender create Mesh node record_055
18:03:46 | INFO: Blender create Mesh node record_056
18:03:46 | INFO: Blender create Mesh node record_057
18:03:46 | INFO: Blender create Mesh node record_058
18:03:46 | INFO: Blender create Mesh node record_059
18:03:46 | INFO: glTF import finished in 0.18s
{"validated": "MACH3.glb", "scenes": 6, "images": 6}
18:03:47 | INFO: Data are loaded, start creating Blender stuff
18:03:47 | INFO: Blender create Mesh node record_001
18:03:47 | INFO: Blender create Mesh node record_002
18:03:47 | INFO: Blender create Mesh node record_003
18:03:47 | INFO: Blender create Mesh node record_004
18:03:47 | INFO: Blender create Mesh node record_005
18:03:47 | INFO: Blender create Mesh node record_006
18:03:47 | INFO: Blender create Mesh node record_007
18:03:47 | INFO: Blender create Mesh node record_008
18:03:47 | INFO: Blender create Mesh node record_009
18:03:47 | INFO: Blender create Mesh node record_010
18:03:47 | INFO: Blender create Mesh node record_011
18:03:47 | INFO: Blender create Mesh node record_012
18:03:47 | INFO: Blender create Mesh node record_013
18:03:47 | INFO: Blender create Mesh node record_014
18:03:47 | INFO: Blender create Mesh node record_015
18:03:47 | INFO: Blender create Mesh node record_016
18:03:47 | INFO: Blender create Mesh node record_017
18:03:47 | INFO: Blender create Mesh node record_018
18:03:47 | INFO: Blender create Mesh node record_019
18:03:47 | INFO: Blender create Mesh node record_020
18:03:47 | INFO: Blender create Mesh node record_021
18:03:47 | INFO: Blender create Mesh node record_022
18:03:47 | INFO: Blender create Mesh node record_023
18:03:47 | INFO: Blender create Mesh node record_024
18:03:47 | INFO: Blender create Mesh node record_025
18:03:47 | INFO: Blender create Mesh node record_026
18:03:47 | INFO: Blender create Mesh node record_027
18:03:47 | INFO: Blender create Mesh node record_028
18:03:47 | INFO: Blender create Mesh node record_029
18:03:47 | INFO: Blender create Mesh node record_030
18:03:47 | INFO: Blender create Mesh node record_031
18:03:47 | INFO: Blender create Mesh node record_032
18:03:47 | INFO: Blender create Mesh node record_033
18:03:47 | INFO: Blender create Mesh node record_034
18:03:47 | INFO: Blender create Mesh node record_035
18:03:47 | INFO: Blender create Mesh node record_036
18:03:47 | INFO: Blender create Mesh node record_037
18:03:47 | INFO: Blender create Mesh node record_038
18:03:47 | INFO: Blender create Mesh node record_039
18:03:47 | INFO: Blender create Mesh node record_040
18:03:47 | INFO: Blender create Mesh node record_041
18:03:47 | INFO: Blender create Mesh node record_042
18:03:47 | INFO: Blender create Mesh node record_043
18:03:47 | INFO: Blender create Mesh node record_044
18:03:47 | INFO: Blender create Mesh node record_045
18:03:47 | INFO: Blender create Mesh node record_046
18:03:47 | INFO: Blender create Mesh node record_047
18:03:47 | INFO: Blender create Mesh node record_048
18:03:47 | INFO: Blender create Mesh node record_049
18:03:47 | INFO: Blender create Mesh node record_050
18:03:47 | INFO: Blender create Mesh node record_051
18:03:47 | INFO: Blender create Mesh node record_052
18:03:47 | INFO: Blender create Mesh node record_053
18:03:47 | INFO: Blender create Mesh node record_054
18:03:47 | INFO: Blender create Mesh node record_055
18:03:47 | INFO: Blender create Mesh node record_056
18:03:47 | INFO: Blender create Mesh node record_057
18:03:47 | INFO: Blender create Mesh node record_058
18:03:47 | INFO: Blender create Mesh node record_059
18:03:47 | INFO: glTF import finished in 0.19s
{"validated": "MUSTANG_68.glb", "scenes": 6, "images": 6}
18:03:47 | INFO: Data are loaded, start creating Blender stuff
18:03:47 | INFO: Blender create Mesh node record_001
18:03:47 | INFO: Blender create Mesh node record_002
18:03:47 | INFO: Blender create Mesh node record_003
18:03:47 | INFO: Blender create Mesh node record_004
18:03:47 | INFO: Blender create Mesh node record_005
18:03:47 | INFO: Blender create Mesh node record_006
18:03:47 | INFO: Blender create Mesh node record_007
18:03:47 | INFO: Blender create Mesh node record_008
18:03:47 | INFO: Blender create Mesh node record_009
18:03:47 | INFO: Blender create Mesh node record_010
18:03:47 | INFO: Blender create Mesh node record_011
18:03:47 | INFO: Blender create Mesh node record_012
18:03:47 | INFO: Blender create Mesh node record_013
18:03:47 | INFO: Blender create Mesh node record_014
18:03:47 | INFO: Blender create Mesh node record_015
18:03:47 | INFO: Blender create Mesh node record_016
18:03:47 | INFO: Blender create Mesh node record_017
18:03:47 | INFO: Blender create Mesh node record_018
18:03:47 | INFO: Blender create Mesh node record_019
18:03:47 | INFO: Blender create Mesh node record_020
18:03:47 | INFO: Blender create Mesh node record_021
18:03:47 | INFO: Blender create Mesh node record_022
18:03:47 | INFO: Blender create Mesh node record_023
18:03:47 | INFO: Blender create Mesh node record_024
18:03:47 | INFO: Blender create Mesh node record_025
18:03:47 | INFO: Blender create Mesh node record_026
18:03:47 | INFO: Blender create Mesh node record_027
18:03:47 | INFO: Blender create Mesh node record_028
18:03:47 | INFO: Blender create Mesh node record_029
18:03:47 | INFO: Blender create Mesh node record_030
18:03:47 | INFO: Blender create Mesh node record_031
18:03:47 | INFO: Blender create Mesh node record_032
18:03:47 | INFO: Blender create Mesh node record_033
18:03:47 | INFO: Blender create Mesh node record_034
18:03:47 | INFO: Blender create Mesh node record_035
18:03:47 | INFO: Blender create Mesh node record_036
18:03:47 | INFO: Blender create Mesh node record_037
18:03:47 | INFO: Blender create Mesh node record_038
18:03:47 | INFO: Blender create Mesh node record_039
18:03:47 | INFO: Blender create Mesh node record_040
18:03:47 | INFO: Blender create Mesh node record_041
18:03:47 | INFO: Blender create Mesh node record_042
18:03:47 | INFO: Blender create Mesh node record_043
18:03:47 | INFO: Blender create Mesh node record_044
18:03:47 | INFO: Blender create Mesh node record_045
18:03:47 | INFO: Blender create Mesh node record_046
18:03:47 | INFO: Blender create Mesh node record_047
18:03:47 | INFO: Blender create Mesh node record_048
18:03:47 | INFO: Blender create Mesh node record_049
18:03:47 | INFO: Blender create Mesh node record_050
18:03:48 | INFO: Blender create Mesh node record_051
18:03:48 | INFO: Blender create Mesh node record_052
18:03:48 | INFO: Blender create Mesh node record_053
18:03:48 | INFO: Blender create Mesh node record_054
18:03:48 | INFO: Blender create Mesh node record_055
18:03:48 | INFO: Blender create Mesh node record_056
18:03:48 | INFO: Blender create Mesh node record_057
18:03:48 | INFO: Blender create Mesh node record_058
18:03:48 | INFO: Blender create Mesh node record_059
18:03:48 | INFO: Blender create Mesh node record_060
18:03:48 | INFO: glTF import finished in 0.28s
{"validated": "MUSTANG_68B.glb", "scenes": 6, "images": 6}
18:03:48 | INFO: Data are loaded, start creating Blender stuff
18:03:48 | INFO: Blender create Mesh node record_001
18:03:48 | INFO: Blender create Mesh node record_002
18:03:48 | INFO: Blender create Mesh node record_003
18:03:48 | INFO: Blender create Mesh node record_004
18:03:48 | INFO: Blender create Mesh node record_005
18:03:48 | INFO: Blender create Mesh node record_006
18:03:48 | INFO: Blender create Mesh node record_007
18:03:48 | INFO: Blender create Mesh node record_008
18:03:48 | INFO: Blender create Mesh node record_009
18:03:48 | INFO: Blender create Mesh node record_010
18:03:48 | INFO: Blender create Mesh node record_011
18:03:48 | INFO: Blender create Mesh node record_012
18:03:48 | INFO: Blender create Mesh node record_013
18:03:48 | INFO: Blender create Mesh node record_014
18:03:48 | INFO: Blender create Mesh node record_015
18:03:48 | INFO: Blender create Mesh node record_016
18:03:48 | INFO: Blender create Mesh node record_017
18:03:48 | INFO: Blender create Mesh node record_018
18:03:48 | INFO: Blender create Mesh node record_019
18:03:48 | INFO: Blender create Mesh node record_020
18:03:48 | INFO: Blender create Mesh node record_021
18:03:48 | INFO: Blender create Mesh node record_022
18:03:48 | INFO: Blender create Mesh node record_023
18:03:48 | INFO: Blender create Mesh node record_024
18:03:48 | INFO: Blender create Mesh node record_025
18:03:48 | INFO: Blender create Mesh node record_026
18:03:48 | INFO: Blender create Mesh node record_027
18:03:48 | INFO: Blender create Mesh node record_028
18:03:48 | INFO: Blender create Mesh node record_029
18:03:48 | INFO: Blender create Mesh node record_030
18:03:48 | INFO: Blender create Mesh node record_031
18:03:48 | INFO: Blender create Mesh node record_032
18:03:48 | INFO: Blender create Mesh node record_033
18:03:48 | INFO: Blender create Mesh node record_034
18:03:48 | INFO: Blender create Mesh node record_035
18:03:48 | INFO: Blender create Mesh node record_036
18:03:48 | INFO: Blender create Mesh node record_037
18:03:48 | INFO: Blender create Mesh node record_038
18:03:48 | INFO: Blender create Mesh node record_039
18:03:48 | INFO: Blender create Mesh node record_040
18:03:48 | INFO: Blender create Mesh node record_041
18:03:48 | INFO: Blender create Mesh node record_042
18:03:48 | INFO: Blender create Mesh node record_043
18:03:48 | INFO: Blender create Mesh node record_044
18:03:48 | INFO: Blender create Mesh node record_045
18:03:48 | INFO: Blender create Mesh node record_046
18:03:48 | INFO: Blender create Mesh node record_047
18:03:48 | INFO: Blender create Mesh node record_048
18:03:48 | INFO: Blender create Mesh node record_049
18:03:48 | INFO: glTF import finished in 0.26s
{"validated": "MUSTANG_CONCEPT.glb", "scenes": 6, "images": 6}
18:03:49 | INFO: Data are loaded, start creating Blender stuff
18:03:49 | INFO: Blender create Mesh node record_001
18:03:49 | INFO: Blender create Mesh node record_002
18:03:49 | INFO: Blender create Mesh node record_003
18:03:49 | INFO: Blender create Mesh node record_004
18:03:49 | INFO: Blender create Mesh node record_005
18:03:49 | INFO: Blender create Mesh node record_006
18:03:49 | INFO: Blender create Mesh node record_007
18:03:49 | INFO: Blender create Mesh node record_008
18:03:49 | INFO: Blender create Mesh node record_009
18:03:49 | INFO: Blender create Mesh node record_010
18:03:49 | INFO: Blender create Mesh node record_011
18:03:49 | INFO: Blender create Mesh node record_012
18:03:49 | INFO: Blender create Mesh node record_013
18:03:49 | INFO: Blender create Mesh node record_014
18:03:49 | INFO: Blender create Mesh node record_015
18:03:49 | INFO: Blender create Mesh node record_016
18:03:49 | INFO: Blender create Mesh node record_017
18:03:49 | INFO: Blender create Mesh node record_018
18:03:49 | INFO: Blender create Mesh node record_019
18:03:49 | INFO: Blender create Mesh node record_020
18:03:49 | INFO: Blender create Mesh node record_021
18:03:49 | INFO: Blender create Mesh node record_022
18:03:49 | INFO: Blender create Mesh node record_023
18:03:49 | INFO: Blender create Mesh node record_024
18:03:49 | INFO: Blender create Mesh node record_025
18:03:49 | INFO: Blender create Mesh node record_026
18:03:49 | INFO: Blender create Mesh node record_027
18:03:49 | INFO: Blender create Mesh node record_028
18:03:49 | INFO: Blender create Mesh node record_029
18:03:49 | INFO: Blender create Mesh node record_030
18:03:49 | INFO: Blender create Mesh node record_031
18:03:49 | INFO: Blender create Mesh node record_032
18:03:49 | INFO: Blender create Mesh node record_033
18:03:49 | INFO: Blender create Mesh node record_034
18:03:49 | INFO: Blender create Mesh node record_035
18:03:49 | INFO: Blender create Mesh node record_036
18:03:49 | INFO: Blender create Mesh node record_037
18:03:49 | INFO: Blender create Mesh node record_038
18:03:49 | INFO: Blender create Mesh node record_039
18:03:49 | INFO: Blender create Mesh node record_040
18:03:49 | INFO: glTF import finished in 0.59s
{"validated": "POWERSTROKE.glb", "scenes": 6, "images": 6}
18:03:50 | INFO: Data are loaded, start creating Blender stuff
18:03:50 | INFO: Blender create Mesh node record_001
18:03:50 | INFO: Blender create Mesh node record_002
18:03:50 | INFO: Blender create Mesh node record_003
18:03:50 | INFO: Blender create Mesh node record_004
18:03:50 | INFO: Blender create Mesh node record_005
18:03:50 | INFO: Blender create Mesh node record_006
18:03:50 | INFO: Blender create Mesh node record_007
18:03:50 | INFO: Blender create Mesh node record_008
18:03:50 | INFO: Blender create Mesh node record_009
18:03:50 | INFO: Blender create Mesh node record_010
18:03:50 | INFO: Blender create Mesh node record_011
18:03:50 | INFO: Blender create Mesh node record_012
18:03:50 | INFO: Blender create Mesh node record_013
18:03:50 | INFO: Blender create Mesh node record_014
18:03:50 | INFO: Blender create Mesh node record_015
18:03:50 | INFO: Blender create Mesh node record_016
18:03:50 | INFO: Blender create Mesh node record_017
18:03:50 | INFO: Blender create Mesh node record_018
18:03:50 | INFO: Blender create Mesh node record_019
18:03:50 | INFO: Blender create Mesh node record_020
18:03:50 | INFO: Blender create Mesh node record_021
18:03:50 | INFO: Blender create Mesh node record_022
18:03:50 | INFO: Blender create Mesh node record_023
18:03:50 | INFO: Blender create Mesh node record_024
18:03:50 | INFO: Blender create Mesh node record_025
18:03:50 | INFO: Blender create Mesh node record_026
18:03:50 | INFO: Blender create Mesh node record_027
18:03:50 | INFO: Blender create Mesh node record_028
18:03:50 | INFO: Blender create Mesh node record_029
18:03:50 | INFO: Blender create Mesh node record_030
18:03:50 | INFO: Blender create Mesh node record_031
18:03:50 | INFO: Blender create Mesh node record_032
18:03:50 | INFO: Blender create Mesh node record_033
18:03:50 | INFO: Blender create Mesh node record_034
18:03:50 | INFO: Blender create Mesh node record_035
18:03:50 | INFO: Blender create Mesh node record_036
18:03:50 | INFO: Blender create Mesh node record_037
18:03:50 | INFO: Blender create Mesh node record_038
18:03:50 | INFO: Blender create Mesh node record_039
18:03:50 | INFO: Blender create Mesh node record_040
18:03:50 | INFO: Blender create Mesh node record_041
18:03:50 | INFO: Blender create Mesh node record_042
18:03:50 | INFO: Blender create Mesh node record_043
18:03:50 | INFO: Blender create Mesh node record_044
18:03:50 | INFO: Blender create Mesh node record_045
18:03:50 | INFO: Blender create Mesh node record_046
18:03:50 | INFO: Blender create Mesh node record_047
18:03:50 | INFO: Blender create Mesh node record_048
18:03:50 | INFO: Blender create Mesh node record_049
18:03:50 | INFO: Blender create Mesh node record_050
18:03:50 | INFO: Blender create Mesh node record_051
18:03:50 | INFO: Blender create Mesh node record_052
18:03:50 | INFO: glTF import finished in 0.49s
{"validated": "TAURUS_STOCK_A.glb", "scenes": 6, "images": 9}
18:03:51 | INFO: Data are loaded, start creating Blender stuff
18:03:51 | INFO: Blender create Mesh node record_001
18:03:51 | INFO: Blender create Mesh node record_002
18:03:51 | INFO: Blender create Mesh node record_003
18:03:51 | INFO: Blender create Mesh node record_004
18:03:51 | INFO: Blender create Mesh node record_005
18:03:51 | INFO: Blender create Mesh node record_006
18:03:51 | INFO: Blender create Mesh node record_007
18:03:51 | INFO: Blender create Mesh node record_008
18:03:51 | INFO: Blender create Mesh node record_009
18:03:51 | INFO: Blender create Mesh node record_010
18:03:51 | INFO: Blender create Mesh node record_011
18:03:51 | INFO: Blender create Mesh node record_012
18:03:51 | INFO: Blender create Mesh node record_013
18:03:51 | INFO: Blender create Mesh node record_014
18:03:51 | INFO: Blender create Mesh node record_015
18:03:51 | INFO: Blender create Mesh node record_016
18:03:51 | INFO: Blender create Mesh node record_017
18:03:51 | INFO: Blender create Mesh node record_018
18:03:51 | INFO: Blender create Mesh node record_019
18:03:51 | INFO: Blender create Mesh node record_020
18:03:51 | INFO: Blender create Mesh node record_021
18:03:51 | INFO: Blender create Mesh node record_022
18:03:51 | INFO: Blender create Mesh node record_023
18:03:51 | INFO: Blender create Mesh node record_024
18:03:51 | INFO: Blender create Mesh node record_025
18:03:51 | INFO: Blender create Mesh node record_026
18:03:51 | INFO: Blender create Mesh node record_027
18:03:51 | INFO: Blender create Mesh node record_028
18:03:51 | INFO: Blender create Mesh node record_029
18:03:51 | INFO: Blender create Mesh node record_030
18:03:51 | INFO: Blender create Mesh node record_031
18:03:51 | INFO: Blender create Mesh node record_032
18:03:51 | INFO: Blender create Mesh node record_033
18:03:51 | INFO: Blender create Mesh node record_034
18:03:51 | INFO: Blender create Mesh node record_035
18:03:51 | INFO: Blender create Mesh node record_036
18:03:51 | INFO: Blender create Mesh node record_037
18:03:51 | INFO: Blender create Mesh node record_038
18:03:51 | INFO: Blender create Mesh node record_039
18:03:51 | INFO: Blender create Mesh node record_040
18:03:51 | INFO: Blender create Mesh node record_041
18:03:51 | INFO: Blender create Mesh node record_042
18:03:51 | INFO: Blender create Mesh node record_043
18:03:51 | INFO: Blender create Mesh node record_044
18:03:51 | INFO: Blender create Mesh node record_045
18:03:51 | INFO: Blender create Mesh node record_046
18:03:51 | INFO: Blender create Mesh node record_047
18:03:51 | INFO: Blender create Mesh node record_048
18:03:51 | INFO: Blender create Mesh node record_049
18:03:51 | INFO: Blender create Mesh node record_050
18:03:51 | INFO: Blender create Mesh node record_051
18:03:51 | INFO: Blender create Mesh node record_052
18:03:51 | INFO: glTF import finished in 0.18s
{"validated": "TAURUS_STOCK_B.glb", "scenes": 6, "images": 9}
18:03:52 | INFO: Data are loaded, start creating Blender stuff
18:03:52 | INFO: Blender create Mesh node record_001
18:03:52 | INFO: Blender create Mesh node record_002
18:03:52 | INFO: Blender create Mesh node record_003
18:03:52 | INFO: Blender create Mesh node record_004
18:03:52 | INFO: Blender create Mesh node record_005
18:03:52 | INFO: Blender create Mesh node record_006
18:03:52 | INFO: Blender create Mesh node record_007
18:03:52 | INFO: Blender create Mesh node record_008
18:03:52 | INFO: Blender create Mesh node record_009
18:03:52 | INFO: Blender create Mesh node record_010
18:03:52 | INFO: Blender create Mesh node record_011
18:03:52 | INFO: Blender create Mesh node record_012
18:03:52 | INFO: Blender create Mesh node record_013
18:03:52 | INFO: Blender create Mesh node record_014
18:03:52 | INFO: Blender create Mesh node record_015
18:03:52 | INFO: Blender create Mesh node record_016
18:03:52 | INFO: Blender create Mesh node record_017
18:03:52 | INFO: Blender create Mesh node record_018
18:03:52 | INFO: Blender create Mesh node record_019
18:03:52 | INFO: Blender create Mesh node record_020
18:03:52 | INFO: Blender create Mesh node record_021
18:03:52 | INFO: Blender create Mesh node record_022
18:03:52 | INFO: Blender create Mesh node record_023
18:03:52 | INFO: Blender create Mesh node record_024
18:03:52 | INFO: Blender create Mesh node record_025
18:03:52 | INFO: Blender create Mesh node record_026
18:03:52 | INFO: Blender create Mesh node record_027
18:03:52 | INFO: Blender create Mesh node record_028
18:03:52 | INFO: Blender create Mesh node record_029
18:03:52 | INFO: Blender create Mesh node record_030
18:03:52 | INFO: Blender create Mesh node record_031
18:03:52 | INFO: Blender create Mesh node record_032
18:03:52 | INFO: Blender create Mesh node record_033
18:03:52 | INFO: Blender create Mesh node record_034
18:03:52 | INFO: Blender create Mesh node record_035
18:03:52 | INFO: Blender create Mesh node record_036
18:03:52 | INFO: Blender create Mesh node record_037
18:03:52 | INFO: Blender create Mesh node record_038
18:03:52 | INFO: Blender create Mesh node record_039
18:03:52 | INFO: Blender create Mesh node record_040
18:03:52 | INFO: Blender create Mesh node record_041
18:03:52 | INFO: Blender create Mesh node record_042
18:03:52 | INFO: Blender create Mesh node record_043
18:03:52 | INFO: Blender create Mesh node record_044
18:03:52 | INFO: Blender create Mesh node record_045
18:03:52 | INFO: Blender create Mesh node record_046
18:03:52 | INFO: Blender create Mesh node record_047
18:03:52 | INFO: Blender create Mesh node record_048
18:03:52 | INFO: Blender create Mesh node record_049
18:03:52 | INFO: Blender create Mesh node record_050
18:03:52 | INFO: Blender create Mesh node record_051
18:03:52 | INFO: Blender create Mesh node record_052
18:03:52 | INFO: glTF import finished in 0.41s
{"validated": "TAURUS_STOCK_C.glb", "scenes": 6, "images": 9}
18:03:53 | INFO: Data are loaded, start creating Blender stuff
18:03:53 | INFO: Blender create Mesh node record_001
18:03:54 | INFO: Blender create Mesh node record_002
18:03:54 | INFO: Blender create Mesh node record_003
18:03:54 | INFO: Blender create Mesh node record_004
18:03:54 | INFO: Blender create Mesh node record_005
18:03:54 | INFO: Blender create Mesh node record_006
18:03:54 | INFO: Blender create Mesh node record_007
18:03:54 | INFO: Blender create Mesh node record_008
18:03:54 | INFO: Blender create Mesh node record_009
18:03:54 | INFO: Blender create Mesh node record_010
18:03:54 | INFO: Blender create Mesh node record_011
18:03:54 | INFO: Blender create Mesh node record_012
18:03:54 | INFO: Blender create Mesh node record_013
18:03:54 | INFO: Blender create Mesh node record_014
18:03:54 | INFO: Blender create Mesh node record_015
18:03:54 | INFO: Blender create Mesh node record_016
18:03:54 | INFO: Blender create Mesh node record_017
18:03:54 | INFO: Blender create Mesh node record_018
18:03:54 | INFO: Blender create Mesh node record_019
18:03:54 | INFO: Blender create Mesh node record_020
18:03:54 | INFO: Blender create Mesh node record_021
18:03:54 | INFO: Blender create Mesh node record_022
18:03:54 | INFO: Blender create Mesh node record_023
18:03:54 | INFO: Blender create Mesh node record_024
18:03:54 | INFO: Blender create Mesh node record_025
18:03:54 | INFO: Blender create Mesh node record_026
18:03:54 | INFO: Blender create Mesh node record_027
18:03:54 | INFO: Blender create Mesh node record_028
18:03:54 | INFO: Blender create Mesh node record_029
18:03:54 | INFO: Blender create Mesh node record_030
18:03:54 | INFO: Blender create Mesh node record_031
18:03:54 | INFO: Blender create Mesh node record_032
18:03:54 | INFO: Blender create Mesh node record_033
18:03:54 | INFO: Blender create Mesh node record_034
18:03:54 | INFO: Blender create Mesh node record_035
18:03:54 | INFO: Blender create Mesh node record_036
18:03:54 | INFO: Blender create Mesh node record_037
18:03:54 | INFO: Blender create Mesh node record_038
18:03:54 | INFO: Blender create Mesh node record_039
18:03:54 | INFO: Blender create Mesh node record_040
18:03:54 | INFO: Blender create Mesh node record_041
18:03:54 | INFO: Blender create Mesh node record_042
18:03:54 | INFO: Blender create Mesh node record_043
18:03:54 | INFO: Blender create Mesh node record_044
18:03:54 | INFO: Blender create Mesh node record_045
18:03:54 | INFO: Blender create Mesh node record_046
18:03:54 | INFO: Blender create Mesh node record_047
18:03:54 | INFO: Blender create Mesh node record_048
18:03:54 | INFO: Blender create Mesh node record_049
18:03:54 | INFO: Blender create Mesh node record_050
18:03:54 | INFO: Blender create Mesh node record_051
18:03:54 | INFO: Blender create Mesh node record_052
18:03:54 | INFO: glTF import finished in 0.68s
{"validated": "TAURUS_STOCK_D.glb", "scenes": 6, "images": 9}
18:03:55 | INFO: Data are loaded, start creating Blender stuff
18:03:55 | INFO: Blender create Mesh node record_001
18:03:55 | INFO: Blender create Mesh node record_002
18:03:55 | INFO: Blender create Mesh node record_003
18:03:55 | INFO: Blender create Mesh node record_004
18:03:55 | INFO: Blender create Mesh node record_005
18:03:55 | INFO: Blender create Mesh node record_006
18:03:55 | INFO: Blender create Mesh node record_007
18:03:55 | INFO: Blender create Mesh node record_008
18:03:55 | INFO: Blender create Mesh node record_009
18:03:55 | INFO: Blender create Mesh node record_010
18:03:55 | INFO: Blender create Mesh node record_011
18:03:55 | INFO: Blender create Mesh node record_012
18:03:55 | INFO: Blender create Mesh node record_013
18:03:55 | INFO: Blender create Mesh node record_014
18:03:55 | INFO: Blender create Mesh node record_015
18:03:55 | INFO: Blender create Mesh node record_016
18:03:55 | INFO: Blender create Mesh node record_017
18:03:55 | INFO: Blender create Mesh node record_018
18:03:55 | INFO: Blender create Mesh node record_019
18:03:55 | INFO: Blender create Mesh node record_020
18:03:55 | INFO: Blender create Mesh node record_021
18:03:55 | INFO: Blender create Mesh node record_022
18:03:55 | INFO: Blender create Mesh node record_023
18:03:55 | INFO: Blender create Mesh node record_024
18:03:55 | INFO: Blender create Mesh node record_025
18:03:55 | INFO: Blender create Mesh node record_026
18:03:55 | INFO: Blender create Mesh node record_027
18:03:55 | INFO: Blender create Mesh node record_028
18:03:56 | INFO: Blender create Mesh node record_029
18:03:56 | INFO: Blender create Mesh node record_030
18:03:56 | INFO: Blender create Mesh node record_031
18:03:56 | INFO: Blender create Mesh node record_032
18:03:56 | INFO: Blender create Mesh node record_033
18:03:56 | INFO: Blender create Mesh node record_034
18:03:56 | INFO: Blender create Mesh node record_035
18:03:56 | INFO: Blender create Mesh node record_036
18:03:56 | INFO: Blender create Mesh node record_037
18:03:56 | INFO: glTF import finished in 0.76s
{"validated": "THUNDERBIRD.glb", "scenes": 6, "images": 5}
18:03:56 | INFO: Data are loaded, start creating Blender stuff
18:03:56 | INFO: Blender create Mesh node record_001
18:03:56 | INFO: Blender create Mesh node record_002
18:03:56 | INFO: Blender create Mesh node record_003
18:03:56 | INFO: Blender create Mesh node record_004
18:03:57 | INFO: Blender create Mesh node record_005
18:03:57 | INFO: Blender create Mesh node record_006
18:03:57 | INFO: Blender create Mesh node record_007
18:03:57 | INFO: Blender create Mesh node record_008
18:03:57 | INFO: Blender create Mesh node record_009
18:03:57 | INFO: Blender create Mesh node record_010
18:03:57 | INFO: Blender create Mesh node record_011
18:03:57 | INFO: Blender create Mesh node record_012
18:03:57 | INFO: Blender create Mesh node record_013
18:03:57 | INFO: Blender create Mesh node record_014
18:03:57 | INFO: Blender create Mesh node record_015
18:03:57 | INFO: Blender create Mesh node record_016
18:03:57 | INFO: Blender create Mesh node record_017
18:03:57 | INFO: Blender create Mesh node record_018
18:03:57 | INFO: Blender create Mesh node record_019
18:03:57 | INFO: Blender create Mesh node record_020
18:03:57 | INFO: Blender create Mesh node record_021
18:03:57 | INFO: Blender create Mesh node record_022
18:03:57 | INFO: Blender create Mesh node record_023
18:03:57 | INFO: Blender create Mesh node record_024
18:03:57 | INFO: Blender create Mesh node record_025
18:03:57 | INFO: Blender create Mesh node record_026
18:03:57 | INFO: Blender create Mesh node record_027
18:03:57 | INFO: Blender create Mesh node record_028
18:03:57 | INFO: Blender create Mesh node record_029
18:03:57 | INFO: Blender create Mesh node record_030
18:03:57 | INFO: Blender create Mesh node record_031
18:03:57 | INFO: Blender create Mesh node record_032
18:03:57 | INFO: Blender create Mesh node record_033
18:03:57 | INFO: Blender create Mesh node record_034
18:03:57 | INFO: Blender create Mesh node record_035
18:03:57 | INFO: Blender create Mesh node record_036
18:03:57 | INFO: Blender create Mesh node record_037
18:03:57 | INFO: Blender create Mesh node record_038
18:03:57 | INFO: Blender create Mesh node record_039
18:03:57 | INFO: Blender create Mesh node record_040
18:03:57 | INFO: Blender create Mesh node record_041
18:03:57 | INFO: Blender create Mesh node record_042
18:03:57 | INFO: Blender create Mesh node record_043
18:03:57 | INFO: Blender create Mesh node record_044
18:03:57 | INFO: Blender create Mesh node record_045
18:03:57 | INFO: Blender create Mesh node record_046
18:03:57 | INFO: Blender create Mesh node record_047
18:03:57 | INFO: Blender create Mesh node record_048
18:03:57 | INFO: Blender create Mesh node record_049
18:03:57 | INFO: Blender create Mesh node record_050
18:03:57 | INFO: Blender create Mesh node record_051
18:03:57 | INFO: Blender create Mesh node record_052
18:03:57 | INFO: Blender create Mesh node record_053
18:03:57 | INFO: Blender create Mesh node record_054
18:03:57 | INFO: Blender create Mesh node record_055
18:03:57 | INFO: Blender create Mesh node record_056
18:03:57 | INFO: Blender create Mesh node record_057
18:03:57 | INFO: Blender create Mesh node record_058
18:03:57 | INFO: Blender create Mesh node record_059
18:03:57 | INFO: Blender create Mesh node record_060
18:03:57 | INFO: Blender create Mesh node record_061
18:03:57 | INFO: Blender create Mesh node record_062
18:03:57 | INFO: Blender create Mesh node record_063
18:03:57 | INFO: Blender create Mesh node record_064
18:03:57 | INFO: Blender create Mesh node record_065
18:03:57 | INFO: Blender create Mesh node record_066
18:03:57 | INFO: glTF import finished in 0.48s
{"validated": "THUNDERBIRD_2002.glb", "scenes": 6, "images": 6}
18:03:57 | INFO: Data are loaded, start creating Blender stuff
18:03:57 | INFO: Blender create Mesh node record_001
18:03:58 | INFO: Blender create Mesh node record_002
18:03:58 | INFO: Blender create Mesh node record_003
18:03:58 | INFO: Blender create Mesh node record_004
18:03:58 | INFO: Blender create Mesh node record_005
18:03:58 | INFO: Blender create Mesh node record_006
18:03:58 | INFO: Blender create Mesh node record_007
18:03:58 | INFO: Blender create Mesh node record_008
18:03:58 | INFO: Blender create Mesh node record_009
18:03:58 | INFO: Blender create Mesh node record_010
18:03:58 | INFO: Blender create Mesh node record_011
18:03:58 | INFO: Blender create Mesh node record_012
18:03:58 | INFO: Blender create Mesh node record_013
18:03:58 | INFO: Blender create Mesh node record_014
18:03:58 | INFO: Blender create Mesh node record_015
18:03:58 | INFO: Blender create Mesh node record_016
18:03:58 | INFO: Blender create Mesh node record_017
18:03:58 | INFO: Blender create Mesh node record_018
18:03:58 | INFO: Blender create Mesh node record_019
18:03:58 | INFO: Blender create Mesh node record_020
18:03:58 | INFO: Blender create Mesh node record_021
18:03:58 | INFO: Blender create Mesh node record_022
18:03:58 | INFO: Blender create Mesh node record_023
18:03:58 | INFO: Blender create Mesh node record_024
18:03:58 | INFO: Blender create Mesh node record_025
18:03:58 | INFO: Blender create Mesh node record_026
18:03:58 | INFO: Blender create Mesh node record_027
18:03:58 | INFO: Blender create Mesh node record_028
18:03:58 | INFO: Blender create Mesh node record_029
18:03:58 | INFO: Blender create Mesh node record_030
18:03:58 | INFO: Blender create Mesh node record_031
18:03:58 | INFO: Blender create Mesh node record_032
18:03:58 | INFO: Blender create Mesh node record_033
18:03:58 | INFO: Blender create Mesh node record_034
18:03:58 | INFO: Blender create Mesh node record_035
18:03:58 | INFO: Blender create Mesh node record_036
18:03:58 | INFO: Blender create Mesh node record_037
18:03:58 | INFO: Blender create Mesh node record_038
18:03:58 | INFO: Blender create Mesh node record_039
18:03:58 | INFO: Blender create Mesh node record_040
18:03:58 | INFO: Blender create Mesh node record_041
18:03:58 | INFO: Blender create Mesh node record_042
18:03:58 | INFO: Blender create Mesh node record_043
18:03:58 | INFO: Blender create Mesh node record_044
18:03:58 | INFO: Blender create Mesh node record_045
18:03:58 | INFO: Blender create Mesh node record_046
18:03:58 | INFO: Blender create Mesh node record_047
18:03:58 | INFO: Blender create Mesh node record_048
18:03:58 | INFO: Blender create Mesh node record_049
18:03:58 | INFO: Blender create Mesh node record_050
18:03:58 | INFO: Blender create Mesh node record_051
18:03:58 | INFO: Blender create Mesh node record_052
18:03:58 | INFO: Blender create Mesh node record_053
18:03:58 | INFO: Blender create Mesh node record_054
18:03:58 | INFO: Blender create Mesh node record_055
18:03:58 | INFO: Blender create Mesh node record_056
18:03:58 | INFO: Blender create Mesh node record_057
18:03:58 | INFO: Blender create Mesh node record_058
18:03:58 | INFO: Blender create Mesh node record_059
18:03:58 | INFO: Blender create Mesh node record_060
18:03:58 | INFO: Blender create Mesh node record_061
18:03:58 | INFO: Blender create Mesh node record_062
18:03:58 | INFO: Blender create Mesh node record_063
18:03:58 | INFO: Blender create Mesh node record_064
18:03:58 | INFO: Blender create Mesh node record_065
18:03:58 | INFO: Blender create Mesh node record_066
18:03:58 | INFO: glTF import finished in 0.38s
{"validated": "THUNDERBIRD_MOVIE.glb", "scenes": 6, "images": 6}
Blender 4.5.14 LTS (hash 62c1db4208e8 built 2026-09-15 01:30:44)

Blender quit
