17:47:00 | INFO: Data are loaded, start creating Blender stuff
17:47:00 | INFO: Blender create Mesh node record_001
17:47:00 | INFO: Blender create Mesh node record_002
17:47:00 | INFO: Blender create Mesh node record_003
17:47:00 | INFO: Blender create Mesh node record_004
17:47:00 | INFO: Blender create Mesh node record_005
17:47:00 | INFO: Blender create Mesh node record_006
17:47:00 | INFO: Blender create Mesh node record_007
17:47:00 | INFO: Blender create Mesh node record_008
17:47:00 | INFO: Blender create Mesh node record_009
17:47:00 | INFO: Blender create Mesh node record_010
17:47:00 | INFO: Blender create Mesh node record_011
17:47:00 | INFO: Blender create Mesh node record_012
17:47:00 | INFO: Blender create Mesh node record_013
17:47:00 | INFO: Blender create Mesh node record_014
17:47:00 | INFO: Blender create Mesh node record_015
17:47:00 | INFO: Blender create Mesh node record_016
17:47:00 | INFO: Blender create Mesh node record_017
17:47:00 | INFO: Blender create Mesh node record_018
17:47:00 | INFO: Blender create Mesh node record_019
17:47:00 | INFO: Blender create Mesh node record_020
17:47:00 | INFO: Blender create Mesh node record_021
17:47:00 | INFO: Blender create Mesh node record_022
17:47:00 | INFO: Blender create Mesh node record_023
17:47:00 | INFO: Blender create Mesh node record_024
17:47:00 | INFO: Blender create Mesh node record_025
17:47:00 | INFO: Blender create Mesh node record_026
17:47:00 | INFO: Blender create Mesh node record_027
17:47:00 | INFO: Blender create Mesh node record_028
17:47:00 | INFO: Blender create Mesh node record_029
17:47:00 | INFO: Blender create Mesh node record_030
17:47:00 | INFO: Blender create Mesh node record_031
17:47:00 | INFO: Blender create Mesh node record_032
17:47:00 | INFO: Blender create Mesh node record_033
17:47:00 | INFO: Blender create Mesh node record_034
17:47:00 | INFO: Blender create Mesh node record_035
17:47:00 | INFO: Blender create Mesh node record_036
17:47:00 | INFO: Blender create Mesh node record_037
17:47:00 | INFO: Blender create Mesh node record_038
17:47:00 | INFO: glTF import finished in 0.11s
{"validated": "49_COUPE.glb", "scenes": 6, "images": 5}
17:47:01 | INFO: Data are loaded, start creating Blender stuff
17:47:01 | INFO: Blender create Mesh node record_001
17:47:01 | INFO: Blender create Mesh node record_002
17:47:01 | INFO: Blender create Mesh node record_003
17:47:01 | INFO: Blender create Mesh node record_004
17:47:01 | INFO: Blender create Mesh node record_005
17:47:01 | INFO: Blender create Mesh node record_006
17:47:01 | INFO: Blender create Mesh node record_007
17:47:01 | INFO: Blender create Mesh node record_008
17:47:01 | INFO: Blender create Mesh node record_009
17:47:01 | INFO: Blender create Mesh node record_010
17:47:01 | INFO: Blender create Mesh node record_011
17:47:01 | INFO: Blender create Mesh node record_012
17:47:01 | INFO: Blender create Mesh node record_013
17:47:01 | INFO: Blender create Mesh node record_014
17:47:01 | INFO: Blender create Mesh node record_015
17:47:01 | INFO: Blender create Mesh node record_016
17:47:01 | INFO: Blender create Mesh node record_017
17:47:01 | INFO: Blender create Mesh node record_018
17:47:01 | INFO: Blender create Mesh node record_019
17:47:01 | INFO: Blender create Mesh node record_020
17:47:01 | INFO: Blender create Mesh node record_021
17:47:01 | INFO: Blender create Mesh node record_022
17:47:01 | INFO: Blender create Mesh node record_023
17:47:01 | INFO: Blender create Mesh node record_024
17:47:01 | INFO: Blender create Mesh node record_025
17:47:01 | INFO: Blender create Mesh node record_026
17:47:01 | INFO: Blender create Mesh node record_027
17:47:01 | INFO: Blender create Mesh node record_028
17:47:01 | INFO: Blender create Mesh node record_029
17:47:01 | INFO: Blender create Mesh node record_030
17:47:01 | INFO: Blender create Mesh node record_031
17:47:01 | INFO: Blender create Mesh node record_032
17:47:01 | INFO: Blender create Mesh node record_033
17:47:01 | INFO: Blender create Mesh node record_034
17:47:01 | INFO: glTF import finished in 0.18s
{"validated": "49_COUPE_MOVIE.glb", "scenes": 6, "images": 4}
17:47:01 | INFO: Data are loaded, start creating Blender stuff
17:47:01 | INFO: Blender create Mesh node record_001
17:47:01 | INFO: Blender create Mesh node record_002
17:47:01 | INFO: Blender create Mesh node record_003
17:47:01 | INFO: Blender create Mesh node record_004
17:47:01 | INFO: Blender create Mesh node record_005
17:47:01 | INFO: Blender create Mesh node record_006
17:47:01 | INFO: Blender create Mesh node record_007
17:47:01 | INFO: Blender create Mesh node record_008
17:47:01 | INFO: Blender create Mesh node record_009
17:47:01 | INFO: Blender create Mesh node record_010
17:47:01 | INFO: Blender create Mesh node record_011
17:47:01 | INFO: Blender create Mesh node record_012
17:47:01 | INFO: Blender create Mesh node record_013
17:47:01 | INFO: Blender create Mesh node record_014
17:47:01 | INFO: Blender create Mesh node record_015
17:47:01 | INFO: Blender create Mesh node record_016
17:47:01 | INFO: Blender create Mesh node record_017
17:47:01 | INFO: Blender create Mesh node record_018
17:47:01 | INFO: Blender create Mesh node record_019
17:47:01 | INFO: Blender create Mesh node record_020
17:47:01 | INFO: Blender create Mesh node record_021
17:47:01 | INFO: Blender create Mesh node record_022
17:47:01 | INFO: Blender create Mesh node record_023
17:47:01 | INFO: Blender create Mesh node record_024
17:47:01 | INFO: Blender create Mesh node record_025
17:47:01 | INFO: Blender create Mesh node record_026
17:47:01 | INFO: Blender create Mesh node record_027
17:47:01 | INFO: Blender create Mesh node record_028
17:47:01 | INFO: Blender create Mesh node record_029
17:47:01 | INFO: Blender create Mesh node record_030
17:47:01 | INFO: Blender create Mesh node record_031
17:47:01 | INFO: Blender create Mesh node record_032
17:47:01 | INFO: Blender create Mesh node record_033
17:47:01 | INFO: Blender create Mesh node record_034
17:47:01 | INFO: Blender create Mesh node record_035
17:47:01 | INFO: Blender create Mesh node record_036
17:47:01 | INFO: Blender create Mesh node record_037
17:47:01 | INFO: Blender create Mesh node record_038
17:47:01 | INFO: Blender create Mesh node record_039
17:47:01 | INFO: Blender create Mesh node record_040
17:47:01 | INFO: Blender create Mesh node record_041
17:47:01 | INFO: Blender create Mesh node record_042
17:47:01 | INFO: Blender create Mesh node record_043
17:47:01 | INFO: Blender create Mesh node record_044
17:47:01 | INFO: Blender create Mesh node record_045
17:47:01 | INFO: Blender create Mesh node record_046
17:47:01 | INFO: Blender create Mesh node record_047
17:47:01 | INFO: Blender create Mesh node record_048
17:47:01 | INFO: Blender create Mesh node record_049
17:47:01 | INFO: glTF import finished in 0.12s
{"validated": "COBRA.glb", "scenes": 6, "images": 6}
17:47:01 | INFO: Data are loaded, start creating Blender stuff
17:47:01 | INFO: Blender create Mesh node record_001
17:47:02 | INFO: Blender create Mesh node record_002
17:47:02 | INFO: Blender create Mesh node record_003
17:47:02 | INFO: Blender create Mesh node record_004
17:47:02 | INFO: Blender create Mesh node record_005
17:47:02 | INFO: Blender create Mesh node record_006
17:47:02 | INFO: Blender create Mesh node record_007
17:47:02 | INFO: Blender create Mesh node record_008
17:47:02 | INFO: Blender create Mesh node record_009
17:47:02 | INFO: Blender create Mesh node record_010
17:47:02 | INFO: Blender create Mesh node record_011
17:47:02 | INFO: Blender create Mesh node record_012
17:47:02 | INFO: Blender create Mesh node record_013
17:47:02 | INFO: Blender create Mesh node record_014
17:47:02 | INFO: Blender create Mesh node record_015
17:47:02 | INFO: Blender create Mesh node record_016
17:47:02 | INFO: Blender create Mesh node record_017
17:47:02 | INFO: Blender create Mesh node record_018
17:47:02 | INFO: Blender create Mesh node record_019
17:47:02 | INFO: Blender create Mesh node record_020
17:47:02 | INFO: Blender create Mesh node record_021
17:47:02 | INFO: Blender create Mesh node record_022
17:47:02 | INFO: Blender create Mesh node record_023
17:47:02 | INFO: Blender create Mesh node record_024
17:47:02 | INFO: Blender create Mesh node record_025
17:47:02 | INFO: Blender create Mesh node record_026
17:47:02 | INFO: Blender create Mesh node record_027
17:47:02 | INFO: Blender create Mesh node record_028
17:47:02 | INFO: Blender create Mesh node record_029
17:47:02 | INFO: Blender create Mesh node record_030
17:47:02 | INFO: Blender create Mesh node record_031
17:47:02 | INFO: Blender create Mesh node record_032
17:47:02 | INFO: Blender create Mesh node record_033
17:47:02 | INFO: Blender create Mesh node record_034
17:47:02 | INFO: Blender create Mesh node record_035
17:47:02 | INFO: Blender create Mesh node record_036
17:47:02 | INFO: Blender create Mesh node record_037
17:47:02 | INFO: Blender create Mesh node record_038
17:47:02 | INFO: Blender create Mesh node record_039
17:47:02 | INFO: Blender create Mesh node record_040
17:47:02 | INFO: Blender create Mesh node record_041
17:47:02 | INFO: Blender create Mesh node record_042
17:47:02 | INFO: Blender create Mesh node record_043
17:47:02 | INFO: Blender create Mesh node record_044
17:47:02 | INFO: Blender create Mesh node record_045
17:47:02 | INFO: Blender create Mesh node record_046
17:47:02 | INFO: Blender create Mesh node record_047
17:47:02 | INFO: Blender create Mesh node record_048
17:47:02 | INFO: Blender create Mesh node record_049
17:47:02 | INFO: Blender create Mesh node record_050
17:47:02 | INFO: Blender create Mesh node record_051
17:47:02 | INFO: Blender create Mesh node record_052
17:47:02 | INFO: Blender create Mesh node record_053
17:47:02 | INFO: Blender create Mesh node record_054
17:47:02 | INFO: Blender create Mesh node record_055
17:47:02 | INFO: Blender create Mesh node record_056
17:47:02 | INFO: Blender create Mesh node record_057
17:47:02 | INFO: Blender create Mesh node record_058
17:47:02 | INFO: Blender create Mesh node record_059
17:47:02 | INFO: Blender create Mesh node record_060
17:47:02 | INFO: Blender create Mesh node record_061
17:47:02 | INFO: Blender create Mesh node record_062
17:47:02 | INFO: Blender create Mesh node record_063
17:47:02 | INFO: Blender create Mesh node record_064
17:47:02 | INFO: Blender create Mesh node record_065
17:47:02 | INFO: Blender create Mesh node record_066
17:47:02 | INFO: Blender create Mesh node record_067
17:47:02 | INFO: glTF import finished in 0.14s
{"validated": "CROWN_VICTORIA.glb", "scenes": 6, "images": 6}
17:47:02 | INFO: Data are loaded, start creating Blender stuff
17:47:02 | INFO: Blender create Mesh node record_001
17:47:02 | INFO: Blender create Mesh node record_002
17:47:02 | INFO: Blender create Mesh node record_003
17:47:02 | INFO: Blender create Mesh node record_004
17:47:02 | INFO: Blender create Mesh node record_005
17:47:02 | INFO: Blender create Mesh node record_006
17:47:02 | INFO: Blender create Mesh node record_007
17:47:02 | INFO: Blender create Mesh node record_008
17:47:02 | INFO: Blender create Mesh node record_009
17:47:02 | INFO: Blender create Mesh node record_010
17:47:02 | INFO: Blender create Mesh node record_011
17:47:02 | INFO: Blender create Mesh node record_012
17:47:02 | INFO: Blender create Mesh node record_013
17:47:02 | INFO: Blender create Mesh node record_014
17:47:02 | INFO: Blender create Mesh node record_015
17:47:02 | INFO: Blender create Mesh node record_016
17:47:02 | INFO: Blender create Mesh node record_017
17:47:02 | INFO: Blender create Mesh node record_018
17:47:02 | INFO: Blender create Mesh node record_019
17:47:02 | INFO: Blender create Mesh node record_020
17:47:02 | INFO: Blender create Mesh node record_021
17:47:02 | INFO: Blender create Mesh node record_022
17:47:02 | INFO: Blender create Mesh node record_023
17:47:02 | INFO: Blender create Mesh node record_024
17:47:02 | INFO: Blender create Mesh node record_025
17:47:02 | INFO: Blender create Mesh node record_026
17:47:02 | INFO: Blender create Mesh node record_027
17:47:02 | INFO: Blender create Mesh node record_028
17:47:02 | INFO: Blender create Mesh node record_029
17:47:02 | INFO: Blender create Mesh node record_030
17:47:02 | INFO: Blender create Mesh node record_031
17:47:02 | INFO: Blender create Mesh node record_032
17:47:02 | INFO: Blender create Mesh node record_033
17:47:02 | INFO: Blender create Mesh node record_034
17:47:02 | INFO: Blender create Mesh node record_035
17:47:02 | INFO: Blender create Mesh node record_036
17:47:02 | INFO: Blender create Mesh node record_037
17:47:02 | INFO: Blender create Mesh node record_038
17:47:02 | INFO: Blender create Mesh node record_039
17:47:02 | INFO: Blender create Mesh node record_040
17:47:02 | INFO: Blender create Mesh node record_041
17:47:02 | INFO: Blender create Mesh node record_042
17:47:02 | INFO: Blender create Mesh node record_043
17:47:02 | INFO: Blender create Mesh node record_044
17:47:02 | INFO: Blender create Mesh node record_045
17:47:02 | INFO: Blender create Mesh node record_046
17:47:02 | INFO: Blender create Mesh node record_047
17:47:02 | INFO: Blender create Mesh node record_048
17:47:02 | INFO: Blender create Mesh node record_049
17:47:02 | INFO: Blender create Mesh node record_050
17:47:02 | INFO: Blender create Mesh node record_051
17:47:02 | INFO: Blender create Mesh node record_052
17:47:02 | INFO: Blender create Mesh node record_053
17:47:02 | INFO: Blender create Mesh node record_054
17:47:02 | INFO: Blender create Mesh node record_055
17:47:02 | INFO: Blender create Mesh node record_056
17:47:02 | INFO: Blender create Mesh node record_057
17:47:02 | INFO: Blender create Mesh node record_058
17:47:02 | INFO: Blender create Mesh node record_059
17:47:02 | INFO: Blender create Mesh node record_060
17:47:02 | INFO: Blender create Mesh node record_061
17:47:02 | INFO: glTF import finished in 0.15s
{"validated": "EX.glb", "scenes": 6, "images": 6}
17:47:02 | INFO: Data are loaded, start creating Blender stuff
17:47:02 | INFO: Blender create Mesh node record_001
17:47:02 | INFO: Blender create Mesh node record_002
17:47:02 | INFO: Blender create Mesh node record_003
17:47:02 | INFO: Blender create Mesh node record_004
17:47:02 | INFO: Blender create Mesh node record_005
17:47:02 | INFO: Blender create Mesh node record_006
17:47:02 | INFO: Blender create Mesh node record_007
17:47:02 | INFO: Blender create Mesh node record_008
17:47:02 | INFO: Blender create Mesh node record_009
17:47:02 | INFO: Blender create Mesh node record_010
17:47:02 | INFO: Blender create Mesh node record_011
17:47:02 | INFO: Blender create Mesh node record_012
17:47:02 | INFO: Blender create Mesh node record_013
17:47:02 | INFO: Blender create Mesh node record_014
17:47:02 | INFO: Blender create Mesh node record_015
17:47:02 | INFO: Blender create Mesh node record_016
17:47:02 | INFO: Blender create Mesh node record_017
17:47:02 | INFO: Blender create Mesh node record_018
17:47:02 | INFO: Blender create Mesh node record_019
17:47:02 | INFO: Blender create Mesh node record_020
17:47:02 | INFO: Blender create Mesh node record_021
17:47:02 | INFO: Blender create Mesh node record_022
17:47:02 | INFO: Blender create Mesh node record_023
17:47:02 | INFO: Blender create Mesh node record_024
17:47:02 | INFO: Blender create Mesh node record_025
17:47:02 | INFO: Blender create Mesh node record_026
17:47:02 | INFO: Blender create Mesh node record_027
17:47:02 | INFO: Blender create Mesh node record_028
17:47:02 | INFO: Blender create Mesh node record_029
17:47:02 | INFO: Blender create Mesh node record_030
17:47:02 | INFO: Blender create Mesh node record_031
17:47:02 | INFO: Blender create Mesh node record_032
17:47:02 | INFO: Blender create Mesh node record_033
17:47:02 | INFO: Blender create Mesh node record_034
17:47:02 | INFO: Blender create Mesh node record_035
17:47:02 | INFO: Blender create Mesh node record_036
17:47:02 | INFO: Blender create Mesh node record_037
17:47:03 | INFO: Blender create Mesh node record_038
17:47:03 | INFO: Blender create Mesh node record_039
17:47:03 | INFO: Blender create Mesh node record_040
17:47:03 | INFO: Blender create Mesh node record_041
17:47:03 | INFO: Blender create Mesh node record_042
17:47:03 | INFO: Blender create Mesh node record_043
17:47:03 | INFO: Blender create Mesh node record_044
17:47:03 | INFO: Blender create Mesh node record_045
17:47:03 | INFO: Blender create Mesh node record_046
17:47:03 | INFO: Blender create Mesh node record_047
17:47:03 | INFO: Blender create Mesh node record_048
17:47:03 | INFO: Blender create Mesh node record_049
17:47:03 | INFO: glTF import finished in 0.20s
{"validated": "EXPLORER.glb", "scenes": 6, "images": 6}
17:47:03 | INFO: Data are loaded, start creating Blender stuff
17:47:03 | INFO: Blender create Mesh node record_001
17:47:03 | INFO: Blender create Mesh node record_002
17:47:03 | INFO: Blender create Mesh node record_003
17:47:03 | INFO: Blender create Mesh node record_004
17:47:03 | INFO: Blender create Mesh node record_005
17:47:03 | INFO: Blender create Mesh node record_006
17:47:03 | INFO: Blender create Mesh node record_007
17:47:03 | INFO: Blender create Mesh node record_008
17:47:03 | INFO: Blender create Mesh node record_009
17:47:03 | INFO: Blender create Mesh node record_010
17:47:03 | INFO: Blender create Mesh node record_011
17:47:03 | INFO: Blender create Mesh node record_012
17:47:03 | INFO: Blender create Mesh node record_013
17:47:03 | INFO: Blender create Mesh node record_014
17:47:03 | INFO: Blender create Mesh node record_015
17:47:03 | INFO: Blender create Mesh node record_016
17:47:03 | INFO: Blender create Mesh node record_017
17:47:03 | INFO: Blender create Mesh node record_018
17:47:03 | INFO: Blender create Mesh node record_019
17:47:03 | INFO: Blender create Mesh node record_020
17:47:03 | INFO: Blender create Mesh node record_021
17:47:03 | INFO: Blender create Mesh node record_022
17:47:03 | INFO: Blender create Mesh node record_023
17:47:03 | INFO: Blender create Mesh node record_024
17:47:03 | INFO: Blender create Mesh node record_025
17:47:03 | INFO: Blender create Mesh node record_026
17:47:03 | INFO: Blender create Mesh node record_027
17:47:03 | INFO: Blender create Mesh node record_028
17:47:03 | INFO: Blender create Mesh node record_029
17:47:03 | INFO: Blender create Mesh node record_030
17:47:03 | INFO: Blender create Mesh node record_031
17:47:03 | INFO: Blender create Mesh node record_032
17:47:03 | INFO: Blender create Mesh node record_033
17:47:03 | INFO: Blender create Mesh node record_034
17:47:03 | INFO: Blender create Mesh node record_035
17:47:03 | INFO: Blender create Mesh node record_036
17:47:03 | INFO: Blender create Mesh node record_037
17:47:03 | INFO: Blender create Mesh node record_038
17:47:03 | INFO: Blender create Mesh node record_039
17:47:03 | INFO: Blender create Mesh node record_040
17:47:03 | INFO: Blender create Mesh node record_041
17:47:03 | INFO: glTF import finished in 0.16s
{"validated": "F100_1956.glb", "scenes": 6, "images": 5}
17:47:03 | INFO: Data are loaded, start creating Blender stuff
17:47:03 | INFO: Blender create Mesh node record_001
17:47:03 | INFO: Blender create Mesh node record_002
17:47:03 | INFO: Blender create Mesh node record_003
17:47:03 | INFO: Blender create Mesh node record_004
17:47:03 | INFO: Blender create Mesh node record_005
17:47:03 | INFO: Blender create Mesh node record_006
17:47:03 | INFO: Blender create Mesh node record_007
17:47:03 | INFO: Blender create Mesh node record_008
17:47:03 | INFO: Blender create Mesh node record_009
17:47:03 | INFO: Blender create Mesh node record_010
17:47:03 | INFO: Blender create Mesh node record_011
17:47:03 | INFO: Blender create Mesh node record_012
17:47:03 | INFO: Blender create Mesh node record_013
17:47:03 | INFO: Blender create Mesh node record_014
17:47:03 | INFO: Blender create Mesh node record_015
17:47:03 | INFO: Blender create Mesh node record_016
17:47:03 | INFO: Blender create Mesh node record_017
17:47:03 | INFO: Blender create Mesh node record_018
17:47:03 | INFO: Blender create Mesh node record_019
17:47:03 | INFO: Blender create Mesh node record_020
17:47:03 | INFO: Blender create Mesh node record_021
17:47:03 | INFO: Blender create Mesh node record_022
17:47:03 | INFO: Blender create Mesh node record_023
17:47:03 | INFO: Blender create Mesh node record_024
17:47:03 | INFO: Blender create Mesh node record_025
17:47:03 | INFO: Blender create Mesh node record_026
17:47:03 | INFO: Blender create Mesh node record_027
17:47:03 | INFO: Blender create Mesh node record_028
17:47:03 | INFO: Blender create Mesh node record_029
17:47:03 | INFO: Blender create Mesh node record_030
17:47:03 | INFO: Blender create Mesh node record_031
17:47:03 | INFO: Blender create Mesh node record_032
17:47:03 | INFO: Blender create Mesh node record_033
17:47:03 | INFO: Blender create Mesh node record_034
17:47:03 | INFO: Blender create Mesh node record_035
17:47:03 | INFO: glTF import finished in 0.18s
{"validated": "F100_1965.glb", "scenes": 6, "images": 5}
17:47:04 | INFO: Data are loaded, start creating Blender stuff
17:47:04 | INFO: Blender create Mesh node record_001
17:47:04 | INFO: Blender create Mesh node record_002
17:47:04 | INFO: Blender create Mesh node record_003
17:47:04 | INFO: Blender create Mesh node record_004
17:47:04 | INFO: Blender create Mesh node record_005
17:47:04 | INFO: Blender create Mesh node record_006
17:47:04 | INFO: Blender create Mesh node record_007
17:47:04 | INFO: Blender create Mesh node record_008
17:47:04 | INFO: Blender create Mesh node record_009
17:47:04 | INFO: Blender create Mesh node record_010
17:47:04 | INFO: Blender create Mesh node record_011
17:47:04 | INFO: Blender create Mesh node record_012
17:47:04 | INFO: Blender create Mesh node record_013
17:47:04 | INFO: Blender create Mesh node record_014
17:47:04 | INFO: Blender create Mesh node record_015
17:47:04 | INFO: Blender create Mesh node record_016
17:47:04 | INFO: Blender create Mesh node record_017
17:47:04 | INFO: Blender create Mesh node record_018
17:47:04 | INFO: Blender create Mesh node record_019
17:47:04 | INFO: Blender create Mesh node record_020
17:47:04 | INFO: Blender create Mesh node record_021
17:47:04 | INFO: Blender create Mesh node record_022
17:47:04 | INFO: Blender create Mesh node record_023
17:47:04 | INFO: Blender create Mesh node record_024
17:47:04 | INFO: Blender create Mesh node record_025
17:47:04 | INFO: Blender create Mesh node record_026
17:47:04 | INFO: Blender create Mesh node record_027
17:47:04 | INFO: Blender create Mesh node record_028
17:47:04 | INFO: Blender create Mesh node record_029
17:47:04 | INFO: Blender create Mesh node record_030
17:47:04 | INFO: Blender create Mesh node record_031
17:47:04 | INFO: Blender create Mesh node record_032
17:47:04 | INFO: Blender create Mesh node record_033
17:47:04 | INFO: Blender create Mesh node record_034
17:47:04 | INFO: Blender create Mesh node record_035
17:47:04 | INFO: Blender create Mesh node record_036
17:47:04 | INFO: Blender create Mesh node record_037
17:47:04 | INFO: Blender create Mesh node record_038
17:47:04 | INFO: Blender create Mesh node record_039
17:47:04 | INFO: Blender create Mesh node record_040
17:47:04 | INFO: Blender create Mesh node record_041
17:47:04 | INFO: Blender create Mesh node record_042
17:47:04 | INFO: Blender create Mesh node record_043
17:47:04 | INFO: Blender create Mesh node record_044
17:47:04 | INFO: Blender create Mesh node record_045
17:47:04 | INFO: Blender create Mesh node record_046
17:47:04 | INFO: Blender create Mesh node record_047
17:47:04 | INFO: Blender create Mesh node record_048
17:47:04 | INFO: Blender create Mesh node record_049
17:47:04 | INFO: Blender create Mesh node record_050
17:47:04 | INFO: Blender create Mesh node record_051
17:47:04 | INFO: glTF import finished in 0.14s
{"validated": "F150.glb", "scenes": 6, "images": 6}
17:47:04 | INFO: Data are loaded, start creating Blender stuff
17:47:04 | INFO: Blender create Mesh node record_001
17:47:04 | INFO: Blender create Mesh node record_002
17:47:04 | INFO: Blender create Mesh node record_003
17:47:04 | INFO: Blender create Mesh node record_004
17:47:04 | INFO: Blender create Mesh node record_005
17:47:04 | INFO: Blender create Mesh node record_006
17:47:04 | INFO: Blender create Mesh node record_007
17:47:04 | INFO: Blender create Mesh node record_008
17:47:04 | INFO: Blender create Mesh node record_009
17:47:04 | INFO: Blender create Mesh node record_010
17:47:04 | INFO: Blender create Mesh node record_011
17:47:04 | INFO: Blender create Mesh node record_012
17:47:04 | INFO: Blender create Mesh node record_013
17:47:04 | INFO: Blender create Mesh node record_014
17:47:04 | INFO: Blender create Mesh node record_015
17:47:04 | INFO: Blender create Mesh node record_016
17:47:04 | INFO: Blender create Mesh node record_017
17:47:04 | INFO: Blender create Mesh node record_018
17:47:04 | INFO: Blender create Mesh node record_019
17:47:04 | INFO: Blender create Mesh node record_020
17:47:04 | INFO: Blender create Mesh node record_021
17:47:04 | INFO: Blender create Mesh node record_022
17:47:04 | INFO: Blender create Mesh node record_023
17:47:04 | INFO: Blender create Mesh node record_024
17:47:04 | INFO: Blender create Mesh node record_025
17:47:04 | INFO: Blender create Mesh node record_026
17:47:04 | INFO: Blender create Mesh node record_027
17:47:04 | INFO: Blender create Mesh node record_028
17:47:04 | INFO: Blender create Mesh node record_029
17:47:04 | INFO: Blender create Mesh node record_030
17:47:04 | INFO: Blender create Mesh node record_031
17:47:04 | INFO: Blender create Mesh node record_032
17:47:04 | INFO: Blender create Mesh node record_033
17:47:04 | INFO: Blender create Mesh node record_034
17:47:04 | INFO: Blender create Mesh node record_035
17:47:04 | INFO: Blender create Mesh node record_036
17:47:04 | INFO: Blender create Mesh node record_037
17:47:04 | INFO: Blender create Mesh node record_038
17:47:04 | INFO: Blender create Mesh node record_039
17:47:04 | INFO: Blender create Mesh node record_040
17:47:04 | INFO: Blender create Mesh node record_041
17:47:04 | INFO: Blender create Mesh node record_042
17:47:04 | INFO: Blender create Mesh node record_043
17:47:04 | INFO: Blender create Mesh node record_044
17:47:04 | INFO: Blender create Mesh node record_045
17:47:04 | INFO: glTF import finished in 0.14s
{"validated": "F150_2004.glb", "scenes": 6, "images": 6}
17:47:05 | INFO: Data are loaded, start creating Blender stuff
17:47:05 | INFO: Blender create Mesh node record_001
17:47:05 | INFO: Blender create Mesh node record_002
17:47:05 | INFO: Blender create Mesh node record_003
17:47:05 | INFO: Blender create Mesh node record_004
17:47:05 | INFO: Blender create Mesh node record_005
17:47:05 | INFO: Blender create Mesh node record_006
17:47:05 | INFO: Blender create Mesh node record_007
17:47:05 | INFO: Blender create Mesh node record_008
17:47:05 | INFO: Blender create Mesh node record_009
17:47:05 | INFO: Blender create Mesh node record_010
17:47:05 | INFO: Blender create Mesh node record_011
17:47:05 | INFO: Blender create Mesh node record_012
17:47:05 | INFO: Blender create Mesh node record_013
17:47:05 | INFO: Blender create Mesh node record_014
17:47:05 | INFO: Blender create Mesh node record_015
17:47:05 | INFO: Blender create Mesh node record_016
17:47:05 | INFO: Blender create Mesh node record_017
17:47:05 | INFO: Blender create Mesh node record_018
17:47:05 | INFO: Blender create Mesh node record_019
17:47:05 | INFO: Blender create Mesh node record_020
17:47:05 | INFO: Blender create Mesh node record_021
17:47:05 | INFO: Blender create Mesh node record_022
17:47:05 | INFO: Blender create Mesh node record_023
17:47:05 | INFO: Blender create Mesh node record_024
17:47:05 | INFO: Blender create Mesh node record_025
17:47:05 | INFO: Blender create Mesh node record_026
17:47:05 | INFO: Blender create Mesh node record_027
17:47:05 | INFO: Blender create Mesh node record_028
17:47:05 | INFO: Blender create Mesh node record_029
17:47:05 | INFO: Blender create Mesh node record_030
17:47:05 | INFO: Blender create Mesh node record_031
17:47:05 | INFO: Blender create Mesh node record_032
17:47:05 | INFO: Blender create Mesh node record_033
17:47:05 | INFO: Blender create Mesh node record_034
17:47:05 | INFO: Blender create Mesh node record_035
17:47:05 | INFO: Blender create Mesh node record_036
17:47:05 | INFO: Blender create Mesh node record_037
17:47:05 | INFO: Blender create Mesh node record_038
17:47:05 | INFO: Blender create Mesh node record_039
17:47:05 | INFO: Blender create Mesh node record_040
17:47:05 | INFO: Blender create Mesh node record_041
17:47:05 | INFO: Blender create Mesh node record_042
17:47:05 | INFO: Blender create Mesh node record_043
17:47:05 | INFO: Blender create Mesh node record_044
17:47:05 | INFO: Blender create Mesh node record_045
17:47:05 | INFO: Blender create Mesh node record_046
17:47:05 | INFO: Blender create Mesh node record_047
17:47:05 | INFO: Blender create Mesh node record_048
17:47:05 | INFO: glTF import finished in 0.14s
{"validated": "F350.glb", "scenes": 6, "images": 6}
17:47:05 | INFO: Data are loaded, start creating Blender stuff
17:47:05 | INFO: Blender create Mesh node record_001
17:47:05 | INFO: Blender create Mesh node record_002
17:47:05 | INFO: Blender create Mesh node record_003
17:47:05 | INFO: Blender create Mesh node record_004
17:47:05 | INFO: Blender create Mesh node record_005
17:47:05 | INFO: Blender create Mesh node record_006
17:47:05 | INFO: Blender create Mesh node record_007
17:47:05 | INFO: Blender create Mesh node record_008
17:47:05 | INFO: Blender create Mesh node record_009
17:47:05 | INFO: Blender create Mesh node record_010
17:47:05 | INFO: Blender create Mesh node record_011
17:47:05 | INFO: Blender create Mesh node record_012
17:47:05 | INFO: Blender create Mesh node record_013
17:47:05 | INFO: Blender create Mesh node record_014
17:47:05 | INFO: Blender create Mesh node record_015
17:47:05 | INFO: Blender create Mesh node record_016
17:47:05 | INFO: Blender create Mesh node record_017
17:47:05 | INFO: Blender create Mesh node record_018
17:47:05 | INFO: Blender create Mesh node record_019
17:47:05 | INFO: Blender create Mesh node record_020
17:47:05 | INFO: Blender create Mesh node record_021
17:47:05 | INFO: Blender create Mesh node record_022
17:47:05 | INFO: Blender create Mesh node record_023
17:47:05 | INFO: Blender create Mesh node record_024
17:47:05 | INFO: Blender create Mesh node record_025
17:47:05 | INFO: Blender create Mesh node record_026
17:47:05 | INFO: Blender create Mesh node record_027
17:47:05 | INFO: Blender create Mesh node record_028
17:47:05 | INFO: Blender create Mesh node record_029
17:47:05 | INFO: Blender create Mesh node record_030
17:47:05 | INFO: Blender create Mesh node record_031
17:47:05 | INFO: Blender create Mesh node record_032
17:47:05 | INFO: Blender create Mesh node record_033
17:47:05 | INFO: Blender create Mesh node record_034
17:47:05 | INFO: Blender create Mesh node record_035
17:47:05 | INFO: Blender create Mesh node record_036
17:47:05 | INFO: Blender create Mesh node record_037
17:47:05 | INFO: Blender create Mesh node record_038
17:47:05 | INFO: Blender create Mesh node record_039
17:47:05 | INFO: Blender create Mesh node record_040
17:47:05 | INFO: Blender create Mesh node record_041
17:47:05 | INFO: Blender create Mesh node record_042
17:47:05 | INFO: Blender create Mesh node record_043
17:47:05 | INFO: Blender create Mesh node record_044
17:47:05 | INFO: Blender create Mesh node record_045
17:47:05 | INFO: Blender create Mesh node record_046
17:47:05 | INFO: Blender create Mesh node record_047
17:47:05 | INFO: Blender create Mesh node record_048
17:47:05 | INFO: Blender create Mesh node record_049
17:47:05 | INFO: Blender create Mesh node record_050
17:47:05 | INFO: Blender create Mesh node record_051
17:47:05 | INFO: Blender create Mesh node record_052
17:47:05 | INFO: Blender create Mesh node record_053
17:47:05 | INFO: Blender create Mesh node record_054
17:47:05 | INFO: Blender create Mesh node record_055
17:47:05 | INFO: Blender create Mesh node record_056
17:47:05 | INFO: Blender create Mesh node record_057
17:47:05 | INFO: Blender create Mesh node record_058
17:47:05 | INFO: Blender create Mesh node record_059
17:47:05 | INFO: Blender create Mesh node record_060
17:47:05 | INFO: Blender create Mesh node record_061
17:47:05 | INFO: Blender create Mesh node record_062
17:47:05 | INFO: Blender create Mesh node record_063
17:47:05 | INFO: Blender create Mesh node record_064
17:47:05 | INFO: Blender create Mesh node record_065
17:47:05 | INFO: glTF import finished in 0.14s
{"validated": "FOCUS_FR200.glb", "scenes": 6, "images": 7}
17:47:05 | INFO: Data are loaded, start creating Blender stuff
17:47:05 | INFO: Blender create Mesh node record_001
17:47:05 | INFO: Blender create Mesh node record_002
17:47:05 | INFO: Blender create Mesh node record_003
17:47:05 | INFO: Blender create Mesh node record_004
17:47:05 | INFO: Blender create Mesh node record_005
17:47:05 | INFO: Blender create Mesh node record_006
17:47:05 | INFO: Blender create Mesh node record_007
17:47:05 | INFO: Blender create Mesh node record_008
17:47:05 | INFO: Blender create Mesh node record_009
17:47:05 | INFO: Blender create Mesh node record_010
17:47:05 | INFO: Blender create Mesh node record_011
17:47:05 | INFO: Blender create Mesh node record_012
17:47:05 | INFO: Blender create Mesh node record_013
17:47:05 | INFO: Blender create Mesh node record_014
17:47:05 | INFO: Blender create Mesh node record_015
17:47:05 | INFO: Blender create Mesh node record_016
17:47:05 | INFO: Blender create Mesh node record_017
17:47:05 | INFO: Blender create Mesh node record_018
17:47:05 | INFO: Blender create Mesh node record_019
17:47:05 | INFO: Blender create Mesh node record_020
17:47:05 | INFO: Blender create Mesh node record_021
17:47:05 | INFO: Blender create Mesh node record_022
17:47:05 | INFO: Blender create Mesh node record_023
17:47:05 | INFO: Blender create Mesh node record_024
17:47:05 | INFO: Blender create Mesh node record_025
17:47:05 | INFO: Blender create Mesh node record_026
17:47:05 | INFO: Blender create Mesh node record_027
17:47:05 | INFO: Blender create Mesh node record_028
17:47:05 | INFO: Blender create Mesh node record_029
17:47:05 | INFO: Blender create Mesh node record_030
17:47:05 | INFO: Blender create Mesh node record_031
17:47:05 | INFO: Blender create Mesh node record_032
17:47:05 | INFO: Blender create Mesh node record_033
17:47:05 | INFO: Blender create Mesh node record_034
17:47:05 | INFO: Blender create Mesh node record_035
17:47:05 | INFO: Blender create Mesh node record_036
17:47:05 | INFO: Blender create Mesh node record_037
17:47:05 | INFO: Blender create Mesh node record_038
17:47:05 | INFO: Blender create Mesh node record_039
17:47:05 | INFO: Blender create Mesh node record_040
17:47:05 | INFO: Blender create Mesh node record_041
17:47:05 | INFO: Blender create Mesh node record_042
17:47:05 | INFO: Blender create Mesh node record_043
17:47:05 | INFO: Blender create Mesh node record_044
17:47:05 | INFO: Blender create Mesh node record_045
17:47:05 | INFO: Blender create Mesh node record_046
17:47:05 | INFO: Blender create Mesh node record_047
17:47:05 | INFO: Blender create Mesh node record_048
17:47:05 | INFO: Blender create Mesh node record_049
17:47:05 | INFO: Blender create Mesh node record_050
17:47:05 | INFO: Blender create Mesh node record_051
17:47:05 | INFO: Blender create Mesh node record_052
17:47:05 | INFO: Blender create Mesh node record_053
17:47:05 | INFO: Blender create Mesh node record_054
17:47:05 | INFO: Blender create Mesh node record_055
17:47:05 | INFO: Blender create Mesh node record_056
17:47:05 | INFO: Blender create Mesh node record_057
17:47:05 | INFO: glTF import finished in 0.12s
{"validated": "FOCUS_SVT.glb", "scenes": 6, "images": 6}
17:47:06 | INFO: Data are loaded, start creating Blender stuff
17:47:06 | INFO: Blender create Mesh node record_001
17:47:06 | INFO: Blender create Mesh node record_002
17:47:06 | INFO: Blender create Mesh node record_003
17:47:06 | INFO: Blender create Mesh node record_004
17:47:06 | INFO: Blender create Mesh node record_005
17:47:06 | INFO: Blender create Mesh node record_006
17:47:06 | INFO: Blender create Mesh node record_007
17:47:06 | INFO: Blender create Mesh node record_008
17:47:06 | INFO: Blender create Mesh node record_009
17:47:06 | INFO: Blender create Mesh node record_010
17:47:06 | INFO: Blender create Mesh node record_011
17:47:06 | INFO: Blender create Mesh node record_012
17:47:06 | INFO: Blender create Mesh node record_013
17:47:06 | INFO: Blender create Mesh node record_014
17:47:06 | INFO: Blender create Mesh node record_015
17:47:06 | INFO: Blender create Mesh node record_016
17:47:06 | INFO: Blender create Mesh node record_017
17:47:06 | INFO: Blender create Mesh node record_018
17:47:06 | INFO: Blender create Mesh node record_019
17:47:06 | INFO: Blender create Mesh node record_020
17:47:06 | INFO: Blender create Mesh node record_021
17:47:06 | INFO: Blender create Mesh node record_022
17:47:06 | INFO: Blender create Mesh node record_023
17:47:06 | INFO: Blender create Mesh node record_024
17:47:06 | INFO: Blender create Mesh node record_025
17:47:06 | INFO: Blender create Mesh node record_026
17:47:06 | INFO: Blender create Mesh node record_027
17:47:06 | INFO: Blender create Mesh node record_028
17:47:06 | INFO: Blender create Mesh node record_029
17:47:06 | INFO: Blender create Mesh node record_030
17:47:06 | INFO: Blender create Mesh node record_031
17:47:06 | INFO: Blender create Mesh node record_032
17:47:06 | INFO: Blender create Mesh node record_033
17:47:06 | INFO: Blender create Mesh node record_034
17:47:06 | INFO: Blender create Mesh node record_035
17:47:06 | INFO: Blender create Mesh node record_036
17:47:06 | INFO: Blender create Mesh node record_037
17:47:06 | INFO: Blender create Mesh node record_038
17:47:06 | INFO: Blender create Mesh node record_039
17:47:06 | INFO: Blender create Mesh node record_040
17:47:06 | INFO: Blender create Mesh node record_041
17:47:06 | INFO: Blender create Mesh node record_042
17:47:06 | INFO: Blender create Mesh node record_043
17:47:06 | INFO: Blender create Mesh node record_044
17:47:06 | INFO: Blender create Mesh node record_045
17:47:06 | INFO: Blender create Mesh node record_046
17:47:06 | INFO: Blender create Mesh node record_047
17:47:06 | INFO: Blender create Mesh node record_048
17:47:06 | INFO: Blender create Mesh node record_049
17:47:06 | INFO: Blender create Mesh node record_050
17:47:06 | INFO: Blender create Mesh node record_051
17:47:06 | INFO: Blender create Mesh node record_052
17:47:06 | INFO: Blender create Mesh node record_053
17:47:06 | INFO: Blender create Mesh node record_054
17:47:06 | INFO: Blender create Mesh node record_055
17:47:06 | INFO: Blender create Mesh node record_056
17:47:06 | INFO: Blender create Mesh node record_057
17:47:06 | INFO: Blender create Mesh node record_058
17:47:06 | INFO: Blender create Mesh node record_059
17:47:06 | INFO: Blender create Mesh node record_060
17:47:06 | INFO: Blender create Mesh node record_061
17:47:06 | INFO: Blender create Mesh node record_062
17:47:06 | INFO: Blender create Mesh node record_063
17:47:06 | INFO: Blender create Mesh node record_064
17:47:06 | INFO: Blender create Mesh node record_065
17:47:06 | INFO: glTF import finished in 0.18s
{"validated": "FOCUS_WRC.glb", "scenes": 6, "images": 7}
17:47:06 | INFO: Data are loaded, start creating Blender stuff
17:47:06 | INFO: Blender create Mesh node record_001
17:47:06 | INFO: Blender create Mesh node record_002
17:47:06 | INFO: Blender create Mesh node record_003
17:47:06 | INFO: Blender create Mesh node record_004
17:47:06 | INFO: Blender create Mesh node record_005
17:47:06 | INFO: Blender create Mesh node record_006
17:47:06 | INFO: Blender create Mesh node record_007
17:47:06 | INFO: Blender create Mesh node record_008
17:47:06 | INFO: Blender create Mesh node record_009
17:47:06 | INFO: Blender create Mesh node record_010
17:47:06 | INFO: Blender create Mesh node record_011
17:47:06 | INFO: Blender create Mesh node record_012
17:47:06 | INFO: Blender create Mesh node record_013
17:47:06 | INFO: Blender create Mesh node record_014
17:47:06 | INFO: Blender create Mesh node record_015
17:47:06 | INFO: Blender create Mesh node record_016
17:47:06 | INFO: Blender create Mesh node record_017
17:47:06 | INFO: Blender create Mesh node record_018
17:47:06 | INFO: Blender create Mesh node record_019
17:47:06 | INFO: Blender create Mesh node record_020
17:47:06 | INFO: Blender create Mesh node record_021
17:47:06 | INFO: Blender create Mesh node record_022
17:47:06 | INFO: Blender create Mesh node record_023
17:47:06 | INFO: Blender create Mesh node record_024
17:47:06 | INFO: Blender create Mesh node record_025
17:47:06 | INFO: Blender create Mesh node record_026
17:47:06 | INFO: Blender create Mesh node record_027
17:47:06 | INFO: Blender create Mesh node record_028
17:47:06 | INFO: Blender create Mesh node record_029
17:47:06 | INFO: Blender create Mesh node record_030
17:47:06 | INFO: Blender create Mesh node record_031
17:47:06 | INFO: Blender create Mesh node record_032
17:47:06 | INFO: Blender create Mesh node record_033
17:47:06 | INFO: Blender create Mesh node record_034
17:47:06 | INFO: Blender create Mesh node record_035
17:47:06 | INFO: Blender create Mesh node record_036
17:47:06 | INFO: Blender create Mesh node record_037
17:47:06 | INFO: Blender create Mesh node record_038
17:47:06 | INFO: Blender create Mesh node record_039
17:47:06 | INFO: Blender create Mesh node record_040
17:47:06 | INFO: Blender create Mesh node record_041
17:47:06 | INFO: Blender create Mesh node record_042
17:47:06 | INFO: Blender create Mesh node record_043
17:47:06 | INFO: Blender create Mesh node record_044
17:47:06 | INFO: Blender create Mesh node record_045
17:47:06 | INFO: Blender create Mesh node record_046
17:47:06 | INFO: Blender create Mesh node record_047
17:47:06 | INFO: Blender create Mesh node record_048
17:47:06 | INFO: Blender create Mesh node record_049
17:47:06 | INFO: Blender create Mesh node record_050
17:47:06 | INFO: Blender create Mesh node record_051
17:47:06 | INFO: Blender create Mesh node record_052
17:47:06 | INFO: Blender create Mesh node record_053
17:47:06 | INFO: Blender create Mesh node record_054
17:47:06 | INFO: Blender create Mesh node record_055
17:47:06 | INFO: Blender create Mesh node record_056
17:47:06 | INFO: Blender create Mesh node record_057
17:47:06 | INFO: Blender create Mesh node record_058
17:47:06 | INFO: Blender create Mesh node record_059
17:47:06 | INFO: Blender create Mesh node record_060
17:47:06 | INFO: Blender create Mesh node record_061
17:47:06 | INFO: Blender create Mesh node record_062
17:47:06 | INFO: Blender create Mesh node record_063
17:47:06 | INFO: Blender create Mesh node record_064
17:47:06 | INFO: Blender create Mesh node record_065
17:47:06 | INFO: Blender create Mesh node record_066
17:47:06 | INFO: Blender create Mesh node record_067
17:47:06 | INFO: Blender create Mesh node record_068
17:47:06 | INFO: Blender create Mesh node record_069
17:47:06 | INFO: Blender create Mesh node record_070
17:47:06 | INFO: Blender create Mesh node record_071
17:47:06 | INFO: Blender create Mesh node record_072
17:47:06 | INFO: Blender create Mesh node record_073
17:47:06 | INFO: glTF import finished in 0.16s
{"validated": "FORD_GT.glb", "scenes": 6, "images": 8}
17:47:06 | INFO: Data are loaded, start creating Blender stuff
17:47:06 | INFO: Blender create Mesh node record_001
17:47:07 | INFO: Blender create Mesh node record_002
17:47:07 | INFO: Blender create Mesh node record_003
17:47:07 | INFO: Blender create Mesh node record_004
17:47:07 | INFO: Blender create Mesh node record_005
17:47:07 | INFO: Blender create Mesh node record_006
17:47:07 | INFO: Blender create Mesh node record_007
17:47:07 | INFO: Blender create Mesh node record_008
17:47:07 | INFO: Blender create Mesh node record_009
17:47:07 | INFO: Blender create Mesh node record_010
17:47:07 | INFO: Blender create Mesh node record_011
17:47:07 | INFO: Blender create Mesh node record_012
17:47:07 | INFO: Blender create Mesh node record_013
17:47:07 | INFO: Blender create Mesh node record_014
17:47:07 | INFO: Blender create Mesh node record_015
17:47:07 | INFO: Blender create Mesh node record_016
17:47:07 | INFO: Blender create Mesh node record_017
17:47:07 | INFO: Blender create Mesh node record_018
17:47:07 | INFO: Blender create Mesh node record_019
17:47:07 | INFO: Blender create Mesh node record_020
17:47:07 | INFO: Blender create Mesh node record_021
17:47:07 | INFO: Blender create Mesh node record_022
17:47:07 | INFO: Blender create Mesh node record_023
17:47:07 | INFO: Blender create Mesh node record_024
17:47:07 | INFO: Blender create Mesh node record_025
17:47:07 | INFO: Blender create Mesh node record_026
17:47:07 | INFO: Blender create Mesh node record_027
17:47:07 | INFO: Blender create Mesh node record_028
17:47:07 | INFO: Blender create Mesh node record_029
17:47:07 | INFO: Blender create Mesh node record_030
17:47:07 | INFO: Blender create Mesh node record_031
17:47:07 | INFO: Blender create Mesh node record_032
17:47:07 | INFO: Blender create Mesh node record_033
17:47:07 | INFO: Blender create Mesh node record_034
17:47:07 | INFO: Blender create Mesh node record_035
17:47:07 | INFO: Blender create Mesh node record_036
17:47:07 | INFO: Blender create Mesh node record_037
17:47:07 | INFO: Blender create Mesh node record_038
17:47:07 | INFO: Blender create Mesh node record_039
17:47:07 | INFO: Blender create Mesh node record_040
17:47:07 | INFO: glTF import finished in 0.11s
{"validated": "FORTYNINE.glb", "scenes": 6, "images": 5}
17:47:07 | INFO: Data are loaded, start creating Blender stuff
17:47:07 | INFO: Blender create Mesh node record_001
17:47:07 | INFO: Blender create Mesh node record_002
17:47:07 | INFO: Blender create Mesh node record_003
17:47:07 | INFO: Blender create Mesh node record_004
17:47:07 | INFO: Blender create Mesh node record_005
17:47:07 | INFO: Blender create Mesh node record_006
17:47:07 | INFO: Blender create Mesh node record_007
17:47:07 | INFO: Blender create Mesh node record_008
17:47:07 | INFO: Blender create Mesh node record_009
17:47:07 | INFO: Blender create Mesh node record_010
17:47:07 | INFO: Blender create Mesh node record_011
17:47:07 | INFO: Blender create Mesh node record_012
17:47:07 | INFO: Blender create Mesh node record_013
17:47:07 | INFO: Blender create Mesh node record_014
17:47:07 | INFO: Blender create Mesh node record_015
17:47:07 | INFO: Blender create Mesh node record_016
17:47:07 | INFO: Blender create Mesh node record_017
17:47:07 | INFO: Blender create Mesh node record_018
17:47:07 | INFO: Blender create Mesh node record_019
17:47:07 | INFO: Blender create Mesh node record_020
17:47:07 | INFO: Blender create Mesh node record_021
17:47:07 | INFO: Blender create Mesh node record_022
17:47:07 | INFO: Blender create Mesh node record_023
17:47:07 | INFO: Blender create Mesh node record_024
17:47:07 | INFO: Blender create Mesh node record_025
17:47:07 | INFO: Blender create Mesh node record_026
17:47:07 | INFO: Blender create Mesh node record_027
17:47:07 | INFO: Blender create Mesh node record_028
17:47:07 | INFO: Blender create Mesh node record_029
17:47:07 | INFO: Blender create Mesh node record_030
17:47:07 | INFO: Blender create Mesh node record_031
17:47:07 | INFO: Blender create Mesh node record_032
17:47:07 | INFO: Blender create Mesh node record_033
17:47:07 | INFO: Blender create Mesh node record_034
17:47:07 | INFO: Blender create Mesh node record_035
17:47:07 | INFO: Blender create Mesh node record_036
17:47:07 | INFO: Blender create Mesh node record_037
17:47:07 | INFO: Blender create Mesh node record_038
17:47:07 | INFO: Blender create Mesh node record_039
17:47:07 | INFO: Blender create Mesh node record_040
17:47:07 | INFO: Blender create Mesh node record_041
17:47:07 | INFO: Blender create Mesh node record_042
17:47:07 | INFO: Blender create Mesh node record_043
17:47:07 | INFO: Blender create Mesh node record_044
17:47:07 | INFO: Blender create Mesh node record_045
17:47:07 | INFO: Blender create Mesh node record_046
17:47:07 | INFO: Blender create Mesh node record_047
17:47:07 | INFO: Blender create Mesh node record_048
17:47:07 | INFO: Blender create Mesh node record_049
17:47:07 | INFO: Blender create Mesh node record_050
17:47:07 | INFO: Blender create Mesh node record_051
17:47:07 | INFO: Blender create Mesh node record_052
17:47:07 | INFO: Blender create Mesh node record_053
17:47:07 | INFO: glTF import finished in 0.21s
{"validated": "FR500.glb", "scenes": 6, "images": 6}
17:47:07 | INFO: Data are loaded, start creating Blender stuff
17:47:07 | INFO: Blender create Mesh node record_001
17:47:07 | INFO: Blender create Mesh node record_002
17:47:07 | INFO: Blender create Mesh node record_003
17:47:07 | INFO: Blender create Mesh node record_004
17:47:07 | INFO: Blender create Mesh node record_005
17:47:07 | INFO: Blender create Mesh node record_006
17:47:07 | INFO: Blender create Mesh node record_007
17:47:07 | INFO: Blender create Mesh node record_008
17:47:07 | INFO: Blender create Mesh node record_009
17:47:07 | INFO: Blender create Mesh node record_010
17:47:07 | INFO: Blender create Mesh node record_011
17:47:07 | INFO: Blender create Mesh node record_012
17:47:07 | INFO: Blender create Mesh node record_013
17:47:07 | INFO: Blender create Mesh node record_014
17:47:07 | INFO: Blender create Mesh node record_015
17:47:07 | INFO: Blender create Mesh node record_016
17:47:07 | INFO: Blender create Mesh node record_017
17:47:07 | INFO: Blender create Mesh node record_018
17:47:07 | INFO: Blender create Mesh node record_019
17:47:07 | INFO: Blender create Mesh node record_020
17:47:07 | INFO: Blender create Mesh node record_021
17:47:07 | INFO: Blender create Mesh node record_022
17:47:07 | INFO: Blender create Mesh node record_023
17:47:07 | INFO: Blender create Mesh node record_024
17:47:07 | INFO: Blender create Mesh node record_025
17:47:07 | INFO: Blender create Mesh node record_026
17:47:07 | INFO: Blender create Mesh node record_027
17:47:07 | INFO: Blender create Mesh node record_028
17:47:07 | INFO: Blender create Mesh node record_029
17:47:07 | INFO: Blender create Mesh node record_030
17:47:07 | INFO: Blender create Mesh node record_031
17:47:07 | INFO: Blender create Mesh node record_032
17:47:07 | INFO: Blender create Mesh node record_033
17:47:07 | INFO: Blender create Mesh node record_034
17:47:07 | INFO: Blender create Mesh node record_035
17:47:07 | INFO: Blender create Mesh node record_036
17:47:07 | INFO: Blender create Mesh node record_037
17:47:07 | INFO: Blender create Mesh node record_038
17:47:07 | INFO: Blender create Mesh node record_039
17:47:07 | INFO: Blender create Mesh node record_040
17:47:07 | INFO: Blender create Mesh node record_041
17:47:07 | INFO: Blender create Mesh node record_042
17:47:08 | INFO: glTF import finished in 0.20s
{"validated": "GRAN_TORINO.glb", "scenes": 6, "images": 6}
17:47:08 | INFO: Data are loaded, start creating Blender stuff
17:47:08 | INFO: Blender create Mesh node record_001
17:47:08 | INFO: Blender create Mesh node record_002
17:47:08 | INFO: Blender create Mesh node record_003
17:47:08 | INFO: Blender create Mesh node record_004
17:47:08 | INFO: Blender create Mesh node record_005
17:47:08 | INFO: Blender create Mesh node record_006
17:47:08 | INFO: Blender create Mesh node record_007
17:47:08 | INFO: Blender create Mesh node record_008
17:47:08 | INFO: Blender create Mesh node record_009
17:47:08 | INFO: Blender create Mesh node record_010
17:47:08 | INFO: Blender create Mesh node record_011
17:47:08 | INFO: Blender create Mesh node record_012
17:47:08 | INFO: Blender create Mesh node record_013
17:47:08 | INFO: Blender create Mesh node record_014
17:47:08 | INFO: Blender create Mesh node record_015
17:47:08 | INFO: Blender create Mesh node record_016
17:47:08 | INFO: Blender create Mesh node record_017
17:47:08 | INFO: Blender create Mesh node record_018
17:47:08 | INFO: Blender create Mesh node record_019
17:47:08 | INFO: Blender create Mesh node record_020
17:47:08 | INFO: Blender create Mesh node record_021
17:47:08 | INFO: Blender create Mesh node record_022
17:47:08 | INFO: Blender create Mesh node record_023
17:47:08 | INFO: Blender create Mesh node record_024
17:47:08 | INFO: Blender create Mesh node record_025
17:47:08 | INFO: Blender create Mesh node record_026
17:47:08 | INFO: Blender create Mesh node record_027
17:47:08 | INFO: Blender create Mesh node record_028
17:47:08 | INFO: Blender create Mesh node record_029
17:47:08 | INFO: Blender create Mesh node record_030
17:47:08 | INFO: Blender create Mesh node record_031
17:47:08 | INFO: Blender create Mesh node record_032
17:47:08 | INFO: Blender create Mesh node record_033
17:47:08 | INFO: Blender create Mesh node record_034
17:47:08 | INFO: Blender create Mesh node record_035
17:47:08 | INFO: Blender create Mesh node record_036
17:47:08 | INFO: Blender create Mesh node record_037
17:47:08 | INFO: Blender create Mesh node record_038
17:47:08 | INFO: Blender create Mesh node record_039
17:47:08 | INFO: Blender create Mesh node record_040
17:47:08 | INFO: Blender create Mesh node record_041
17:47:08 | INFO: Blender create Mesh node record_042
17:47:08 | INFO: Blender create Mesh node record_043
17:47:08 | INFO: Blender create Mesh node record_044
17:47:08 | INFO: Blender create Mesh node record_045
17:47:08 | INFO: Blender create Mesh node record_046
17:47:08 | INFO: Blender create Mesh node record_047
17:47:08 | INFO: Blender create Mesh node record_048
17:47:08 | INFO: Blender create Mesh node record_049
17:47:08 | INFO: Blender create Mesh node record_050
17:47:08 | INFO: Blender create Mesh node record_051
17:47:08 | INFO: Blender create Mesh node record_052
17:47:08 | INFO: Blender create Mesh node record_053
17:47:08 | INFO: Blender create Mesh node record_054
17:47:08 | INFO: Blender create Mesh node record_055
17:47:08 | INFO: Blender create Mesh node record_056
17:47:08 | INFO: Blender create Mesh node record_057
17:47:08 | INFO: Blender create Mesh node record_058
17:47:08 | INFO: Blender create Mesh node record_059
17:47:08 | INFO: Blender create Mesh node record_060
17:47:08 | INFO: Blender create Mesh node record_061
17:47:08 | INFO: Blender create Mesh node record_062
17:47:08 | INFO: Blender create Mesh node record_063
17:47:08 | INFO: Blender create Mesh node record_064
17:47:08 | INFO: Blender create Mesh node record_065
17:47:08 | INFO: Blender create Mesh node record_066
17:47:08 | INFO: Blender create Mesh node record_067
17:47:08 | INFO: Blender create Mesh node record_068
17:47:08 | INFO: Blender create Mesh node record_069
17:47:08 | INFO: Blender create Mesh node record_070
17:47:08 | INFO: Blender create Mesh node record_071
17:47:08 | INFO: Blender create Mesh node record_072
17:47:08 | INFO: glTF import finished in 0.14s
{"validated": "GT90.glb", "scenes": 6, "images": 8}
17:47:08 | INFO: Data are loaded, start creating Blender stuff
17:47:08 | INFO: Blender create Mesh node record_001
17:47:08 | INFO: Blender create Mesh node record_002
17:47:08 | INFO: Blender create Mesh node record_003
17:47:08 | INFO: Blender create Mesh node record_004
17:47:08 | INFO: Blender create Mesh node record_005
17:47:08 | INFO: Blender create Mesh node record_006
17:47:08 | INFO: Blender create Mesh node record_007
17:47:08 | INFO: Blender create Mesh node record_008
17:47:08 | INFO: Blender create Mesh node record_009
17:47:08 | INFO: Blender create Mesh node record_010
17:47:08 | INFO: Blender create Mesh node record_011
17:47:08 | INFO: Blender create Mesh node record_012
17:47:08 | INFO: Blender create Mesh node record_013
17:47:08 | INFO: Blender create Mesh node record_014
17:47:08 | INFO: Blender create Mesh node record_015
17:47:08 | INFO: Blender create Mesh node record_016
17:47:08 | INFO: Blender create Mesh node record_017
17:47:08 | INFO: Blender create Mesh node record_018
17:47:08 | INFO: Blender create Mesh node record_019
17:47:08 | INFO: Blender create Mesh node record_020
17:47:08 | INFO: Blender create Mesh node record_021
17:47:08 | INFO: Blender create Mesh node record_022
17:47:08 | INFO: Blender create Mesh node record_023
17:47:08 | INFO: Blender create Mesh node record_024
17:47:08 | INFO: Blender create Mesh node record_025
17:47:08 | INFO: Blender create Mesh node record_026
17:47:08 | INFO: Blender create Mesh node record_027
17:47:08 | INFO: Blender create Mesh node record_028
17:47:08 | INFO: Blender create Mesh node record_029
17:47:08 | INFO: Blender create Mesh node record_030
17:47:08 | INFO: Blender create Mesh node record_031
17:47:08 | INFO: Blender create Mesh node record_032
17:47:08 | INFO: Blender create Mesh node record_033
17:47:08 | INFO: Blender create Mesh node record_034
17:47:08 | INFO: Blender create Mesh node record_035
17:47:08 | INFO: Blender create Mesh node record_036
17:47:08 | INFO: Blender create Mesh node record_037
17:47:08 | INFO: Blender create Mesh node record_038
17:47:08 | INFO: Blender create Mesh node record_039
17:47:08 | INFO: Blender create Mesh node record_040
17:47:08 | INFO: Blender create Mesh node record_041
17:47:08 | INFO: Blender create Mesh node record_042
17:47:08 | INFO: Blender create Mesh node record_043
17:47:08 | INFO: Blender create Mesh node record_044
17:47:08 | INFO: Blender create Mesh node record_045
17:47:08 | INFO: Blender create Mesh node record_046
17:47:08 | INFO: Blender create Mesh node record_047
17:47:08 | INFO: Blender create Mesh node record_048
17:47:08 | INFO: Blender create Mesh node record_049
17:47:08 | INFO: Blender create Mesh node record_050
17:47:08 | INFO: Blender create Mesh node record_051
17:47:08 | INFO: Blender create Mesh node record_052
17:47:08 | INFO: Blender create Mesh node record_053
17:47:08 | INFO: Blender create Mesh node record_054
17:47:08 | INFO: Blender create Mesh node record_055
17:47:08 | INFO: Blender create Mesh node record_056
17:47:08 | INFO: Blender create Mesh node record_057
17:47:08 | INFO: Blender create Mesh node record_058
17:47:08 | INFO: Blender create Mesh node record_059
17:47:08 | INFO: Blender create Mesh node record_060
17:47:08 | INFO: Blender create Mesh node record_061
17:47:08 | INFO: Blender create Mesh node record_062
17:47:08 | INFO: Blender create Mesh node record_063
17:47:08 | INFO: Blender create Mesh node record_064
17:47:08 | INFO: Blender create Mesh node record_065
17:47:08 | INFO: Blender create Mesh node record_066
17:47:08 | INFO: Blender create Mesh node record_067
17:47:08 | INFO: Blender create Mesh node record_068
17:47:08 | INFO: Blender create Mesh node record_069
17:47:08 | INFO: Blender create Mesh node record_070
17:47:08 | INFO: Blender create Mesh node record_071
17:47:08 | INFO: Blender create Mesh node record_072
17:47:08 | INFO: Blender create Mesh node record_073
17:47:08 | INFO: Blender create Mesh node record_074
17:47:08 | INFO: Blender create Mesh node record_075
17:47:08 | INFO: Blender create Mesh node record_076
17:47:08 | INFO: Blender create Mesh node record_077
17:47:08 | INFO: Blender create Mesh node record_078
17:47:08 | INFO: Blender create Mesh node record_079
17:47:08 | INFO: Blender create Mesh node record_080
17:47:08 | INFO: Blender create Mesh node record_081
17:47:08 | INFO: Blender create Mesh node record_082
17:47:08 | INFO: Blender create Mesh node record_083
17:47:08 | INFO: Blender create Mesh node record_084
17:47:08 | INFO: Blender create Mesh node record_085
17:47:08 | INFO: Blender create Mesh node record_086
17:47:08 | INFO: Blender create Mesh node record_087
17:47:08 | INFO: Blender create Mesh node record_088
17:47:08 | INFO: Blender create Mesh node record_089
17:47:08 | INFO: Blender create Mesh node record_090
17:47:08 | INFO: Blender create Mesh node record_091
17:47:08 | INFO: Blender create Mesh node record_092
17:47:08 | INFO: Blender create Mesh node record_093
17:47:08 | INFO: Blender create Mesh node record_094
17:47:08 | INFO: Blender create Mesh node record_095
17:47:08 | INFO: glTF import finished in 0.19s
{"validated": "INDIGO.glb", "scenes": 6, "images": 9}
17:47:09 | INFO: Data are loaded, start creating Blender stuff
17:47:09 | INFO: Blender create Mesh node record_001
17:47:09 | INFO: Blender create Mesh node record_002
17:47:09 | INFO: Blender create Mesh node record_003
17:47:09 | INFO: Blender create Mesh node record_004
17:47:09 | INFO: Blender create Mesh node record_005
17:47:09 | INFO: Blender create Mesh node record_006
17:47:09 | INFO: Blender create Mesh node record_007
17:47:09 | INFO: Blender create Mesh node record_008
17:47:09 | INFO: Blender create Mesh node record_009
17:47:09 | INFO: Blender create Mesh node record_010
17:47:09 | INFO: Blender create Mesh node record_011
17:47:09 | INFO: Blender create Mesh node record_012
17:47:09 | INFO: Blender create Mesh node record_013
17:47:09 | INFO: Blender create Mesh node record_014
17:47:09 | INFO: Blender create Mesh node record_015
17:47:09 | INFO: Blender create Mesh node record_016
17:47:09 | INFO: Blender create Mesh node record_017
17:47:09 | INFO: Blender create Mesh node record_018
17:47:09 | INFO: Blender create Mesh node record_019
17:47:09 | INFO: Blender create Mesh node record_020
17:47:09 | INFO: Blender create Mesh node record_021
17:47:09 | INFO: Blender create Mesh node record_022
17:47:09 | INFO: Blender create Mesh node record_023
17:47:09 | INFO: Blender create Mesh node record_024
17:47:09 | INFO: Blender create Mesh node record_025
17:47:09 | INFO: Blender create Mesh node record_026
17:47:09 | INFO: Blender create Mesh node record_027
17:47:09 | INFO: Blender create Mesh node record_028
17:47:09 | INFO: Blender create Mesh node record_029
17:47:09 | INFO: Blender create Mesh node record_030
17:47:09 | INFO: Blender create Mesh node record_031
17:47:09 | INFO: Blender create Mesh node record_032
17:47:09 | INFO: Blender create Mesh node record_033
17:47:09 | INFO: Blender create Mesh node record_034
17:47:09 | INFO: Blender create Mesh node record_035
17:47:09 | INFO: Blender create Mesh node record_036
17:47:09 | INFO: Blender create Mesh node record_037
17:47:09 | INFO: Blender create Mesh node record_038
17:47:09 | INFO: Blender create Mesh node record_039
17:47:09 | INFO: Blender create Mesh node record_040
17:47:09 | INFO: Blender create Mesh node record_041
17:47:09 | INFO: Blender create Mesh node record_042
17:47:09 | INFO: Blender create Mesh node record_043
17:47:09 | INFO: Blender create Mesh node record_044
17:47:09 | INFO: Blender create Mesh node record_045
17:47:09 | INFO: Blender create Mesh node record_046
17:47:09 | INFO: Blender create Mesh node record_047
17:47:09 | INFO: Blender create Mesh node record_048
17:47:09 | INFO: Blender create Mesh node record_049
17:47:09 | INFO: Blender create Mesh node record_050
17:47:09 | INFO: Blender create Mesh node record_051
17:47:09 | INFO: Blender create Mesh node record_052
17:47:09 | INFO: Blender create Mesh node record_053
17:47:09 | INFO: Blender create Mesh node record_054
17:47:09 | INFO: Blender create Mesh node record_055
17:47:09 | INFO: Blender create Mesh node record_056
17:47:09 | INFO: Blender create Mesh node record_057
17:47:09 | INFO: glTF import finished in 0.14s
{"validated": "LIGHTNING_SVT.glb", "scenes": 6, "images": 6}
17:47:09 | INFO: Data are loaded, start creating Blender stuff
17:47:09 | INFO: Blender create Mesh node record_001
17:47:09 | INFO: Blender create Mesh node record_002
17:47:09 | INFO: Blender create Mesh node record_003
17:47:09 | INFO: Blender create Mesh node record_004
17:47:09 | INFO: Blender create Mesh node record_005
17:47:09 | INFO: Blender create Mesh node record_006
17:47:09 | INFO: Blender create Mesh node record_007
17:47:09 | INFO: Blender create Mesh node record_008
17:47:09 | INFO: Blender create Mesh node record_009
17:47:09 | INFO: Blender create Mesh node record_010
17:47:09 | INFO: Blender create Mesh node record_011
17:47:09 | INFO: Blender create Mesh node record_012
17:47:09 | INFO: Blender create Mesh node record_013
17:47:09 | INFO: Blender create Mesh node record_014
17:47:09 | INFO: Blender create Mesh node record_015
17:47:09 | INFO: Blender create Mesh node record_016
17:47:09 | INFO: Blender create Mesh node record_017
17:47:09 | INFO: Blender create Mesh node record_018
17:47:09 | INFO: Blender create Mesh node record_019
17:47:09 | INFO: Blender create Mesh node record_020
17:47:09 | INFO: Blender create Mesh node record_021
17:47:09 | INFO: Blender create Mesh node record_022
17:47:09 | INFO: Blender create Mesh node record_023
17:47:09 | INFO: Blender create Mesh node record_024
17:47:09 | INFO: Blender create Mesh node record_025
17:47:09 | INFO: Blender create Mesh node record_026
17:47:09 | INFO: Blender create Mesh node record_027
17:47:09 | INFO: Blender create Mesh node record_028
17:47:09 | INFO: glTF import finished in 0.08s
{"validated": "MACH1_AGENT.glb", "scenes": 6, "images": 5}
17:47:09 | INFO: Data are loaded, start creating Blender stuff
17:47:09 | INFO: Blender create Mesh node record_001
17:47:09 | INFO: Blender create Mesh node record_002
17:47:09 | INFO: Blender create Mesh node record_003
17:47:09 | INFO: Blender create Mesh node record_004
17:47:09 | INFO: Blender create Mesh node record_005
17:47:09 | INFO: Blender create Mesh node record_006
17:47:09 | INFO: Blender create Mesh node record_007
17:47:09 | INFO: Blender create Mesh node record_008
17:47:09 | INFO: Blender create Mesh node record_009
17:47:09 | INFO: Blender create Mesh node record_010
17:47:09 | INFO: Blender create Mesh node record_011
17:47:09 | INFO: Blender create Mesh node record_012
17:47:09 | INFO: Blender create Mesh node record_013
17:47:09 | INFO: Blender create Mesh node record_014
17:47:09 | INFO: Blender create Mesh node record_015
17:47:09 | INFO: Blender create Mesh node record_016
17:47:09 | INFO: Blender create Mesh node record_017
17:47:09 | INFO: Blender create Mesh node record_018
17:47:09 | INFO: Blender create Mesh node record_019
17:47:09 | INFO: Blender create Mesh node record_020
17:47:09 | INFO: Blender create Mesh node record_021
17:47:09 | INFO: Blender create Mesh node record_022
17:47:09 | INFO: Blender create Mesh node record_023
17:47:09 | INFO: Blender create Mesh node record_024
17:47:09 | INFO: Blender create Mesh node record_025
17:47:09 | INFO: Blender create Mesh node record_026
17:47:09 | INFO: Blender create Mesh node record_027
17:47:09 | INFO: Blender create Mesh node record_028
17:47:09 | INFO: glTF import finished in 0.19s
{"validated": "MACH1_SIXTY.glb", "scenes": 6, "images": 5}
17:47:10 | INFO: Data are loaded, start creating Blender stuff
17:47:10 | INFO: Blender create Mesh node record_001
17:47:10 | INFO: Blender create Mesh node record_002
17:47:10 | INFO: Blender create Mesh node record_003
17:47:10 | INFO: Blender create Mesh node record_004
17:47:10 | INFO: Blender create Mesh node record_005
17:47:10 | INFO: Blender create Mesh node record_006
17:47:10 | INFO: Blender create Mesh node record_007
17:47:10 | INFO: Blender create Mesh node record_008
17:47:10 | INFO: Blender create Mesh node record_009
17:47:10 | INFO: Blender create Mesh node record_010
17:47:10 | INFO: Blender create Mesh node record_011
17:47:10 | INFO: Blender create Mesh node record_012
17:47:10 | INFO: Blender create Mesh node record_013
17:47:10 | INFO: Blender create Mesh node record_014
17:47:10 | INFO: Blender create Mesh node record_015
17:47:10 | INFO: Blender create Mesh node record_016
17:47:10 | INFO: Blender create Mesh node record_017
17:47:10 | INFO: Blender create Mesh node record_018
17:47:10 | INFO: Blender create Mesh node record_019
17:47:10 | INFO: Blender create Mesh node record_020
17:47:10 | INFO: Blender create Mesh node record_021
17:47:10 | INFO: Blender create Mesh node record_022
17:47:10 | INFO: Blender create Mesh node record_023
17:47:10 | INFO: Blender create Mesh node record_024
17:47:10 | INFO: Blender create Mesh node record_025
17:47:10 | INFO: Blender create Mesh node record_026
17:47:10 | INFO: Blender create Mesh node record_027
17:47:10 | INFO: Blender create Mesh node record_028
17:47:10 | INFO: Blender create Mesh node record_029
17:47:10 | INFO: Blender create Mesh node record_030
17:47:10 | INFO: Blender create Mesh node record_031
17:47:10 | INFO: Blender create Mesh node record_032
17:47:10 | INFO: Blender create Mesh node record_033
17:47:10 | INFO: Blender create Mesh node record_034
17:47:10 | INFO: Blender create Mesh node record_035
17:47:10 | INFO: Blender create Mesh node record_036
17:47:10 | INFO: Blender create Mesh node record_037
17:47:10 | INFO: Blender create Mesh node record_038
17:47:10 | INFO: Blender create Mesh node record_039
17:47:10 | INFO: Blender create Mesh node record_040
17:47:10 | INFO: Blender create Mesh node record_041
17:47:10 | INFO: Blender create Mesh node record_042
17:47:10 | INFO: Blender create Mesh node record_043
17:47:10 | INFO: Blender create Mesh node record_044
17:47:10 | INFO: Blender create Mesh node record_045
17:47:10 | INFO: Blender create Mesh node record_046
17:47:10 | INFO: Blender create Mesh node record_047
17:47:10 | INFO: Blender create Mesh node record_048
17:47:10 | INFO: Blender create Mesh node record_049
17:47:10 | INFO: Blender create Mesh node record_050
17:47:10 | INFO: Blender create Mesh node record_051
17:47:10 | INFO: Blender create Mesh node record_052
17:47:10 | INFO: Blender create Mesh node record_053
17:47:10 | INFO: Blender create Mesh node record_054
17:47:10 | INFO: Blender create Mesh node record_055
17:47:10 | INFO: Blender create Mesh node record_056
17:47:10 | INFO: Blender create Mesh node record_057
17:47:10 | INFO: Blender create Mesh node record_058
17:47:10 | INFO: Blender create Mesh node record_059
17:47:10 | INFO: glTF import finished in 0.13s
{"validated": "MACH3.glb", "scenes": 6, "images": 6}
17:47:10 | INFO: Data are loaded, start creating Blender stuff
17:47:10 | INFO: Blender create Mesh node record_001
17:47:10 | INFO: Blender create Mesh node record_002
17:47:10 | INFO: Blender create Mesh node record_003
17:47:10 | INFO: Blender create Mesh node record_004
17:47:10 | INFO: Blender create Mesh node record_005
17:47:10 | INFO: Blender create Mesh node record_006
17:47:10 | INFO: Blender create Mesh node record_007
17:47:10 | INFO: Blender create Mesh node record_008
17:47:10 | INFO: Blender create Mesh node record_009
17:47:10 | INFO: Blender create Mesh node record_010
17:47:10 | INFO: Blender create Mesh node record_011
17:47:10 | INFO: Blender create Mesh node record_012
17:47:10 | INFO: Blender create Mesh node record_013
17:47:10 | INFO: Blender create Mesh node record_014
17:47:10 | INFO: Blender create Mesh node record_015
17:47:10 | INFO: Blender create Mesh node record_016
17:47:10 | INFO: Blender create Mesh node record_017
17:47:10 | INFO: Blender create Mesh node record_018
17:47:10 | INFO: Blender create Mesh node record_019
17:47:10 | INFO: Blender create Mesh node record_020
17:47:10 | INFO: Blender create Mesh node record_021
17:47:10 | INFO: Blender create Mesh node record_022
17:47:10 | INFO: Blender create Mesh node record_023
17:47:10 | INFO: Blender create Mesh node record_024
17:47:10 | INFO: Blender create Mesh node record_025
17:47:10 | INFO: Blender create Mesh node record_026
17:47:10 | INFO: Blender create Mesh node record_027
17:47:10 | INFO: Blender create Mesh node record_028
17:47:10 | INFO: Blender create Mesh node record_029
17:47:10 | INFO: Blender create Mesh node record_030
17:47:10 | INFO: Blender create Mesh node record_031
17:47:10 | INFO: Blender create Mesh node record_032
17:47:10 | INFO: Blender create Mesh node record_033
17:47:10 | INFO: Blender create Mesh node record_034
17:47:10 | INFO: Blender create Mesh node record_035
17:47:10 | INFO: Blender create Mesh node record_036
17:47:10 | INFO: Blender create Mesh node record_037
17:47:10 | INFO: Blender create Mesh node record_038
17:47:10 | INFO: Blender create Mesh node record_039
17:47:10 | INFO: Blender create Mesh node record_040
17:47:10 | INFO: Blender create Mesh node record_041
17:47:10 | INFO: Blender create Mesh node record_042
17:47:10 | INFO: Blender create Mesh node record_043
17:47:10 | INFO: Blender create Mesh node record_044
17:47:10 | INFO: Blender create Mesh node record_045
17:47:10 | INFO: Blender create Mesh node record_046
17:47:10 | INFO: Blender create Mesh node record_047
17:47:10 | INFO: Blender create Mesh node record_048
17:47:10 | INFO: Blender create Mesh node record_049
17:47:10 | INFO: Blender create Mesh node record_050
17:47:10 | INFO: Blender create Mesh node record_051
17:47:10 | INFO: Blender create Mesh node record_052
17:47:10 | INFO: Blender create Mesh node record_053
17:47:10 | INFO: Blender create Mesh node record_054
17:47:10 | INFO: Blender create Mesh node record_055
17:47:10 | INFO: Blender create Mesh node record_056
17:47:10 | INFO: Blender create Mesh node record_057
17:47:10 | INFO: Blender create Mesh node record_058
17:47:10 | INFO: Blender create Mesh node record_059
17:47:10 | INFO: glTF import finished in 0.14s
{"validated": "MUSTANG_68.glb", "scenes": 6, "images": 6}
17:47:10 | INFO: Data are loaded, start creating Blender stuff
17:47:10 | INFO: Blender create Mesh node record_001
17:47:10 | INFO: Blender create Mesh node record_002
17:47:10 | INFO: Blender create Mesh node record_003
17:47:10 | INFO: Blender create Mesh node record_004
17:47:10 | INFO: Blender create Mesh node record_005
17:47:10 | INFO: Blender create Mesh node record_006
17:47:10 | INFO: Blender create Mesh node record_007
17:47:10 | INFO: Blender create Mesh node record_008
17:47:10 | INFO: Blender create Mesh node record_009
17:47:10 | INFO: Blender create Mesh node record_010
17:47:10 | INFO: Blender create Mesh node record_011
17:47:10 | INFO: Blender create Mesh node record_012
17:47:10 | INFO: Blender create Mesh node record_013
17:47:10 | INFO: Blender create Mesh node record_014
17:47:10 | INFO: Blender create Mesh node record_015
17:47:10 | INFO: Blender create Mesh node record_016
17:47:10 | INFO: Blender create Mesh node record_017
17:47:10 | INFO: Blender create Mesh node record_018
17:47:10 | INFO: Blender create Mesh node record_019
17:47:10 | INFO: Blender create Mesh node record_020
17:47:10 | INFO: Blender create Mesh node record_021
17:47:10 | INFO: Blender create Mesh node record_022
17:47:10 | INFO: Blender create Mesh node record_023
17:47:10 | INFO: Blender create Mesh node record_024
17:47:10 | INFO: Blender create Mesh node record_025
17:47:10 | INFO: Blender create Mesh node record_026
17:47:10 | INFO: Blender create Mesh node record_027
17:47:10 | INFO: Blender create Mesh node record_028
17:47:10 | INFO: Blender create Mesh node record_029
17:47:10 | INFO: Blender create Mesh node record_030
17:47:10 | INFO: Blender create Mesh node record_031
17:47:10 | INFO: Blender create Mesh node record_032
17:47:10 | INFO: Blender create Mesh node record_033
17:47:10 | INFO: Blender create Mesh node record_034
17:47:10 | INFO: Blender create Mesh node record_035
17:47:10 | INFO: Blender create Mesh node record_036
17:47:10 | INFO: Blender create Mesh node record_037
17:47:10 | INFO: Blender create Mesh node record_038
17:47:10 | INFO: Blender create Mesh node record_039
17:47:10 | INFO: Blender create Mesh node record_040
17:47:10 | INFO: Blender create Mesh node record_041
17:47:10 | INFO: Blender create Mesh node record_042
17:47:10 | INFO: Blender create Mesh node record_043
17:47:10 | INFO: Blender create Mesh node record_044
17:47:10 | INFO: Blender create Mesh node record_045
17:47:10 | INFO: Blender create Mesh node record_046
17:47:10 | INFO: Blender create Mesh node record_047
17:47:10 | INFO: Blender create Mesh node record_048
17:47:10 | INFO: Blender create Mesh node record_049
17:47:10 | INFO: Blender create Mesh node record_050
17:47:10 | INFO: Blender create Mesh node record_051
17:47:10 | INFO: Blender create Mesh node record_052
17:47:10 | INFO: Blender create Mesh node record_053
17:47:10 | INFO: Blender create Mesh node record_054
17:47:10 | INFO: Blender create Mesh node record_055
17:47:10 | INFO: Blender create Mesh node record_056
17:47:10 | INFO: Blender create Mesh node record_057
17:47:10 | INFO: Blender create Mesh node record_058
17:47:10 | INFO: Blender create Mesh node record_059
17:47:10 | INFO: Blender create Mesh node record_060
17:47:10 | INFO: glTF import finished in 0.12s
{"validated": "MUSTANG_68B.glb", "scenes": 6, "images": 6}
17:47:11 | INFO: Data are loaded, start creating Blender stuff
17:47:11 | INFO: Blender create Mesh node record_001
17:47:11 | INFO: Blender create Mesh node record_002
17:47:11 | INFO: Blender create Mesh node record_003
17:47:11 | INFO: Blender create Mesh node record_004
17:47:11 | INFO: Blender create Mesh node record_005
17:47:11 | INFO: Blender create Mesh node record_006
17:47:11 | INFO: Blender create Mesh node record_007
17:47:11 | INFO: Blender create Mesh node record_008
17:47:11 | INFO: Blender create Mesh node record_009
17:47:11 | INFO: Blender create Mesh node record_010
17:47:11 | INFO: Blender create Mesh node record_011
17:47:11 | INFO: Blender create Mesh node record_012
17:47:11 | INFO: Blender create Mesh node record_013
17:47:11 | INFO: Blender create Mesh node record_014
17:47:11 | INFO: Blender create Mesh node record_015
17:47:11 | INFO: Blender create Mesh node record_016
17:47:11 | INFO: Blender create Mesh node record_017
17:47:11 | INFO: Blender create Mesh node record_018
17:47:11 | INFO: Blender create Mesh node record_019
17:47:11 | INFO: Blender create Mesh node record_020
17:47:11 | INFO: Blender create Mesh node record_021
17:47:11 | INFO: Blender create Mesh node record_022
17:47:11 | INFO: Blender create Mesh node record_023
17:47:11 | INFO: Blender create Mesh node record_024
17:47:11 | INFO: Blender create Mesh node record_025
17:47:11 | INFO: Blender create Mesh node record_026
17:47:11 | INFO: Blender create Mesh node record_027
17:47:11 | INFO: Blender create Mesh node record_028
17:47:11 | INFO: Blender create Mesh node record_029
17:47:11 | INFO: Blender create Mesh node record_030
17:47:11 | INFO: Blender create Mesh node record_031
17:47:11 | INFO: Blender create Mesh node record_032
17:47:11 | INFO: Blender create Mesh node record_033
17:47:11 | INFO: Blender create Mesh node record_034
17:47:11 | INFO: Blender create Mesh node record_035
17:47:11 | INFO: Blender create Mesh node record_036
17:47:11 | INFO: Blender create Mesh node record_037
17:47:11 | INFO: Blender create Mesh node record_038
17:47:11 | INFO: Blender create Mesh node record_039
17:47:11 | INFO: Blender create Mesh node record_040
17:47:11 | INFO: Blender create Mesh node record_041
17:47:11 | INFO: Blender create Mesh node record_042
17:47:11 | INFO: Blender create Mesh node record_043
17:47:11 | INFO: Blender create Mesh node record_044
17:47:11 | INFO: Blender create Mesh node record_045
17:47:11 | INFO: Blender create Mesh node record_046
17:47:11 | INFO: Blender create Mesh node record_047
17:47:11 | INFO: Blender create Mesh node record_048
17:47:11 | INFO: Blender create Mesh node record_049
17:47:11 | INFO: glTF import finished in 0.16s
{"validated": "MUSTANG_CONCEPT.glb", "scenes": 6, "images": 6}
17:47:11 | INFO: Data are loaded, start creating Blender stuff
17:47:11 | INFO: Blender create Mesh node record_001
17:47:11 | INFO: Blender create Mesh node record_002
17:47:11 | INFO: Blender create Mesh node record_003
17:47:11 | INFO: Blender create Mesh node record_004
17:47:11 | INFO: Blender create Mesh node record_005
17:47:11 | INFO: Blender create Mesh node record_006
17:47:11 | INFO: Blender create Mesh node record_007
17:47:11 | INFO: Blender create Mesh node record_008
17:47:11 | INFO: Blender create Mesh node record_009
17:47:11 | INFO: Blender create Mesh node record_010
17:47:11 | INFO: Blender create Mesh node record_011
17:47:11 | INFO: Blender create Mesh node record_012
17:47:11 | INFO: Blender create Mesh node record_013
17:47:11 | INFO: Blender create Mesh node record_014
17:47:11 | INFO: Blender create Mesh node record_015
17:47:11 | INFO: Blender create Mesh node record_016
17:47:11 | INFO: Blender create Mesh node record_017
17:47:11 | INFO: Blender create Mesh node record_018
17:47:11 | INFO: Blender create Mesh node record_019
17:47:11 | INFO: Blender create Mesh node record_020
17:47:11 | INFO: Blender create Mesh node record_021
17:47:11 | INFO: Blender create Mesh node record_022
17:47:11 | INFO: Blender create Mesh node record_023
17:47:11 | INFO: Blender create Mesh node record_024
17:47:11 | INFO: Blender create Mesh node record_025
17:47:11 | INFO: Blender create Mesh node record_026
17:47:11 | INFO: Blender create Mesh node record_027
17:47:11 | INFO: Blender create Mesh node record_028
17:47:11 | INFO: Blender create Mesh node record_029
17:47:11 | INFO: Blender create Mesh node record_030
17:47:11 | INFO: Blender create Mesh node record_031
17:47:11 | INFO: Blender create Mesh node record_032
17:47:11 | INFO: Blender create Mesh node record_033
17:47:11 | INFO: Blender create Mesh node record_034
17:47:11 | INFO: Blender create Mesh node record_035
17:47:11 | INFO: Blender create Mesh node record_036
17:47:11 | INFO: Blender create Mesh node record_037
17:47:11 | INFO: Blender create Mesh node record_038
17:47:11 | INFO: Blender create Mesh node record_039
17:47:11 | INFO: Blender create Mesh node record_040
17:47:11 | INFO: glTF import finished in 0.10s
{"validated": "POWERSTROKE.glb", "scenes": 6, "images": 6}
17:47:11 | INFO: Data are loaded, start creating Blender stuff
17:47:11 | INFO: Blender create Mesh node record_001
17:47:11 | INFO: Blender create Mesh node record_002
17:47:11 | INFO: Blender create Mesh node record_003
17:47:11 | INFO: Blender create Mesh node record_004
17:47:11 | INFO: Blender create Mesh node record_005
17:47:11 | INFO: Blender create Mesh node record_006
17:47:11 | INFO: Blender create Mesh node record_007
17:47:11 | INFO: Blender create Mesh node record_008
17:47:11 | INFO: Blender create Mesh node record_009
17:47:11 | INFO: Blender create Mesh node record_010
17:47:11 | INFO: Blender create Mesh node record_011
17:47:11 | INFO: Blender create Mesh node record_012
17:47:11 | INFO: Blender create Mesh node record_013
17:47:11 | INFO: Blender create Mesh node record_014
17:47:11 | INFO: Blender create Mesh node record_015
17:47:11 | INFO: Blender create Mesh node record_016
17:47:11 | INFO: Blender create Mesh node record_017
17:47:11 | INFO: Blender create Mesh node record_018
17:47:11 | INFO: Blender create Mesh node record_019
17:47:11 | INFO: Blender create Mesh node record_020
17:47:11 | INFO: Blender create Mesh node record_021
17:47:11 | INFO: Blender create Mesh node record_022
17:47:11 | INFO: Blender create Mesh node record_023
17:47:11 | INFO: Blender create Mesh node record_024
17:47:11 | INFO: Blender create Mesh node record_025
17:47:11 | INFO: Blender create Mesh node record_026
17:47:11 | INFO: Blender create Mesh node record_027
17:47:11 | INFO: Blender create Mesh node record_028
17:47:11 | INFO: Blender create Mesh node record_029
17:47:11 | INFO: Blender create Mesh node record_030
17:47:11 | INFO: Blender create Mesh node record_031
17:47:11 | INFO: Blender create Mesh node record_032
17:47:11 | INFO: Blender create Mesh node record_033
17:47:11 | INFO: Blender create Mesh node record_034
17:47:11 | INFO: Blender create Mesh node record_035
17:47:11 | INFO: Blender create Mesh node record_036
17:47:11 | INFO: Blender create Mesh node record_037
17:47:11 | INFO: Blender create Mesh node record_038
17:47:11 | INFO: Blender create Mesh node record_039
17:47:11 | INFO: Blender create Mesh node record_040
17:47:11 | INFO: Blender create Mesh node record_041
17:47:11 | INFO: Blender create Mesh node record_042
17:47:11 | INFO: Blender create Mesh node record_043
17:47:11 | INFO: Blender create Mesh node record_044
17:47:11 | INFO: Blender create Mesh node record_045
17:47:11 | INFO: Blender create Mesh node record_046
17:47:11 | INFO: Blender create Mesh node record_047
17:47:11 | INFO: Blender create Mesh node record_048
17:47:11 | INFO: Blender create Mesh node record_049
17:47:11 | INFO: Blender create Mesh node record_050
17:47:11 | INFO: Blender create Mesh node record_051
17:47:11 | INFO: Blender create Mesh node record_052
17:47:11 | INFO: glTF import finished in 0.11s
{"validated": "TAURUS_STOCK_A.glb", "scenes": 6, "images": 9}
17:47:12 | INFO: Data are loaded, start creating Blender stuff
17:47:12 | INFO: Blender create Mesh node record_001
17:47:12 | INFO: Blender create Mesh node record_002
17:47:12 | INFO: Blender create Mesh node record_003
17:47:12 | INFO: Blender create Mesh node record_004
17:47:12 | INFO: Blender create Mesh node record_005
17:47:12 | INFO: Blender create Mesh node record_006
17:47:12 | INFO: Blender create Mesh node record_007
17:47:12 | INFO: Blender create Mesh node record_008
17:47:12 | INFO: Blender create Mesh node record_009
17:47:12 | INFO: Blender create Mesh node record_010
17:47:12 | INFO: Blender create Mesh node record_011
17:47:12 | INFO: Blender create Mesh node record_012
17:47:12 | INFO: Blender create Mesh node record_013
17:47:12 | INFO: Blender create Mesh node record_014
17:47:12 | INFO: Blender create Mesh node record_015
17:47:12 | INFO: Blender create Mesh node record_016
17:47:12 | INFO: Blender create Mesh node record_017
17:47:12 | INFO: Blender create Mesh node record_018
17:47:12 | INFO: Blender create Mesh node record_019
17:47:12 | INFO: Blender create Mesh node record_020
17:47:12 | INFO: Blender create Mesh node record_021
17:47:12 | INFO: Blender create Mesh node record_022
17:47:12 | INFO: Blender create Mesh node record_023
17:47:12 | INFO: Blender create Mesh node record_024
17:47:12 | INFO: Blender create Mesh node record_025
17:47:12 | INFO: Blender create Mesh node record_026
17:47:12 | INFO: Blender create Mesh node record_027
17:47:12 | INFO: Blender create Mesh node record_028
17:47:12 | INFO: Blender create Mesh node record_029
17:47:12 | INFO: Blender create Mesh node record_030
17:47:12 | INFO: Blender create Mesh node record_031
17:47:12 | INFO: Blender create Mesh node record_032
17:47:12 | INFO: Blender create Mesh node record_033
17:47:12 | INFO: Blender create Mesh node record_034
17:47:12 | INFO: Blender create Mesh node record_035
17:47:12 | INFO: Blender create Mesh node record_036
17:47:12 | INFO: Blender create Mesh node record_037
17:47:12 | INFO: Blender create Mesh node record_038
17:47:12 | INFO: Blender create Mesh node record_039
17:47:12 | INFO: Blender create Mesh node record_040
17:47:12 | INFO: Blender create Mesh node record_041
17:47:12 | INFO: Blender create Mesh node record_042
17:47:12 | INFO: Blender create Mesh node record_043
17:47:12 | INFO: Blender create Mesh node record_044
17:47:12 | INFO: Blender create Mesh node record_045
17:47:12 | INFO: Blender create Mesh node record_046
17:47:12 | INFO: Blender create Mesh node record_047
17:47:12 | INFO: Blender create Mesh node record_048
17:47:12 | INFO: Blender create Mesh node record_049
17:47:12 | INFO: Blender create Mesh node record_050
17:47:12 | INFO: Blender create Mesh node record_051
17:47:12 | INFO: Blender create Mesh node record_052
17:47:12 | INFO: glTF import finished in 0.12s
{"validated": "TAURUS_STOCK_B.glb", "scenes": 6, "images": 9}
17:47:12 | INFO: Data are loaded, start creating Blender stuff
17:47:12 | INFO: Blender create Mesh node record_001
17:47:12 | INFO: Blender create Mesh node record_002
17:47:12 | INFO: Blender create Mesh node record_003
17:47:12 | INFO: Blender create Mesh node record_004
17:47:12 | INFO: Blender create Mesh node record_005
17:47:12 | INFO: Blender create Mesh node record_006
17:47:12 | INFO: Blender create Mesh node record_007
17:47:12 | INFO: Blender create Mesh node record_008
17:47:12 | INFO: Blender create Mesh node record_009
17:47:12 | INFO: Blender create Mesh node record_010
17:47:12 | INFO: Blender create Mesh node record_011
17:47:12 | INFO: Blender create Mesh node record_012
17:47:12 | INFO: Blender create Mesh node record_013
17:47:12 | INFO: Blender create Mesh node record_014
17:47:12 | INFO: Blender create Mesh node record_015
17:47:12 | INFO: Blender create Mesh node record_016
17:47:12 | INFO: Blender create Mesh node record_017
17:47:12 | INFO: Blender create Mesh node record_018
17:47:12 | INFO: Blender create Mesh node record_019
17:47:12 | INFO: Blender create Mesh node record_020
17:47:12 | INFO: Blender create Mesh node record_021
17:47:12 | INFO: Blender create Mesh node record_022
17:47:12 | INFO: Blender create Mesh node record_023
17:47:12 | INFO: Blender create Mesh node record_024
17:47:12 | INFO: Blender create Mesh node record_025
17:47:12 | INFO: Blender create Mesh node record_026
17:47:12 | INFO: Blender create Mesh node record_027
17:47:12 | INFO: Blender create Mesh node record_028
17:47:12 | INFO: Blender create Mesh node record_029
17:47:12 | INFO: Blender create Mesh node record_030
17:47:12 | INFO: Blender create Mesh node record_031
17:47:12 | INFO: Blender create Mesh node record_032
17:47:12 | INFO: Blender create Mesh node record_033
17:47:12 | INFO: Blender create Mesh node record_034
17:47:12 | INFO: Blender create Mesh node record_035
17:47:12 | INFO: Blender create Mesh node record_036
17:47:12 | INFO: Blender create Mesh node record_037
17:47:12 | INFO: Blender create Mesh node record_038
17:47:12 | INFO: Blender create Mesh node record_039
17:47:12 | INFO: Blender create Mesh node record_040
17:47:12 | INFO: Blender create Mesh node record_041
17:47:12 | INFO: Blender create Mesh node record_042
17:47:12 | INFO: Blender create Mesh node record_043
17:47:12 | INFO: Blender create Mesh node record_044
17:47:12 | INFO: Blender create Mesh node record_045
17:47:12 | INFO: Blender create Mesh node record_046
17:47:12 | INFO: Blender create Mesh node record_047
17:47:12 | INFO: Blender create Mesh node record_048
17:47:12 | INFO: Blender create Mesh node record_049
17:47:12 | INFO: Blender create Mesh node record_050
17:47:12 | INFO: Blender create Mesh node record_051
17:47:12 | INFO: Blender create Mesh node record_052
17:47:12 | INFO: glTF import finished in 0.10s
{"validated": "TAURUS_STOCK_C.glb", "scenes": 6, "images": 9}
17:47:12 | INFO: Data are loaded, start creating Blender stuff
17:47:12 | INFO: Blender create Mesh node record_001
17:47:12 | INFO: Blender create Mesh node record_002
17:47:12 | INFO: Blender create Mesh node record_003
17:47:12 | INFO: Blender create Mesh node record_004
17:47:12 | INFO: Blender create Mesh node record_005
17:47:12 | INFO: Blender create Mesh node record_006
17:47:12 | INFO: Blender create Mesh node record_007
17:47:12 | INFO: Blender create Mesh node record_008
17:47:12 | INFO: Blender create Mesh node record_009
17:47:12 | INFO: Blender create Mesh node record_010
17:47:12 | INFO: Blender create Mesh node record_011
17:47:12 | INFO: Blender create Mesh node record_012
17:47:12 | INFO: Blender create Mesh node record_013
17:47:12 | INFO: Blender create Mesh node record_014
17:47:12 | INFO: Blender create Mesh node record_015
17:47:12 | INFO: Blender create Mesh node record_016
17:47:12 | INFO: Blender create Mesh node record_017
17:47:12 | INFO: Blender create Mesh node record_018
17:47:12 | INFO: Blender create Mesh node record_019
17:47:12 | INFO: Blender create Mesh node record_020
17:47:12 | INFO: Blender create Mesh node record_021
17:47:12 | INFO: Blender create Mesh node record_022
17:47:12 | INFO: Blender create Mesh node record_023
17:47:12 | INFO: Blender create Mesh node record_024
17:47:12 | INFO: Blender create Mesh node record_025
17:47:12 | INFO: Blender create Mesh node record_026
17:47:12 | INFO: Blender create Mesh node record_027
17:47:12 | INFO: Blender create Mesh node record_028
17:47:12 | INFO: Blender create Mesh node record_029
17:47:12 | INFO: Blender create Mesh node record_030
17:47:12 | INFO: Blender create Mesh node record_031
17:47:12 | INFO: Blender create Mesh node record_032
17:47:12 | INFO: Blender create Mesh node record_033
17:47:12 | INFO: Blender create Mesh node record_034
17:47:12 | INFO: Blender create Mesh node record_035
17:47:12 | INFO: Blender create Mesh node record_036
17:47:12 | INFO: Blender create Mesh node record_037
17:47:12 | INFO: Blender create Mesh node record_038
17:47:12 | INFO: Blender create Mesh node record_039
17:47:12 | INFO: Blender create Mesh node record_040
17:47:12 | INFO: Blender create Mesh node record_041
17:47:12 | INFO: Blender create Mesh node record_042
17:47:12 | INFO: Blender create Mesh node record_043
17:47:12 | INFO: Blender create Mesh node record_044
17:47:12 | INFO: Blender create Mesh node record_045
17:47:12 | INFO: Blender create Mesh node record_046
17:47:12 | INFO: Blender create Mesh node record_047
17:47:12 | INFO: Blender create Mesh node record_048
17:47:12 | INFO: Blender create Mesh node record_049
17:47:12 | INFO: Blender create Mesh node record_050
17:47:12 | INFO: Blender create Mesh node record_051
17:47:12 | INFO: Blender create Mesh node record_052
17:47:12 | INFO: glTF import finished in 0.12s
{"validated": "TAURUS_STOCK_D.glb", "scenes": 6, "images": 9}
17:47:12 | INFO: Data are loaded, start creating Blender stuff
17:47:12 | INFO: Blender create Mesh node record_001
17:47:13 | INFO: Blender create Mesh node record_002
17:47:13 | INFO: Blender create Mesh node record_003
17:47:13 | INFO: Blender create Mesh node record_004
17:47:13 | INFO: Blender create Mesh node record_005
17:47:13 | INFO: Blender create Mesh node record_006
17:47:13 | INFO: Blender create Mesh node record_007
17:47:13 | INFO: Blender create Mesh node record_008
17:47:13 | INFO: Blender create Mesh node record_009
17:47:13 | INFO: Blender create Mesh node record_010
17:47:13 | INFO: Blender create Mesh node record_011
17:47:13 | INFO: Blender create Mesh node record_012
17:47:13 | INFO: Blender create Mesh node record_013
17:47:13 | INFO: Blender create Mesh node record_014
17:47:13 | INFO: Blender create Mesh node record_015
17:47:13 | INFO: Blender create Mesh node record_016
17:47:13 | INFO: Blender create Mesh node record_017
17:47:13 | INFO: Blender create Mesh node record_018
17:47:13 | INFO: Blender create Mesh node record_019
17:47:13 | INFO: Blender create Mesh node record_020
17:47:13 | INFO: Blender create Mesh node record_021
17:47:13 | INFO: Blender create Mesh node record_022
17:47:13 | INFO: Blender create Mesh node record_023
17:47:13 | INFO: Blender create Mesh node record_024
17:47:13 | INFO: Blender create Mesh node record_025
17:47:13 | INFO: Blender create Mesh node record_026
17:47:13 | INFO: Blender create Mesh node record_027
17:47:13 | INFO: Blender create Mesh node record_028
17:47:13 | INFO: Blender create Mesh node record_029
17:47:13 | INFO: Blender create Mesh node record_030
17:47:13 | INFO: Blender create Mesh node record_031
17:47:13 | INFO: Blender create Mesh node record_032
17:47:13 | INFO: Blender create Mesh node record_033
17:47:13 | INFO: Blender create Mesh node record_034
17:47:13 | INFO: Blender create Mesh node record_035
17:47:13 | INFO: Blender create Mesh node record_036
17:47:13 | INFO: Blender create Mesh node record_037
17:47:13 | INFO: glTF import finished in 0.11s
{"validated": "THUNDERBIRD.glb", "scenes": 6, "images": 5}
17:47:13 | INFO: Data are loaded, start creating Blender stuff
17:47:13 | INFO: Blender create Mesh node record_001
17:47:13 | INFO: Blender create Mesh node record_002
17:47:13 | INFO: Blender create Mesh node record_003
17:47:13 | INFO: Blender create Mesh node record_004
17:47:13 | INFO: Blender create Mesh node record_005
17:47:13 | INFO: Blender create Mesh node record_006
17:47:13 | INFO: Blender create Mesh node record_007
17:47:13 | INFO: Blender create Mesh node record_008
17:47:13 | INFO: Blender create Mesh node record_009
17:47:13 | INFO: Blender create Mesh node record_010
17:47:13 | INFO: Blender create Mesh node record_011
17:47:13 | INFO: Blender create Mesh node record_012
17:47:13 | INFO: Blender create Mesh node record_013
17:47:13 | INFO: Blender create Mesh node record_014
17:47:13 | INFO: Blender create Mesh node record_015
17:47:13 | INFO: Blender create Mesh node record_016
17:47:13 | INFO: Blender create Mesh node record_017
17:47:13 | INFO: Blender create Mesh node record_018
17:47:13 | INFO: Blender create Mesh node record_019
17:47:13 | INFO: Blender create Mesh node record_020
17:47:13 | INFO: Blender create Mesh node record_021
17:47:13 | INFO: Blender create Mesh node record_022
17:47:13 | INFO: Blender create Mesh node record_023
17:47:13 | INFO: Blender create Mesh node record_024
17:47:13 | INFO: Blender create Mesh node record_025
17:47:13 | INFO: Blender create Mesh node record_026
17:47:13 | INFO: Blender create Mesh node record_027
17:47:13 | INFO: Blender create Mesh node record_028
17:47:13 | INFO: Blender create Mesh node record_029
17:47:13 | INFO: Blender create Mesh node record_030
17:47:13 | INFO: Blender create Mesh node record_031
17:47:13 | INFO: Blender create Mesh node record_032
17:47:13 | INFO: Blender create Mesh node record_033
17:47:13 | INFO: Blender create Mesh node record_034
17:47:13 | INFO: Blender create Mesh node record_035
17:47:13 | INFO: Blender create Mesh node record_036
17:47:13 | INFO: Blender create Mesh node record_037
17:47:13 | INFO: Blender create Mesh node record_038
17:47:13 | INFO: Blender create Mesh node record_039
17:47:13 | INFO: Blender create Mesh node record_040
17:47:13 | INFO: Blender create Mesh node record_041
17:47:13 | INFO: Blender create Mesh node record_042
17:47:13 | INFO: Blender create Mesh node record_043
17:47:13 | INFO: Blender create Mesh node record_044
17:47:13 | INFO: Blender create Mesh node record_045
17:47:13 | INFO: Blender create Mesh node record_046
17:47:13 | INFO: Blender create Mesh node record_047
17:47:13 | INFO: Blender create Mesh node record_048
17:47:13 | INFO: Blender create Mesh node record_049
17:47:13 | INFO: Blender create Mesh node record_050
17:47:13 | INFO: Blender create Mesh node record_051
17:47:13 | INFO: Blender create Mesh node record_052
17:47:13 | INFO: Blender create Mesh node record_053
17:47:13 | INFO: Blender create Mesh node record_054
17:47:13 | INFO: Blender create Mesh node record_055
17:47:13 | INFO: Blender create Mesh node record_056
17:47:13 | INFO: Blender create Mesh node record_057
17:47:13 | INFO: Blender create Mesh node record_058
17:47:13 | INFO: Blender create Mesh node record_059
17:47:13 | INFO: Blender create Mesh node record_060
17:47:13 | INFO: Blender create Mesh node record_061
17:47:13 | INFO: Blender create Mesh node record_062
17:47:13 | INFO: Blender create Mesh node record_063
17:47:13 | INFO: Blender create Mesh node record_064
17:47:13 | INFO: Blender create Mesh node record_065
17:47:13 | INFO: Blender create Mesh node record_066
17:47:13 | INFO: glTF import finished in 0.13s
{"validated": "THUNDERBIRD_2002.glb", "scenes": 6, "images": 6}
17:47:13 | INFO: Data are loaded, start creating Blender stuff
17:47:13 | INFO: Blender create Mesh node record_001
17:47:13 | INFO: Blender create Mesh node record_002
17:47:13 | INFO: Blender create Mesh node record_003
17:47:13 | INFO: Blender create Mesh node record_004
17:47:13 | INFO: Blender create Mesh node record_005
17:47:13 | INFO: Blender create Mesh node record_006
17:47:13 | INFO: Blender create Mesh node record_007
17:47:13 | INFO: Blender create Mesh node record_008
17:47:13 | INFO: Blender create Mesh node record_009
17:47:13 | INFO: Blender create Mesh node record_010
17:47:13 | INFO: Blender create Mesh node record_011
17:47:13 | INFO: Blender create Mesh node record_012
17:47:13 | INFO: Blender create Mesh node record_013
17:47:13 | INFO: Blender create Mesh node record_014
17:47:13 | INFO: Blender create Mesh node record_015
17:47:13 | INFO: Blender create Mesh node record_016
17:47:13 | INFO: Blender create Mesh node record_017
17:47:13 | INFO: Blender create Mesh node record_018
17:47:13 | INFO: Blender create Mesh node record_019
17:47:13 | INFO: Blender create Mesh node record_020
17:47:13 | INFO: Blender create Mesh node record_021
17:47:13 | INFO: Blender create Mesh node record_022
17:47:13 | INFO: Blender create Mesh node record_023
17:47:13 | INFO: Blender create Mesh node record_024
17:47:13 | INFO: Blender create Mesh node record_025
17:47:13 | INFO: Blender create Mesh node record_026
17:47:13 | INFO: Blender create Mesh node record_027
17:47:13 | INFO: Blender create Mesh node record_028
17:47:13 | INFO: Blender create Mesh node record_029
17:47:13 | INFO: Blender create Mesh node record_030
17:47:13 | INFO: Blender create Mesh node record_031
17:47:13 | INFO: Blender create Mesh node record_032
17:47:13 | INFO: Blender create Mesh node record_033
17:47:13 | INFO: Blender create Mesh node record_034
17:47:13 | INFO: Blender create Mesh node record_035
17:47:13 | INFO: Blender create Mesh node record_036
17:47:13 | INFO: Blender create Mesh node record_037
17:47:13 | INFO: Blender create Mesh node record_038
17:47:13 | INFO: Blender create Mesh node record_039
17:47:13 | INFO: Blender create Mesh node record_040
17:47:13 | INFO: Blender create Mesh node record_041
17:47:13 | INFO: Blender create Mesh node record_042
17:47:13 | INFO: Blender create Mesh node record_043
17:47:13 | INFO: Blender create Mesh node record_044
17:47:13 | INFO: Blender create Mesh node record_045
17:47:13 | INFO: Blender create Mesh node record_046
17:47:13 | INFO: Blender create Mesh node record_047
17:47:13 | INFO: Blender create Mesh node record_048
17:47:13 | INFO: Blender create Mesh node record_049
17:47:13 | INFO: Blender create Mesh node record_050
17:47:13 | INFO: Blender create Mesh node record_051
17:47:13 | INFO: Blender create Mesh node record_052
17:47:13 | INFO: Blender create Mesh node record_053
17:47:13 | INFO: Blender create Mesh node record_054
17:47:13 | INFO: Blender create Mesh node record_055
17:47:13 | INFO: Blender create Mesh node record_056
17:47:13 | INFO: Blender create Mesh node record_057
17:47:13 | INFO: Blender create Mesh node record_058
17:47:13 | INFO: Blender create Mesh node record_059
17:47:13 | INFO: Blender create Mesh node record_060
17:47:13 | INFO: Blender create Mesh node record_061
17:47:13 | INFO: Blender create Mesh node record_062
17:47:13 | INFO: Blender create Mesh node record_063
17:47:13 | INFO: Blender create Mesh node record_064
17:47:13 | INFO: Blender create Mesh node record_065
17:47:13 | INFO: Blender create Mesh node record_066
17:47:13 | INFO: glTF import finished in 0.13s
{"validated": "THUNDERBIRD_MOVIE.glb", "scenes": 6, "images": 6}
Blender 4.5.14 LTS (hash 62c1db4208e8 built 2026-09-15 01:30:44)

Blender quit
