{
	Skinned 0 
	PosSkin 0 
	Pos 340 { 
		-1.018135	0.612220	-6.245837 
		-0.998505	0.463502	-6.178244 
		-1.094747	0.430868	-5.874827 
		-1.136551	0.613294	-5.842512 
		-1.156827	0.835656	-5.803122 
		-1.028882	0.827551	-6.241953 
		-0.402075	1.501803	-0.135804 
		-0.402075	1.050136	-0.135804 
		-0.285834	1.050136	0.371118 
		-0.285834	1.501803	0.371118 
		-0.715339	1.151222	-6.193792 
		-0.846564	1.345064	-5.735942 
		-0.726373	1.581146	-6.135911 
		-0.929384	1.426152	-5.276308 
		-1.171640	1.161053	-5.459575 
		-1.095886	1.297820	-5.729059 
		-1.168972	1.100639	-5.593191 
		-1.126724	0.468416	-4.530012 
		-1.125807	0.405029	-4.608783 
		-1.125807	0.405165	-4.530329 
		-1.185019	1.116643	-3.473057 
		-1.177816	1.121099	-1.680693 
		-1.179278	2.527805	-1.681748 
		-1.167474	2.867090	-3.477988 
		-1.163634	1.094640	-4.869937 
		-1.152290	1.127790	-4.658695 
		-1.135230	1.280493	-4.865762 
		-0.828801	2.571448	-4.562989 
		-0.828801	2.672402	-4.464532 
		0.000000	2.675503	-4.544951 
		-0.000000	2.570747	-4.643274 
		-0.944708	2.520481	-4.295789 
		-0.944708	2.672533	-4.196959 
		-0.828801	2.551447	-4.503925 
		0.000000	2.555392	-4.566351 
		-0.000000	0.459501	-6.177629 
		0.000000	0.612032	-6.239358 
		-0.723732	2.707443	-4.298377 
		0.000000	2.717032	-4.354671 
		-0.616204	1.111051	-6.231479 
		-1.045045	1.151404	-6.200273 
		-0.619110	1.628247	-6.183772 
		-0.240870	1.660147	-6.183772 
		-0.745551	1.820104	-5.330087 
		-0.639121	1.892330	-5.316108 
		-0.838440	1.778515	-5.321857 
		-0.439021	0.409057	-1.181447 
		-0.439022	1.074701	-1.005033 
		-1.051843	1.074701	-1.005033 
		-1.163634	0.928809	-1.086902 
		-0.828801	1.956663	-4.737277 
		0.000000	2.008868	-4.777136 
		-0.944708	1.907159	-4.533978 
		-0.723732	3.152861	-3.866586 
		0.000000	3.171850	-3.879172 
		-0.983385	2.769689	-4.034207 
		-0.988084	3.062928	-3.788337 
		-0.723732	3.366298	-3.479505 
		0.000000	3.382276	-3.493592 
		-0.988084	3.259712	-3.424252 
		-0.944708	1.115626	-3.694500 
		-0.944708	2.705266	-3.668823 
		-0.944708	1.116134	-4.584512 
		-0.961381	1.340087	-4.828004 
		-1.120771	1.359533	-5.287856 
		-1.163634	0.927586	-2.074312 
		-0.937428	1.115269	-2.068796 
		-1.037368	0.974189	-2.081535 
		-0.935690	1.115184	-1.680663 
		-1.163634	0.928717	-1.160925 
		-0.441330	0.768895	1.388362 
		0.000000	0.768895	1.388362 
		-0.000000	1.076822	1.388362 
		-0.441329	1.076823	1.388362 
		-1.126506	0.457473	-1.184013 
		-1.161462	0.778909	-1.147137 
		-0.527005	1.007638	-5.753273 
		-0.527005	0.428936	-5.875336 
		-1.163634	1.171589	-5.061709 
		-1.168972	1.192854	-5.269643 
		-0.527005	1.202334	-5.271221 
		-1.163634	0.778742	-4.641279 
		-0.527005	1.086103	-4.808810 
		-0.551498	0.404842	-4.602304 
		-1.163634	0.965036	-4.731225 
		-0.000000	1.050136	-0.414892 
		-0.000000	1.501803	-0.414892 
		-0.433287	1.198032	1.289558 
		-0.433283	0.271441	1.338326 
		-1.173149	0.271440	1.338326 
		-1.173149	1.198032	1.289558 
		-1.173149	0.272954	1.367088 
		-0.433283	0.272954	1.367088 
		-0.433287	1.199549	1.318320 
		-1.173149	1.199549	1.318320 
		-1.119101	0.873123	1.394314 
		-0.575556	0.873128	1.394314 
		-0.575556	0.873128	1.496227 
		-1.119101	0.873123	1.496227 
		-1.119091	1.076957	1.394314 
		-0.575548	1.076957	1.394314 
		-0.575548	1.076957	1.496227 
		-1.119091	1.076957	1.496227 
		0.000000	3.549757	-3.013555 
		-0.723732	3.530777	-3.013017 
		-0.723732	3.692056	-1.680381 
		-0.000000	3.692056	-1.680381 
		-0.988084	3.407945	-2.978198 
		-0.988084	3.569224	-1.676276 
		-0.944708	2.709008	-4.072729 
		0.000000	1.050136	0.371118 
		0.000000	1.501803	0.371118 
		-0.000000	1.074701	-1.005033 
		-0.000000	1.121099	-1.680693 
		0.000000	2.527805	-1.681748 
		-0.000000	3.569224	-1.676276 
		-1.126632	0.465048	-2.039112 
		-1.163634	0.924598	-4.527728 
		-1.126764	0.472435	-3.417940 
		-1.163634	1.012287	-5.711896 
		-1.195546	0.408936	-1.430293 
		-1.125807	0.409244	-1.187927 
		-1.196282	0.459711	-1.435740 
		-1.195546	0.408376	-1.869846 
		-1.196345	0.463527	-1.867124 
		-1.125808	0.408157	-2.041854 
		-1.125808	0.406451	-3.417887 
		-1.211355	0.469199	-4.313391 
		-1.210431	0.405419	-4.310650 
		-1.210431	0.406236	-3.603530 
		-1.211380	0.471764	-3.603551 
		-0.877990	1.886186	-4.735978 
		0.000000	1.934273	-5.327048 
		-0.000000	1.680461	-6.183772 
		-1.027174	0.977950	-4.491206 
		1.018135	0.612220	-6.245837 
		1.136551	0.613294	-5.842512 
		1.094747	0.430868	-5.874827 
		0.998505	0.463502	-6.178244 
		1.156827	0.835656	-5.803121 
		1.028882	0.827551	-6.241953 
		0.402075	1.501803	-0.135804 
		0.285834	1.501803	0.371118 
		0.285834	1.050136	0.371118 
		0.402075	1.050136	-0.135804 
		0.715339	1.151222	-6.193792 
		0.726373	1.581146	-6.135911 
		0.846564	1.345064	-5.735942 
		0.929384	1.426152	-5.276308 
		1.171640	1.161053	-5.459575 
		1.168972	1.100639	-5.593191 
		1.095886	1.297820	-5.729059 
		1.126724	0.468416	-4.530012 
		1.125807	0.405165	-4.530329 
		1.125807	0.405029	-4.608783 
		1.185019	1.116643	-3.473057 
		1.167474	2.867090	-3.477988 
		1.179278	2.527805	-1.681748 
		1.177816	1.121099	-1.680693 
		1.163634	1.094640	-4.869937 
		1.135230	1.280493	-4.865762 
		1.152290	1.127790	-4.658695 
		0.828801	2.571448	-4.562989 
		0.828801	2.672401	-4.464532 
		0.944708	2.672533	-4.196959 
		0.944708	2.520481	-4.295789 
		0.828801	2.551447	-4.503925 
		0.723732	2.707443	-4.298377 
		1.045045	1.151404	-6.200273 
		0.616204	1.111051	-6.231479 
		0.619110	1.628247	-6.183772 
		0.240870	1.660147	-6.183772 
		0.639121	1.892330	-5.316108 
		0.745551	1.820104	-5.330087 
		0.838440	1.778515	-5.321857 
		0.439021	0.409057	-1.181447 
		1.163634	0.928809	-1.086902 
		1.051843	1.074701	-1.005033 
		0.439022	1.074701	-1.005033 
		0.828801	1.956663	-4.737277 
		0.944708	1.907159	-4.533978 
		0.723732	3.152861	-3.866586 
		0.988084	3.062928	-3.788336 
		0.983385	2.769689	-4.034207 
		0.723732	3.366298	-3.479505 
		0.988084	3.259712	-3.424252 
		0.944708	1.115625	-3.694500 
		0.944708	1.116134	-4.584512 
		0.944708	2.705266	-3.668823 
		0.961381	1.340087	-4.828004 
		1.120771	1.359533	-5.287856 
		1.163634	0.927586	-2.074312 
		1.037368	0.974189	-2.081535 
		0.937428	1.115269	-2.068796 
		0.935690	1.115184	-1.680663 
		1.163634	0.928717	-1.160925 
		0.441330	0.768895	1.388362 
		0.441329	1.076823	1.388362 
		1.126506	0.457473	-1.184013 
		1.161462	0.778909	-1.147137 
		0.527005	1.007638	-5.753273 
		0.527005	0.428936	-5.875336 
		1.163634	1.171589	-5.061709 
		0.527005	1.202334	-5.271221 
		1.168972	1.192854	-5.269643 
		1.163634	0.778742	-4.641279 
		0.551498	0.404842	-4.602304 
		0.527005	1.086103	-4.808810 
		1.163634	0.965036	-4.731225 
		0.433287	1.198032	1.289558 
		1.173149	1.198032	1.289558 
		1.173149	0.271440	1.338326 
		0.433283	0.271441	1.338326 
		1.173149	0.272954	1.367088 
		1.173149	1.199549	1.318320 
		0.433287	1.199549	1.318320 
		0.433283	0.272954	1.367088 
		1.119101	0.873123	1.394314 
		1.119101	0.873123	1.496227 
		0.575556	0.873128	1.496227 
		0.575556	0.873128	1.394313 
		1.119091	1.076957	1.394314 
		0.575548	1.076957	1.394314 
		1.119091	1.076957	1.496227 
		0.575548	1.076957	1.496227 
		0.723732	3.692056	-1.680381 
		0.723732	3.530778	-3.013017 
		0.988084	3.569224	-1.676276 
		0.988084	3.407945	-2.978198 
		0.944708	2.709008	-4.072729 
		1.126632	0.465048	-2.039112 
		1.126764	0.472435	-3.417940 
		1.163634	0.924598	-4.527728 
		1.163634	1.012287	-5.711896 
		1.195546	0.408936	-1.430293 
		1.196282	0.459711	-1.435740 
		1.125808	0.409244	-1.187927 
		1.195546	0.408376	-1.869846 
		1.196345	0.463527	-1.867124 
		1.125808	0.408157	-2.041854 
		1.125808	0.406451	-3.417887 
		1.211355	0.469199	-4.313390 
		1.211380	0.471764	-3.603551 
		1.210431	0.406236	-3.603530 
		1.210431	0.405419	-4.310650 
		0.877990	1.886186	-4.735977 
		1.027174	0.977950	-4.491206 
		0.585296	1.242982	-1.600476 
		0.585296	3.085490	-1.600476 
		0.752451	3.085490	-1.503966 
		0.752451	1.242982	-1.503966 
		0.752451	3.085490	-1.310948 
		0.752451	1.242982	-1.310948 
		0.585296	3.085490	-1.214438 
		0.585296	1.242982	-1.214438 
		0.585296	3.720243	-1.452884 
		0.585296	3.668738	-1.371267 
		0.668873	3.694490	-1.412076 
		0.668873	3.642985	-1.330459 
		0.585296	3.617233	-1.289651 
		0.418141	1.242982	-1.503966 
		0.418141	3.085490	-1.503966 
		0.418141	1.242982	-1.310948 
		0.418141	3.085490	-1.310948 
		0.501718	3.694490	-1.412076 
		0.501718	3.642985	-1.330459 
		-1.295716	1.946662	-4.306492 
		-1.069907	1.946662	-4.329215 
		-1.069907	2.447903	-4.329215 
		-1.295716	2.447903	-4.306492 
		-1.069907	2.447903	-4.378961 
		-1.069907	1.967471	-4.378961 
		-1.069907	1.946662	-4.378961 
		-1.069907	2.427589	-4.378961 
		-0.901639	1.953599	-4.367007 
		-0.901639	2.441131	-4.367007 
		1.295716	1.946662	-4.306492 
		1.295716	2.447903	-4.306492 
		1.069907	2.447903	-4.329215 
		1.069907	1.946662	-4.329215 
		1.069907	2.447903	-4.378961 
		1.069907	1.946662	-4.378961 
		1.069907	1.967471	-4.378961 
		1.069907	2.427589	-4.378961 
		0.901639	1.953599	-4.367007 
		0.901639	2.441131	-4.367007 
		-0.551499	0.406897	-3.031634 
		0.000000	0.409057	-1.181447 
		-0.000000	0.428936	-5.875336 
		-0.000000	0.404842	-4.602304 
		-0.000000	0.406897	-3.031634 
		0.551499	0.406897	-3.031634 
		0.585296	3.085490	-1.503966 
		0.668873	3.085490	-1.455711 
		0.668873	3.085490	-1.359202 
		0.585296	3.085490	-1.310948 
		0.501718	3.085490	-1.455711 
		0.501718	3.085490	-1.359202 
		0.668873	1.242982	-1.455711 
		0.585296	1.242982	-1.503966 
		0.668873	1.242982	-1.359202 
		0.585296	1.242982	-1.310948 
		0.501718	1.242982	-1.455711 
		0.501718	1.242982	-1.359202 
		-1.093614	0.897866	1.504723 
		-0.919923	0.897866	1.504723 
		-0.924552	1.052209	1.504723 
		-1.093614	1.052209	1.504723 
		1.093614	0.897866	1.504723 
		1.093614	1.052209	1.504723 
		0.924552	1.052209	1.504723 
		0.919923	0.897866	1.504723 
		-0.863298	1.081366	-6.231132 
		-0.758512	1.006231	-6.237383 
		-1.037354	0.888880	-6.246626 
		-0.720885	0.938691	-6.242936 
		-0.750659	0.888181	-6.247021 
		-1.046495	1.072026	-6.223054 
		0.863298	1.081366	-6.231132 
		1.037354	0.888880	-6.246626 
		0.758512	1.006231	-6.237384 
		0.720885	0.938691	-6.242937 
		0.750659	0.888181	-6.247021 
		1.046495	1.072026	-6.223054 
		-1.071433	0.888880	-6.115692 
		-1.080874	1.072026	-6.092120 
		1.080874	1.072026	-6.092120 
		1.071433	0.888880	-6.115692 
		0.585296	3.566532	-1.503966 
		0.668873	3.566531	-1.455711 
		0.668873	3.566531	-1.359202 
		0.585296	3.566531	-1.310948 
		0.501718	3.566532	-1.455711 
		0.501718	3.566531	-1.359202 
		0.668873	0.981840	-1.455711 
		0.585296	0.981840	-1.503966 
		0.668873	0.981840	-1.359202 
		0.585296	0.981840	-1.310948 
		0.501718	0.981840	-1.455711 
		0.501718	0.981840	-1.359202 
	}

	Nrm 307 { 
		-0.593750	-0.187500	-0.781250 
		-0.562500	-0.359375	-0.734375 
		-0.937500	-0.203125	-0.296875 
		-0.953125	-0.125000	-0.281250 
		-0.968750	0.000000	-0.265625 
		-0.593750	0.000000	-0.796875 
		-0.937500	0.000000	-0.359375 
		-0.625000	0.000000	0.781250 
		-0.437500	0.546875	-0.718750 
		-0.968750	0.078125	-0.234375 
		-0.859375	0.312500	-0.421875 
		-0.968750	0.171875	-0.156250 
		-0.953125	0.281250	-0.093750 
		-0.953125	0.265625	-0.140625 
		-0.953125	0.234375	-0.156250 
		-1.000000	-0.046875	-0.062500 
		-1.000000	-0.046875	0.046875 
		-0.984375	-0.015625	-0.187500 
		-0.906250	0.000000	-0.406250 
		-1.000000	0.000000	0.000000 
		-1.000000	0.093750	0.015625 
		-0.968750	0.125000	-0.218750 
		-0.984375	0.125000	0.046875 
		-1.000000	0.109375	0.031250 
		-0.984375	0.187500	0.031250 
		-0.546875	0.562500	-0.625000 
		-0.343750	0.843750	-0.421875 
		0.000000	0.875000	-0.484375 
		0.000000	0.687500	-0.718750 
		-0.968750	0.140625	-0.187500 
		-0.921875	0.359375	-0.156250 
		-0.015625	-0.968750	-0.250000 
		-0.312500	-0.906250	-0.312500 
		0.000000	-0.390625	-0.921875 
		0.000000	-0.046875	-1.000000 
		-0.343750	0.750000	-0.562500 
		0.000000	0.984375	-0.203125 
		-0.093750	0.250000	-0.968750 
		-0.656250	0.437500	-0.609375 
		-0.281250	0.609375	-0.734375 
		-0.468750	0.781250	-0.421875 
		-0.609375	0.734375	-0.312500 
		-0.500000	0.796875	-0.343750 
		-0.328125	0.921875	-0.234375 
		-0.687500	0.703125	-0.218750 
		-0.046875	-0.296875	0.953125 
		-0.531250	0.312500	-0.781250 
		0.000000	0.359375	-0.937500 
		-0.968750	0.218750	-0.125000 
		-0.968750	0.093750	-0.234375 
		-0.250000	0.765625	-0.593750 
		0.000000	0.796875	-0.593750 
		0.000000	0.703125	-0.703125 
		-0.843750	0.046875	-0.531250 
		-0.703125	0.562500	-0.437500 
		-0.234375	0.890625	-0.390625 
		0.000000	0.906250	-0.406250 
		-0.687500	0.671875	-0.296875 
		-1.000000	0.000000	0.031250 
		-1.000000	0.031250	0.000000 
		-0.156250	0.953125	-0.265625 
		-0.296875	0.953125	-0.015625 
		-0.125000	0.171875	-0.984375 
		-0.437500	0.906250	0.000000 
		-0.640625	0.765625	0.000000 
		-0.703125	0.703125	-0.046875 
		-0.328125	0.656250	0.687500 
		-0.312500	0.859375	0.406250 
		-0.265625	0.640625	0.718750 
		0.000000	0.000000	1.000000 
		-0.015625	-0.109375	1.000000 
		-0.906250	-0.046875	-0.421875 
		-0.421875	0.906250	-0.015625 
		-0.015625	-0.203125	0.984375 
		0.015625	-1.000000	-0.109375 
		-0.078125	-0.218750	-0.968750 
		0.062500	-0.734375	-0.687500 
		-1.000000	0.031250	-0.015625 
		-1.000000	0.015625	-0.015625 
		0.000000	0.000000	-1.000000 
		0.000000	0.046875	1.000000 
		1.000000	0.000000	0.000000 
		0.000000	-1.000000	0.046875 
		0.000000	-1.000000	0.000000 
		0.000000	0.968750	-0.218750 
		-0.234375	0.953125	-0.218750 
		-0.218750	0.968750	-0.109375 
		0.000000	1.000000	-0.109375 
		-0.718750	0.671875	-0.156250 
		-0.859375	0.515625	-0.046875 
		-0.046875	0.625000	-0.781250 
		-0.937500	0.078125	-0.328125 
		-0.906250	-0.281250	-0.312500 
		-0.656250	0.015625	-0.750000 
		-0.015625	-1.000000	0.000000 
		0.000000	1.000000	0.000000 
		0.000000	0.031250	1.000000 
		0.000000	1.000000	0.062500 
		-0.984375	-0.031250	-0.125000 
		-1.000000	-0.078125	0.000000 
		-1.000000	-0.031250	0.031250 
		-1.000000	-0.046875	0.109375 
		-0.140625	-0.375000	0.921875 
		-1.000000	-0.015625	0.000000 
		-0.984375	0.203125	0.046875 
		-0.953125	0.281250	-0.031250 
		-0.968750	0.265625	0.000000 
		-0.031250	-0.906250	0.406250 
		-1.000000	0.031250	0.015625 
		-0.343750	0.609375	0.718750 
		0.031250	-0.796875	0.593750 
		-0.968750	0.140625	-0.203125 
		-0.015625	-0.953125	-0.281250 
		0.015625	-0.984375	0.171875 
		-0.046875	-0.921875	0.375000 
		-0.031250	-0.437500	-0.906250 
		-0.984375	-0.015625	0.140625 
		-0.968750	-0.015625	0.265625 
		-0.984375	0.000000	-0.187500 
		-0.984375	-0.015625	0.218750 
		0.000000	1.000000	0.015625 
		-0.015625	-0.078125	1.000000 
		-0.718750	0.640625	-0.281250 
		-0.796875	0.546875	-0.281250 
		0.046875	-0.453125	0.890625 
		0.000000	-0.171875	0.984375 
		-0.062500	0.968750	-0.203125 
		-0.062500	0.984375	-0.140625 
		0.000000	0.984375	-0.140625 
		0.000000	0.625000	-0.781250 
		-0.421875	0.890625	-0.187500 
		-0.281250	0.937500	-0.187500 
		-0.781250	0.546875	-0.312500 
		-0.031250	-1.000000	0.000000 
		-0.421875	0.671875	0.609375 
		-0.843750	0.531250	0.000000 
		-0.859375	0.515625	0.000000 
		-0.843750	0.546875	0.000000 
		-0.359375	0.937500	0.000000 
		0.593750	-0.187500	-0.781250 
		0.953125	-0.125000	-0.281250 
		0.937500	-0.203125	-0.296875 
		0.562500	-0.359375	-0.734375 
		0.968750	0.000000	-0.265625 
		0.593750	0.000000	-0.796875 
		0.937500	0.000000	-0.359375 
		0.625000	0.000000	0.781250 
		0.437500	0.546875	-0.718750 
		0.859375	0.312500	-0.421875 
		0.968750	0.078125	-0.234375 
		0.968750	0.171875	-0.156250 
		0.953125	0.281250	-0.093750 
		0.953125	0.234375	-0.156250 
		0.953125	0.265625	-0.140625 
		1.000000	-0.046875	-0.062500 
		0.984375	-0.015625	-0.187500 
		1.000000	-0.046875	0.046875 
		0.906250	0.000000	-0.406250 
		0.968750	0.125000	-0.218750 
		1.000000	0.093750	0.015625 
		0.984375	0.125000	0.046875 
		0.984375	0.187500	0.031250 
		1.000000	0.109375	0.031250 
		0.546875	0.562500	-0.625000 
		0.343750	0.843750	-0.421875 
		0.921875	0.359375	-0.156250 
		0.968750	0.140625	-0.187500 
		0.015625	-0.968750	-0.250000 
		0.312500	-0.906250	-0.312500 
		0.343750	0.750000	-0.562500 
		0.656250	0.437500	-0.609375 
		0.093750	0.250000	-0.968750 
		0.281250	0.609375	-0.734375 
		0.468750	0.781250	-0.421875 
		0.500000	0.796875	-0.343750 
		0.609375	0.734375	-0.312500 
		0.328125	0.921875	-0.234375 
		0.687500	0.703125	-0.218750 
		0.046875	-0.296875	0.953125 
		0.531250	0.312500	-0.781250 
		0.968750	0.093750	-0.234375 
		0.968750	0.218750	-0.125000 
		0.250000	0.765625	-0.593750 
		0.703125	0.562500	-0.437500 
		0.843750	0.046875	-0.531250 
		0.234375	0.890625	-0.390625 
		0.687500	0.671875	-0.296875 
		1.000000	0.000000	0.031250 
		1.000000	0.031250	0.000000 
		0.156250	0.953125	-0.265625 
		0.296875	0.953125	-0.015625 
		0.125000	0.171875	-0.984375 
		0.437500	0.906250	0.000000 
		0.703125	0.703125	-0.046875 
		0.640625	0.765625	0.000000 
		0.328125	0.656250	0.687500 
		0.265625	0.640625	0.718750 
		0.312500	0.859375	0.406250 
		0.015625	-0.109375	1.000000 
		0.906250	-0.046875	-0.421875 
		0.421875	0.906250	-0.015625 
		0.015625	-0.203125	0.984375 
		-0.015625	-1.000000	-0.109375 
		0.078125	-0.218750	-0.968750 
		-0.062500	-0.734375	-0.687500 
		1.000000	0.031250	-0.015625 
		1.000000	0.015625	-0.015625 
		0.218750	0.968750	-0.109375 
		0.234375	0.953125	-0.218750 
		0.859375	0.515625	-0.046875 
		0.718750	0.671875	-0.156250 
		0.046875	0.625000	-0.781250 
		0.937500	0.078125	-0.328125 
		0.906250	-0.281250	-0.312500 
		0.656250	0.015625	-0.750000 
		0.015625	-1.000000	0.000000 
		0.984375	-0.031250	-0.125000 
		1.000000	-0.046875	0.109375 
		1.000000	-0.031250	0.031250 
		1.000000	-0.078125	0.000000 
		0.140625	-0.375000	0.921875 
		1.000000	-0.015625	0.000000 
		0.984375	0.203125	0.046875 
		0.968750	0.265625	0.000000 
		0.953125	0.281250	-0.031250 
		0.031250	-0.906250	0.406250 
		1.000000	0.031250	0.015625 
		0.343750	0.609375	0.718750 
		-0.031250	-0.796875	0.593750 
		0.968750	0.140625	-0.203125 
		0.015625	-0.953125	-0.281250 
		-0.015625	-0.984375	0.171875 
		0.046875	-0.921875	0.375000 
		0.031250	-0.437500	-0.906250 
		0.984375	-0.015625	0.140625 
		0.968750	-0.015625	0.265625 
		0.984375	0.000000	-0.187500 
		0.984375	-0.015625	0.218750 
		0.015625	-0.078125	1.000000 
		0.718750	0.640625	-0.281250 
		0.796875	0.546875	-0.281250 
		-0.046875	-0.453125	0.890625 
		0.062500	0.984375	-0.140625 
		0.062500	0.968750	-0.203125 
		0.421875	0.890625	-0.187500 
		0.281250	0.937500	-0.187500 
		0.781250	0.546875	-0.312500 
		0.031250	-1.000000	0.000000 
		0.421875	0.671875	0.609375 
		0.843750	0.531250	0.000000 
		0.859375	0.515625	0.000000 
		0.843750	0.546875	0.000000 
		0.359375	0.937500	0.000000 
		0.859375	0.000000	-0.500000 
		0.859375	0.000000	0.500000 
		0.000000	0.843750	0.531250 
		-0.859375	0.000000	-0.500000 
		-0.859375	0.000000	0.500000 
		0.093750	0.000000	1.000000 
		0.015625	1.000000	0.000000 
		-0.312500	0.000000	-0.953125 
		0.718750	0.640625	0.265625 
		0.718750	0.578125	-0.390625 
		0.703125	-0.593750	-0.390625 
		0.718750	-0.640625	0.265625 
		0.046875	-1.000000	0.000000 
		0.078125	0.000000	-1.000000 
		0.109375	0.828125	-0.546875 
		0.109375	-0.828125	-0.546875 
		0.046875	1.000000	0.000000 
		-0.093750	0.000000	1.000000 
		-0.015625	1.000000	0.000000 
		0.312500	0.000000	-0.953125 
		-0.718750	0.640625	0.265625 
		-0.718750	-0.640625	0.265625 
		-0.703125	-0.593750	-0.390625 
		-0.718750	0.578125	-0.390625 
		-0.046875	-1.000000	0.000000 
		-0.078125	0.000000	-1.000000 
		-0.109375	0.828125	-0.546875 
		-0.109375	-0.828125	-0.546875 
		-0.046875	1.000000	0.000000 
		0.000000	-0.984375	0.140625 
		0.000000	-1.000000	-0.015625 
		0.000000	-1.000000	-0.109375 
		0.000000	-1.000000	-0.093750 
		-0.031250	0.109375	-1.000000 
		0.000000	0.078125	-1.000000 
		-0.015625	0.093750	-1.000000 
		-0.046875	0.125000	-0.984375 
		0.031250	0.109375	-1.000000 
		0.015625	0.093750	-1.000000 
		0.046875	0.125000	-0.984375 
		-0.968750	-0.015625	-0.250000 
		0.968750	-0.015625	-0.250000 
		0.000000	0.156250	-0.984375 
		0.859375	0.078125	-0.500000 
		0.875000	-0.093750	0.484375 
		0.000000	-0.187500	0.984375 
		-0.859375	0.078125	-0.500000 
		-0.875000	-0.093750	0.484375 
		0.000000	0.312500	-0.953125 
		0.859375	0.156250	-0.484375 
		0.859375	-0.187500	0.468750 
		0.000000	-0.359375	0.937500 
		-0.859375	0.156250	-0.484375 
		-0.859375	-0.187500	0.468750 
	}

	Cpv 810 { 
		0.500000	0.500000	0.500000	0.000000 
		0.500000	0.500000	0.500000	0.000000 
		0.576326	0.500000	0.500000	0.000000 
		0.559040	0.500000	0.500000	0.000000 
		0.559040	0.500000	0.500000	0.000000 
		0.500000	0.500000	0.500000	0.000000 
		0.500000	0.500000	0.500000	0.000000 
		0.500000	0.500000	0.500000	0.000000 
		0.500000	0.500000	0.500000	0.000000 
		0.500000	0.500000	0.500000	0.000000 
		0.500000	0.500000	0.500000	0.000000 
		0.500000	0.500000	0.500000	0.000000 
		0.500000	0.500000	0.500000	0.000000 
		0.500000	0.500000	0.500000	0.000000 
		0.621100	0.500000	0.500000	0.000000 
		0.589069	0.500000	0.500000	0.000000 
		0.589069	0.500000	0.500000	0.000000 
		0.500000	0.500000	0.500000	0.000000 
		0.500000	0.500000	0.500000	0.000000 
		0.500000	0.500000	0.500000	0.000000 
		0.652878	0.500000	0.500000	0.000000 
		0.500000	0.500000	0.500000	0.000000 
		0.500000	0.500000	0.500000	0.003922 
		0.500000	0.500000	0.500000	0.003922 
		0.500000	0.500000	0.500000	0.000000 
		0.500000	0.500000	0.500000	0.000000 
		0.500000	0.500000	0.500000	0.000000 
		0.500000	0.372646	0.500000	0.003922 
		0.500000	0.372646	0.500000	0.003922 
		0.500000	0.500000	0.500000	0.003922 
		0.500000	0.500000	0.500000	0.003922 
		0.500000	0.372646	0.500000	0.003922 
		0.500000	0.372646	0.500000	0.003922 
		0.500000	0.372646	0.500000	0.003922 
		0.500000	0.372646	0.500000	0.003922 
		0.500000	0.372646	0.500000	0.003922 
		0.500000	0.372646	0.500000	0.003922 
		0.500000	0.500000	0.500000	0.003922 
		0.500000	0.500000	0.500000	0.003922 
		0.500000	0.372646	0.500000	0.003922 
		0.500000	0.372646	0.500000	0.003922 
		0.500000	0.372646	0.500000	0.003922 
		0.500000	0.601272	0.590105	0.000000 
		0.500000	0.500000	0.500000	0.000000 
		0.500000	0.500000	0.500000	0.000000 
		0.500000	0.601272	0.590105	0.000000 
		0.500000	0.372646	0.500000	0.003922 
		0.500000	0.500000	0.500000	0.003922 
		0.500000	0.500000	0.500000	0.000000 
		0.500000	0.500000	0.500000	0.000000 
		0.500000	0.500000	0.500000	0.000000 
		0.500000	0.500000	0.500000	0.000000 
		0.500000	0.500000	0.500000	0.000000 
		0.500000	0.500000	0.558550	0.000000 
		0.500000	0.500000	0.500000	0.000000 
		0.500000	0.500000	0.500000	0.000000 
		0.500000	0.500000	0.500000	0.000000 
		0.500000	0.500000	0.500000	0.000000 
		0.500000	0.500000	0.500000	0.000000 
		0.500000	0.500000	0.500000	0.000000 
		0.500000	0.500000	0.500000	0.000000 
		0.500000	0.500000	0.500000	0.000000 
		0.500000	0.500000	0.500000	0.000000 
		0.500000	0.372646	0.500000	0.003922 
		0.500000	0.500000	0.500000	0.003922 
		0.500000	0.500000	0.500000	0.000000 
		0.500000	0.500000	0.500000	0.000000 
		0.500000	0.372646	0.500000	0.003922 
		0.500000	0.372646	0.500000	0.003922 
		0.500000	0.349654	0.500000	0.003922 
		0.500000	0.500000	0.500000	0.003922 
		0.500000	0.500000	0.500000	0.003922 
		0.500000	0.500000	0.500000	0.003922 
		0.500000	0.349654	0.500000	0.003922 
		0.500000	0.252133	0.500000	0.003922 
		0.500000	0.366951	0.500000	0.003922 
		0.500000	0.252133	0.500000	0.003922 
		0.500000	0.500000	0.500000	0.000000 
		0.500000	0.500000	0.500000	0.003922 
		0.500000	0.500000	0.500000	0.000000 
		0.500000	0.500000	0.500000	0.000000 
		0.500000	0.500000	0.500000	0.000000 
		0.500000	0.500000	0.500000	0.000000 
		0.500000	0.500000	0.500000	0.000000 
		0.589069	0.500000	0.500000	0.000000 
		0.500000	0.500000	0.500000	0.000000 
		0.621100	0.500000	0.500000	0.000000 
		0.500000	0.500000	0.500000	0.000000 
		0.500000	0.500000	0.500000	0.000000 
		0.500000	0.500000	0.500000	0.000000 
		0.500000	0.500000	0.500000	0.000000 
		0.500000	0.500000	0.500000	0.000000 
		0.500000	0.500000	0.500000	0.000000 
		0.500000	0.500000	0.500000	0.000000 
		0.500000	0.500000	0.500000	0.000000 
		0.500000	0.500000	0.500000	0.000000 
		0.500000	0.500000	0.500000	0.000000 
		0.500000	0.500000	0.500000	0.000000 
		0.500000	0.500000	0.500000	0.000000 
		0.500000	0.500000	0.500000	0.000000 
		0.500000	0.500000	0.500000	0.000000 
		0.500000	0.579020	0.500000	0.000000 
		0.500000	0.500000	0.500000	0.000000 
		0.500000	0.500000	0.500000	0.000000 
		0.500000	0.500000	0.500000	0.000000 
		0.500000	0.579020	0.500000	0.000000 
		0.500000	0.500000	0.500000	0.000000 
		0.500000	0.500000	0.500000	0.000000 
		0.500000	0.500000	0.500000	0.000000 
		0.559040	0.500000	0.500000	0.000000 
		0.559040	0.500000	0.500000	0.000000 
		0.500000	0.500000	0.500000	0.000000 
		0.500000	0.500000	0.500000	0.000000 
		0.621100	0.500000	0.500000	0.000000 
		0.500000	0.500000	0.500000	0.000000 
		0.500000	0.500000	0.500000	0.000000 
		0.500000	0.500000	0.500000	0.000000 
		0.500000	0.500000	0.500000	0.000000 
		0.500000	0.500000	0.500000	0.000000 
		0.500000	0.500000	0.500000	0.000000 
		0.500000	0.500000	0.500000	0.000000 
		0.500000	0.500000	0.500000	0.000000 
		0.500000	0.500000	0.500000	0.000000 
		0.500000	0.500000	0.500000	0.000000 
		0.500000	0.500000	0.500000	0.000000 
		0.500000	0.500000	0.500000	0.000000 
		0.500000	0.500000	0.500000	0.000000 
		0.500000	0.500000	0.500000	0.000000 
		0.500000	0.500000	0.500000	0.000000 
		0.500000	0.500000	0.500000	0.000000 
		0.500000	0.500000	0.500000	0.000000 
		0.500000	0.500000	0.500000	0.000000 
		0.500000	0.500000	0.500000	0.000000 
		0.500000	0.500000	0.500000	0.000000 
		0.500000	0.500000	0.500000	0.000000 
		0.500000	0.500000	0.500000	0.000000 
		0.500000	0.500000	0.500000	0.000000 
		0.500000	0.500000	0.500000	0.000000 
		0.500000	0.500000	0.500000	0.000000 
		0.500000	0.500000	0.500000	0.000000 
		0.500000	0.500000	0.500000	0.000000 
		0.500000	0.500000	0.500000	0.000000 
		0.500000	0.500000	0.500000	0.000000 
		0.500000	0.500000	0.500000	0.000000 
		0.500000	0.500000	0.500000	0.000000 
		0.500000	0.500000	0.500000	0.000000 
		0.500000	0.500000	0.500000	0.000000 
		0.500000	0.500000	0.500000	0.000000 
		0.500000	0.500000	0.500000	0.000000 
		0.500000	0.500000	0.500000	0.000000 
		0.500000	0.500000	0.500000	0.000000 
		0.500000	0.500000	0.500000	0.000000 
		0.500000	0.500000	0.500000	0.000000 
		0.500000	0.500000	0.500000	0.000000 
		0.500000	0.500000	0.500000	0.000000 
		0.500000	0.500000	0.500000	0.000000 
		0.500000	0.500000	0.500000	0.000000 
		0.500000	0.500000	0.500000	0.000000 
		0.500000	0.500000	0.500000	0.000000 
		0.500000	0.500000	0.500000	0.000000 
		0.500000	0.500000	0.500000	0.000000 
		0.500000	0.500000	0.500000	0.000000 
		0.500000	0.500000	0.500000	0.000000 
		0.500000	0.500000	0.500000	0.000000 
		0.500000	0.500000	0.500000	0.000000 
		0.500000	0.500000	0.500000	0.000000 
		0.500000	0.500000	0.500000	0.000000 
		0.500000	0.500000	0.500000	0.000000 
		0.500000	0.500000	0.500000	0.000000 
		0.500000	0.372646	0.500000	0.003922 
		0.500000	0.366951	0.500000	0.003922 
		0.500000	0.252133	0.500000	0.003922 
		0.500000	0.252133	0.500000	0.003922 
		0.500000	0.366951	0.500000	0.003922 
		0.500000	0.252133	0.500000	0.003922 
		0.500000	0.252133	0.500000	0.003922 
		0.500000	0.500000	0.558550	0.000000 
		0.500000	0.500000	0.500000	0.000000 
		0.500000	0.500000	0.500000	0.003922 
		0.500000	0.372646	0.500000	0.003922 
		0.500000	0.500000	0.500000	0.003922 
		0.500000	0.500000	0.500000	0.000000 
		0.500000	0.500000	0.500000	0.000000 
		0.500000	0.500000	0.500000	0.000000 
		0.500000	0.500000	0.500000	0.000000 
		0.652878	0.500000	0.500000	0.000000 
		0.500000	0.500000	0.500000	0.000000 
		0.500000	0.500000	0.500000	0.000000 
		0.500000	0.500000	0.500000	0.000000 
		0.500000	0.500000	0.500000	0.000000 
		0.500000	0.500000	0.500000	0.000000 
		0.500000	0.500000	0.500000	0.000000 
		0.500000	0.500000	0.500000	0.003922 
		0.500000	0.500000	0.500000	0.000000 
		0.500000	0.500000	0.500000	0.000000 
		0.500000	0.500000	0.500000	0.003922 
		0.500000	0.252133	0.500000	0.003922 
		0.500000	0.252133	0.500000	0.003922 
		0.500000	0.500000	0.500000	0.003922 
		0.500000	0.366951	0.500000	0.003922 
		0.500000	0.252133	0.500000	0.003922 
		0.500000	0.500000	0.500000	0.003922 
		0.500000	0.500000	0.500000	0.000000 
		0.500000	0.500000	0.500000	0.000000 
		0.500000	0.500000	0.500000	0.000000 
		0.500000	0.500000	0.500000	0.000000 
		0.500000	0.579020	0.500000	0.000000 
		0.500000	0.500000	0.500000	0.000000 
		0.500000	0.500000	0.500000	0.000000 
		0.597361	0.593478	0.500000	0.000000 
		0.500000	0.500000	0.500000	0.000000 
		0.500000	0.500000	0.500000	0.000000 
		0.500000	0.500000	0.500000	0.000000 
		0.500000	0.500000	0.500000	0.000000 
		0.500000	0.500000	0.500000	0.000000 
		0.500000	0.500000	0.500000	0.000000 
		0.500000	0.500000	0.500000	0.000000 
		0.621100	0.500000	0.500000	0.000000 
		0.621100	0.500000	0.500000	0.000000 
		0.500000	0.500000	0.500000	0.000000 
		0.500000	0.500000	0.500000	0.000000 
		0.621100	0.500000	0.500000	0.000000 
		0.589069	0.500000	0.500000	0.000000 
		0.500000	0.500000	0.500000	0.000000 
		0.500000	0.500000	0.500000	0.000000 
		0.589069	0.500000	0.500000	0.000000 
		0.576326	0.500000	0.500000	0.000000 
		0.500000	0.500000	0.500000	0.000000 
		0.576326	0.500000	0.500000	0.000000 
		0.500000	0.500000	0.500000	0.000000 
		0.500000	0.500000	0.500000	0.000000 
		0.500000	0.500000	0.500000	0.000000 
		0.500000	0.500000	0.500000	0.000000 
		0.500000	0.500000	0.500000	0.000000 
		0.621100	0.500000	0.500000	0.000000 
		0.621100	0.500000	0.500000	0.000000 
		0.500000	0.500000	0.500000	0.000000 
		0.621100	0.500000	0.500000	0.000000 
		0.500000	0.500000	0.500000	0.000000 
		0.500000	0.500000	0.500000	0.000000 
		0.500000	0.500000	0.500000	0.000000 
		0.500000	0.500000	0.500000	0.000000 
		0.500000	0.500000	0.500000	0.000000 
		0.500000	0.579020	0.500000	0.000000 
		0.500000	0.579020	0.500000	0.000000 
		0.500000	0.579020	0.500000	0.000000 
		0.500000	0.579020	0.500000	0.000000 
		0.500000	0.579020	0.500000	0.000000 
		0.500000	0.579020	0.500000	0.000000 
		0.500000	0.579020	0.500000	0.000000 
		0.597361	0.593478	0.500000	0.000000 
		0.500000	0.500000	0.500000	0.000000 
		0.500000	0.500000	0.500000	0.000000 
		0.500000	0.500000	0.500000	0.000000 
		0.500000	0.500000	0.500000	0.000000 
		0.597361	0.593478	0.500000	0.000000 
		0.500000	0.500000	0.500000	0.000000 
		0.500000	0.500000	0.500000	0.000000 
		0.500000	0.500000	0.500000	0.000000 
		0.500000	0.579020	0.500000	0.000000 
		0.500000	0.579020	0.500000	0.000000 
		0.500000	0.579020	0.500000	0.000000 
		0.500000	0.579020	0.500000	0.000000 
		0.500000	0.500000	0.500000	0.000000 
		0.597361	0.593478	0.500000	0.000000 
		0.500000	0.500000	0.500000	0.000000 
		0.500000	0.500000	0.500000	0.000000 
		0.500000	0.579020	0.500000	0.000000 
		0.500000	0.500000	0.500000	0.000000 
		0.500000	0.579020	0.500000	0.000000 
		0.500000	0.500000	0.500000	0.000000 
		0.500000	0.500000	0.500000	0.000000 
		0.559040	0.500000	0.500000	0.000000 
		0.500000	0.500000	0.500000	0.000000 
		0.559040	0.500000	0.500000	0.000000 
		0.500000	0.500000	0.500000	0.000000 
		0.576326	0.500000	0.500000	0.000000 
		0.500000	0.500000	0.500000	0.000000 
		0.559040	0.500000	0.500000	0.000000 
		0.576326	0.500000	0.500000	0.000000 
		0.500000	0.500000	0.500000	0.000000 
		0.500000	0.500000	0.500000	0.000000 
		0.500000	0.500000	0.500000	0.000000 
		0.500000	0.500000	0.500000	0.000000 
		0.500000	0.500000	0.590105	0.000000 
		0.500000	0.500000	0.500000	0.000000 
		0.500000	0.500000	0.500000	0.000000 
		0.500000	0.500000	0.500000	0.000000 
		0.500000	0.579020	0.500000	0.000000 
		0.500000	0.579020	0.500000	0.000000 
		0.500000	0.500000	0.500000	0.000000 
		0.500000	0.500000	0.500000	0.000000 
		0.500000	0.500000	0.500000	0.000000 
		0.500000	0.500000	0.500000	0.000000 
		0.500000	0.500000	0.500000	0.000000 
		0.500000	0.500000	0.500000	0.000000 
		0.500000	0.500000	0.500000	0.000000 
		0.500000	0.500000	0.500000	0.000000 
		0.500000	0.500000	0.500000	0.000000 
		0.500000	0.500000	0.500000	0.000000 
		0.500000	0.500000	0.500000	0.000000 
		0.500000	0.500000	0.500000	0.000000 
		0.500000	0.500000	0.500000	0.000000 
		0.500000	0.500000	0.500000	0.000000 
		0.500000	0.500000	0.500000	0.000000 
		0.500000	0.500000	0.500000	0.000000 
		0.500000	0.500000	0.500000	0.000000 
		0.500000	0.500000	0.500000	0.000000 
		0.500000	0.500000	0.500000	0.000000 
		0.500000	0.500000	0.500000	0.000000 
		0.500000	0.500000	0.500000	0.000000 
		0.500000	0.500000	0.500000	0.000000 
		0.500000	0.500000	0.500000	0.000000 
		0.500000	0.500000	0.500000	0.000000 
		0.500000	0.500000	0.500000	0.000000 
		0.500000	0.500000	0.500000	0.000000 
		0.500000	0.500000	0.500000	0.000000 
		0.500000	0.500000	0.500000	0.000000 
		0.500000	0.500000	0.500000	0.000000 
		0.500000	0.500000	0.500000	0.000000 
		0.500000	0.500000	0.500000	0.000000 
		0.500000	0.500000	0.500000	0.000000 
		0.500000	0.500000	0.500000	0.000000 
		0.500000	0.500000	0.500000	0.000000 
		0.500000	0.500000	0.500000	0.000000 
		0.500000	0.500000	0.500000	0.000000 
		0.500000	0.500000	0.500000	0.000000 
		0.500000	0.500000	0.500000	0.000000 
		0.500000	0.500000	0.500000	0.000000 
		0.500000	0.500000	0.500000	0.000000 
		0.500000	0.500000	0.500000	0.000000 
		0.500000	0.500000	0.500000	0.003922 
		0.500000	0.500000	0.500000	0.003922 
		0.500000	0.500000	0.500000	0.000000 
		0.500000	0.500000	0.500000	0.000000 
		0.500000	0.500000	0.500000	0.000000 
		0.500000	0.500000	0.500000	0.000000 
		0.500000	0.500000	0.500000	0.003922 
		0.500000	0.500000	0.500000	0.003922 
		0.500000	0.500000	0.500000	0.003922 
		0.500000	0.500000	0.500000	0.003922 
		0.500000	0.500000	0.500000	0.003922 
		0.500000	0.500000	0.500000	0.003922 
		0.500000	0.500000	0.500000	0.003922 
		0.500000	0.500000	0.500000	0.003922 
		0.500000	0.500000	0.500000	0.003922 
		0.500000	0.500000	0.500000	0.003922 
		0.500000	0.500000	0.500000	0.003922 
		0.500000	0.500000	0.500000	0.003922 
		0.500000	0.500000	0.500000	0.003922 
		0.500000	0.500000	0.500000	0.000000 
		0.500000	0.500000	0.500000	0.000000 
		0.500000	0.500000	0.500000	0.003922 
		0.500000	0.500000	0.500000	0.000000 
		0.500000	0.500000	0.500000	0.000000 
		0.500000	0.500000	0.500000	0.000000 
		0.500000	0.500000	0.500000	0.000000 
		0.500000	0.500000	0.500000	0.000000 
		0.500000	0.500000	0.558550	0.000000 
		0.500000	0.500000	0.500000	0.000000 
		0.500000	0.500000	0.500000	0.000000 
		0.500000	0.500000	0.500000	0.000000 
		0.500000	0.500000	0.500000	0.000000 
		0.500000	0.500000	0.500000	0.000000 
		0.500000	0.500000	0.500000	0.000000 
		0.500000	0.500000	0.500000	0.000000 
		0.500000	0.500000	0.500000	0.000000 
		0.500000	0.500000	0.500000	0.000000 
		0.500000	0.500000	0.500000	0.003922 
		0.500000	0.500000	0.500000	0.003922 
		0.500000	0.500000	0.500000	0.000000 
		0.500000	0.500000	0.500000	0.003922 
		0.500000	0.500000	0.500000	0.003922 
		0.500000	0.500000	0.500000	0.003922 
		0.500000	0.500000	0.500000	0.003922 
		0.500000	0.500000	0.500000	0.003922 
		0.500000	0.500000	0.500000	0.003922 
		0.500000	0.500000	0.500000	0.000000 
		0.500000	0.500000	0.500000	0.000000 
		0.500000	0.500000	0.500000	0.000000 
		0.500000	0.500000	0.500000	0.003922 
		0.500000	0.500000	0.500000	0.000000 
		0.500000	0.500000	0.500000	0.000000 
		0.500000	0.500000	0.500000	0.000000 
		0.500000	0.500000	0.500000	0.000000 
		0.500000	0.500000	0.500000	0.000000 
		0.500000	0.500000	0.500000	0.000000 
		0.500000	0.500000	0.500000	0.000000 
		0.500000	0.500000	0.500000	0.000000 
		0.500000	0.500000	0.500000	0.000000 
		0.500000	0.500000	0.500000	0.000000 
		0.500000	0.500000	0.500000	0.000000 
		0.500000	0.500000	0.500000	0.000000 
		0.500000	0.500000	0.500000	0.000000 
		0.500000	0.500000	0.500000	0.000000 
		0.500000	0.500000	0.500000	0.000000 
		0.500000	0.500000	0.500000	0.000000 
		0.500000	0.500000	0.500000	0.000000 
		0.500000	0.500000	0.500000	0.000000 
		0.500000	0.500000	0.500000	0.000000 
		0.500000	0.500000	0.500000	0.000000 
		0.500000	0.500000	0.500000	0.000000 
		0.500000	0.500000	0.500000	0.000000 
		0.500000	0.500000	0.500000	0.000000 
		0.500000	0.500000	0.500000	0.000000 
		0.500000	0.500000	0.500000	0.000000 
		0.500000	0.500000	0.500000	0.000000 
		0.500000	0.500000	0.500000	0.000000 
		0.500000	0.500000	0.500000	0.000000 
		0.500000	0.500000	0.500000	0.000000 
		0.500000	0.500000	0.500000	0.000000 
		0.500000	0.500000	0.500000	0.000000 
		0.500000	0.500000	0.500000	0.000000 
		0.500000	0.500000	0.500000	0.000000 
		0.500000	0.500000	0.500000	0.000000 
		0.500000	0.500000	0.500000	0.000000 
		0.500000	0.500000	0.500000	0.000000 
		0.500000	0.500000	0.500000	0.000000 
		0.500000	0.500000	0.500000	0.000000 
		0.500000	0.500000	0.500000	0.000000 
		0.500000	0.500000	0.500000	0.000000 
		0.500000	0.500000	0.500000	0.000000 
		0.500000	0.500000	0.500000	0.000000 
		0.500000	0.500000	0.500000	0.000000 
		0.500000	0.500000	0.500000	0.000000 
		0.500000	0.500000	0.500000	0.000000 
		0.500000	0.500000	0.500000	0.000000 
		0.500000	0.500000	0.500000	0.000000 
		0.500000	0.500000	0.500000	0.000000 
		0.500000	0.500000	0.500000	0.000000 
		0.500000	0.500000	0.500000	0.000000 
		0.500000	0.500000	0.500000	0.000000 
		0.500000	0.500000	0.500000	0.000000 
		0.500000	0.500000	0.500000	0.000000 
		0.500000	0.500000	0.500000	0.000000 
		0.500000	0.500000	0.500000	0.000000 
		0.500000	0.500000	0.500000	0.000000 
		0.500000	0.500000	0.500000	0.000000 
		0.500000	0.500000	0.500000	0.000000 
		0.500000	0.500000	0.500000	0.000000 
		0.500000	0.500000	0.500000	0.000000 
		0.500000	0.500000	0.500000	0.000000 
		0.500000	0.500000	0.500000	0.000000 
		0.500000	0.500000	0.500000	0.000000 
		0.500000	0.500000	0.500000	0.000000 
		0.500000	0.500000	0.500000	0.000000 
		0.500000	0.500000	0.500000	0.000000 
		0.480247	0.457924	0.500000	0.000000 
		0.480247	0.457924	0.500000	0.000000 
		0.487217	0.544688	0.500000	0.000000 
		0.487217	0.544688	0.500000	0.000000 
		0.512784	0.455312	0.500000	0.000000 
		0.480247	0.457924	0.500000	0.000000 
		0.487217	0.544688	0.500000	0.000000 
		0.519753	0.542076	0.500000	0.000000 
		0.480247	0.457924	0.500000	0.000000 
		0.512784	0.455312	0.500000	0.000000 
		0.519753	0.542076	0.500000	0.000000 
		0.487217	0.544688	0.500000	0.000000 
		0.519753	0.542076	0.500000	0.000000 
		0.487217	0.544688	0.500000	0.000000 
		0.487217	0.544688	0.500000	0.000000 
		0.519753	0.542076	0.500000	0.000000 
		0.480247	0.457924	0.500000	0.000000 
		0.480247	0.457924	0.500000	0.000000 
		0.512784	0.455312	0.500000	0.000000 
		0.512784	0.455312	0.500000	0.000000 
		0.500000	0.500000	0.500000	0.003922 
		0.500000	0.500000	0.500000	0.003922 
		0.500000	0.500000	0.500000	0.003922 
		0.500000	0.500000	0.500000	0.003922 
		0.500000	0.500000	0.500000	0.003922 
		0.500000	0.500000	0.558550	0.000000 
		0.500000	0.500000	0.500000	0.000000 
		0.500000	0.500000	0.500000	0.003922 
		0.500000	0.500000	0.500000	0.003922 
		0.500000	0.500000	0.500000	0.003922 
		0.500000	0.500000	0.500000	0.000000 
		0.500000	0.500000	0.500000	0.000000 
		0.500000	0.500000	0.500000	0.000000 
		0.500000	0.500000	0.500000	0.000000 
		0.500000	0.500000	0.500000	0.000000 
		0.500000	0.500000	0.500000	0.000000 
		0.500000	0.500000	0.500000	0.000000 
		0.500000	0.500000	0.500000	0.003922 
		0.500000	0.500000	0.500000	0.000000 
		0.500000	0.500000	0.500000	0.003922 
		0.500000	0.500000	0.500000	0.003922 
		0.500000	0.500000	0.500000	0.003922 
		0.500000	0.500000	0.500000	0.000000 
		0.500000	0.500000	0.500000	0.000000 
		0.500000	0.500000	0.500000	0.000000 
		0.500000	0.500000	0.500000	0.000000 
		0.500000	0.500000	0.500000	0.000000 
		0.500000	0.500000	0.500000	0.000000 
		0.500000	0.500000	0.500000	0.000000 
		0.500000	0.500000	0.500000	0.000000 
		0.500000	0.500000	0.500000	0.000000 
		0.500000	0.500000	0.500000	0.000000 
		0.500000	0.500000	0.500000	0.000000 
		0.500000	0.500000	0.500000	0.000000 
		0.500000	0.500000	0.500000	0.000000 
		0.500000	0.500000	0.500000	0.000000 
		0.500000	0.500000	0.500000	0.000000 
		0.500000	0.500000	0.500000	0.000000 
		0.500000	0.500000	0.500000	0.000000 
		0.500000	0.500000	0.500000	0.000000 
		0.500000	0.500000	0.500000	0.000000 
		0.500000	0.500000	0.500000	0.000000 
		0.500000	0.500000	0.500000	0.000000 
		0.500000	0.500000	0.500000	0.000000 
		0.500000	0.500000	0.500000	0.000000 
		0.500000	0.500000	0.500000	0.000000 
		0.500000	0.500000	0.500000	0.000000 
		0.500000	0.500000	0.500000	0.000000 
		0.500000	0.500000	0.500000	0.000000 
		0.500000	0.500000	0.500000	0.000000 
		0.500000	0.500000	0.500000	0.000000 
		0.500000	0.500000	0.500000	0.000000 
		0.500000	0.500000	0.500000	0.000000 
		0.500000	0.500000	0.500000	0.000000 
		0.500000	0.500000	0.500000	0.000000 
		0.500000	0.500000	0.500000	0.000000 
		0.500000	0.500000	0.500000	0.000000 
		0.500000	0.500000	0.500000	0.000000 
		0.500000	0.500000	0.500000	0.000000 
		0.500000	0.500000	0.500000	0.000000 
		0.500000	0.500000	0.500000	0.000000 
		0.500000	0.500000	0.500000	0.000000 
		0.500000	0.500000	0.500000	0.000000 
		0.500000	0.500000	0.500000	0.000000 
		0.500000	0.500000	0.500000	0.000000 
		0.500000	0.500000	0.500000	0.000000 
		0.500000	0.500000	0.500000	0.000000 
		0.500000	0.500000	0.500000	0.000000 
		0.500000	0.500000	0.500000	0.000000 
		0.500000	0.500000	0.500000	0.000000 
		0.500000	0.500000	0.500000	0.000000 
		0.500000	0.500000	0.500000	0.000000 
		0.500000	0.500000	0.500000	0.000000 
		0.500000	0.500000	0.500000	0.000000 
		0.500000	0.500000	0.500000	0.000000 
		0.500000	0.500000	0.500000	0.000000 
		0.500000	0.500000	0.500000	0.000000 
		0.500000	0.500000	0.500000	0.000000 
		0.500000	0.500000	0.500000	0.000000 
		0.500000	0.500000	0.500000	0.000000 
		0.500000	0.500000	0.500000	0.000000 
		0.500000	0.500000	0.500000	0.000000 
		0.500000	0.500000	0.500000	0.000000 
		0.500000	0.500000	0.500000	0.000000 
		0.500000	0.500000	0.500000	0.000000 
		0.500000	0.500000	0.500000	0.000000 
		0.500000	0.500000	0.500000	0.000000 
		0.500000	0.500000	0.500000	0.000000 
		0.500000	0.500000	0.500000	0.000000 
		0.500000	0.500000	0.500000	0.000000 
		0.500000	0.500000	0.500000	0.000000 
		0.500000	0.500000	0.500000	0.000000 
		0.500000	0.500000	0.500000	0.000000 
		0.500000	0.500000	0.500000	0.000000 
		0.500000	0.500000	0.500000	0.000000 
		0.500000	0.500000	0.500000	0.000000 
		0.500000	0.500000	0.500000	0.000000 
		0.500000	0.500000	0.500000	0.000000 
		0.500000	0.500000	0.500000	0.000000 
		0.500000	0.500000	0.500000	0.000000 
		0.500000	0.500000	0.500000	0.000000 
		0.500000	0.500000	0.500000	0.000000 
		0.500000	0.500000	0.500000	0.000000 
		0.500000	0.500000	0.500000	0.000000 
		0.500000	0.500000	0.500000	0.000000 
		0.500000	0.500000	0.500000	0.000000 
		0.500000	0.500000	0.500000	0.000000 
		0.500000	0.500000	0.500000	0.000000 
		0.500000	0.500000	0.500000	0.000000 
		0.500000	0.500000	0.500000	0.000000 
		0.500000	0.500000	0.500000	0.000000 
		0.500000	0.500000	0.500000	0.000000 
		0.500000	0.500000	0.500000	0.000000 
		0.500000	0.500000	0.500000	0.000000 
		0.500000	0.500000	0.500000	0.000000 
		0.500000	0.500000	0.500000	0.000000 
		0.500000	0.500000	0.500000	0.000000 
		0.519753	0.542076	0.500000	0.000000 
		0.519753	0.542076	0.500000	0.000000 
		0.512784	0.455312	0.500000	0.000000 
		0.512784	0.455312	0.500000	0.000000 
		0.500000	0.500000	0.500000	0.000000 
		0.500000	0.500000	0.580465	0.003922 
		0.500000	0.500000	0.580465	0.003922 
		0.500000	0.500000	0.500000	0.000000 
		0.500000	0.500000	0.580465	0.003922 
		0.500000	0.500000	0.500000	0.000000 
		0.500000	0.500000	0.580465	0.003922 
		0.500000	0.500000	0.500000	0.000000 
		0.677019	0.352982	0.500000	0.003922 
		0.658070	0.356594	0.500000	0.003922 
		0.661683	0.324040	0.500000	0.003922 
		0.642734	0.327652	0.500000	0.003922 
		0.639121	0.360207	0.500000	0.003922 
		0.500000	0.500000	0.500000	0.000000 
		0.500000	0.500000	0.580465	0.003922 
		0.500000	0.500000	0.500000	0.000000 
		0.500000	0.500000	0.580465	0.003922 
		0.673406	0.385536	0.500000	0.003922 
		0.654458	0.389149	0.500000	0.003922 
		0.500000	0.500000	0.500000	0.000000 
		0.500000	0.500000	0.500000	0.000000 
		0.500000	0.500000	0.500000	0.000000 
		0.500000	0.500000	0.500000	0.000000 
		0.500000	0.500000	0.500000	0.000000 
		0.500000	0.500000	0.500000	0.000000 
		0.579157	0.500000	0.500000	0.003922 
		0.500000	0.500000	0.500000	0.003922 
		0.500000	0.500000	0.500000	0.003922 
		0.632113	0.500000	0.500000	0.003922 
		0.632113	0.500000	0.500000	0.003922 
		0.500000	0.500000	0.500000	0.003922 
		0.500000	0.500000	0.500000	0.003922 
		0.579157	0.500000	0.500000	0.003922 
		0.500000	0.500000	0.500000	0.003922 
		0.500000	0.500000	0.500000	0.003922 
		0.579157	0.500000	0.500000	0.003922 
		0.500000	0.500000	0.500000	0.003922 
		0.500000	0.500000	0.500000	0.003922 
		0.500000	0.500000	0.500000	0.003922 
		0.500000	0.500000	0.500000	0.003922 
		0.500000	0.500000	0.500000	0.003922 
		0.500000	0.500000	0.500000	0.003922 
		0.632113	0.500000	0.500000	0.003922 
		0.500000	0.500000	0.500000	0.003922 
		0.500000	0.500000	0.500000	0.003922 
		0.500000	0.500000	0.500000	0.003922 
		0.500000	0.500000	0.500000	0.003922 
		0.500000	0.500000	0.500000	0.003922 
		0.500000	0.500000	0.500000	0.003922 
		0.500000	0.500000	0.500000	0.003922 
		0.500000	0.500000	0.500000	0.003922 
		0.500000	0.500000	0.500000	0.003922 
		0.500000	0.500000	0.500000	0.003922 
		0.500000	0.500000	0.500000	0.003922 
		0.500000	0.500000	0.500000	0.003922 
		0.500000	0.500000	0.500000	0.003922 
		0.500000	0.500000	0.500000	0.003922 
		0.500000	0.500000	0.500000	0.003922 
		0.500000	0.500000	0.500000	0.003922 
		0.496973	0.557414	0.543966	0.003922 
		0.376738	0.542780	0.543966	0.003922 
		0.412736	0.495880	0.451458	0.003922 
		0.532971	0.510514	0.451458	0.003922 
		0.376738	0.542780	0.543966	0.003922 
		0.432967	0.500879	0.456034	0.003922 
		0.412736	0.495880	0.451458	0.003922 
		0.496973	0.557414	0.543966	0.003922 
		0.553202	0.515513	0.456034	0.003922 
		0.548211	0.514906	0.456034	0.003922 
		0.496973	0.557414	0.543966	0.003922 
		0.532971	0.510514	0.451458	0.003922 
		0.553202	0.515513	0.456034	0.003922 
		0.532971	0.510514	0.451458	0.003922 
		0.412736	0.495880	0.451458	0.003922 
		0.437840	0.501472	0.456034	0.003922 
		0.548211	0.514906	0.456034	0.003922 
		0.376738	0.542780	0.543966	0.003922 
		0.437840	0.501472	0.456034	0.003922 
		0.432967	0.500879	0.456034	0.003922 
		0.532971	0.510514	0.451458	0.003922 
		0.500000	0.500000	0.500000	0.003922 
		0.553202	0.515513	0.456034	0.003922 
		0.553202	0.515513	0.456034	0.003922 
		0.500000	0.500000	0.500000	0.003922 
		0.548211	0.514906	0.456034	0.003922 
		0.532971	0.510514	0.451458	0.003922 
		0.412736	0.495880	0.451458	0.003922 
		0.500000	0.500000	0.500000	0.003922 
		0.437840	0.501472	0.456034	0.003922 
		0.432967	0.500879	0.456034	0.003922 
		0.432967	0.500879	0.456034	0.003922 
		0.500000	0.500000	0.500000	0.003922 
		0.412736	0.495880	0.451458	0.003922 
		0.500000	0.500000	0.500000	0.000000 
		0.500000	0.500000	0.500000	0.000000 
		0.500000	0.500000	0.500000	0.000000 
		0.500000	0.500000	0.500000	0.000000 
		0.500000	0.579020	0.500000	0.000000 
		0.597361	0.593478	0.500000	0.000000 
		0.500000	0.500000	0.500000	0.000000 
		0.500000	0.500000	0.500000	0.000000 
		0.500000	0.500000	0.500000	0.000000 
		0.500000	0.500000	0.500000	0.000000 
		0.500000	0.500000	0.500000	0.000000 
		0.500000	0.500000	0.500000	0.000000 
		0.500000	0.601272	0.714154	0.000000 
		0.500000	0.500000	0.500000	0.000000 
		0.500000	0.500000	0.500000	0.000000 
		0.500000	0.500000	0.500000	0.000000 
		0.500000	0.500000	0.500000	0.000000 
		0.500000	0.500000	0.500000	0.000000 
		0.576326	0.500000	0.500000	0.000000 
		0.500000	0.500000	0.500000	0.000000 
		0.500000	0.601272	0.590105	0.000000 
		0.500000	0.500000	0.500000	0.000000 
		0.500000	0.601272	0.590105	0.000000 
		0.500000	0.601272	0.714154	0.000000 
		0.500000	0.579020	0.500000	0.000000 
		0.500000	0.579020	0.500000	0.000000 
		0.500000	0.579020	0.500000	0.000000 
		0.500000	0.500000	0.500000	0.000000 
		0.500000	0.500000	0.500000	0.000000 
		0.500000	0.500000	0.500000	0.000000 
		0.500000	0.500000	0.500000	0.000000 
		0.500000	0.500000	0.500000	0.000000 
		0.500000	0.500000	0.500000	0.000000 
		0.500000	0.500000	0.500000	0.000000 
		0.500000	0.500000	0.500000	0.000000 
		0.500000	0.500000	0.500000	0.000000 
		0.500000	0.500000	0.500000	0.000000 
		0.500000	0.500000	0.500000	0.000000 
		0.500000	0.500000	0.500000	0.000000 
		0.500000	0.500000	0.500000	0.000000 
		0.500000	0.500000	0.500000	0.000000 
		0.500000	0.500000	0.500000	0.000000 
		0.500000	0.500000	0.500000	0.000000 
		0.500000	0.500000	0.500000	0.000000 
		0.500000	0.500000	0.500000	0.000000 
		0.500000	0.500000	0.580465	0.003922 
		0.500000	0.500000	0.580465	0.003922 
		0.500000	0.500000	0.580465	0.003922 
		0.500000	0.500000	0.580465	0.003922 
		0.500000	0.500000	0.580465	0.003922 
		0.500000	0.500000	0.580465	0.003922 
		0.500000	0.500000	0.580465	0.003922 
		0.500000	0.500000	0.580465	0.003922 
		0.500000	0.500000	0.580465	0.003922 
		0.500000	0.500000	0.580465	0.003922 
		0.500000	0.500000	0.580465	0.003922 
		0.500000	0.500000	0.580465	0.003922 
		0.500000	0.500000	0.500000	0.000000 
		0.500000	0.500000	0.500000	0.000000 
		0.500000	0.500000	0.500000	0.000000 
		0.500000	0.500000	0.500000	0.000000 
		0.500000	0.500000	0.500000	0.000000 
		0.500000	0.500000	0.500000	0.000000 
		0.500000	0.500000	0.500000	0.000000 
		0.500000	0.500000	0.500000	0.000000 
		0.500000	0.500000	0.500000	0.000000 
		0.500000	0.500000	0.500000	0.000000 
		0.500000	0.500000	0.500000	0.000000 
		0.500000	0.500000	0.500000	0.000000 
		0.500000	0.500000	0.500000	0.000000 
		0.500000	0.500000	0.500000	0.000000 
		0.500000	0.500000	0.500000	0.000000 
		0.500000	0.500000	0.500000	0.000000 
		0.500000	0.500000	0.500000	0.000000 
		0.500000	0.500000	0.500000	0.000000 
		0.484523	0.461675	0.500000	0.000000 
		0.509160	0.459696	0.500000	0.000000 
		0.511328	0.486683	0.500000	0.000000 
		0.486750	0.489401	0.500000	0.000000 
		0.500000	0.500000	0.500000	0.000000 
		0.500000	0.500000	0.500000	0.000000 
		0.500000	0.500000	0.500000	0.000000 
		0.500000	0.500000	0.500000	0.000000 
		0.500000	0.500000	0.500000	0.000000 
		0.500000	0.500000	0.500000	0.000000 
		0.500000	0.500000	0.500000	0.000000 
		0.500000	0.500000	0.500000	0.000000 
		0.500000	0.500000	0.500000	0.000000 
		0.500000	0.500000	0.500000	0.000000 
		0.500000	0.500000	0.500000	0.000000 
		0.500000	0.500000	0.500000	0.000000 
		1.000000	1.000000	1.000000	1.000000 
		1.000000	1.000000	1.000000	1.000000 
		1.000000	1.000000	1.000000	1.000000 
		1.000000	1.000000	1.000000	1.000000 
		1.000000	1.000000	1.000000	1.000000 
		1.000000	1.000000	1.000000	1.000000 
		1.000000	1.000000	1.000000	1.000000 
		1.000000	1.000000	1.000000	1.000000 
		0.500000	0.500000	0.580465	0.003922 
		0.620468	0.363763	0.500000	0.003922 
		0.614606	0.333014	0.500000	0.003922 
		0.500000	0.500000	0.580465	0.003922 
		0.614606	0.333014	0.500000	0.003922 
		0.500000	0.500000	0.580465	0.003922 
		0.620468	0.363763	0.500000	0.003922 
		0.500000	0.500000	0.580465	0.003922 
		0.500000	0.500000	0.580465	0.003922 
		0.626330	0.394511	0.500000	0.003922 
		0.500000	0.500000	0.580465	0.003922 
		0.626330	0.394511	0.500000	0.003922 
		0.677019	0.352982	0.500000	0.003922 
		0.661683	0.324040	0.500000	0.003922 
		0.642734	0.327652	0.500000	0.003922 
		0.639121	0.360207	0.500000	0.003922 
		0.673406	0.385536	0.500000	0.003922 
		0.654458	0.389149	0.500000	0.003922 
		0.500000	0.500000	0.500000	0.000000 
		0.500000	0.500000	0.500000	0.000000 
		0.500000	0.500000	0.500000	0.000000 
		0.500000	0.500000	0.500000	0.000000 
		0.500000	0.500000	0.500000	0.000000 
		0.500000	0.500000	0.500000	0.000000 
		0.500000	0.500000	0.500000	0.000000 
		0.500000	0.500000	0.500000	0.000000 
		0.500000	0.500000	0.500000	0.000000 
		0.500000	0.500000	0.500000	0.000000 
		0.500000	0.500000	0.500000	0.000000 
		0.500000	0.500000	0.500000	0.000000 
	}

	Tex0 220 { 
		0.798828	0.382813 
		0.816406	0.343750 
		0.896484	0.336914 
		0.904297	0.382813 
		0.915039	0.429688 
		0.799805	0.427734 
		0.472656	0.913086 
		0.477539	0.913086 
		0.477539	0.905273 
		0.472656	0.905273 
		0.033203	0.679688 
		0.073242	0.689453 
		0.018555	0.727539 
		0.130859	0.700195 
		0.108398	0.672852 
		0.075195	0.686523 
		0.089844	0.667969 
		0.213867	0.593750 
		0.204102	0.585938 
		0.213867	0.585938 
		0.358398	0.668945 
		0.584961	0.669922 
		0.584961	0.844727 
		0.354492	0.887695 
		0.177734	0.664063 
		0.198242	0.669922 
		0.170898	0.688477 
		0.836914	0.786133 
		0.831055	0.801758 
		0.683594	0.808594 
		0.683594	0.794922 
		0.230469	0.857422 
		0.218750	0.846680 
		0.251953	0.838867 
		0.264648	0.857422 
		0.225586	0.842773 
		0.208008	0.846680 
		0.217773	0.843750 
		0.671875	0.343750 
		0.872070	0.343750 
		0.874023	0.382813 
		0.671875	0.382813 
		0.815430	0.807617 
		0.683594	0.812500 
		0.811523	0.493164 
		0.791016	0.484375 
		0.879883	0.493164 
		0.792969	0.604492 
		0.805664	0.591797 
		0.719727	0.601563 
		0.811523	0.628906 
		0.780273	0.631836 
		0.834961	0.613281 
		0.286133	0.792969 
		0.286133	0.796875 
		0.829102	0.657227 
		0.829102	0.778320 
		0.672852	0.779297 
		0.672852	0.663086 
		0.852539	0.659180 
		0.852539	0.772461 
		0.277344	0.872070 
		0.314453	0.903320 
		0.310547	0.910156 
		0.273438	0.875000 
		0.300781	0.877930 
		0.318359	0.895508 
		0.360352	0.925781 
		0.357422	0.934570 
		0.364258	0.918945 
		0.330078	0.668945 
		0.333984	0.854492 
		0.221680	0.760742 
		0.208984	0.668945 
		0.178711	0.690430 
		0.043945	0.678711 
		0.128906	0.694336 
		0.538086	0.647461 
		0.536133	0.668945 
		0.536133	0.652344 
		0.655273	0.647461 
		0.661133	0.647461 
		0.285156	0.794922 
		0.652344	0.592773 
		0.657227	0.629883 
		0.659180	0.666016 
		0.273438	0.807617 
		0.271484	0.807617 
		0.477539	0.917969 
		0.472656	0.917969 
		0.628906	0.683594 
		0.628906	0.694336 
		0.621094	0.694336 
		0.621094	0.683594 
		0.712891	0.216797 
		0.712891	0.267578 
		0.691406	0.267578 
		0.691406	0.216797 
		0.500000	0.295898 
		0.696289	0.295898 
		0.696289	0.208008 
		0.500000	0.208008 
		0.712891	0.283203 
		0.691406	0.283203 
		0.691406	0.232422 
		0.712891	0.232422 
		0.417969	0.950195 
		0.418945	0.946289 
		0.584961	0.967773 
		0.420898	0.940430 
		0.585938	0.958984 
		0.876953	0.426758 
		0.276367	0.861328 
		0.247070	0.857422 
		0.611328	0.683594 
		0.608398	0.685547 
		0.584961	0.833008 
		0.541992	0.592773 
		0.214844	0.646484 
		0.362305	0.593750 
		0.151367	0.671875 
		0.131836	0.677734 
		0.122070	0.746094 
		0.188477	0.648438 
		0.078125	0.659180 
		0.200195	0.629883 
		0.621094	0.586914 
		0.652344	0.586914 
		0.620117	0.592773 
		0.564453	0.586914 
		0.564453	0.592773 
		0.541992	0.586914 
		0.362305	0.585938 
		0.243164	0.593750 
		0.243164	0.585938 
		0.337891	0.585938 
		0.337891	0.593750 
		0.841797	0.650391 
		0.060547	0.638672 
		0.022461	0.638672 
		0.672852	0.640625 
		0.672852	0.603516 
		0.221680	0.653320 
		0.932617	0.112305 
		0.518555	0.112305 
		0.518555	0.085938 
		0.932617	0.085938 
		0.518555	0.045898 
		0.932617	0.045898 
		0.518555	0.020508 
		0.932617	0.020508 
		0.289063	0.794922 
		0.289063	0.792969 
		0.829102	0.399414 
		0.845703	0.399414 
		0.845703	0.406250 
		0.829102	0.406250 
		0.353516	0.797852 
		0.369141	0.797852 
		0.353516	0.735352 
		0.369141	0.738281 
		0.369141	0.735352 
		0.369141	0.795898 
		0.854492	0.399414 
		0.854492	0.406250 
		0.217773	0.029297 
		0.207031	0.029297 
		0.208008	0.267578 
		0.416016	0.267578 
		0.546875	0.029297 
		0.365234	0.029297 
		1.000000	0.313477 
		0.660156	0.314453 
		0.660156	0.497070 
		1.000000	0.497070 
		0.040039	0.278320 
		0.040039	0.497070 
		0.208008	0.497070 
		0.416016	0.497070 
		0.040039	0.041992 
		0.000000	0.082031 
		0.000000	0.497070 
		0.569336	0.000000 
		0.627930	0.000000 
		0.659180	0.029297 
		0.217773	0.964844 
		0.208008	0.726563 
		0.207031	0.964844 
		0.416016	0.726563 
		0.365234	0.964844 
		0.546875	0.964844 
		1.000000	0.680664 
		0.660156	0.679688 
		0.040039	0.715820 
		0.000000	0.912109 
		0.040039	0.952148 
		0.569336	0.994141 
		0.627930	0.994141 
		0.659180	0.964844 
		0.280273	0.506836 
		0.339844	1.000000 
		0.247070	1.000000 
		0.508789	0.218750 
		0.572266	0.218750 
		0.570313	0.282227 
		0.508789	0.282227 
		0.083008	0.980469 
		0.045898	0.956055 
		0.186523	0.890625 
		0.026367	0.922852 
		0.040039	0.895508 
		0.184570	0.981445 
		0.222656	0.964844 
		0.222656	0.906250 
		0.197266	0.906250 
		0.198242	0.964844 
		0.550781	0.496094 
		0.512695	0.477539 
		0.512695	0.440430 
		0.550781	0.420898 
	}

	Tex1 0 
	Adj 810 { 
		P 0 
		N 0 
		C0 0 
		T0 0 
		P 1 
		N 1 
		C0 1 
		T0 1 
		P 2 
		N 2 
		C0 2 
		T0 2 
		P 3 
		N 3 
		C0 3 
		T0 3 
		P 4 
		N 4 
		C0 4 
		T0 4 
		P 5 
		N 5 
		C0 5 
		T0 5 
		P 6 
		N 6 
		C0 6 
		T0 6 
		P 7 
		N 6 
		C0 7 
		T0 7 
		P 8 
		N 7 
		C0 8 
		T0 8 
		P 9 
		N 7 
		C0 9 
		T0 9 
		P 10 
		N 8 
		C0 10 
		T0 10 
		P 11 
		N 9 
		C0 11 
		T0 11 
		P 12 
		N 10 
		C0 12 
		T0 12 
		P 13 
		N 11 
		C0 13 
		T0 13 
		P 14 
		N 12 
		C0 14 
		T0 14 
		P 15 
		N 13 
		C0 15 
		T0 15 
		P 16 
		N 14 
		C0 16 
		T0 16 
		P 17 
		N 15 
		C0 17 
		T0 17 
		P 18 
		N 16 
		C0 18 
		T0 18 
		P 19 
		N 17 
		C0 19 
		T0 19 
		P 20 
		N 18 
		C0 20 
		T0 20 
		P 21 
		N 19 
		C0 21 
		T0 21 
		P 22 
		N 20 
		C0 22 
		T0 22 
		P 23 
		N 21 
		C0 23 
		T0 23 
		P 24 
		N 22 
		C0 24 
		T0 24 
		P 25 
		N 23 
		C0 25 
		T0 25 
		P 26 
		N 24 
		C0 26 
		T0 26 
		P 27 
		N 25 
		C0 27 
		T0 27 
		P 28 
		N 26 
		C0 28 
		T0 28 
		P 29 
		N 27 
		C0 29 
		T0 29 
		P 30 
		N 28 
		C0 30 
		T0 30 
		P 28 
		N 26 
		C0 31 
		T0 31 
		P 27 
		N 25 
		C0 32 
		T0 32 
		P 31 
		N 29 
		C0 33 
		T0 33 
		P 32 
		N 30 
		C0 34 
		T0 34 
		P 33 
		N 31 
		C0 35 
		T0 35 
		P 27 
		N 31 
		C0 36 
		T0 32 
		P 30 
		N 31 
		C0 37 
		T0 36 
		P 34 
		N 31 
		C0 38 
		T0 37 
		P 31 
		N 32 
		C0 39 
		T0 33 
		P 27 
		N 32 
		C0 40 
		T0 32 
		P 33 
		N 32 
		C0 41 
		T0 35 
		P 35 
		N 33 
		C0 42 
		T0 38 
		P 1 
		N 1 
		C0 43 
		T0 39 
		P 0 
		N 0 
		C0 44 
		T0 40 
		P 36 
		N 34 
		C0 45 
		T0 41 
		P 37 
		N 35 
		C0 46 
		T0 42 
		P 38 
		N 36 
		C0 47 
		T0 43 
		P 10 
		N 8 
		C0 48 
		T0 44 
		P 39 
		N 37 
		C0 49 
		T0 45 
		P 40 
		N 38 
		C0 50 
		T0 46 
		P 41 
		N 39 
		C0 51 
		T0 47 
		P 12 
		N 10 
		C0 52 
		T0 48 
		P 42 
		N 40 
		C0 53 
		T0 49 
		P 43 
		N 41 
		C0 54 
		T0 50 
		P 44 
		N 42 
		C0 55 
		T0 51 
		P 43 
		N 43 
		C0 56 
		T0 50 
		P 45 
		N 44 
		C0 57 
		T0 52 
		P 46 
		N 45 
		C0 58 
		T0 53 
		P 47 
		N 45 
		C0 59 
		T0 54 
		P 48 
		N 45 
		C0 60 
		T0 54 
		P 49 
		N 45 
		C0 61 
		T0 54 
		P 50 
		N 46 
		C0 62 
		T0 55 
		P 33 
		N 46 
		C0 63 
		T0 56 
		P 34 
		N 47 
		C0 64 
		T0 57 
		P 51 
		N 47 
		C0 65 
		T0 58 
		P 52 
		N 48 
		C0 66 
		T0 59 
		P 31 
		N 49 
		C0 67 
		T0 60 
		P 37 
		N 35 
		C0 68 
		T0 61 
		P 53 
		N 50 
		C0 69 
		T0 62 
		P 54 
		N 51 
		C0 70 
		T0 63 
		P 38 
		N 52 
		C0 71 
		T0 64 
		P 55 
		N 53 
		C0 72 
		T0 65 
		P 56 
		N 54 
		C0 73 
		T0 66 
		P 57 
		N 55 
		C0 74 
		T0 67 
		P 58 
		N 56 
		C0 75 
		T0 68 
		P 59 
		N 57 
		C0 76 
		T0 69 
		P 60 
		N 19 
		C0 77 
		T0 70 
		P 61 
		N 19 
		C0 78 
		T0 71 
		P 52 
		N 48 
		C0 79 
		T0 72 
		P 62 
		N 58 
		C0 80 
		T0 73 
		P 63 
		N 59 
		C0 81 
		T0 74 
		P 11 
		N 60 
		C0 82 
		T0 11 
		P 40 
		N 38 
		C0 83 
		T0 75 
		P 15 
		N 60 
		C0 84 
		T0 15 
		P 13 
		N 61 
		C0 85 
		T0 13 
		P 64 
		N 61 
		C0 86 
		T0 76 
		P 65 
		N 62 
		C0 87 
		T0 77 
		P 66 
		N 62 
		C0 88 
		T0 78 
		P 67 
		N 62 
		C0 89 
		T0 79 
		P 68 
		N 63 
		C0 90 
		T0 21 
		P 69 
		N 64 
		C0 91 
		T0 80 
		P 49 
		N 65 
		C0 92 
		T0 81 
		P 62 
		N 66 
		C0 93 
		T0 73 
		P 63 
		N 67 
		C0 94 
		T0 74 
		P 26 
		N 67 
		C0 95 
		T0 26 
		P 25 
		N 68 
		C0 96 
		T0 25 
		P 70 
		N 69 
		C0 97 
		T0 82 
		P 71 
		N 69 
		C0 98 
		T0 82 
		P 72 
		N 69 
		C0 99 
		T0 82 
		P 73 
		N 69 
		C0 100 
		T0 54 
		P 74 
		N 70 
		C0 101 
		T0 53 
		P 46 
		N 70 
		C0 102 
		T0 53 
		P 75 
		N 70 
		C0 103 
		T0 82 
		P 69 
		N 71 
		C0 104 
		T0 80 
		P 74 
		N 71 
		C0 105 
		T0 83 
		P 75 
		N 71 
		C0 106 
		T0 84 
		P 48 
		N 72 
		C0 107 
		T0 85 
		P 76 
		N 73 
		C0 108 
		T0 86 
		P 4 
		N 73 
		C0 109 
		T0 86 
		P 3 
		N 73 
		C0 110 
		T0 86 
		P 77 
		N 73 
		C0 111 
		T0 86 
		P 78 
		N 74 
		C0 112 
		T0 87 
		P 79 
		N 74 
		C0 113 
		T0 87 
		P 80 
		N 74 
		C0 114 
		T0 87 
		P 81 
		N 75 
		C0 115 
		T0 87 
		P 82 
		N 75 
		C0 116 
		T0 87 
		P 83 
		N 75 
		C0 117 
		T0 87 
		P 18 
		N 75 
		C0 118 
		T0 87 
		P 84 
		N 76 
		C0 119 
		T0 87 
		P 24 
		N 76 
		C0 120 
		T0 87 
		P 82 
		N 76 
		C0 121 
		T0 87 
		P 83 
		N 77 
		C0 122 
		T0 87 
		P 82 
		N 78 
		C0 123 
		T0 87 
		P 77 
		N 78 
		C0 124 
		T0 86 
		P 80 
		N 19 
		C0 125 
		T0 87 
		P 76 
		N 19 
		C0 126 
		T0 86 
		P 85 
		N 79 
		C0 127 
		T0 88 
		P 86 
		N 79 
		C0 128 
		T0 89 
		P 87 
		N 34 
		C0 129 
		T0 90 
		P 88 
		N 34 
		C0 130 
		T0 91 
		P 89 
		N 34 
		C0 131 
		T0 92 
		P 90 
		N 34 
		C0 132 
		T0 93 
		P 91 
		N 80 
		C0 133 
		T0 92 
		P 92 
		N 80 
		C0 134 
		T0 91 
		P 93 
		N 80 
		C0 135 
		T0 90 
		P 94 
		N 80 
		C0 136 
		T0 93 
		P 88 
		N 81 
		C0 137 
		T0 91 
		P 87 
		N 81 
		C0 138 
		T0 90 
		P 93 
		N 81 
		C0 139 
		T0 90 
		P 92 
		N 81 
		C0 140 
		T0 91 
		P 89 
		N 82 
		C0 141 
		T0 92 
		P 88 
		N 82 
		C0 142 
		T0 91 
		P 92 
		N 82 
		C0 143 
		T0 91 
		P 91 
		N 82 
		C0 144 
		T0 92 
		P 90 
		N 19 
		C0 145 
		T0 93 
		P 89 
		N 19 
		C0 146 
		T0 92 
		P 91 
		N 19 
		C0 147 
		T0 92 
		P 94 
		N 19 
		C0 148 
		T0 93 
		P 95 
		N 83 
		C0 149 
		T0 94 
		P 96 
		N 83 
		C0 150 
		T0 95 
		P 97 
		N 83 
		C0 151 
		T0 96 
		P 98 
		N 83 
		C0 152 
		T0 97 
		P 99 
		N 79 
		C0 153 
		T0 98 
		P 100 
		N 79 
		C0 154 
		T0 99 
		P 96 
		N 79 
		C0 155 
		T0 100 
		P 95 
		N 79 
		C0 156 
		T0 101 
		P 98 
		N 69 
		C0 157 
		T0 101 
		P 97 
		N 69 
		C0 158 
		T0 100 
		P 101 
		N 69 
		C0 159 
		T0 99 
		P 102 
		N 69 
		C0 160 
		T0 98 
		P 100 
		N 81 
		C0 161 
		T0 102 
		P 101 
		N 81 
		C0 162 
		T0 103 
		P 97 
		N 81 
		C0 163 
		T0 96 
		P 96 
		N 81 
		C0 164 
		T0 95 
		P 98 
		N 19 
		C0 165 
		T0 97 
		P 102 
		N 19 
		C0 166 
		T0 104 
		P 99 
		N 19 
		C0 167 
		T0 105 
		P 95 
		N 19 
		C0 168 
		T0 94 
		P 31 
		N 49 
		C0 169 
		T0 33 
		P 103 
		N 84 
		C0 170 
		T0 106 
		P 104 
		N 85 
		C0 171 
		T0 107 
		P 105 
		N 86 
		C0 172 
		T0 108 
		P 106 
		N 87 
		C0 173 
		T0 108 
		P 107 
		N 88 
		C0 174 
		T0 109 
		P 108 
		N 89 
		C0 175 
		T0 110 
		P 42 
		N 90 
		C0 176 
		T0 49 
		P 5 
		N 5 
		C0 177 
		T0 111 
		P 109 
		N 91 
		C0 178 
		T0 112 
		P 37 
		N 35 
		C0 179 
		T0 113 
		P 61 
		N 92 
		C0 180 
		T0 71 
		P 60 
		N 93 
		C0 181 
		T0 70 
		P 60 
		N 94 
		C0 182 
		T0 70 
		P 66 
		N 94 
		C0 183 
		T0 78 
		P 21 
		N 94 
		C0 184 
		T0 21 
		P 20 
		N 94 
		C0 185 
		T0 20 
		P 110 
		N 69 
		C0 186 
		T0 8 
		P 111 
		N 69 
		C0 187 
		T0 9 
		P 47 
		N 95 
		C0 188 
		T0 114 
		P 73 
		N 95 
		C0 189 
		T0 115 
		P 72 
		N 95 
		C0 190 
		T0 115 
		P 112 
		N 95 
		C0 191 
		T0 114 
		P 22 
		N 69 
		C0 192 
		T0 22 
		P 68 
		N 69 
		C0 193 
		T0 21 
		P 113 
		N 69 
		C0 194 
		T0 21 
		P 114 
		N 69 
		C0 195 
		T0 116 
		P 105 
		N 96 
		C0 196 
		T0 108 
		P 108 
		N 96 
		C0 197 
		T0 110 
		P 115 
		N 96 
		C0 198 
		T0 110 
		P 106 
		N 96 
		C0 199 
		T0 108 
		P 108 
		N 69 
		C0 200 
		T0 110 
		P 115 
		N 69 
		C0 201 
		T0 110 
		P 21 
		N 69 
		C0 202 
		T0 21 
		P 113 
		N 97 
		C0 203 
		T0 21 
		P 47 
		N 97 
		C0 204 
		T0 85 
		P 112 
		N 97 
		C0 205 
		T0 85 
		P 116 
		N 98 
		C0 206 
		T0 117 
		P 65 
		N 99 
		C0 207 
		T0 77 
		P 117 
		N 100 
		C0 208 
		T0 118 
		P 118 
		N 101 
		C0 209 
		T0 119 
		P 75 
		N 102 
		C0 210 
		T0 82 
		P 46 
		N 102 
		C0 211 
		T0 53 
		P 49 
		N 102 
		C0 212 
		T0 54 
		P 69 
		N 103 
		C0 213 
		T0 80 
		P 75 
		N 103 
		C0 214 
		T0 84 
		P 49 
		N 103 
		C0 215 
		T0 81 
		P 78 
		N 104 
		C0 216 
		T0 120 
		P 64 
		N 105 
		C0 217 
		T0 76 
		P 79 
		N 106 
		C0 218 
		T0 121 
		P 45 
		N 44 
		C0 219 
		T0 122 
		P 76 
		N 107 
		C0 220 
		T0 86 
		P 14 
		N 107 
		C0 221 
		T0 86 
		P 16 
		N 107 
		C0 222 
		T0 86 
		P 84 
		N 108 
		C0 223 
		T0 123 
		P 117 
		N 109 
		C0 224 
		T0 118 
		P 16 
		N 110 
		C0 225 
		T0 86 
		P 119 
		N 110 
		C0 226 
		T0 86 
		P 76 
		N 110 
		C0 227 
		T0 86 
		P 119 
		N 111 
		C0 228 
		T0 124 
		P 24 
		N 112 
		C0 229 
		T0 87 
		P 78 
		N 112 
		C0 230 
		T0 87 
		P 80 
		N 112 
		C0 231 
		T0 87 
		P 82 
		N 112 
		C0 232 
		T0 87 
		P 80 
		N 113 
		C0 233 
		T0 87 
		P 79 
		N 113 
		C0 234 
		T0 87 
		P 14 
		N 113 
		C0 235 
		T0 86 
		P 80 
		N 114 
		C0 236 
		T0 87 
		P 14 
		N 114 
		C0 237 
		T0 86 
		P 76 
		N 114 
		C0 238 
		T0 86 
		P 81 
		N 115 
		C0 239 
		T0 87 
		P 84 
		N 115 
		C0 240 
		T0 87 
		P 82 
		N 115 
		C0 241 
		T0 87 
		P 81 
		N 16 
		C0 242 
		T0 125 
		P 120 
		N 116 
		C0 243 
		T0 126 
		P 121 
		N 117 
		C0 244 
		T0 127 
		P 74 
		N 117 
		C0 245 
		T0 83 
		P 122 
		N 116 
		C0 246 
		T0 128 
		P 123 
		N 118 
		C0 247 
		T0 129 
		P 124 
		N 118 
		C0 248 
		T0 130 
		P 125 
		N 118 
		C0 249 
		T0 131 
		P 126 
		N 119 
		C0 250 
		T0 132 
		P 127 
		N 17 
		C0 251 
		T0 133 
		P 128 
		N 17 
		C0 252 
		T0 134 
		P 129 
		N 119 
		C0 253 
		T0 135 
		P 130 
		N 119 
		C0 254 
		T0 136 
		P 118 
		N 95 
		C0 255 
		T0 119 
		P 17 
		N 95 
		C0 256 
		T0 17 
		P 127 
		N 95 
		C0 257 
		T0 133 
		P 130 
		N 95 
		C0 258 
		T0 136 
		P 74 
		N 120 
		C0 259 
		T0 83 
		P 116 
		N 120 
		C0 260 
		T0 117 
		P 124 
		N 120 
		C0 261 
		T0 130 
		P 122 
		N 120 
		C0 262 
		T0 128 
		P 19 
		N 83 
		C0 263 
		T0 19 
		P 126 
		N 83 
		C0 264 
		T0 132 
		P 129 
		N 83 
		C0 265 
		T0 135 
		P 128 
		N 83 
		C0 266 
		T0 134 
		P 121 
		N 121 
		C0 267 
		T0 53 
		P 46 
		N 121 
		C0 268 
		T0 53 
		P 74 
		N 121 
		C0 269 
		T0 53 
		P 50 
		N 122 
		C0 270 
		T0 55 
		P 131 
		N 123 
		C0 271 
		T0 137 
		P 4 
		N 4 
		C0 272 
		T0 138 
		P 5 
		N 5 
		C0 273 
		T0 139 
		P 4 
		N 124 
		C0 274 
		T0 86 
		P 76 
		N 124 
		C0 275 
		T0 86 
		P 119 
		N 124 
		C0 276 
		T0 86 
		P 77 
		N 125 
		C0 277 
		T0 86 
		P 3 
		N 125 
		C0 278 
		T0 86 
		P 2 
		N 125 
		C0 279 
		T0 86 
		P 132 
		N 36 
		C0 280 
		T0 140 
		P 44 
		N 126 
		C0 281 
		T0 51 
		P 50 
		N 127 
		C0 282 
		T0 55 
		P 51 
		N 128 
		C0 283 
		T0 58 
		P 133 
		N 129 
		C0 284 
		T0 141 
		P 131 
		N 130 
		C0 285 
		T0 137 
		P 131 
		N 131 
		C0 286 
		T0 137 
		P 52 
		N 132 
		C0 287 
		T0 59 
		P 116 
		N 99 
		C0 288 
		T0 117 
		P 74 
		N 99 
		C0 289 
		T0 83 
		P 69 
		N 99 
		C0 290 
		T0 80 
		P 66 
		N 64 
		C0 291 
		T0 78 
		P 65 
		N 64 
		C0 292 
		T0 77 
		P 21 
		N 133 
		C0 293 
		T0 21 
		P 66 
		N 133 
		C0 294 
		T0 78 
		P 68 
		N 133 
		C0 295 
		T0 21 
		P 134 
		N 134 
		C0 296 
		T0 142 
		P 60 
		N 135 
		C0 297 
		T0 70 
		P 62 
		N 136 
		C0 298 
		T0 73 
		P 134 
		N 135 
		C0 299 
		T0 142 
		P 67 
		N 137 
		C0 300 
		T0 79 
		P 66 
		N 137 
		C0 301 
		T0 78 
		P 65 
		N 138 
		C0 302 
		T0 77 
		P 67 
		N 138 
		C0 303 
		T0 79 
		P 134 
		N 138 
		C0 304 
		T0 142 
		P 117 
		N 138 
		C0 305 
		T0 118 
		P 100 
		N 95 
		C0 306 
		T0 102 
		P 99 
		N 95 
		C0 307 
		T0 105 
		P 102 
		N 95 
		C0 308 
		T0 104 
		P 101 
		N 95 
		C0 309 
		T0 103 
		P 135 
		N 139 
		C0 310 
		T0 0 
		P 136 
		N 140 
		C0 311 
		T0 3 
		P 137 
		N 141 
		C0 312 
		T0 2 
		P 138 
		N 142 
		C0 313 
		T0 1 
		P 139 
		N 143 
		C0 314 
		T0 4 
		P 140 
		N 144 
		C0 315 
		T0 5 
		P 141 
		N 145 
		C0 316 
		T0 6 
		P 142 
		N 146 
		C0 317 
		T0 9 
		P 143 
		N 146 
		C0 318 
		T0 8 
		P 144 
		N 145 
		C0 319 
		T0 7 
		P 145 
		N 147 
		C0 320 
		T0 10 
		P 146 
		N 148 
		C0 321 
		T0 12 
		P 147 
		N 149 
		C0 322 
		T0 11 
		P 148 
		N 150 
		C0 323 
		T0 13 
		P 149 
		N 151 
		C0 324 
		T0 14 
		P 150 
		N 152 
		C0 325 
		T0 16 
		P 151 
		N 153 
		C0 326 
		T0 15 
		P 152 
		N 154 
		C0 327 
		T0 17 
		P 153 
		N 155 
		C0 328 
		T0 19 
		P 154 
		N 156 
		C0 329 
		T0 18 
		P 155 
		N 157 
		C0 330 
		T0 20 
		P 156 
		N 158 
		C0 331 
		T0 23 
		P 157 
		N 159 
		C0 332 
		T0 22 
		P 158 
		N 81 
		C0 333 
		T0 21 
		P 159 
		N 160 
		C0 334 
		T0 24 
		P 160 
		N 161 
		C0 335 
		T0 26 
		P 161 
		N 162 
		C0 336 
		T0 25 
		P 162 
		N 163 
		C0 337 
		T0 27 
		P 163 
		N 164 
		C0 338 
		T0 28 
		P 163 
		N 164 
		C0 339 
		T0 31 
		P 164 
		N 165 
		C0 340 
		T0 34 
		P 165 
		N 166 
		C0 341 
		T0 33 
		P 162 
		N 163 
		C0 342 
		T0 32 
		P 166 
		N 167 
		C0 343 
		T0 35 
		P 34 
		N 167 
		C0 344 
		T0 37 
		P 30 
		N 167 
		C0 345 
		T0 36 
		P 162 
		N 167 
		C0 346 
		T0 32 
		P 165 
		N 168 
		C0 347 
		T0 33 
		P 166 
		N 168 
		C0 348 
		T0 35 
		P 162 
		N 168 
		C0 349 
		T0 32 
		P 135 
		N 139 
		C0 350 
		T0 40 
		P 138 
		N 142 
		C0 351 
		T0 39 
		P 167 
		N 169 
		C0 352 
		T0 42 
		P 145 
		N 147 
		C0 353 
		T0 44 
		P 168 
		N 170 
		C0 354 
		T0 46 
		P 169 
		N 171 
		C0 355 
		T0 45 
		P 170 
		N 172 
		C0 356 
		T0 47 
		P 146 
		N 148 
		C0 357 
		T0 48 
		P 171 
		N 173 
		C0 358 
		T0 49 
		P 172 
		N 174 
		C0 359 
		T0 51 
		P 173 
		N 175 
		C0 360 
		T0 50 
		P 173 
		N 176 
		C0 361 
		T0 50 
		P 174 
		N 177 
		C0 362 
		T0 52 
		P 175 
		N 178 
		C0 363 
		T0 53 
		P 176 
		N 178 
		C0 364 
		T0 54 
		P 177 
		N 178 
		C0 365 
		T0 54 
		P 178 
		N 178 
		C0 366 
		T0 54 
		P 179 
		N 179 
		C0 367 
		T0 55 
		P 166 
		N 179 
		C0 368 
		T0 56 
		P 165 
		N 180 
		C0 369 
		T0 60 
		P 180 
		N 181 
		C0 370 
		T0 59 
		P 167 
		N 169 
		C0 371 
		T0 61 
		P 181 
		N 182 
		C0 372 
		T0 62 
		P 182 
		N 183 
		C0 373 
		T0 66 
		P 183 
		N 184 
		C0 374 
		T0 65 
		P 184 
		N 185 
		C0 375 
		T0 67 
		P 185 
		N 186 
		C0 376 
		T0 69 
		P 186 
		N 81 
		C0 377 
		T0 70 
		P 187 
		N 187 
		C0 378 
		T0 73 
		P 180 
		N 181 
		C0 379 
		T0 72 
		P 188 
		N 81 
		C0 380 
		T0 71 
		P 189 
		N 188 
		C0 381 
		T0 74 
		P 147 
		N 189 
		C0 382 
		T0 11 
		P 151 
		N 189 
		C0 383 
		T0 15 
		P 168 
		N 170 
		C0 384 
		T0 75 
		P 148 
		N 190 
		C0 385 
		T0 13 
		P 190 
		N 190 
		C0 386 
		T0 76 
		P 191 
		N 191 
		C0 387 
		T0 77 
		P 192 
		N 191 
		C0 388 
		T0 79 
		P 193 
		N 191 
		C0 389 
		T0 78 
		P 194 
		N 192 
		C0 390 
		T0 21 
		P 176 
		N 193 
		C0 391 
		T0 81 
		P 195 
		N 194 
		C0 392 
		T0 80 
		P 187 
		N 195 
		C0 393 
		T0 73 
		P 161 
		N 196 
		C0 394 
		T0 25 
		P 160 
		N 197 
		C0 395 
		T0 26 
		P 189 
		N 197 
		C0 396 
		T0 74 
		P 196 
		N 81 
		C0 397 
		T0 82 
		P 175 
		N 81 
		C0 398 
		T0 53 
		P 178 
		N 81 
		C0 399 
		T0 54 
		P 197 
		N 81 
		C0 400 
		T0 54 
		P 198 
		N 198 
		C0 401 
		T0 53 
		P 199 
		N 198 
		C0 402 
		T0 82 
		P 175 
		N 198 
		C0 403 
		T0 53 
		P 195 
		N 199 
		C0 404 
		T0 80 
		P 199 
		N 199 
		C0 405 
		T0 84 
		P 198 
		N 199 
		C0 406 
		T0 83 
		P 177 
		N 200 
		C0 407 
		T0 85 
		P 200 
		N 201 
		C0 408 
		T0 86 
		P 201 
		N 201 
		C0 409 
		T0 86 
		P 136 
		N 201 
		C0 410 
		T0 86 
		P 139 
		N 201 
		C0 411 
		T0 86 
		P 202 
		N 202 
		C0 412 
		T0 87 
		P 203 
		N 202 
		C0 413 
		T0 87 
		P 204 
		N 202 
		C0 414 
		T0 87 
		P 205 
		N 203 
		C0 415 
		T0 87 
		P 154 
		N 203 
		C0 416 
		T0 87 
		P 206 
		N 203 
		C0 417 
		T0 87 
		P 207 
		N 203 
		C0 418 
		T0 87 
		P 208 
		N 204 
		C0 419 
		T0 87 
		P 207 
		N 204 
		C0 420 
		T0 87 
		P 159 
		N 204 
		C0 421 
		T0 87 
		P 206 
		N 205 
		C0 422 
		T0 87 
		P 201 
		N 206 
		C0 423 
		T0 86 
		P 207 
		N 206 
		C0 424 
		T0 87 
		P 203 
		N 81 
		C0 425 
		T0 87 
		P 200 
		N 81 
		C0 426 
		T0 86 
		P 209 
		N 34 
		C0 427 
		T0 90 
		P 210 
		N 34 
		C0 428 
		T0 93 
		P 211 
		N 34 
		C0 429 
		T0 92 
		P 212 
		N 34 
		C0 430 
		T0 91 
		P 213 
		N 80 
		C0 431 
		T0 92 
		P 214 
		N 80 
		C0 432 
		T0 93 
		P 215 
		N 80 
		C0 433 
		T0 90 
		P 216 
		N 80 
		C0 434 
		T0 91 
		P 212 
		N 19 
		C0 435 
		T0 91 
		P 216 
		N 19 
		C0 436 
		T0 91 
		P 215 
		N 19 
		C0 437 
		T0 90 
		P 209 
		N 19 
		C0 438 
		T0 90 
		P 211 
		N 82 
		C0 439 
		T0 92 
		P 213 
		N 82 
		C0 440 
		T0 92 
		P 216 
		N 82 
		C0 441 
		T0 91 
		P 212 
		N 82 
		C0 442 
		T0 91 
		P 210 
		N 81 
		C0 443 
		T0 93 
		P 214 
		N 81 
		C0 444 
		T0 93 
		P 213 
		N 81 
		C0 445 
		T0 92 
		P 211 
		N 81 
		C0 446 
		T0 92 
		P 217 
		N 83 
		C0 447 
		T0 94 
		P 218 
		N 83 
		C0 448 
		T0 97 
		P 219 
		N 83 
		C0 449 
		T0 96 
		P 220 
		N 83 
		C0 450 
		T0 95 
		P 221 
		N 79 
		C0 451 
		T0 98 
		P 217 
		N 79 
		C0 452 
		T0 101 
		P 220 
		N 79 
		C0 453 
		T0 100 
		P 222 
		N 79 
		C0 454 
		T0 99 
		P 218 
		N 69 
		C0 455 
		T0 101 
		P 223 
		N 69 
		C0 456 
		T0 98 
		P 224 
		N 69 
		C0 457 
		T0 99 
		P 219 
		N 69 
		C0 458 
		T0 100 
		P 222 
		N 19 
		C0 459 
		T0 102 
		P 220 
		N 19 
		C0 460 
		T0 95 
		P 219 
		N 19 
		C0 461 
		T0 96 
		P 224 
		N 19 
		C0 462 
		T0 103 
		P 218 
		N 81 
		C0 463 
		T0 97 
		P 217 
		N 81 
		C0 464 
		T0 94 
		P 221 
		N 81 
		C0 465 
		T0 105 
		P 223 
		N 81 
		C0 466 
		T0 104 
		P 165 
		N 180 
		C0 467 
		T0 33 
		P 225 
		N 207 
		C0 468 
		T0 108 
		P 226 
		N 208 
		C0 469 
		T0 107 
		P 227 
		N 209 
		C0 470 
		T0 110 
		P 228 
		N 210 
		C0 471 
		T0 109 
		P 171 
		N 211 
		C0 472 
		T0 49 
		P 140 
		N 144 
		C0 473 
		T0 111 
		P 167 
		N 169 
		C0 474 
		T0 113 
		P 229 
		N 212 
		C0 475 
		T0 112 
		P 188 
		N 213 
		C0 476 
		T0 71 
		P 186 
		N 214 
		C0 477 
		T0 70 
		P 186 
		N 215 
		C0 478 
		T0 70 
		P 155 
		N 215 
		C0 479 
		T0 20 
		P 158 
		N 215 
		C0 480 
		T0 21 
		P 193 
		N 215 
		C0 481 
		T0 78 
		P 178 
		N 95 
		C0 482 
		T0 114 
		P 197 
		N 95 
		C0 483 
		T0 115 
		P 157 
		N 69 
		C0 484 
		T0 22 
		P 194 
		N 69 
		C0 485 
		T0 21 
		P 225 
		N 96 
		C0 486 
		T0 108 
		P 227 
		N 96 
		C0 487 
		T0 110 
		P 227 
		N 69 
		C0 488 
		T0 110 
		P 158 
		N 69 
		C0 489 
		T0 21 
		P 178 
		N 97 
		C0 490 
		T0 85 
		P 230 
		N 216 
		C0 491 
		T0 117 
		P 231 
		N 217 
		C0 492 
		T0 119 
		P 232 
		N 218 
		C0 493 
		T0 118 
		P 191 
		N 219 
		C0 494 
		T0 77 
		P 199 
		N 220 
		C0 495 
		T0 82 
		P 176 
		N 220 
		C0 496 
		T0 54 
		P 175 
		N 220 
		C0 497 
		T0 53 
		P 195 
		N 221 
		C0 498 
		T0 80 
		P 176 
		N 221 
		C0 499 
		T0 81 
		P 199 
		N 221 
		C0 500 
		T0 84 
		P 202 
		N 222 
		C0 501 
		T0 120 
		P 204 
		N 223 
		C0 502 
		T0 121 
		P 190 
		N 224 
		C0 503 
		T0 76 
		P 174 
		N 177 
		C0 504 
		T0 122 
		P 200 
		N 225 
		C0 505 
		T0 86 
		P 150 
		N 225 
		C0 506 
		T0 86 
		P 149 
		N 225 
		C0 507 
		T0 86 
		P 208 
		N 226 
		C0 508 
		T0 123 
		P 232 
		N 227 
		C0 509 
		T0 118 
		P 150 
		N 228 
		C0 510 
		T0 86 
		P 200 
		N 228 
		C0 511 
		T0 86 
		P 233 
		N 228 
		C0 512 
		T0 86 
		P 233 
		N 229 
		C0 513 
		T0 124 
		P 159 
		N 230 
		C0 514 
		T0 87 
		P 207 
		N 230 
		C0 515 
		T0 87 
		P 203 
		N 230 
		C0 516 
		T0 87 
		P 202 
		N 230 
		C0 517 
		T0 87 
		P 203 
		N 231 
		C0 518 
		T0 87 
		P 149 
		N 231 
		C0 519 
		T0 86 
		P 204 
		N 231 
		C0 520 
		T0 87 
		P 203 
		N 232 
		C0 521 
		T0 87 
		P 200 
		N 232 
		C0 522 
		T0 86 
		P 149 
		N 232 
		C0 523 
		T0 86 
		P 205 
		N 233 
		C0 524 
		T0 87 
		P 207 
		N 233 
		C0 525 
		T0 87 
		P 208 
		N 233 
		C0 526 
		T0 87 
		P 205 
		N 156 
		C0 527 
		T0 125 
		P 234 
		N 234 
		C0 528 
		T0 126 
		P 235 
		N 234 
		C0 529 
		T0 128 
		P 198 
		N 235 
		C0 530 
		T0 83 
		P 236 
		N 235 
		C0 531 
		T0 127 
		P 237 
		N 236 
		C0 532 
		T0 129 
		P 238 
		N 236 
		C0 533 
		T0 130 
		P 239 
		N 236 
		C0 534 
		T0 131 
		P 240 
		N 237 
		C0 535 
		T0 132 
		P 241 
		N 155 
		C0 536 
		T0 133 
		P 242 
		N 237 
		C0 537 
		T0 136 
		P 243 
		N 237 
		C0 538 
		T0 135 
		P 244 
		N 155 
		C0 539 
		T0 134 
		P 231 
		N 95 
		C0 540 
		T0 119 
		P 242 
		N 95 
		C0 541 
		T0 136 
		P 241 
		N 95 
		C0 542 
		T0 133 
		P 152 
		N 95 
		C0 543 
		T0 17 
		P 198 
		N 120 
		C0 544 
		T0 83 
		P 235 
		N 120 
		C0 545 
		T0 128 
		P 238 
		N 120 
		C0 546 
		T0 130 
		P 230 
		N 120 
		C0 547 
		T0 117 
		P 236 
		N 238 
		C0 548 
		T0 53 
		P 198 
		N 238 
		C0 549 
		T0 53 
		P 175 
		N 238 
		C0 550 
		T0 53 
		P 179 
		N 239 
		C0 551 
		T0 55 
		P 245 
		N 240 
		C0 552 
		T0 137 
		P 139 
		N 143 
		C0 553 
		T0 138 
		P 140 
		N 144 
		C0 554 
		T0 139 
		P 139 
		N 241 
		C0 555 
		T0 86 
		P 233 
		N 241 
		C0 556 
		T0 86 
		P 200 
		N 241 
		C0 557 
		T0 86 
		P 201 
		N 125 
		C0 558 
		T0 86 
		P 137 
		N 125 
		C0 559 
		T0 86 
		P 136 
		N 125 
		C0 560 
		T0 86 
		P 179 
		N 242 
		C0 561 
		T0 55 
		P 172 
		N 243 
		C0 562 
		T0 51 
		P 245 
		N 244 
		C0 563 
		T0 137 
		P 245 
		N 245 
		C0 564 
		T0 137 
		P 180 
		N 246 
		C0 565 
		T0 59 
		P 195 
		N 219 
		C0 566 
		T0 80 
		P 198 
		N 219 
		C0 567 
		T0 83 
		P 230 
		N 219 
		C0 568 
		T0 117 
		P 191 
		N 194 
		C0 569 
		T0 77 
		P 193 
		N 194 
		C0 570 
		T0 78 
		P 158 
		N 247 
		C0 571 
		T0 21 
		P 194 
		N 247 
		C0 572 
		T0 21 
		P 193 
		N 247 
		C0 573 
		T0 78 
		P 246 
		N 248 
		C0 574 
		T0 142 
		P 186 
		N 249 
		C0 575 
		T0 70 
		P 246 
		N 249 
		C0 576 
		T0 142 
		P 187 
		N 250 
		C0 577 
		T0 73 
		P 193 
		N 251 
		C0 578 
		T0 78 
		P 192 
		N 251 
		C0 579 
		T0 79 
		P 191 
		N 252 
		C0 580 
		T0 77 
		P 232 
		N 252 
		C0 581 
		T0 118 
		P 246 
		N 252 
		C0 582 
		T0 142 
		P 192 
		N 252 
		C0 583 
		T0 79 
		P 222 
		N 95 
		C0 584 
		T0 102 
		P 224 
		N 95 
		C0 585 
		T0 103 
		P 223 
		N 95 
		C0 586 
		T0 104 
		P 221 
		N 95 
		C0 587 
		T0 105 
		P 247 
		N 79 
		C0 588 
		T0 143 
		P 248 
		N 79 
		C0 589 
		T0 144 
		P 249 
		N 253 
		C0 590 
		T0 145 
		P 250 
		N 253 
		C0 591 
		T0 146 
		P 251 
		N 254 
		C0 592 
		T0 147 
		P 252 
		N 254 
		C0 593 
		T0 148 
		P 253 
		N 69 
		C0 594 
		T0 149 
		P 254 
		N 69 
		C0 595 
		T0 150 
		P 255 
		N 255 
		C0 596 
		T0 54 
		P 256 
		N 255 
		C0 597 
		T0 53 
		P 257 
		N 255 
		C0 598 
		T0 82 
		P 258 
		N 255 
		C0 599 
		T0 53 
		P 259 
		N 255 
		C0 600 
		T0 53 
		P 260 
		N 256 
		C0 601 
		T0 146 
		P 261 
		N 256 
		C0 602 
		T0 145 
		P 262 
		N 257 
		C0 603 
		T0 148 
		P 263 
		N 257 
		C0 604 
		T0 147 
		P 264 
		N 255 
		C0 605 
		T0 151 
		P 265 
		N 255 
		C0 606 
		T0 152 
		P 70 
		N 19 
		C0 607 
		T0 82 
		P 73 
		N 19 
		C0 608 
		T0 54 
		P 47 
		N 19 
		C0 609 
		T0 54 
		P 46 
		N 19 
		C0 610 
		T0 53 
		P 196 
		N 69 
		C0 611 
		T0 82 
		P 197 
		N 69 
		C0 612 
		T0 54 
		P 266 
		N 258 
		C0 613 
		T0 153 
		P 267 
		N 258 
		C0 614 
		T0 154 
		P 268 
		N 258 
		C0 615 
		T0 155 
		P 269 
		N 258 
		C0 616 
		T0 156 
		P 269 
		N 95 
		C0 617 
		T0 157 
		P 268 
		N 259 
		C0 618 
		T0 158 
		P 270 
		N 259 
		C0 619 
		T0 158 
		P 266 
		N 260 
		C0 620 
		T0 159 
		P 271 
		N 260 
		C0 621 
		T0 160 
		P 272 
		N 260 
		C0 622 
		T0 161 
		P 266 
		N 83 
		C0 623 
		T0 159 
		P 272 
		N 215 
		C0 624 
		T0 161 
		P 267 
		N 215 
		C0 625 
		T0 161 
		P 267 
		N 261 
		C0 626 
		T0 161 
		P 271 
		N 262 
		C0 627 
		T0 160 
		P 273 
		N 263 
		C0 628 
		T0 162 
		P 268 
		N 264 
		C0 629 
		T0 158 
		P 269 
		N 260 
		C0 630 
		T0 157 
		P 270 
		N 260 
		C0 631 
		T0 158 
		P 273 
		N 260 
		C0 632 
		T0 162 
		P 267 
		N 215 
		C0 633 
		T0 154 
		P 272 
		N 215 
		C0 634 
		T0 154 
		P 274 
		N 265 
		C0 635 
		T0 163 
		P 272 
		N 266 
		C0 636 
		T0 154 
		P 271 
		N 262 
		C0 637 
		T0 154 
		P 274 
		N 267 
		C0 638 
		T0 163 
		P 267 
		N 261 
		C0 639 
		T0 154 
		P 268 
		N 264 
		C0 640 
		T0 155 
		P 273 
		N 263 
		C0 641 
		T0 155 
		P 275 
		N 268 
		C0 642 
		T0 164 
		P 270 
		N 266 
		C0 643 
		T0 155 
		P 270 
		N 259 
		C0 644 
		T0 155 
		P 268 
		N 259 
		C0 645 
		T0 155 
		P 275 
		N 269 
		C0 646 
		T0 164 
		P 276 
		N 270 
		C0 647 
		T0 153 
		P 277 
		N 270 
		C0 648 
		T0 156 
		P 278 
		N 270 
		C0 649 
		T0 155 
		P 279 
		N 270 
		C0 650 
		T0 154 
		P 277 
		N 95 
		C0 651 
		T0 157 
		P 280 
		N 271 
		C0 652 
		T0 158 
		P 278 
		N 271 
		C0 653 
		T0 158 
		P 276 
		N 272 
		C0 654 
		T0 159 
		P 281 
		N 272 
		C0 655 
		T0 161 
		P 282 
		N 272 
		C0 656 
		T0 160 
		P 276 
		N 83 
		C0 657 
		T0 159 
		P 279 
		N 94 
		C0 658 
		T0 161 
		P 281 
		N 94 
		C0 659 
		T0 161 
		P 279 
		N 273 
		C0 660 
		T0 161 
		P 278 
		N 274 
		C0 661 
		T0 158 
		P 283 
		N 275 
		C0 662 
		T0 162 
		P 282 
		N 276 
		C0 663 
		T0 160 
		P 277 
		N 272 
		C0 664 
		T0 157 
		P 283 
		N 272 
		C0 665 
		T0 162 
		P 280 
		N 272 
		C0 666 
		T0 158 
		P 279 
		N 94 
		C0 667 
		T0 154 
		P 284 
		N 277 
		C0 668 
		T0 163 
		P 281 
		N 94 
		C0 669 
		T0 154 
		P 281 
		N 278 
		C0 670 
		T0 154 
		P 284 
		N 279 
		C0 671 
		T0 163 
		P 282 
		N 276 
		C0 672 
		T0 154 
		P 279 
		N 273 
		C0 673 
		T0 154 
		P 278 
		N 274 
		C0 674 
		T0 155 
		P 285 
		N 280 
		C0 675 
		T0 164 
		P 283 
		N 275 
		C0 676 
		T0 155 
		P 280 
		N 278 
		C0 677 
		T0 155 
		P 280 
		N 271 
		C0 678 
		T0 155 
		P 285 
		N 281 
		C0 679 
		T0 164 
		P 278 
		N 271 
		C0 680 
		T0 155 
		P 19 
		N 83 
		C0 681 
		T0 165 
		P 18 
		N 83 
		C0 682 
		T0 166 
		P 83 
		N 83 
		C0 683 
		T0 167 
		P 286 
		N 83 
		C0 684 
		T0 168 
		P 125 
		N 83 
		C0 685 
		T0 169 
		P 126 
		N 83 
		C0 686 
		T0 170 
		P 70 
		N 282 
		C0 687 
		T0 171 
		P 46 
		N 282 
		C0 688 
		T0 172 
		P 287 
		N 282 
		C0 689 
		T0 173 
		P 71 
		N 282 
		C0 690 
		T0 174 
		P 83 
		N 283 
		C0 691 
		T0 167 
		P 77 
		N 283 
		C0 692 
		T0 175 
		P 288 
		N 283 
		C0 693 
		T0 176 
		P 289 
		N 283 
		C0 694 
		T0 177 
		P 46 
		N 83 
		C0 695 
		T0 172 
		P 290 
		N 83 
		C0 696 
		T0 178 
		P 287 
		N 83 
		C0 697 
		T0 173 
		P 77 
		N 284 
		C0 698 
		T0 175 
		P 2 
		N 284 
		C0 699 
		T0 179 
		P 1 
		N 284 
		C0 700 
		T0 180 
		P 35 
		N 284 
		C0 701 
		T0 181 
		P 77 
		N 285 
		C0 702 
		T0 175 
		P 35 
		N 285 
		C0 703 
		T0 181 
		P 288 
		N 285 
		C0 704 
		T0 176 
		P 123 
		N 83 
		C0 705 
		T0 182 
		P 120 
		N 83 
		C0 706 
		T0 183 
		P 121 
		N 83 
		C0 707 
		T0 184 
		P 153 
		N 83 
		C0 708 
		T0 185 
		P 206 
		N 83 
		C0 709 
		T0 186 
		P 154 
		N 83 
		C0 710 
		T0 187 
		P 291 
		N 83 
		C0 711 
		T0 188 
		P 240 
		N 83 
		C0 712 
		T0 189 
		P 239 
		N 83 
		C0 713 
		T0 190 
		P 196 
		N 282 
		C0 714 
		T0 191 
		P 175 
		N 282 
		C0 715 
		T0 192 
		P 206 
		N 283 
		C0 716 
		T0 186 
		P 201 
		N 283 
		C0 717 
		T0 193 
		P 175 
		N 83 
		C0 718 
		T0 192 
		P 201 
		N 284 
		C0 719 
		T0 193 
		P 138 
		N 284 
		C0 720 
		T0 194 
		P 137 
		N 284 
		C0 721 
		T0 195 
		P 201 
		N 285 
		C0 722 
		T0 193 
		P 237 
		N 83 
		C0 723 
		T0 196 
		P 234 
		N 83 
		C0 724 
		T0 197 
		P 236 
		N 83 
		C0 725 
		T0 198 
		P 248 
		N 95 
		C0 726 
		T0 199 
		P 292 
		N 95 
		C0 727 
		T0 199 
		P 293 
		N 95 
		C0 728 
		T0 199 
		P 249 
		N 95 
		C0 729 
		T0 199 
		P 294 
		N 95 
		C0 730 
		T0 199 
		P 251 
		N 95 
		C0 731 
		T0 199 
		P 295 
		N 95 
		C0 732 
		T0 199 
		P 253 
		N 95 
		C0 733 
		T0 199 
		P 261 
		N 95 
		C0 734 
		T0 199 
		P 296 
		N 95 
		C0 735 
		T0 199 
		P 263 
		N 95 
		C0 736 
		T0 199 
		P 297 
		N 95 
		C0 737 
		T0 199 
		P 250 
		N 83 
		C0 738 
		T0 199 
		P 298 
		N 83 
		C0 739 
		T0 199 
		P 299 
		N 83 
		C0 740 
		T0 199 
		P 247 
		N 83 
		C0 741 
		T0 199 
		P 252 
		N 83 
		C0 742 
		T0 199 
		P 300 
		N 83 
		C0 743 
		T0 199 
		P 254 
		N 83 
		C0 744 
		T0 199 
		P 301 
		N 83 
		C0 745 
		T0 199 
		P 302 
		N 83 
		C0 746 
		T0 199 
		P 260 
		N 83 
		C0 747 
		T0 199 
		P 303 
		N 83 
		C0 748 
		T0 199 
		P 262 
		N 83 
		C0 749 
		T0 199 
		P 243 
		N 83 
		C0 750 
		T0 200 
		P 244 
		N 83 
		C0 751 
		T0 201 
		P 304 
		N 69 
		C0 752 
		T0 202 
		P 305 
		N 69 
		C0 753 
		T0 203 
		P 306 
		N 69 
		C0 754 
		T0 204 
		P 307 
		N 69 
		C0 755 
		T0 205 
		P 308 
		N 69 
		C0 756 
		T0 202 
		P 309 
		N 69 
		C0 757 
		T0 205 
		P 310 
		N 69 
		C0 758 
		T0 204 
		P 311 
		N 69 
		C0 759 
		T0 203 
		P 312 
		N 286 
		C0 760 
		T0 206 
		P 313 
		N 287 
		C0 761 
		T0 207 
		P 314 
		N 288 
		C0 762 
		T0 208 
		P 315 
		N 287 
		C0 763 
		T0 209 
		P 316 
		N 287 
		C0 764 
		T0 210 
		P 317 
		N 289 
		C0 765 
		T0 211 
		P 318 
		N 290 
		C0 766 
		T0 206 
		P 319 
		N 291 
		C0 767 
		T0 208 
		P 320 
		N 287 
		C0 768 
		T0 207 
		P 321 
		N 287 
		C0 769 
		T0 209 
		P 322 
		N 287 
		C0 770 
		T0 210 
		P 323 
		N 292 
		C0 771 
		T0 211 
		P 317 
		N 293 
		C0 772 
		T0 212 
		P 314 
		N 293 
		C0 773 
		T0 213 
		P 324 
		N 293 
		C0 774 
		T0 214 
		P 325 
		N 293 
		C0 775 
		T0 215 
		P 319 
		N 294 
		C0 776 
		T0 213 
		P 323 
		N 294 
		C0 777 
		T0 212 
		P 326 
		N 294 
		C0 778 
		T0 215 
		P 327 
		N 294 
		C0 779 
		T0 214 
		P 292 
		N 79 
		C0 780 
		T0 216 
		P 328 
		N 295 
		C0 781 
		T0 216 
		P 329 
		N 296 
		C0 782 
		T0 217 
		P 293 
		N 253 
		C0 783 
		T0 217 
		P 330 
		N 297 
		C0 784 
		T0 218 
		P 294 
		N 254 
		C0 785 
		T0 218 
		P 331 
		N 298 
		C0 786 
		T0 219 
		P 295 
		N 69 
		C0 787 
		T0 219 
		P 296 
		N 256 
		C0 788 
		T0 217 
		P 332 
		N 299 
		C0 789 
		T0 217 
		P 297 
		N 257 
		C0 790 
		T0 218 
		P 333 
		N 300 
		C0 791 
		T0 218 
		P 255 
		N 301 
		C0 792 
		T0 216 
		P 257 
		N 302 
		C0 793 
		T0 217 
		P 258 
		N 303 
		C0 794 
		T0 218 
		P 259 
		N 304 
		C0 795 
		T0 219 
		P 264 
		N 305 
		C0 796 
		T0 217 
		P 265 
		N 306 
		C0 797 
		T0 218 
		P 298 
		N 253 
		C0 798 
		T0 217 
		P 334 
		N 253 
		C0 799 
		T0 217 
		P 335 
		N 79 
		C0 800 
		T0 216 
		P 299 
		N 79 
		C0 801 
		T0 216 
		P 300 
		N 254 
		C0 802 
		T0 218 
		P 336 
		N 254 
		C0 803 
		T0 218 
		P 301 
		N 69 
		C0 804 
		T0 219 
		P 337 
		N 69 
		C0 805 
		T0 219 
		P 338 
		N 256 
		C0 806 
		T0 217 
		P 302 
		N 256 
		C0 807 
		T0 217 
		P 339 
		N 257 
		C0 808 
		T0 218 
		P 303 
		N 257 
		C0 809 
		T0 218 
	}

	Mtl 5 { 
		{
			Name "#0" 
			Priority 32 
			Prim 141 { 
				{
					Type TRISTRIP
					Priority 32 
					Idx 6 { 1 2 0 3 5 4 }
				}
				{
					Type TRISTRIP
					Priority 32 
					Idx 4 { 36 37 35 38 }
				}
				{
					Type TRISTRIP
					Priority 32 
					Idx 4 { 58 59 61 60 }
				}
				{
					Type TRISTRIP
					Priority 32 
					Idx 4 { 110 111 109 108 }
				}
				{
					Type TRISTRIP
					Priority 32 
					Idx 4 { 118 115 117 116 }
				}
				{
					Type TRISTRIP
					Priority 32 
					Idx 5 { 125 126 123 124 122 }
				}
				{
					Type TRISTRIP2
					Priority 32 
					Idx 5 { 32 31 33 34 78 }
				}
				{
					Type TRISTRIP
					Priority 32 
					Idx 4 { 131 132 130 129 }
				}
				{
					Type TRISTRIP
					Priority 32 
					Idx 4 { 133 134 136 135 }
				}
				{
					Type TRISTRIP
					Priority 32 
					Idx 4 { 137 138 140 139 }
				}
				{
					Type TRISTRIP
					Priority 32 
					Idx 4 { 141 142 144 143 }
				}
				{
					Type TRISTRIP
					Priority 32 
					Idx 4 { 146 147 145 148 }
				}
				{
					Type TRISTRIP
					Priority 32 
					Idx 4 { 149 150 152 151 }
				}
				{
					Type TRISTRIP
					Priority 32 
					Idx 4 { 156 153 155 154 }
				}
				{
					Type TRISTRIP
					Priority 32 
					Idx 4 { 157 158 160 159 }
				}
				{
					Type TRISTRIP
					Priority 32 
					Idx 4 { 164 161 163 162 }
				}
				{
					Type TRISTRIP
					Priority 32 
					Idx 4 { 168 165 167 166 }
				}
				{
					Type TRISTRIP
					Priority 32 
					Idx 4 { 182 183 185 184 }
				}
				{
					Type TRISTRIP
					Priority 32 
					Idx 6 { 188 189 191 190 482 483 }
				}
				{
					Type TRISTRIP
					Priority 32 
					Idx 8 { 202 193 192 194 195 485 484 489 }
				}
				{
					Type TRISTRIP
					Priority 32 
					Idx 4 { 230 231 229 232 }
				}
				{
					Type TRISTRIP
					Priority 32 
					Idx 4 { 256 257 255 258 }
				}
				{
					Type TRISTRIP
					Priority 32 
					Idx 4 { 260 261 259 262 }
				}
				{
					Type TRISTRIP
					Priority 32 
					Idx 4 { 263 264 266 265 }
				}
				{
					Type TRISTRIP
					Priority 32 
					Idx 4 { 288 289 207 290 }
				}
				{
					Type TRISTRIP
					Priority 32 
					Idx 5 { 206 207 209 208 17 }
				}
				{
					Type TRISTRIP2
					Priority 32 
					Idx 6 { 53 55 54 270 271 287 }
				}
				{
					Type TRISTRIP2
					Priority 32 
					Idx 12 { 83 10 84 82 86 85 95 94 96 93 224 296 }
				}
				{
					Type TRISTRIP2
					Priority 32 
					Idx 6 { 97 100 98 99 611 612 }
				}
				{
					Type TRISTRIP2
					Priority 32 
					Idx 6 { 197 196 198 199 487 486 }
				}
				{
					Type TRISTRIP2
					Priority 32 
					Idx 6 { 192 200 195 201 484 488 }
				}
				{
					Type TRISTRIP2
					Priority 32 
					Idx 12 { 285 57 56 51 176 45 284 472 280 562 283 561 }
				}
				{
					Type TRISTRIP2
					Priority 32 
					Idx 6 { 283 282 280 281 284 176 }
				}
				{
					Type TRISTRIP2
					Priority 32 
					Idx 4 { 305 304 302 303 }
				}
				{
					Type TRISTRIP2
					Priority 32 
					Idx 4 { 307 306 308 309 }
				}
				{
					Type TRISTRIP2
					Priority 32 
					Idx 6 { 313 312 310 311 315 314 }
				}
				{
					Type TRISTRIP2
					Priority 32 
					Idx 4 { 345 344 346 343 }
				}
				{
					Type TRISTRIP2
					Priority 32 
					Idx 4 { 363 366 364 365 }
				}
				{
					Type TRISTRIP2
					Priority 32 
					Idx 4 { 398 397 399 400 }
				}
				{
					Type TRISTRIP2
					Priority 32 
					Idx 4 { 409 408 410 411 }
				}
				{
					Type TRISTRIP2
					Priority 32 
					Idx 4 { 418 417 415 416 }
				}
				{
					Type TRISTRIP2
					Priority 32 
					Idx 5 { 425 426 424 423 422 }
				}
				{
					Type TRISTRIP
					Priority 32 
					Idx 5 { 342 339 341 340 380 }
				}
				{
					Type TRISTRIP2
					Priority 32 
					Idx 4 { 430 429 427 428 }
				}
				{
					Type TRISTRIP2
					Priority 32 
					Idx 4 { 434 433 431 432 }
				}
				{
					Type TRISTRIP2
					Priority 32 
					Idx 4 { 435 438 436 437 }
				}
				{
					Type TRISTRIP2
					Priority 32 
					Idx 4 { 442 441 439 440 }
				}
				{
					Type TRISTRIP2
					Priority 32 
					Idx 4 { 446 445 443 444 }
				}
				{
					Type TRISTRIP2
					Priority 32 
					Idx 4 { 450 449 447 448 }
				}
				{
					Type TRISTRIP2
					Priority 32 
					Idx 4 { 453 452 454 451 }
				}
				{
					Type TRISTRIP2
					Priority 32 
					Idx 4 { 458 457 455 456 }
				}
				{
					Type TRISTRIP2
					Priority 32 
					Idx 4 { 460 459 461 462 }
				}
				{
					Type TRISTRIP2
					Priority 32 
					Idx 4 { 464 463 465 466 }
				}
				{
					Type TRISTRIP2
					Priority 32 
					Idx 4 { 478 481 479 480 }
				}
				{
					Type TRISTRIP2
					Priority 32 
					Idx 4 { 516 515 517 514 }
				}
				{
					Type TRISTRIP2
					Priority 32 
					Idx 4 { 543 542 540 541 }
				}
				{
					Type TRISTRIP2
					Priority 32 
					Idx 4 { 547 546 544 545 }
				}
				{
					Type TRISTRIP2
					Priority 32 
					Idx 4 { 568 567 494 566 }
				}
				{
					Type TRISTRIP2
					Priority 32 
					Idx 5 { 491 494 492 493 327 }
				}
				{
					Type TRISTRIP
					Priority 32 
					Idx 6 { 358 359 360 551 552 565 }
				}
				{
					Type TRISTRIP
					Priority 32 
					Idx 4 { 582 583 581 580 }
				}
				{
					Type TRISTRIP
					Priority 32 
					Idx 4 { 584 585 587 586 }
				}
				{
					Type TRISTRIP
					Priority 32 
					Idx 4 { 610 607 609 608 }
				}
				{
					Type TRISTRIP
					Priority 32 
					Idx 4 { 614 615 613 616 }
				}
				{
					Type TRISTRIP
					Priority 32 
					Idx 4 { 627 628 626 629 }
				}
				{
					Type TRISTRIP
					Priority 32 
					Idx 4 { 636 637 638 639 }
				}
				{
					Type TRISTRIP
					Priority 32 
					Idx 4 { 640 641 642 643 }
				}
				{
					Type TRISTRIP
					Priority 32 
					Idx 4 { 650 647 649 648 }
				}
				{
					Type TRISTRIP
					Priority 32 
					Idx 6 { 655 656 654 665 664 666 }
				}
				{
					Type TRISTRIP
					Priority 32 
					Idx 4 { 663 660 662 661 }
				}
				{
					Type TRISTRIP
					Priority 32 
					Idx 4 { 670 671 672 673 }
				}
				{
					Type TRISTRIP
					Priority 32 
					Idx 4 { 674 675 676 677 }
				}
				{
					Type TRISTRIP
					Priority 32 
					Idx 13 { 574 509 393 394 393 395 396 386 385 383 382 384 320 }
				}
				{
					Type TRISTRIP2
					Priority 32 
					Idx 38 { 554 553 384 513 326 325 326 324 503 502 503 501 335 334 336 508 493 527 327 329 327 328 327 539 536 538 537 535 492 534 491 532 533 528 529 528 530 531 }
				}
				{
					Type TRISTRIP2
					Priority 32 
					Idx 41 { 31 179 34 178 180 72 23 73 76 69 74 70 75 372 375 373 376 331 471 470 471 468 469 173 170 172 171 175 174 23 174 76 174 74 171 75 170 375 469 376 471 }
				}
				{
					Type TRISTRIP
					Priority 32 
					Idx 11 { 369 370 368 367 64 65 63 62 63 66 67 }
				}
				{
					Type TRISTRIP2
					Priority 32 
					Idx 3 { 370 564 362 }
				}
				{
					Type TRISTRIP
					Priority 32 
					Idx 4 { 28 46 29 47 }
				}
				{
					Type TRISTRIP
					Priority 32 
					Idx 8 { 477 476 330 331 333 331 332 470 }
				}
				{
					Type TRISTRIP
					Priority 32 
					Idx 38 { 273 272 83 228 15 16 15 14 217 218 217 216 26 24 25 223 208 242 17 18 17 19 17 252 251 253 254 250 209 249 206 247 248 243 246 243 245 244 }
				}
				{
					Type TRISTRIP
					Priority 32 
					Idx 5 { 298 299 297 300 301 }
				}
				{
					Type TRISTRIP2
					Priority 32 
					Idx 8 { 181 180 20 23 21 23 22 175 }
				}
				{
					Type TRISTRIP2
					Priority 32 
					Idx 6 { 622 621 620 632 630 631 }
				}
				{
					Type TRISTRIP2
					Priority 32 
					Idx 5 { 577 576 575 579 578 }
				}
				{
					Type TRISTRIP
					Priority 32 
					Idx 13 { 57 51 52 49 48 49 50 45 177 45 44 42 43 }
				}
				{
					Type TRISTRIP2
					Priority 32 
					Idx 15 { 42 351 45 350 45 473 355 354 355 353 356 357 361 362 563 }
				}
				{
					Type TRISTRIP
					Priority 32 
					Idx 5 { 361 356 472 355 45 }
				}
				{
					Type TRISTRIP2
					Priority 32 
					Idx 19 { 73 72 69 68 69 71 70 371 372 374 373 374 331 374 476 475 340 474 339 }
				}
				{
					Type TRISTRIP
					Priority 32 
					Idx 3 { 474 374 475 }
				}
				{
					Type TRISTRIP2
					Priority 32 
					Idx 3 { 72 178 179 }
				}
				{
					Type TRISTRIP
					Priority 32 
					Idx 23 { 292 91 291 91 90 92 90 107 90 204 203 205 390 490 390 407 390 391 390 392 390 569 570 }
				}
				{
					Type TRISTRIP2
					Priority 32 
					Idx 15 { 604 594 595 592 593 590 591 589 588 589 601 602 603 604 595 }
				}
				{
					Type TRISTRIP
					Priority 32 
					Idx 15 { 318 187 186 9 8 6 7 128 127 128 319 316 318 317 187 }
				}
				{
					Type TRISTRIP2
					Priority 32 
					Idx 11 { 600 606 597 605 597 596 597 598 597 599 600 }
				}
				{
					Type TRISTRIP
					Priority 32 
					Idx 3 { 41 39 40 }
				}
				{
					Type TRISTRIP2
					Priority 32 
					Idx 3 { 87 89 88 }
				}
				{
					Type TRISTRIP
					Priority 32 
					Idx 3 { 103 101 102 }
				}
				{
					Type TRISTRIP2
					Priority 32 
					Idx 3 { 104 106 105 }
				}
				{
					Type TRISTRIP
					Priority 32 
					Idx 3 { 114 112 113 }
				}
				{
					Type TRISTRIP2
					Priority 32 
					Idx 3 { 119 121 120 }
				}
				{
					Type TRISTRIP
					Priority 32 
					Idx 3 { 45 49 51 }
				}
				{
					Type TRISTRIP2
					Priority 32 
					Idx 15 { 169 78 79 77 79 80 79 81 79 13 219 13 12 11 10 }
				}
				{
					Type TRISTRIP
					Priority 32 
					Idx 3 { 212 210 211 }
				}
				{
					Type TRISTRIP2
					Priority 32 
					Idx 3 { 213 215 214 }
				}
				{
					Type TRISTRIP
					Priority 32 
					Idx 3 { 222 220 221 }
				}
				{
					Type TRISTRIP2
					Priority 32 
					Idx 3 { 225 227 226 }
				}
				{
					Type TRISTRIP
					Priority 32 
					Idx 3 { 235 233 234 }
				}
				{
					Type TRISTRIP2
					Priority 32 
					Idx 3 { 236 238 237 }
				}
				{
					Type TRISTRIP
					Priority 32 
					Idx 3 { 241 239 240 }
				}
				{
					Type TRISTRIP2
					Priority 32 
					Idx 3 { 267 269 268 }
				}
				{
					Type TRISTRIP
					Priority 32 
					Idx 3 { 276 274 275 }
				}
				{
					Type TRISTRIP2
					Priority 32 
					Idx 3 { 277 279 278 }
				}
				{
					Type TRISTRIP
					Priority 32 
					Idx 3 { 57 66 286 }
				}
				{
					Type TRISTRIP2
					Priority 32 
					Idx 3 { 293 295 294 }
				}
				{
					Type TRISTRIP
					Priority 32 
					Idx 3 { 349 347 348 }
				}
				{
					Type TRISTRIP2
					Priority 32 
					Idx 3 { 387 389 388 }
				}
				{
					Type TRISTRIP
					Priority 32 
					Idx 3 { 403 401 402 }
				}
				{
					Type TRISTRIP2
					Priority 32 
					Idx 3 { 404 406 405 }
				}
				{
					Type TRISTRIP
					Priority 32 
					Idx 3 { 414 412 413 }
				}
				{
					Type TRISTRIP2
					Priority 32 
					Idx 3 { 419 421 420 }
				}
				{
					Type TRISTRIP
					Priority 32 
					Idx 15 { 467 380 379 377 379 378 379 381 379 323 504 323 321 322 320 }
				}
				{
					Type TRISTRIP2
					Priority 32 
					Idx 3 { 495 497 496 }
				}
				{
					Type TRISTRIP
					Priority 32 
					Idx 3 { 500 498 499 }
				}
				{
					Type TRISTRIP2
					Priority 32 
					Idx 3 { 505 507 506 }
				}
				{
					Type TRISTRIP
					Priority 32 
					Idx 3 { 512 510 511 }
				}
				{
					Type TRISTRIP2
					Priority 32 
					Idx 3 { 518 520 519 }
				}
				{
					Type TRISTRIP
					Priority 32 
					Idx 3 { 523 521 522 }
				}
				{
					Type TRISTRIP2
					Priority 32 
					Idx 3 { 524 526 525 }
				}
				{
					Type TRISTRIP
					Priority 32 
					Idx 3 { 550 548 549 }
				}
				{
					Type TRISTRIP2
					Priority 32 
					Idx 3 { 555 557 556 }
				}
				{
					Type TRISTRIP
					Priority 32 
					Idx 3 { 560 558 559 }
				}
				{
					Type TRISTRIP2
					Priority 32 
					Idx 9 { 352 47 338 29 337 29 30 28 27 }
				}
				{
					Type TRISTRIP
					Priority 32 
					Idx 3 { 573 571 572 }
				}
				{
					Type TRISTRIP2
					Priority 32 
					Idx 3 { 617 619 618 }
				}
				{
					Type TRISTRIP
					Priority 32 
					Idx 3 { 625 623 624 }
				}
				{
					Type TRISTRIP2
					Priority 32 
					Idx 3 { 633 635 634 }
				}
				{
					Type TRISTRIP
					Priority 32 
					Idx 3 { 646 644 645 }
				}
				{
					Type TRISTRIP2
					Priority 32 
					Idx 3 { 651 653 652 }
				}
				{
					Type TRISTRIP
					Priority 32 
					Idx 3 { 659 657 658 }
				}
				{
					Type TRISTRIP2
					Priority 32 
					Idx 3 { 667 669 668 }
				}
				{
					Type TRISTRIP
					Priority 32 
					Idx 3 { 680 678 679 }
				}
			}

		}
		{
			Name "#1" 
			Priority 32 
			Prim 11 { 
				{
					Type TRISTRIP
					Priority 32 
					Idx 4 { 700 701 699 698 }
				}
				{
					Type TRISTRIP
					Priority 32 
					Idx 4 { 701 720 719 721 }
				}
				{
					Type TRISTRIP
					Priority 32 
					Idx 4 { 702 703 704 722 }
				}
				{
					Type TRISTRIP
					Priority 32 
					Idx 11 { 707 706 695 705 695 685 684 686 683 681 682 }
				}
				{
					Type TRISTRIP2
					Priority 32 
					Idx 6 { 688 687 689 690 715 714 }
				}
				{
					Type TRISTRIP2
					Priority 32 
					Idx 8 { 710 709 708 711 708 712 751 750 }
				}
				{
					Type TRISTRIP2
					Priority 32 
					Idx 8 { 712 711 713 718 723 718 724 725 }
				}
				{
					Type TRISTRIP2
					Priority 32 
					Idx 11 { 718 711 697 696 695 696 684 694 691 693 692 }
				}
				{
					Type TRISTRIP
					Priority 32 
					Idx 6 { 711 696 716 694 717 693 }
				}
				{
					Type TRISTRIP
					Priority 32 
					Idx 16 { 732 737 736 735 734 727 726 727 729 728 731 730 731 732 733 736 }
				}
				{
					Type TRISTRIP
					Priority 32 
					Idx 16 { 745 743 742 739 738 740 741 740 747 746 749 748 749 745 744 742 }
				}
			}

		}
		{
			Name "#2" 
			Priority 32 
			Prim 2 { 
				{
					Type TRISTRIP
					Priority 32 
					Idx 4 { 752 753 755 754 }
				}
				{
					Type TRISTRIP
					Priority 32 
					Idx 4 { 759 756 758 757 }
				}
			}

		}
		{
			Name "#3" 
			Priority 32 
			Prim 4 { 
				{
					Type TRISTRIP
					Priority 32 
					Idx 4 { 773 774 772 775 }
				}
				{
					Type TRISTRIP
					Priority 32 
					Idx 4 { 776 777 779 778 }
				}
				{
					Type TRISTRIP
					Priority 32 
					Idx 7 { 770 769 767 768 767 766 771 }
				}
				{
					Type TRISTRIP2
					Priority 32 
					Idx 7 { 764 763 762 761 762 760 765 }
				}
			}

		}
		{
			Name "#4" 
			Priority 32 
			Prim 2 { 
				{
					Type TRISTRIP
					Priority 32 
					Idx 15 { 805 809 808 807 806 801 800 801 799 798 803 802 805 804 809 }
				}
				{
					Type TRISTRIP2
					Priority 32 
					Idx 31 { 787 784 785 782 783 781 780 781 788 789 790 791 787 786 784 786 794 786 795 786 797 791 796 789 792 781 792 782 793 784 794 }
				}
			}

		}
	}

	Offset 0 
}
