21:26:55 | INFO: Data are loaded, start creating Blender stuff
21:26:55 | INFO: Blender create Mesh node record_001
21:26:55 | INFO: Blender create Mesh node record_002
21:26:55 | INFO: Blender create Mesh node record_003
21:26:55 | INFO: Blender create Mesh node record_004
21:26:55 | INFO: Blender create Mesh node record_005
21:26:55 | INFO: Blender create Mesh node record_006
21:26:55 | INFO: Blender create Mesh node record_007
21:26:55 | INFO: Blender create Mesh node record_008
21:26:55 | INFO: Blender create Mesh node record_009
21:26:55 | INFO: Blender create Mesh node record_010
21:26:55 | INFO: Blender create Mesh node record_011
21:26:55 | INFO: Blender create Mesh node record_012
21:26:55 | INFO: Blender create Mesh node record_013
21:26:55 | INFO: Blender create Mesh node record_014
21:26:55 | INFO: Blender create Mesh node record_015
21:26:55 | INFO: Blender create Mesh node record_016
21:26:55 | INFO: Blender create Mesh node record_017
21:26:55 | INFO: Blender create Mesh node record_018
21:26:55 | INFO: Blender create Mesh node record_019
21:26:55 | INFO: Blender create Mesh node record_020
21:26:55 | INFO: Blender create Mesh node record_021
21:26:55 | INFO: Blender create Mesh node record_022
21:26:55 | INFO: Blender create Mesh node record_023
21:26:55 | INFO: Blender create Mesh node record_024
21:26:55 | INFO: Blender create Mesh node record_025
21:26:55 | INFO: Blender create Mesh node record_026
21:26:55 | INFO: Blender create Mesh node record_027
21:26:55 | INFO: Blender create Mesh node record_028
21:26:55 | INFO: Blender create Mesh node record_029
21:26:55 | INFO: Blender create Mesh node record_030
21:26:55 | INFO: Blender create Mesh node record_031
21:26:55 | INFO: Blender create Mesh node record_032
21:26:55 | INFO: Blender create Mesh node record_033
21:26:55 | INFO: Blender create Mesh node record_034
21:26:55 | INFO: Blender create Mesh node record_035
21:26:55 | INFO: Blender create Mesh node record_036
21:26:55 | INFO: Blender create Mesh node record_037
21:26:55 | INFO: Blender create Mesh node record_038
21:26:55 | INFO: glTF import finished in 0.03s
{"validated": "49_COUPE.glb", "scenes": 16, "images": 17}
21:26:55 | INFO: Data are loaded, start creating Blender stuff
21:26:55 | INFO: Blender create Mesh node record_001
21:26:55 | INFO: Blender create Mesh node record_002
21:26:55 | INFO: Blender create Mesh node record_003
21:26:55 | INFO: Blender create Mesh node record_004
21:26:55 | INFO: Blender create Mesh node record_005
21:26:55 | INFO: Blender create Mesh node record_006
21:26:55 | INFO: Blender create Mesh node record_007
21:26:55 | INFO: Blender create Mesh node record_008
21:26:55 | INFO: Blender create Mesh node record_009
21:26:55 | INFO: Blender create Mesh node record_010
21:26:55 | INFO: Blender create Mesh node record_011
21:26:55 | INFO: Blender create Mesh node record_012
21:26:55 | INFO: Blender create Mesh node record_013
21:26:55 | INFO: Blender create Mesh node record_014
21:26:55 | INFO: Blender create Mesh node record_015
21:26:55 | INFO: Blender create Mesh node record_016
21:26:55 | INFO: Blender create Mesh node record_017
21:26:55 | INFO: Blender create Mesh node record_018
21:26:55 | INFO: Blender create Mesh node record_019
21:26:55 | INFO: Blender create Mesh node record_020
21:26:55 | INFO: Blender create Mesh node record_021
21:26:55 | INFO: Blender create Mesh node record_022
21:26:55 | INFO: Blender create Mesh node record_023
21:26:55 | INFO: Blender create Mesh node record_024
21:26:55 | INFO: Blender create Mesh node record_025
21:26:55 | INFO: Blender create Mesh node record_026
21:26:55 | INFO: Blender create Mesh node record_027
21:26:55 | INFO: Blender create Mesh node record_028
21:26:55 | INFO: Blender create Mesh node record_029
21:26:55 | INFO: Blender create Mesh node record_030
21:26:55 | INFO: Blender create Mesh node record_031
21:26:55 | INFO: Blender create Mesh node record_032
21:26:55 | INFO: Blender create Mesh node record_033
21:26:55 | INFO: Blender create Mesh node record_034
21:26:55 | INFO: glTF import finished in 0.04s
{"validated": "49_COUPE_MOVIE.glb", "scenes": 16, "images": 4}
21:26:56 | INFO: Data are loaded, start creating Blender stuff
21:26:56 | INFO: Blender create Mesh node record_001
21:26:56 | INFO: Blender create Mesh node record_002
21:26:56 | INFO: Blender create Mesh node record_003
21:26:56 | INFO: Blender create Mesh node record_004
21:26:56 | INFO: Blender create Mesh node record_005
21:26:56 | INFO: Blender create Mesh node record_006
21:26:56 | INFO: Blender create Mesh node record_007
21:26:56 | INFO: Blender create Mesh node record_008
21:26:56 | INFO: Blender create Mesh node record_009
21:26:56 | INFO: Blender create Mesh node record_010
21:26:56 | INFO: Blender create Mesh node record_011
21:26:56 | INFO: Blender create Mesh node record_012
21:26:56 | INFO: Blender create Mesh node record_013
21:26:56 | INFO: Blender create Mesh node record_014
21:26:56 | INFO: Blender create Mesh node record_015
21:26:56 | INFO: Blender create Mesh node record_016
21:26:56 | INFO: Blender create Mesh node record_017
21:26:56 | INFO: Blender create Mesh node record_018
21:26:56 | INFO: Blender create Mesh node record_019
21:26:56 | INFO: Blender create Mesh node record_020
21:26:56 | INFO: Blender create Mesh node record_021
21:26:56 | INFO: Blender create Mesh node record_022
21:26:56 | INFO: Blender create Mesh node record_023
21:26:56 | INFO: Blender create Mesh node record_024
21:26:56 | INFO: Blender create Mesh node record_025
21:26:56 | INFO: Blender create Mesh node record_026
21:26:56 | INFO: Blender create Mesh node record_027
21:26:56 | INFO: Blender create Mesh node record_028
21:26:56 | INFO: Blender create Mesh node record_029
21:26:56 | INFO: Blender create Mesh node record_030
21:26:56 | INFO: Blender create Mesh node record_031
21:26:56 | INFO: Blender create Mesh node record_032
21:26:56 | INFO: Blender create Mesh node record_033
21:26:56 | INFO: Blender create Mesh node record_034
21:26:56 | INFO: Blender create Mesh node record_035
21:26:56 | INFO: Blender create Mesh node record_036
21:26:56 | INFO: Blender create Mesh node record_037
21:26:56 | INFO: Blender create Mesh node record_038
21:26:56 | INFO: Blender create Mesh node record_039
21:26:56 | INFO: Blender create Mesh node record_040
21:26:56 | INFO: Blender create Mesh node record_041
21:26:56 | INFO: Blender create Mesh node record_042
21:26:56 | INFO: Blender create Mesh node record_043
21:26:56 | INFO: Blender create Mesh node record_044
21:26:56 | INFO: Blender create Mesh node record_045
21:26:56 | INFO: Blender create Mesh node record_046
21:26:56 | INFO: Blender create Mesh node record_047
21:26:56 | INFO: Blender create Mesh node record_048
21:26:56 | INFO: Blender create Mesh node record_049
21:26:56 | INFO: glTF import finished in 0.04s
{"validated": "COBRA.glb", "scenes": 16, "images": 21}
21:26:56 | INFO: Data are loaded, start creating Blender stuff
21:26:56 | INFO: Blender create Mesh node record_001
21:26:56 | INFO: Blender create Mesh node record_002
21:26:56 | INFO: Blender create Mesh node record_003
21:26:56 | INFO: Blender create Mesh node record_004
21:26:56 | INFO: Blender create Mesh node record_005
21:26:56 | INFO: Blender create Mesh node record_006
21:26:56 | INFO: Blender create Mesh node record_007
21:26:56 | INFO: Blender create Mesh node record_008
21:26:56 | INFO: Blender create Mesh node record_009
21:26:56 | INFO: Blender create Mesh node record_010
21:26:56 | INFO: Blender create Mesh node record_011
21:26:56 | INFO: Blender create Mesh node record_012
21:26:56 | INFO: Blender create Mesh node record_013
21:26:56 | INFO: Blender create Mesh node record_014
21:26:56 | INFO: Blender create Mesh node record_015
21:26:56 | INFO: Blender create Mesh node record_016
21:26:56 | INFO: Blender create Mesh node record_017
21:26:56 | INFO: Blender create Mesh node record_018
21:26:56 | INFO: Blender create Mesh node record_019
21:26:56 | INFO: Blender create Mesh node record_020
21:26:56 | INFO: Blender create Mesh node record_021
21:26:56 | INFO: Blender create Mesh node record_022
21:26:56 | INFO: Blender create Mesh node record_023
21:26:56 | INFO: Blender create Mesh node record_024
21:26:56 | INFO: Blender create Mesh node record_025
21:26:56 | INFO: Blender create Mesh node record_026
21:26:56 | INFO: Blender create Mesh node record_027
21:26:56 | INFO: Blender create Mesh node record_028
21:26:56 | INFO: Blender create Mesh node record_029
21:26:56 | INFO: Blender create Mesh node record_030
21:26:56 | INFO: Blender create Mesh node record_031
21:26:56 | INFO: Blender create Mesh node record_032
21:26:56 | INFO: Blender create Mesh node record_033
21:26:56 | INFO: Blender create Mesh node record_034
21:26:56 | INFO: Blender create Mesh node record_035
21:26:56 | INFO: Blender create Mesh node record_036
21:26:56 | INFO: Blender create Mesh node record_037
21:26:56 | INFO: Blender create Mesh node record_038
21:26:56 | INFO: Blender create Mesh node record_039
21:26:56 | INFO: Blender create Mesh node record_040
21:26:56 | INFO: Blender create Mesh node record_041
21:26:56 | INFO: Blender create Mesh node record_042
21:26:56 | INFO: Blender create Mesh node record_043
21:26:56 | INFO: Blender create Mesh node record_044
21:26:56 | INFO: Blender create Mesh node record_045
21:26:56 | INFO: Blender create Mesh node record_046
21:26:56 | INFO: Blender create Mesh node record_047
21:26:56 | INFO: Blender create Mesh node record_048
21:26:56 | INFO: Blender create Mesh node record_049
21:26:56 | INFO: Blender create Mesh node record_050
21:26:56 | INFO: Blender create Mesh node record_051
21:26:56 | INFO: Blender create Mesh node record_052
21:26:56 | INFO: Blender create Mesh node record_053
21:26:56 | INFO: Blender create Mesh node record_054
21:26:56 | INFO: Blender create Mesh node record_055
21:26:56 | INFO: Blender create Mesh node record_056
21:26:56 | INFO: Blender create Mesh node record_057
21:26:56 | INFO: Blender create Mesh node record_058
21:26:56 | INFO: Blender create Mesh node record_059
21:26:56 | INFO: Blender create Mesh node record_060
21:26:56 | INFO: Blender create Mesh node record_061
21:26:56 | INFO: Blender create Mesh node record_062
21:26:56 | INFO: Blender create Mesh node record_063
21:26:56 | INFO: Blender create Mesh node record_064
21:26:56 | INFO: Blender create Mesh node record_065
21:26:56 | INFO: Blender create Mesh node record_066
21:26:56 | INFO: Blender create Mesh node record_067
21:26:56 | INFO: glTF import finished in 0.04s
{"validated": "CROWN_VICTORIA.glb", "scenes": 16, "images": 21}
21:26:56 | INFO: Data are loaded, start creating Blender stuff
21:26:56 | INFO: Blender create Mesh node record_001
21:26:56 | INFO: Blender create Mesh node record_002
21:26:56 | INFO: Blender create Mesh node record_003
21:26:56 | INFO: Blender create Mesh node record_004
21:26:56 | INFO: Blender create Mesh node record_005
21:26:56 | INFO: Blender create Mesh node record_006
21:26:56 | INFO: Blender create Mesh node record_007
21:26:56 | INFO: Blender create Mesh node record_008
21:26:56 | INFO: Blender create Mesh node record_009
21:26:56 | INFO: Blender create Mesh node record_010
21:26:56 | INFO: Blender create Mesh node record_011
21:26:56 | INFO: Blender create Mesh node record_012
21:26:56 | INFO: Blender create Mesh node record_013
21:26:56 | INFO: Blender create Mesh node record_014
21:26:56 | INFO: Blender create Mesh node record_015
21:26:56 | INFO: Blender create Mesh node record_016
21:26:56 | INFO: Blender create Mesh node record_017
21:26:56 | INFO: Blender create Mesh node record_018
21:26:56 | INFO: Blender create Mesh node record_019
21:26:56 | INFO: Blender create Mesh node record_020
21:26:56 | INFO: Blender create Mesh node record_021
21:26:56 | INFO: Blender create Mesh node record_022
21:26:56 | INFO: Blender create Mesh node record_023
21:26:56 | INFO: Blender create Mesh node record_024
21:26:56 | INFO: Blender create Mesh node record_025
21:26:56 | INFO: Blender create Mesh node record_026
21:26:56 | INFO: Blender create Mesh node record_027
21:26:56 | INFO: Blender create Mesh node record_028
21:26:56 | INFO: Blender create Mesh node record_029
21:26:56 | INFO: Blender create Mesh node record_030
21:26:56 | INFO: Blender create Mesh node record_031
21:26:56 | INFO: Blender create Mesh node record_032
21:26:56 | INFO: Blender create Mesh node record_033
21:26:56 | INFO: Blender create Mesh node record_034
21:26:56 | INFO: Blender create Mesh node record_035
21:26:56 | INFO: Blender create Mesh node record_036
21:26:56 | INFO: Blender create Mesh node record_037
21:26:56 | INFO: Blender create Mesh node record_038
21:26:56 | INFO: Blender create Mesh node record_039
21:26:56 | INFO: Blender create Mesh node record_040
21:26:56 | INFO: Blender create Mesh node record_041
21:26:56 | INFO: Blender create Mesh node record_042
21:26:56 | INFO: Blender create Mesh node record_043
21:26:56 | INFO: Blender create Mesh node record_044
21:26:56 | INFO: Blender create Mesh node record_045
21:26:56 | INFO: Blender create Mesh node record_046
21:26:56 | INFO: Blender create Mesh node record_047
21:26:56 | INFO: Blender create Mesh node record_048
21:26:56 | INFO: Blender create Mesh node record_049
21:26:56 | INFO: Blender create Mesh node record_050
21:26:56 | INFO: Blender create Mesh node record_051
21:26:56 | INFO: Blender create Mesh node record_052
21:26:56 | INFO: Blender create Mesh node record_053
21:26:56 | INFO: Blender create Mesh node record_054
21:26:56 | INFO: Blender create Mesh node record_055
21:26:56 | INFO: Blender create Mesh node record_056
21:26:56 | INFO: Blender create Mesh node record_057
21:26:56 | INFO: Blender create Mesh node record_058
21:26:56 | INFO: Blender create Mesh node record_059
21:26:56 | INFO: Blender create Mesh node record_060
21:26:56 | INFO: Blender create Mesh node record_061
21:26:56 | INFO: glTF import finished in 0.05s
{"validated": "EX.glb", "scenes": 16, "images": 21}
21:26:56 | INFO: Data are loaded, start creating Blender stuff
21:26:56 | INFO: Blender create Mesh node record_001
21:26:56 | INFO: Blender create Mesh node record_002
21:26:56 | INFO: Blender create Mesh node record_003
21:26:56 | INFO: Blender create Mesh node record_004
21:26:56 | INFO: Blender create Mesh node record_005
21:26:56 | INFO: Blender create Mesh node record_006
21:26:56 | INFO: Blender create Mesh node record_007
21:26:56 | INFO: Blender create Mesh node record_008
21:26:56 | INFO: Blender create Mesh node record_009
21:26:56 | INFO: Blender create Mesh node record_010
21:26:56 | INFO: Blender create Mesh node record_011
21:26:56 | INFO: Blender create Mesh node record_012
21:26:56 | INFO: Blender create Mesh node record_013
21:26:56 | INFO: Blender create Mesh node record_014
21:26:56 | INFO: Blender create Mesh node record_015
21:26:56 | INFO: Blender create Mesh node record_016
21:26:56 | INFO: Blender create Mesh node record_017
21:26:56 | INFO: Blender create Mesh node record_018
21:26:56 | INFO: Blender create Mesh node record_019
21:26:56 | INFO: Blender create Mesh node record_020
21:26:56 | INFO: Blender create Mesh node record_021
21:26:56 | INFO: Blender create Mesh node record_022
21:26:56 | INFO: Blender create Mesh node record_023
21:26:56 | INFO: Blender create Mesh node record_024
21:26:56 | INFO: Blender create Mesh node record_025
21:26:56 | INFO: Blender create Mesh node record_026
21:26:56 | INFO: Blender create Mesh node record_027
21:26:56 | INFO: Blender create Mesh node record_028
21:26:56 | INFO: Blender create Mesh node record_029
21:26:56 | INFO: Blender create Mesh node record_030
21:26:56 | INFO: Blender create Mesh node record_031
21:26:56 | INFO: Blender create Mesh node record_032
21:26:56 | INFO: Blender create Mesh node record_033
21:26:56 | INFO: Blender create Mesh node record_034
21:26:56 | INFO: Blender create Mesh node record_035
21:26:56 | INFO: Blender create Mesh node record_036
21:26:56 | INFO: Blender create Mesh node record_037
21:26:56 | INFO: Blender create Mesh node record_038
21:26:56 | INFO: Blender create Mesh node record_039
21:26:56 | INFO: Blender create Mesh node record_040
21:26:56 | INFO: Blender create Mesh node record_041
21:26:56 | INFO: Blender create Mesh node record_042
21:26:56 | INFO: Blender create Mesh node record_043
21:26:56 | INFO: Blender create Mesh node record_044
21:26:56 | INFO: Blender create Mesh node record_045
21:26:56 | INFO: Blender create Mesh node record_046
21:26:56 | INFO: Blender create Mesh node record_047
21:26:56 | INFO: Blender create Mesh node record_048
21:26:56 | INFO: Blender create Mesh node record_049
21:26:56 | INFO: glTF import finished in 0.04s
{"validated": "EXPLORER.glb", "scenes": 16, "images": 21}
21:26:56 | INFO: Data are loaded, start creating Blender stuff
21:26:56 | INFO: Blender create Mesh node record_001
21:26:56 | INFO: Blender create Mesh node record_002
21:26:56 | INFO: Blender create Mesh node record_003
21:26:56 | INFO: Blender create Mesh node record_004
21:26:56 | INFO: Blender create Mesh node record_005
21:26:56 | INFO: Blender create Mesh node record_006
21:26:56 | INFO: Blender create Mesh node record_007
21:26:56 | INFO: Blender create Mesh node record_008
21:26:56 | INFO: Blender create Mesh node record_009
21:26:56 | INFO: Blender create Mesh node record_010
21:26:56 | INFO: Blender create Mesh node record_011
21:26:56 | INFO: Blender create Mesh node record_012
21:26:56 | INFO: Blender create Mesh node record_013
21:26:56 | INFO: Blender create Mesh node record_014
21:26:56 | INFO: Blender create Mesh node record_015
21:26:56 | INFO: Blender create Mesh node record_016
21:26:56 | INFO: Blender create Mesh node record_017
21:26:56 | INFO: Blender create Mesh node record_018
21:26:56 | INFO: Blender create Mesh node record_019
21:26:56 | INFO: Blender create Mesh node record_020
21:26:56 | INFO: Blender create Mesh node record_021
21:26:56 | INFO: Blender create Mesh node record_022
21:26:56 | INFO: Blender create Mesh node record_023
21:26:56 | INFO: Blender create Mesh node record_024
21:26:56 | INFO: Blender create Mesh node record_025
21:26:56 | INFO: Blender create Mesh node record_026
21:26:56 | INFO: Blender create Mesh node record_027
21:26:56 | INFO: Blender create Mesh node record_028
21:26:56 | INFO: Blender create Mesh node record_029
21:26:56 | INFO: Blender create Mesh node record_030
21:26:56 | INFO: Blender create Mesh node record_031
21:26:56 | INFO: Blender create Mesh node record_032
21:26:56 | INFO: Blender create Mesh node record_033
21:26:56 | INFO: Blender create Mesh node record_034
21:26:56 | INFO: Blender create Mesh node record_035
21:26:56 | INFO: Blender create Mesh node record_036
21:26:56 | INFO: Blender create Mesh node record_037
21:26:56 | INFO: Blender create Mesh node record_038
21:26:56 | INFO: Blender create Mesh node record_039
21:26:56 | INFO: Blender create Mesh node record_040
21:26:56 | INFO: Blender create Mesh node record_041
21:26:56 | INFO: glTF import finished in 0.04s
{"validated": "F100_1956.glb", "scenes": 16, "images": 17}
21:26:56 | INFO: Data are loaded, start creating Blender stuff
21:26:56 | INFO: Blender create Mesh node record_001
21:26:56 | INFO: Blender create Mesh node record_002
21:26:56 | INFO: Blender create Mesh node record_003
21:26:56 | INFO: Blender create Mesh node record_004
21:26:56 | INFO: Blender create Mesh node record_005
21:26:56 | INFO: Blender create Mesh node record_006
21:26:56 | INFO: Blender create Mesh node record_007
21:26:56 | INFO: Blender create Mesh node record_008
21:26:56 | INFO: Blender create Mesh node record_009
21:26:56 | INFO: Blender create Mesh node record_010
21:26:56 | INFO: Blender create Mesh node record_011
21:26:56 | INFO: Blender create Mesh node record_012
21:26:56 | INFO: Blender create Mesh node record_013
21:26:56 | INFO: Blender create Mesh node record_014
21:26:56 | INFO: Blender create Mesh node record_015
21:26:56 | INFO: Blender create Mesh node record_016
21:26:56 | INFO: Blender create Mesh node record_017
21:26:56 | INFO: Blender create Mesh node record_018
21:26:56 | INFO: Blender create Mesh node record_019
21:26:56 | INFO: Blender create Mesh node record_020
21:26:56 | INFO: Blender create Mesh node record_021
21:26:56 | INFO: Blender create Mesh node record_022
21:26:56 | INFO: Blender create Mesh node record_023
21:26:56 | INFO: Blender create Mesh node record_024
21:26:56 | INFO: Blender create Mesh node record_025
21:26:56 | INFO: Blender create Mesh node record_026
21:26:56 | INFO: Blender create Mesh node record_027
21:26:56 | INFO: Blender create Mesh node record_028
21:26:56 | INFO: Blender create Mesh node record_029
21:26:56 | INFO: Blender create Mesh node record_030
21:26:56 | INFO: Blender create Mesh node record_031
21:26:56 | INFO: Blender create Mesh node record_032
21:26:56 | INFO: Blender create Mesh node record_033
21:26:56 | INFO: Blender create Mesh node record_034
21:26:56 | INFO: Blender create Mesh node record_035
21:26:56 | INFO: glTF import finished in 0.03s
{"validated": "F100_1965.glb", "scenes": 16, "images": 17}
21:26:56 | INFO: Data are loaded, start creating Blender stuff
21:26:56 | INFO: Blender create Mesh node record_001
21:26:56 | INFO: Blender create Mesh node record_002
21:26:56 | INFO: Blender create Mesh node record_003
21:26:56 | INFO: Blender create Mesh node record_004
21:26:56 | INFO: Blender create Mesh node record_005
21:26:56 | INFO: Blender create Mesh node record_006
21:26:56 | INFO: Blender create Mesh node record_007
21:26:56 | INFO: Blender create Mesh node record_008
21:26:56 | INFO: Blender create Mesh node record_009
21:26:56 | INFO: Blender create Mesh node record_010
21:26:56 | INFO: Blender create Mesh node record_011
21:26:56 | INFO: Blender create Mesh node record_012
21:26:56 | INFO: Blender create Mesh node record_013
21:26:56 | INFO: Blender create Mesh node record_014
21:26:56 | INFO: Blender create Mesh node record_015
21:26:56 | INFO: Blender create Mesh node record_016
21:26:56 | INFO: Blender create Mesh node record_017
21:26:56 | INFO: Blender create Mesh node record_018
21:26:56 | INFO: Blender create Mesh node record_019
21:26:56 | INFO: Blender create Mesh node record_020
21:26:56 | INFO: Blender create Mesh node record_021
21:26:56 | INFO: Blender create Mesh node record_022
21:26:56 | INFO: Blender create Mesh node record_023
21:26:56 | INFO: Blender create Mesh node record_024
21:26:56 | INFO: Blender create Mesh node record_025
21:26:56 | INFO: Blender create Mesh node record_026
21:26:56 | INFO: Blender create Mesh node record_027
21:26:56 | INFO: Blender create Mesh node record_028
21:26:56 | INFO: Blender create Mesh node record_029
21:26:56 | INFO: Blender create Mesh node record_030
21:26:56 | INFO: Blender create Mesh node record_031
21:26:56 | INFO: Blender create Mesh node record_032
21:26:56 | INFO: Blender create Mesh node record_033
21:26:56 | INFO: Blender create Mesh node record_034
21:26:56 | INFO: Blender create Mesh node record_035
21:26:56 | INFO: Blender create Mesh node record_036
21:26:56 | INFO: Blender create Mesh node record_037
21:26:56 | INFO: Blender create Mesh node record_038
21:26:56 | INFO: Blender create Mesh node record_039
21:26:56 | INFO: Blender create Mesh node record_040
21:26:56 | INFO: Blender create Mesh node record_041
21:26:56 | INFO: Blender create Mesh node record_042
21:26:56 | INFO: Blender create Mesh node record_043
21:26:56 | INFO: Blender create Mesh node record_044
21:26:56 | INFO: Blender create Mesh node record_045
21:26:56 | INFO: Blender create Mesh node record_046
21:26:56 | INFO: Blender create Mesh node record_047
21:26:56 | INFO: Blender create Mesh node record_048
21:26:56 | INFO: Blender create Mesh node record_049
21:26:56 | INFO: Blender create Mesh node record_050
21:26:56 | INFO: Blender create Mesh node record_051
21:26:56 | INFO: glTF import finished in 0.04s
{"validated": "F150.glb", "scenes": 16, "images": 21}
21:26:56 | INFO: Data are loaded, start creating Blender stuff
21:26:56 | INFO: Blender create Mesh node record_001
21:26:56 | INFO: Blender create Mesh node record_002
21:26:56 | INFO: Blender create Mesh node record_003
21:26:56 | INFO: Blender create Mesh node record_004
21:26:56 | INFO: Blender create Mesh node record_005
21:26:56 | INFO: Blender create Mesh node record_006
21:26:56 | INFO: Blender create Mesh node record_007
21:26:56 | INFO: Blender create Mesh node record_008
21:26:56 | INFO: Blender create Mesh node record_009
21:26:56 | INFO: Blender create Mesh node record_010
21:26:56 | INFO: Blender create Mesh node record_011
21:26:56 | INFO: Blender create Mesh node record_012
21:26:56 | INFO: Blender create Mesh node record_013
21:26:56 | INFO: Blender create Mesh node record_014
21:26:56 | INFO: Blender create Mesh node record_015
21:26:56 | INFO: Blender create Mesh node record_016
21:26:56 | INFO: Blender create Mesh node record_017
21:26:56 | INFO: Blender create Mesh node record_018
21:26:56 | INFO: Blender create Mesh node record_019
21:26:56 | INFO: Blender create Mesh node record_020
21:26:56 | INFO: Blender create Mesh node record_021
21:26:56 | INFO: Blender create Mesh node record_022
21:26:56 | INFO: Blender create Mesh node record_023
21:26:56 | INFO: Blender create Mesh node record_024
21:26:56 | INFO: Blender create Mesh node record_025
21:26:56 | INFO: Blender create Mesh node record_026
21:26:56 | INFO: Blender create Mesh node record_027
21:26:56 | INFO: Blender create Mesh node record_028
21:26:56 | INFO: Blender create Mesh node record_029
21:26:56 | INFO: Blender create Mesh node record_030
21:26:56 | INFO: Blender create Mesh node record_031
21:26:56 | INFO: Blender create Mesh node record_032
21:26:56 | INFO: Blender create Mesh node record_033
21:26:56 | INFO: Blender create Mesh node record_034
21:26:56 | INFO: Blender create Mesh node record_035
21:26:56 | INFO: Blender create Mesh node record_036
21:26:56 | INFO: Blender create Mesh node record_037
21:26:56 | INFO: Blender create Mesh node record_038
21:26:56 | INFO: Blender create Mesh node record_039
21:26:56 | INFO: Blender create Mesh node record_040
21:26:56 | INFO: Blender create Mesh node record_041
21:26:56 | INFO: Blender create Mesh node record_042
21:26:56 | INFO: Blender create Mesh node record_043
21:26:56 | INFO: Blender create Mesh node record_044
21:26:56 | INFO: Blender create Mesh node record_045
21:26:56 | INFO: glTF import finished in 0.04s
{"validated": "F150_2004.glb", "scenes": 16, "images": 21}
21:26:57 | INFO: Data are loaded, start creating Blender stuff
21:26:57 | INFO: Blender create Mesh node record_001
21:26:57 | INFO: Blender create Mesh node record_002
21:26:57 | INFO: Blender create Mesh node record_003
21:26:57 | INFO: Blender create Mesh node record_004
21:26:57 | INFO: Blender create Mesh node record_005
21:26:57 | INFO: Blender create Mesh node record_006
21:26:57 | INFO: Blender create Mesh node record_007
21:26:57 | INFO: Blender create Mesh node record_008
21:26:57 | INFO: Blender create Mesh node record_009
21:26:57 | INFO: Blender create Mesh node record_010
21:26:57 | INFO: Blender create Mesh node record_011
21:26:57 | INFO: Blender create Mesh node record_012
21:26:57 | INFO: Blender create Mesh node record_013
21:26:57 | INFO: Blender create Mesh node record_014
21:26:57 | INFO: Blender create Mesh node record_015
21:26:57 | INFO: Blender create Mesh node record_016
21:26:57 | INFO: Blender create Mesh node record_017
21:26:57 | INFO: Blender create Mesh node record_018
21:26:57 | INFO: Blender create Mesh node record_019
21:26:57 | INFO: Blender create Mesh node record_020
21:26:57 | INFO: Blender create Mesh node record_021
21:26:57 | INFO: Blender create Mesh node record_022
21:26:57 | INFO: Blender create Mesh node record_023
21:26:57 | INFO: Blender create Mesh node record_024
21:26:57 | INFO: Blender create Mesh node record_025
21:26:57 | INFO: Blender create Mesh node record_026
21:26:57 | INFO: Blender create Mesh node record_027
21:26:57 | INFO: Blender create Mesh node record_028
21:26:57 | INFO: Blender create Mesh node record_029
21:26:57 | INFO: Blender create Mesh node record_030
21:26:57 | INFO: Blender create Mesh node record_031
21:26:57 | INFO: Blender create Mesh node record_032
21:26:57 | INFO: Blender create Mesh node record_033
21:26:57 | INFO: Blender create Mesh node record_034
21:26:57 | INFO: Blender create Mesh node record_035
21:26:57 | INFO: Blender create Mesh node record_036
21:26:57 | INFO: Blender create Mesh node record_037
21:26:57 | INFO: Blender create Mesh node record_038
21:26:57 | INFO: Blender create Mesh node record_039
21:26:57 | INFO: Blender create Mesh node record_040
21:26:57 | INFO: Blender create Mesh node record_041
21:26:57 | INFO: Blender create Mesh node record_042
21:26:57 | INFO: Blender create Mesh node record_043
21:26:57 | INFO: Blender create Mesh node record_044
21:26:57 | INFO: Blender create Mesh node record_045
21:26:57 | INFO: Blender create Mesh node record_046
21:26:57 | INFO: Blender create Mesh node record_047
21:26:57 | INFO: Blender create Mesh node record_048
21:26:57 | INFO: glTF import finished in 0.04s
{"validated": "F350.glb", "scenes": 16, "images": 21}
21:26:57 | INFO: Data are loaded, start creating Blender stuff
21:26:57 | INFO: Blender create Mesh node record_001
21:26:57 | INFO: Blender create Mesh node record_002
21:26:57 | INFO: Blender create Mesh node record_003
21:26:57 | INFO: Blender create Mesh node record_004
21:26:57 | INFO: Blender create Mesh node record_005
21:26:57 | INFO: Blender create Mesh node record_006
21:26:57 | INFO: Blender create Mesh node record_007
21:26:57 | INFO: Blender create Mesh node record_008
21:26:57 | INFO: Blender create Mesh node record_009
21:26:57 | INFO: Blender create Mesh node record_010
21:26:57 | INFO: Blender create Mesh node record_011
21:26:57 | INFO: Blender create Mesh node record_012
21:26:57 | INFO: Blender create Mesh node record_013
21:26:57 | INFO: Blender create Mesh node record_014
21:26:57 | INFO: Blender create Mesh node record_015
21:26:57 | INFO: Blender create Mesh node record_016
21:26:57 | INFO: Blender create Mesh node record_017
21:26:57 | INFO: Blender create Mesh node record_018
21:26:57 | INFO: Blender create Mesh node record_019
21:26:57 | INFO: Blender create Mesh node record_020
21:26:57 | INFO: Blender create Mesh node record_021
21:26:57 | INFO: Blender create Mesh node record_022
21:26:57 | INFO: Blender create Mesh node record_023
21:26:57 | INFO: Blender create Mesh node record_024
21:26:57 | INFO: Blender create Mesh node record_025
21:26:57 | INFO: Blender create Mesh node record_026
21:26:57 | INFO: Blender create Mesh node record_027
21:26:57 | INFO: Blender create Mesh node record_028
21:26:57 | INFO: Blender create Mesh node record_029
21:26:57 | INFO: Blender create Mesh node record_030
21:26:57 | INFO: Blender create Mesh node record_031
21:26:57 | INFO: Blender create Mesh node record_032
21:26:57 | INFO: Blender create Mesh node record_033
21:26:57 | INFO: Blender create Mesh node record_034
21:26:57 | INFO: Blender create Mesh node record_035
21:26:57 | INFO: Blender create Mesh node record_036
21:26:57 | INFO: Blender create Mesh node record_037
21:26:57 | INFO: Blender create Mesh node record_038
21:26:57 | INFO: Blender create Mesh node record_039
21:26:57 | INFO: Blender create Mesh node record_040
21:26:57 | INFO: Blender create Mesh node record_041
21:26:57 | INFO: Blender create Mesh node record_042
21:26:57 | INFO: Blender create Mesh node record_043
21:26:57 | INFO: Blender create Mesh node record_044
21:26:57 | INFO: Blender create Mesh node record_045
21:26:57 | INFO: Blender create Mesh node record_046
21:26:57 | INFO: Blender create Mesh node record_047
21:26:57 | INFO: Blender create Mesh node record_048
21:26:57 | INFO: Blender create Mesh node record_049
21:26:57 | INFO: Blender create Mesh node record_050
21:26:57 | INFO: Blender create Mesh node record_051
21:26:57 | INFO: Blender create Mesh node record_052
21:26:57 | INFO: Blender create Mesh node record_053
21:26:57 | INFO: Blender create Mesh node record_054
21:26:57 | INFO: Blender create Mesh node record_055
21:26:57 | INFO: Blender create Mesh node record_056
21:26:57 | INFO: Blender create Mesh node record_057
21:26:57 | INFO: Blender create Mesh node record_058
21:26:57 | INFO: Blender create Mesh node record_059
21:26:57 | INFO: Blender create Mesh node record_060
21:26:57 | INFO: Blender create Mesh node record_061
21:26:57 | INFO: Blender create Mesh node record_062
21:26:57 | INFO: Blender create Mesh node record_063
21:26:57 | INFO: Blender create Mesh node record_064
21:26:57 | INFO: Blender create Mesh node record_065
21:26:57 | INFO: glTF import finished in 0.04s
{"validated": "FOCUS_FR200.glb", "scenes": 16, "images": 22}
21:26:57 | INFO: Data are loaded, start creating Blender stuff
21:26:57 | INFO: Blender create Mesh node record_001
21:26:57 | INFO: Blender create Mesh node record_002
21:26:57 | INFO: Blender create Mesh node record_003
21:26:57 | INFO: Blender create Mesh node record_004
21:26:57 | INFO: Blender create Mesh node record_005
21:26:57 | INFO: Blender create Mesh node record_006
21:26:57 | INFO: Blender create Mesh node record_007
21:26:57 | INFO: Blender create Mesh node record_008
21:26:57 | INFO: Blender create Mesh node record_009
21:26:57 | INFO: Blender create Mesh node record_010
21:26:57 | INFO: Blender create Mesh node record_011
21:26:57 | INFO: Blender create Mesh node record_012
21:26:57 | INFO: Blender create Mesh node record_013
21:26:57 | INFO: Blender create Mesh node record_014
21:26:57 | INFO: Blender create Mesh node record_015
21:26:57 | INFO: Blender create Mesh node record_016
21:26:57 | INFO: Blender create Mesh node record_017
21:26:57 | INFO: Blender create Mesh node record_018
21:26:57 | INFO: Blender create Mesh node record_019
21:26:57 | INFO: Blender create Mesh node record_020
21:26:57 | INFO: Blender create Mesh node record_021
21:26:57 | INFO: Blender create Mesh node record_022
21:26:57 | INFO: Blender create Mesh node record_023
21:26:57 | INFO: Blender create Mesh node record_024
21:26:57 | INFO: Blender create Mesh node record_025
21:26:57 | INFO: Blender create Mesh node record_026
21:26:57 | INFO: Blender create Mesh node record_027
21:26:57 | INFO: Blender create Mesh node record_028
21:26:57 | INFO: Blender create Mesh node record_029
21:26:57 | INFO: Blender create Mesh node record_030
21:26:57 | INFO: Blender create Mesh node record_031
21:26:57 | INFO: Blender create Mesh node record_032
21:26:57 | INFO: Blender create Mesh node record_033
21:26:57 | INFO: Blender create Mesh node record_034
21:26:57 | INFO: Blender create Mesh node record_035
21:26:57 | INFO: Blender create Mesh node record_036
21:26:57 | INFO: Blender create Mesh node record_037
21:26:57 | INFO: Blender create Mesh node record_038
21:26:57 | INFO: Blender create Mesh node record_039
21:26:57 | INFO: Blender create Mesh node record_040
21:26:57 | INFO: Blender create Mesh node record_041
21:26:57 | INFO: Blender create Mesh node record_042
21:26:57 | INFO: Blender create Mesh node record_043
21:26:57 | INFO: Blender create Mesh node record_044
21:26:57 | INFO: Blender create Mesh node record_045
21:26:57 | INFO: Blender create Mesh node record_046
21:26:57 | INFO: Blender create Mesh node record_047
21:26:57 | INFO: Blender create Mesh node record_048
21:26:57 | INFO: Blender create Mesh node record_049
21:26:57 | INFO: Blender create Mesh node record_050
21:26:57 | INFO: Blender create Mesh node record_051
21:26:57 | INFO: Blender create Mesh node record_052
21:26:57 | INFO: Blender create Mesh node record_053
21:26:57 | INFO: Blender create Mesh node record_054
21:26:57 | INFO: Blender create Mesh node record_055
21:26:57 | INFO: Blender create Mesh node record_056
21:26:57 | INFO: Blender create Mesh node record_057
21:26:57 | INFO: glTF import finished in 0.04s
{"validated": "FOCUS_SVT.glb", "scenes": 16, "images": 21}
21:26:57 | INFO: Data are loaded, start creating Blender stuff
21:26:57 | INFO: Blender create Mesh node record_001
21:26:57 | INFO: Blender create Mesh node record_002
21:26:57 | INFO: Blender create Mesh node record_003
21:26:57 | INFO: Blender create Mesh node record_004
21:26:57 | INFO: Blender create Mesh node record_005
21:26:57 | INFO: Blender create Mesh node record_006
21:26:57 | INFO: Blender create Mesh node record_007
21:26:57 | INFO: Blender create Mesh node record_008
21:26:57 | INFO: Blender create Mesh node record_009
21:26:57 | INFO: Blender create Mesh node record_010
21:26:57 | INFO: Blender create Mesh node record_011
21:26:57 | INFO: Blender create Mesh node record_012
21:26:57 | INFO: Blender create Mesh node record_013
21:26:57 | INFO: Blender create Mesh node record_014
21:26:57 | INFO: Blender create Mesh node record_015
21:26:57 | INFO: Blender create Mesh node record_016
21:26:57 | INFO: Blender create Mesh node record_017
21:26:57 | INFO: Blender create Mesh node record_018
21:26:57 | INFO: Blender create Mesh node record_019
21:26:57 | INFO: Blender create Mesh node record_020
21:26:57 | INFO: Blender create Mesh node record_021
21:26:57 | INFO: Blender create Mesh node record_022
21:26:57 | INFO: Blender create Mesh node record_023
21:26:57 | INFO: Blender create Mesh node record_024
21:26:57 | INFO: Blender create Mesh node record_025
21:26:57 | INFO: Blender create Mesh node record_026
21:26:57 | INFO: Blender create Mesh node record_027
21:26:57 | INFO: Blender create Mesh node record_028
21:26:57 | INFO: Blender create Mesh node record_029
21:26:57 | INFO: Blender create Mesh node record_030
21:26:57 | INFO: Blender create Mesh node record_031
21:26:57 | INFO: Blender create Mesh node record_032
21:26:57 | INFO: Blender create Mesh node record_033
21:26:57 | INFO: Blender create Mesh node record_034
21:26:57 | INFO: Blender create Mesh node record_035
21:26:57 | INFO: Blender create Mesh node record_036
21:26:57 | INFO: Blender create Mesh node record_037
21:26:57 | INFO: Blender create Mesh node record_038
21:26:57 | INFO: Blender create Mesh node record_039
21:26:57 | INFO: Blender create Mesh node record_040
21:26:57 | INFO: Blender create Mesh node record_041
21:26:57 | INFO: Blender create Mesh node record_042
21:26:57 | INFO: Blender create Mesh node record_043
21:26:57 | INFO: Blender create Mesh node record_044
21:26:57 | INFO: Blender create Mesh node record_045
21:26:57 | INFO: Blender create Mesh node record_046
21:26:57 | INFO: Blender create Mesh node record_047
21:26:57 | INFO: Blender create Mesh node record_048
21:26:57 | INFO: Blender create Mesh node record_049
21:26:57 | INFO: Blender create Mesh node record_050
21:26:57 | INFO: Blender create Mesh node record_051
21:26:57 | INFO: Blender create Mesh node record_052
21:26:57 | INFO: Blender create Mesh node record_053
21:26:57 | INFO: Blender create Mesh node record_054
21:26:57 | INFO: Blender create Mesh node record_055
21:26:57 | INFO: Blender create Mesh node record_056
21:26:57 | INFO: Blender create Mesh node record_057
21:26:57 | INFO: Blender create Mesh node record_058
21:26:57 | INFO: Blender create Mesh node record_059
21:26:57 | INFO: Blender create Mesh node record_060
21:26:57 | INFO: Blender create Mesh node record_061
21:26:57 | INFO: Blender create Mesh node record_062
21:26:57 | INFO: Blender create Mesh node record_063
21:26:57 | INFO: Blender create Mesh node record_064
21:26:57 | INFO: Blender create Mesh node record_065
21:26:57 | INFO: glTF import finished in 0.04s
{"validated": "FOCUS_WRC.glb", "scenes": 16, "images": 12}
21:26:57 | INFO: Data are loaded, start creating Blender stuff
21:26:57 | INFO: Blender create Mesh node record_001
21:26:57 | INFO: Blender create Mesh node record_002
21:26:57 | INFO: Blender create Mesh node record_003
21:26:57 | INFO: Blender create Mesh node record_004
21:26:57 | INFO: Blender create Mesh node record_005
21:26:57 | INFO: Blender create Mesh node record_006
21:26:57 | INFO: Blender create Mesh node record_007
21:26:57 | INFO: Blender create Mesh node record_008
21:26:57 | INFO: Blender create Mesh node record_009
21:26:57 | INFO: Blender create Mesh node record_010
21:26:57 | INFO: Blender create Mesh node record_011
21:26:57 | INFO: Blender create Mesh node record_012
21:26:57 | INFO: Blender create Mesh node record_013
21:26:57 | INFO: Blender create Mesh node record_014
21:26:57 | INFO: Blender create Mesh node record_015
21:26:57 | INFO: Blender create Mesh node record_016
21:26:57 | INFO: Blender create Mesh node record_017
21:26:57 | INFO: Blender create Mesh node record_018
21:26:57 | INFO: Blender create Mesh node record_019
21:26:57 | INFO: Blender create Mesh node record_020
21:26:57 | INFO: Blender create Mesh node record_021
21:26:57 | INFO: Blender create Mesh node record_022
21:26:57 | INFO: Blender create Mesh node record_023
21:26:57 | INFO: Blender create Mesh node record_024
21:26:57 | INFO: Blender create Mesh node record_025
21:26:57 | INFO: Blender create Mesh node record_026
21:26:57 | INFO: Blender create Mesh node record_027
21:26:57 | INFO: Blender create Mesh node record_028
21:26:57 | INFO: Blender create Mesh node record_029
21:26:57 | INFO: Blender create Mesh node record_030
21:26:57 | INFO: Blender create Mesh node record_031
21:26:57 | INFO: Blender create Mesh node record_032
21:26:57 | INFO: Blender create Mesh node record_033
21:26:57 | INFO: Blender create Mesh node record_034
21:26:57 | INFO: Blender create Mesh node record_035
21:26:57 | INFO: Blender create Mesh node record_036
21:26:57 | INFO: Blender create Mesh node record_037
21:26:57 | INFO: Blender create Mesh node record_038
21:26:57 | INFO: Blender create Mesh node record_039
21:26:57 | INFO: Blender create Mesh node record_040
21:26:57 | INFO: Blender create Mesh node record_041
21:26:57 | INFO: Blender create Mesh node record_042
21:26:57 | INFO: Blender create Mesh node record_043
21:26:57 | INFO: Blender create Mesh node record_044
21:26:57 | INFO: Blender create Mesh node record_045
21:26:57 | INFO: Blender create Mesh node record_046
21:26:57 | INFO: Blender create Mesh node record_047
21:26:57 | INFO: Blender create Mesh node record_048
21:26:57 | INFO: Blender create Mesh node record_049
21:26:57 | INFO: Blender create Mesh node record_050
21:26:57 | INFO: Blender create Mesh node record_051
21:26:57 | INFO: Blender create Mesh node record_052
21:26:57 | INFO: Blender create Mesh node record_053
21:26:57 | INFO: Blender create Mesh node record_054
21:26:57 | INFO: Blender create Mesh node record_055
21:26:57 | INFO: Blender create Mesh node record_056
21:26:57 | INFO: Blender create Mesh node record_057
21:26:57 | INFO: Blender create Mesh node record_058
21:26:57 | INFO: Blender create Mesh node record_059
21:26:57 | INFO: Blender create Mesh node record_060
21:26:57 | INFO: Blender create Mesh node record_061
21:26:57 | INFO: Blender create Mesh node record_062
21:26:57 | INFO: Blender create Mesh node record_063
21:26:57 | INFO: Blender create Mesh node record_064
21:26:57 | INFO: Blender create Mesh node record_065
21:26:57 | INFO: Blender create Mesh node record_066
21:26:57 | INFO: Blender create Mesh node record_067
21:26:57 | INFO: Blender create Mesh node record_068
21:26:57 | INFO: Blender create Mesh node record_069
21:26:57 | INFO: Blender create Mesh node record_070
21:26:57 | INFO: Blender create Mesh node record_071
21:26:57 | INFO: Blender create Mesh node record_072
21:26:57 | INFO: Blender create Mesh node record_073
21:26:57 | INFO: glTF import finished in 0.05s
{"validated": "FORD_GT.glb", "scenes": 16, "images": 23}
21:26:57 | INFO: Data are loaded, start creating Blender stuff
21:26:57 | INFO: Blender create Mesh node record_001
21:26:57 | INFO: Blender create Mesh node record_002
21:26:57 | INFO: Blender create Mesh node record_003
21:26:57 | INFO: Blender create Mesh node record_004
21:26:57 | INFO: Blender create Mesh node record_005
21:26:57 | INFO: Blender create Mesh node record_006
21:26:57 | INFO: Blender create Mesh node record_007
21:26:57 | INFO: Blender create Mesh node record_008
21:26:57 | INFO: Blender create Mesh node record_009
21:26:57 | INFO: Blender create Mesh node record_010
21:26:57 | INFO: Blender create Mesh node record_011
21:26:57 | INFO: Blender create Mesh node record_012
21:26:57 | INFO: Blender create Mesh node record_013
21:26:57 | INFO: Blender create Mesh node record_014
21:26:57 | INFO: Blender create Mesh node record_015
21:26:57 | INFO: Blender create Mesh node record_016
21:26:57 | INFO: Blender create Mesh node record_017
21:26:57 | INFO: Blender create Mesh node record_018
21:26:57 | INFO: Blender create Mesh node record_019
21:26:57 | INFO: Blender create Mesh node record_020
21:26:57 | INFO: Blender create Mesh node record_021
21:26:57 | INFO: Blender create Mesh node record_022
21:26:57 | INFO: Blender create Mesh node record_023
21:26:57 | INFO: Blender create Mesh node record_024
21:26:57 | INFO: Blender create Mesh node record_025
21:26:57 | INFO: Blender create Mesh node record_026
21:26:57 | INFO: Blender create Mesh node record_027
21:26:57 | INFO: Blender create Mesh node record_028
21:26:57 | INFO: Blender create Mesh node record_029
21:26:57 | INFO: Blender create Mesh node record_030
21:26:57 | INFO: Blender create Mesh node record_031
21:26:57 | INFO: Blender create Mesh node record_032
21:26:57 | INFO: Blender create Mesh node record_033
21:26:57 | INFO: Blender create Mesh node record_034
21:26:57 | INFO: Blender create Mesh node record_035
21:26:57 | INFO: Blender create Mesh node record_036
21:26:57 | INFO: Blender create Mesh node record_037
21:26:57 | INFO: Blender create Mesh node record_038
21:26:57 | INFO: Blender create Mesh node record_039
21:26:57 | INFO: Blender create Mesh node record_040
21:26:57 | INFO: glTF import finished in 0.04s
{"validated": "FORTYNINE.glb", "scenes": 16, "images": 17}
21:26:57 | INFO: Data are loaded, start creating Blender stuff
21:26:57 | INFO: Blender create Mesh node record_001
21:26:57 | INFO: Blender create Mesh node record_002
21:26:57 | INFO: Blender create Mesh node record_003
21:26:57 | INFO: Blender create Mesh node record_004
21:26:57 | INFO: Blender create Mesh node record_005
21:26:57 | INFO: Blender create Mesh node record_006
21:26:57 | INFO: Blender create Mesh node record_007
21:26:57 | INFO: Blender create Mesh node record_008
21:26:57 | INFO: Blender create Mesh node record_009
21:26:57 | INFO: Blender create Mesh node record_010
21:26:57 | INFO: Blender create Mesh node record_011
21:26:57 | INFO: Blender create Mesh node record_012
21:26:57 | INFO: Blender create Mesh node record_013
21:26:57 | INFO: Blender create Mesh node record_014
21:26:57 | INFO: Blender create Mesh node record_015
21:26:57 | INFO: Blender create Mesh node record_016
21:26:57 | INFO: Blender create Mesh node record_017
21:26:57 | INFO: Blender create Mesh node record_018
21:26:57 | INFO: Blender create Mesh node record_019
21:26:57 | INFO: Blender create Mesh node record_020
21:26:57 | INFO: Blender create Mesh node record_021
21:26:57 | INFO: Blender create Mesh node record_022
21:26:57 | INFO: Blender create Mesh node record_023
21:26:57 | INFO: Blender create Mesh node record_024
21:26:57 | INFO: Blender create Mesh node record_025
21:26:57 | INFO: Blender create Mesh node record_026
21:26:57 | INFO: Blender create Mesh node record_027
21:26:57 | INFO: Blender create Mesh node record_028
21:26:57 | INFO: Blender create Mesh node record_029
21:26:57 | INFO: Blender create Mesh node record_030
21:26:57 | INFO: Blender create Mesh node record_031
21:26:57 | INFO: Blender create Mesh node record_032
21:26:57 | INFO: Blender create Mesh node record_033
21:26:57 | INFO: Blender create Mesh node record_034
21:26:57 | INFO: Blender create Mesh node record_035
21:26:57 | INFO: Blender create Mesh node record_036
21:26:57 | INFO: Blender create Mesh node record_037
21:26:57 | INFO: Blender create Mesh node record_038
21:26:57 | INFO: Blender create Mesh node record_039
21:26:57 | INFO: Blender create Mesh node record_040
21:26:57 | INFO: Blender create Mesh node record_041
21:26:57 | INFO: Blender create Mesh node record_042
21:26:57 | INFO: Blender create Mesh node record_043
21:26:57 | INFO: Blender create Mesh node record_044
21:26:57 | INFO: Blender create Mesh node record_045
21:26:57 | INFO: Blender create Mesh node record_046
21:26:57 | INFO: Blender create Mesh node record_047
21:26:57 | INFO: Blender create Mesh node record_048
21:26:57 | INFO: Blender create Mesh node record_049
21:26:57 | INFO: Blender create Mesh node record_050
21:26:57 | INFO: Blender create Mesh node record_051
21:26:57 | INFO: Blender create Mesh node record_052
21:26:57 | INFO: Blender create Mesh node record_053
21:26:57 | INFO: glTF import finished in 0.05s
{"validated": "FR500.glb", "scenes": 16, "images": 21}
21:26:58 | INFO: Data are loaded, start creating Blender stuff
21:26:58 | INFO: Blender create Mesh node record_001
21:26:58 | INFO: Blender create Mesh node record_002
21:26:58 | INFO: Blender create Mesh node record_003
21:26:58 | INFO: Blender create Mesh node record_004
21:26:58 | INFO: Blender create Mesh node record_005
21:26:58 | INFO: Blender create Mesh node record_006
21:26:58 | INFO: Blender create Mesh node record_007
21:26:58 | INFO: Blender create Mesh node record_008
21:26:58 | INFO: Blender create Mesh node record_009
21:26:58 | INFO: Blender create Mesh node record_010
21:26:58 | INFO: Blender create Mesh node record_011
21:26:58 | INFO: Blender create Mesh node record_012
21:26:58 | INFO: Blender create Mesh node record_013
21:26:58 | INFO: Blender create Mesh node record_014
21:26:58 | INFO: Blender create Mesh node record_015
21:26:58 | INFO: Blender create Mesh node record_016
21:26:58 | INFO: Blender create Mesh node record_017
21:26:58 | INFO: Blender create Mesh node record_018
21:26:58 | INFO: Blender create Mesh node record_019
21:26:58 | INFO: Blender create Mesh node record_020
21:26:58 | INFO: Blender create Mesh node record_021
21:26:58 | INFO: Blender create Mesh node record_022
21:26:58 | INFO: Blender create Mesh node record_023
21:26:58 | INFO: Blender create Mesh node record_024
21:26:58 | INFO: Blender create Mesh node record_025
21:26:58 | INFO: Blender create Mesh node record_026
21:26:58 | INFO: Blender create Mesh node record_027
21:26:58 | INFO: Blender create Mesh node record_028
21:26:58 | INFO: Blender create Mesh node record_029
21:26:58 | INFO: Blender create Mesh node record_030
21:26:58 | INFO: Blender create Mesh node record_031
21:26:58 | INFO: Blender create Mesh node record_032
21:26:58 | INFO: Blender create Mesh node record_033
21:26:58 | INFO: Blender create Mesh node record_034
21:26:58 | INFO: Blender create Mesh node record_035
21:26:58 | INFO: Blender create Mesh node record_036
21:26:58 | INFO: Blender create Mesh node record_037
21:26:58 | INFO: Blender create Mesh node record_038
21:26:58 | INFO: Blender create Mesh node record_039
21:26:58 | INFO: Blender create Mesh node record_040
21:26:58 | INFO: Blender create Mesh node record_041
21:26:58 | INFO: Blender create Mesh node record_042
21:26:58 | INFO: glTF import finished in 0.03s
{"validated": "GRAN_TORINO.glb", "scenes": 16, "images": 6}
21:26:58 | INFO: Data are loaded, start creating Blender stuff
21:26:58 | INFO: Blender create Mesh node record_001
21:26:58 | INFO: Blender create Mesh node record_002
21:26:58 | INFO: Blender create Mesh node record_003
21:26:58 | INFO: Blender create Mesh node record_004
21:26:58 | INFO: Blender create Mesh node record_005
21:26:58 | INFO: Blender create Mesh node record_006
21:26:58 | INFO: Blender create Mesh node record_007
21:26:58 | INFO: Blender create Mesh node record_008
21:26:58 | INFO: Blender create Mesh node record_009
21:26:58 | INFO: Blender create Mesh node record_010
21:26:58 | INFO: Blender create Mesh node record_011
21:26:58 | INFO: Blender create Mesh node record_012
21:26:58 | INFO: Blender create Mesh node record_013
21:26:58 | INFO: Blender create Mesh node record_014
21:26:58 | INFO: Blender create Mesh node record_015
21:26:58 | INFO: Blender create Mesh node record_016
21:26:58 | INFO: Blender create Mesh node record_017
21:26:58 | INFO: Blender create Mesh node record_018
21:26:58 | INFO: Blender create Mesh node record_019
21:26:58 | INFO: Blender create Mesh node record_020
21:26:58 | INFO: Blender create Mesh node record_021
21:26:58 | INFO: Blender create Mesh node record_022
21:26:58 | INFO: Blender create Mesh node record_023
21:26:58 | INFO: Blender create Mesh node record_024
21:26:58 | INFO: Blender create Mesh node record_025
21:26:58 | INFO: Blender create Mesh node record_026
21:26:58 | INFO: Blender create Mesh node record_027
21:26:58 | INFO: Blender create Mesh node record_028
21:26:58 | INFO: Blender create Mesh node record_029
21:26:58 | INFO: Blender create Mesh node record_030
21:26:58 | INFO: Blender create Mesh node record_031
21:26:58 | INFO: Blender create Mesh node record_032
21:26:58 | INFO: Blender create Mesh node record_033
21:26:58 | INFO: Blender create Mesh node record_034
21:26:58 | INFO: Blender create Mesh node record_035
21:26:58 | INFO: Blender create Mesh node record_036
21:26:58 | INFO: Blender create Mesh node record_037
21:26:58 | INFO: Blender create Mesh node record_038
21:26:58 | INFO: Blender create Mesh node record_039
21:26:58 | INFO: Blender create Mesh node record_040
21:26:58 | INFO: Blender create Mesh node record_041
21:26:58 | INFO: Blender create Mesh node record_042
21:26:58 | INFO: Blender create Mesh node record_043
21:26:58 | INFO: Blender create Mesh node record_044
21:26:58 | INFO: Blender create Mesh node record_045
21:26:58 | INFO: Blender create Mesh node record_046
21:26:58 | INFO: Blender create Mesh node record_047
21:26:58 | INFO: Blender create Mesh node record_048
21:26:58 | INFO: Blender create Mesh node record_049
21:26:58 | INFO: Blender create Mesh node record_050
21:26:58 | INFO: Blender create Mesh node record_051
21:26:58 | INFO: Blender create Mesh node record_052
21:26:58 | INFO: Blender create Mesh node record_053
21:26:58 | INFO: Blender create Mesh node record_054
21:26:58 | INFO: Blender create Mesh node record_055
21:26:58 | INFO: Blender create Mesh node record_056
21:26:58 | INFO: Blender create Mesh node record_057
21:26:58 | INFO: Blender create Mesh node record_058
21:26:58 | INFO: Blender create Mesh node record_059
21:26:58 | INFO: Blender create Mesh node record_060
21:26:58 | INFO: Blender create Mesh node record_061
21:26:58 | INFO: Blender create Mesh node record_062
21:26:58 | INFO: Blender create Mesh node record_063
21:26:58 | INFO: Blender create Mesh node record_064
21:26:58 | INFO: Blender create Mesh node record_065
21:26:58 | INFO: Blender create Mesh node record_066
21:26:58 | INFO: Blender create Mesh node record_067
21:26:58 | INFO: Blender create Mesh node record_068
21:26:58 | INFO: Blender create Mesh node record_069
21:26:58 | INFO: Blender create Mesh node record_070
21:26:58 | INFO: Blender create Mesh node record_071
21:26:58 | INFO: Blender create Mesh node record_072
21:26:58 | INFO: glTF import finished in 0.05s
{"validated": "GT90.glb", "scenes": 16, "images": 23}
21:26:58 | INFO: Data are loaded, start creating Blender stuff
21:26:58 | INFO: Blender create Mesh node record_001
21:26:58 | INFO: Blender create Mesh node record_002
21:26:58 | INFO: Blender create Mesh node record_003
21:26:58 | INFO: Blender create Mesh node record_004
21:26:58 | INFO: Blender create Mesh node record_005
21:26:58 | INFO: Blender create Mesh node record_006
21:26:58 | INFO: Blender create Mesh node record_007
21:26:58 | INFO: Blender create Mesh node record_008
21:26:58 | INFO: Blender create Mesh node record_009
21:26:58 | INFO: Blender create Mesh node record_010
21:26:58 | INFO: Blender create Mesh node record_011
21:26:58 | INFO: Blender create Mesh node record_012
21:26:58 | INFO: Blender create Mesh node record_013
21:26:58 | INFO: Blender create Mesh node record_014
21:26:58 | INFO: Blender create Mesh node record_015
21:26:58 | INFO: Blender create Mesh node record_016
21:26:58 | INFO: Blender create Mesh node record_017
21:26:58 | INFO: Blender create Mesh node record_018
21:26:58 | INFO: Blender create Mesh node record_019
21:26:58 | INFO: Blender create Mesh node record_020
21:26:58 | INFO: Blender create Mesh node record_021
21:26:58 | INFO: Blender create Mesh node record_022
21:26:58 | INFO: Blender create Mesh node record_023
21:26:58 | INFO: Blender create Mesh node record_024
21:26:58 | INFO: Blender create Mesh node record_025
21:26:58 | INFO: Blender create Mesh node record_026
21:26:58 | INFO: Blender create Mesh node record_027
21:26:58 | INFO: Blender create Mesh node record_028
21:26:58 | INFO: Blender create Mesh node record_029
21:26:58 | INFO: Blender create Mesh node record_030
21:26:58 | INFO: Blender create Mesh node record_031
21:26:58 | INFO: Blender create Mesh node record_032
21:26:58 | INFO: Blender create Mesh node record_033
21:26:58 | INFO: Blender create Mesh node record_034
21:26:58 | INFO: Blender create Mesh node record_035
21:26:58 | INFO: Blender create Mesh node record_036
21:26:58 | INFO: Blender create Mesh node record_037
21:26:58 | INFO: Blender create Mesh node record_038
21:26:58 | INFO: Blender create Mesh node record_039
21:26:58 | INFO: Blender create Mesh node record_040
21:26:58 | INFO: Blender create Mesh node record_041
21:26:58 | INFO: Blender create Mesh node record_042
21:26:58 | INFO: Blender create Mesh node record_043
21:26:58 | INFO: Blender create Mesh node record_044
21:26:58 | INFO: Blender create Mesh node record_045
21:26:58 | INFO: Blender create Mesh node record_046
21:26:58 | INFO: Blender create Mesh node record_047
21:26:58 | INFO: Blender create Mesh node record_048
21:26:58 | INFO: Blender create Mesh node record_049
21:26:58 | INFO: Blender create Mesh node record_050
21:26:58 | INFO: Blender create Mesh node record_051
21:26:58 | INFO: Blender create Mesh node record_052
21:26:58 | INFO: Blender create Mesh node record_053
21:26:58 | INFO: Blender create Mesh node record_054
21:26:58 | INFO: Blender create Mesh node record_055
21:26:58 | INFO: Blender create Mesh node record_056
21:26:58 | INFO: Blender create Mesh node record_057
21:26:58 | INFO: Blender create Mesh node record_058
21:26:58 | INFO: Blender create Mesh node record_059
21:26:58 | INFO: Blender create Mesh node record_060
21:26:58 | INFO: Blender create Mesh node record_061
21:26:58 | INFO: Blender create Mesh node record_062
21:26:58 | INFO: Blender create Mesh node record_063
21:26:58 | INFO: Blender create Mesh node record_064
21:26:58 | INFO: Blender create Mesh node record_065
21:26:58 | INFO: Blender create Mesh node record_066
21:26:58 | INFO: Blender create Mesh node record_067
21:26:58 | INFO: Blender create Mesh node record_068
21:26:58 | INFO: Blender create Mesh node record_069
21:26:58 | INFO: Blender create Mesh node record_070
21:26:58 | INFO: Blender create Mesh node record_071
21:26:58 | INFO: Blender create Mesh node record_072
21:26:58 | INFO: Blender create Mesh node record_073
21:26:58 | INFO: Blender create Mesh node record_074
21:26:58 | INFO: Blender create Mesh node record_075
21:26:58 | INFO: Blender create Mesh node record_076
21:26:58 | INFO: Blender create Mesh node record_077
21:26:58 | INFO: Blender create Mesh node record_078
21:26:58 | INFO: Blender create Mesh node record_079
21:26:58 | INFO: Blender create Mesh node record_080
21:26:58 | INFO: Blender create Mesh node record_081
21:26:58 | INFO: Blender create Mesh node record_082
21:26:58 | INFO: Blender create Mesh node record_083
21:26:58 | INFO: Blender create Mesh node record_084
21:26:58 | INFO: Blender create Mesh node record_085
21:26:58 | INFO: Blender create Mesh node record_086
21:26:58 | INFO: Blender create Mesh node record_087
21:26:58 | INFO: Blender create Mesh node record_088
21:26:58 | INFO: Blender create Mesh node record_089
21:26:58 | INFO: Blender create Mesh node record_090
21:26:58 | INFO: Blender create Mesh node record_091
21:26:58 | INFO: Blender create Mesh node record_092
21:26:58 | INFO: Blender create Mesh node record_093
21:26:58 | INFO: Blender create Mesh node record_094
21:26:58 | INFO: Blender create Mesh node record_095
21:26:58 | INFO: glTF import finished in 0.06s
{"validated": "INDIGO.glb", "scenes": 16, "images": 27}
21:26:58 | INFO: Data are loaded, start creating Blender stuff
21:26:58 | INFO: Blender create Mesh node record_001
21:26:58 | INFO: Blender create Mesh node record_002
21:26:58 | INFO: Blender create Mesh node record_003
21:26:58 | INFO: Blender create Mesh node record_004
21:26:58 | INFO: Blender create Mesh node record_005
21:26:58 | INFO: Blender create Mesh node record_006
21:26:58 | INFO: Blender create Mesh node record_007
21:26:58 | INFO: Blender create Mesh node record_008
21:26:58 | INFO: Blender create Mesh node record_009
21:26:58 | INFO: Blender create Mesh node record_010
21:26:58 | INFO: Blender create Mesh node record_011
21:26:58 | INFO: Blender create Mesh node record_012
21:26:58 | INFO: Blender create Mesh node record_013
21:26:58 | INFO: Blender create Mesh node record_014
21:26:58 | INFO: Blender create Mesh node record_015
21:26:58 | INFO: Blender create Mesh node record_016
21:26:58 | INFO: Blender create Mesh node record_017
21:26:58 | INFO: Blender create Mesh node record_018
21:26:58 | INFO: Blender create Mesh node record_019
21:26:58 | INFO: Blender create Mesh node record_020
21:26:58 | INFO: Blender create Mesh node record_021
21:26:58 | INFO: Blender create Mesh node record_022
21:26:58 | INFO: Blender create Mesh node record_023
21:26:58 | INFO: Blender create Mesh node record_024
21:26:58 | INFO: Blender create Mesh node record_025
21:26:58 | INFO: Blender create Mesh node record_026
21:26:58 | INFO: Blender create Mesh node record_027
21:26:58 | INFO: Blender create Mesh node record_028
21:26:58 | INFO: Blender create Mesh node record_029
21:26:58 | INFO: Blender create Mesh node record_030
21:26:58 | INFO: Blender create Mesh node record_031
21:26:58 | INFO: Blender create Mesh node record_032
21:26:58 | INFO: Blender create Mesh node record_033
21:26:58 | INFO: Blender create Mesh node record_034
21:26:58 | INFO: Blender create Mesh node record_035
21:26:58 | INFO: Blender create Mesh node record_036
21:26:58 | INFO: Blender create Mesh node record_037
21:26:58 | INFO: Blender create Mesh node record_038
21:26:58 | INFO: Blender create Mesh node record_039
21:26:58 | INFO: Blender create Mesh node record_040
21:26:58 | INFO: Blender create Mesh node record_041
21:26:58 | INFO: Blender create Mesh node record_042
21:26:58 | INFO: Blender create Mesh node record_043
21:26:58 | INFO: Blender create Mesh node record_044
21:26:58 | INFO: Blender create Mesh node record_045
21:26:58 | INFO: Blender create Mesh node record_046
21:26:58 | INFO: Blender create Mesh node record_047
21:26:58 | INFO: Blender create Mesh node record_048
21:26:58 | INFO: Blender create Mesh node record_049
21:26:58 | INFO: Blender create Mesh node record_050
21:26:58 | INFO: Blender create Mesh node record_051
21:26:58 | INFO: Blender create Mesh node record_052
21:26:58 | INFO: Blender create Mesh node record_053
21:26:58 | INFO: Blender create Mesh node record_054
21:26:58 | INFO: Blender create Mesh node record_055
21:26:58 | INFO: Blender create Mesh node record_056
21:26:58 | INFO: Blender create Mesh node record_057
21:26:58 | INFO: glTF import finished in 0.05s
{"validated": "LIGHTNING_SVT.glb", "scenes": 16, "images": 21}
21:26:58 | INFO: Data are loaded, start creating Blender stuff
21:26:58 | INFO: Blender create Mesh node record_001
21:26:58 | INFO: Blender create Mesh node record_002
21:26:58 | INFO: Blender create Mesh node record_003
21:26:58 | INFO: Blender create Mesh node record_004
21:26:58 | INFO: Blender create Mesh node record_005
21:26:58 | INFO: Blender create Mesh node record_006
21:26:58 | INFO: Blender create Mesh node record_007
21:26:58 | INFO: Blender create Mesh node record_008
21:26:58 | INFO: Blender create Mesh node record_009
21:26:58 | INFO: Blender create Mesh node record_010
21:26:58 | INFO: Blender create Mesh node record_011
21:26:58 | INFO: Blender create Mesh node record_012
21:26:58 | INFO: Blender create Mesh node record_013
21:26:58 | INFO: Blender create Mesh node record_014
21:26:58 | INFO: Blender create Mesh node record_015
21:26:58 | INFO: Blender create Mesh node record_016
21:26:58 | INFO: Blender create Mesh node record_017
21:26:58 | INFO: Blender create Mesh node record_018
21:26:58 | INFO: Blender create Mesh node record_019
21:26:58 | INFO: Blender create Mesh node record_020
21:26:58 | INFO: Blender create Mesh node record_021
21:26:58 | INFO: Blender create Mesh node record_022
21:26:58 | INFO: Blender create Mesh node record_023
21:26:58 | INFO: Blender create Mesh node record_024
21:26:58 | INFO: Blender create Mesh node record_025
21:26:58 | INFO: Blender create Mesh node record_026
21:26:58 | INFO: Blender create Mesh node record_027
21:26:58 | INFO: Blender create Mesh node record_028
21:26:58 | INFO: glTF import finished in 0.02s
{"validated": "MACH1_AGENT.glb", "scenes": 16, "images": 5}
21:26:58 | INFO: Data are loaded, start creating Blender stuff
21:26:58 | INFO: Blender create Mesh node record_001
21:26:58 | INFO: Blender create Mesh node record_002
21:26:58 | INFO: Blender create Mesh node record_003
21:26:58 | INFO: Blender create Mesh node record_004
21:26:58 | INFO: Blender create Mesh node record_005
21:26:58 | INFO: Blender create Mesh node record_006
21:26:58 | INFO: Blender create Mesh node record_007
21:26:58 | INFO: Blender create Mesh node record_008
21:26:58 | INFO: Blender create Mesh node record_009
21:26:58 | INFO: Blender create Mesh node record_010
21:26:58 | INFO: Blender create Mesh node record_011
21:26:58 | INFO: Blender create Mesh node record_012
21:26:58 | INFO: Blender create Mesh node record_013
21:26:58 | INFO: Blender create Mesh node record_014
21:26:58 | INFO: Blender create Mesh node record_015
21:26:58 | INFO: Blender create Mesh node record_016
21:26:58 | INFO: Blender create Mesh node record_017
21:26:58 | INFO: Blender create Mesh node record_018
21:26:58 | INFO: Blender create Mesh node record_019
21:26:58 | INFO: Blender create Mesh node record_020
21:26:58 | INFO: Blender create Mesh node record_021
21:26:58 | INFO: Blender create Mesh node record_022
21:26:58 | INFO: Blender create Mesh node record_023
21:26:58 | INFO: Blender create Mesh node record_024
21:26:58 | INFO: Blender create Mesh node record_025
21:26:58 | INFO: Blender create Mesh node record_026
21:26:58 | INFO: Blender create Mesh node record_027
21:26:58 | INFO: Blender create Mesh node record_028
21:26:58 | INFO: glTF import finished in 0.02s
{"validated": "MACH1_SIXTY.glb", "scenes": 16, "images": 5}
21:26:58 | INFO: Data are loaded, start creating Blender stuff
21:26:58 | INFO: Blender create Mesh node record_001
21:26:58 | INFO: Blender create Mesh node record_002
21:26:58 | INFO: Blender create Mesh node record_003
21:26:58 | INFO: Blender create Mesh node record_004
21:26:58 | INFO: Blender create Mesh node record_005
21:26:58 | INFO: Blender create Mesh node record_006
21:26:58 | INFO: Blender create Mesh node record_007
21:26:58 | INFO: Blender create Mesh node record_008
21:26:58 | INFO: Blender create Mesh node record_009
21:26:58 | INFO: Blender create Mesh node record_010
21:26:58 | INFO: Blender create Mesh node record_011
21:26:58 | INFO: Blender create Mesh node record_012
21:26:58 | INFO: Blender create Mesh node record_013
21:26:58 | INFO: Blender create Mesh node record_014
21:26:58 | INFO: Blender create Mesh node record_015
21:26:58 | INFO: Blender create Mesh node record_016
21:26:58 | INFO: Blender create Mesh node record_017
21:26:58 | INFO: Blender create Mesh node record_018
21:26:58 | INFO: Blender create Mesh node record_019
21:26:58 | INFO: Blender create Mesh node record_020
21:26:58 | INFO: Blender create Mesh node record_021
21:26:58 | INFO: Blender create Mesh node record_022
21:26:58 | INFO: Blender create Mesh node record_023
21:26:58 | INFO: Blender create Mesh node record_024
21:26:58 | INFO: Blender create Mesh node record_025
21:26:58 | INFO: Blender create Mesh node record_026
21:26:58 | INFO: Blender create Mesh node record_027
21:26:58 | INFO: Blender create Mesh node record_028
21:26:58 | INFO: Blender create Mesh node record_029
21:26:58 | INFO: Blender create Mesh node record_030
21:26:58 | INFO: Blender create Mesh node record_031
21:26:58 | INFO: Blender create Mesh node record_032
21:26:58 | INFO: Blender create Mesh node record_033
21:26:58 | INFO: Blender create Mesh node record_034
21:26:58 | INFO: Blender create Mesh node record_035
21:26:58 | INFO: Blender create Mesh node record_036
21:26:58 | INFO: Blender create Mesh node record_037
21:26:58 | INFO: Blender create Mesh node record_038
21:26:58 | INFO: Blender create Mesh node record_039
21:26:58 | INFO: Blender create Mesh node record_040
21:26:58 | INFO: Blender create Mesh node record_041
21:26:58 | INFO: Blender create Mesh node record_042
21:26:58 | INFO: Blender create Mesh node record_043
21:26:58 | INFO: Blender create Mesh node record_044
21:26:58 | INFO: Blender create Mesh node record_045
21:26:58 | INFO: Blender create Mesh node record_046
21:26:58 | INFO: Blender create Mesh node record_047
21:26:58 | INFO: Blender create Mesh node record_048
21:26:58 | INFO: Blender create Mesh node record_049
21:26:58 | INFO: Blender create Mesh node record_050
21:26:58 | INFO: Blender create Mesh node record_051
21:26:58 | INFO: Blender create Mesh node record_052
21:26:58 | INFO: Blender create Mesh node record_053
21:26:58 | INFO: Blender create Mesh node record_054
21:26:58 | INFO: Blender create Mesh node record_055
21:26:58 | INFO: Blender create Mesh node record_056
21:26:58 | INFO: Blender create Mesh node record_057
21:26:58 | INFO: Blender create Mesh node record_058
21:26:58 | INFO: Blender create Mesh node record_059
21:26:58 | INFO: glTF import finished in 0.04s
{"validated": "MACH3.glb", "scenes": 16, "images": 21}
21:26:58 | INFO: Data are loaded, start creating Blender stuff
21:26:58 | INFO: Blender create Mesh node record_001
21:26:58 | INFO: Blender create Mesh node record_002
21:26:58 | INFO: Blender create Mesh node record_003
21:26:58 | INFO: Blender create Mesh node record_004
21:26:58 | INFO: Blender create Mesh node record_005
21:26:58 | INFO: Blender create Mesh node record_006
21:26:58 | INFO: Blender create Mesh node record_007
21:26:58 | INFO: Blender create Mesh node record_008
21:26:58 | INFO: Blender create Mesh node record_009
21:26:58 | INFO: Blender create Mesh node record_010
21:26:58 | INFO: Blender create Mesh node record_011
21:26:58 | INFO: Blender create Mesh node record_012
21:26:58 | INFO: Blender create Mesh node record_013
21:26:58 | INFO: Blender create Mesh node record_014
21:26:58 | INFO: Blender create Mesh node record_015
21:26:58 | INFO: Blender create Mesh node record_016
21:26:58 | INFO: Blender create Mesh node record_017
21:26:58 | INFO: Blender create Mesh node record_018
21:26:58 | INFO: Blender create Mesh node record_019
21:26:58 | INFO: Blender create Mesh node record_020
21:26:58 | INFO: Blender create Mesh node record_021
21:26:58 | INFO: Blender create Mesh node record_022
21:26:58 | INFO: Blender create Mesh node record_023
21:26:58 | INFO: Blender create Mesh node record_024
21:26:58 | INFO: Blender create Mesh node record_025
21:26:58 | INFO: Blender create Mesh node record_026
21:26:58 | INFO: Blender create Mesh node record_027
21:26:58 | INFO: Blender create Mesh node record_028
21:26:58 | INFO: Blender create Mesh node record_029
21:26:58 | INFO: Blender create Mesh node record_030
21:26:58 | INFO: Blender create Mesh node record_031
21:26:58 | INFO: Blender create Mesh node record_032
21:26:58 | INFO: Blender create Mesh node record_033
21:26:58 | INFO: Blender create Mesh node record_034
21:26:58 | INFO: Blender create Mesh node record_035
21:26:58 | INFO: Blender create Mesh node record_036
21:26:58 | INFO: Blender create Mesh node record_037
21:26:58 | INFO: Blender create Mesh node record_038
21:26:58 | INFO: Blender create Mesh node record_039
21:26:58 | INFO: Blender create Mesh node record_040
21:26:58 | INFO: Blender create Mesh node record_041
21:26:58 | INFO: Blender create Mesh node record_042
21:26:58 | INFO: Blender create Mesh node record_043
21:26:58 | INFO: Blender create Mesh node record_044
21:26:58 | INFO: Blender create Mesh node record_045
21:26:58 | INFO: Blender create Mesh node record_046
21:26:58 | INFO: Blender create Mesh node record_047
21:26:58 | INFO: Blender create Mesh node record_048
21:26:58 | INFO: Blender create Mesh node record_049
21:26:58 | INFO: Blender create Mesh node record_050
21:26:58 | INFO: Blender create Mesh node record_051
21:26:58 | INFO: Blender create Mesh node record_052
21:26:58 | INFO: Blender create Mesh node record_053
21:26:58 | INFO: Blender create Mesh node record_054
21:26:58 | INFO: Blender create Mesh node record_055
21:26:58 | INFO: Blender create Mesh node record_056
21:26:58 | INFO: Blender create Mesh node record_057
21:26:58 | INFO: Blender create Mesh node record_058
21:26:58 | INFO: Blender create Mesh node record_059
21:26:58 | INFO: glTF import finished in 0.04s
{"validated": "MUSTANG_68.glb", "scenes": 16, "images": 21}
21:26:59 | INFO: Data are loaded, start creating Blender stuff
21:26:59 | INFO: Blender create Mesh node record_001
21:26:59 | INFO: Blender create Mesh node record_002
21:26:59 | INFO: Blender create Mesh node record_003
21:26:59 | INFO: Blender create Mesh node record_004
21:26:59 | INFO: Blender create Mesh node record_005
21:26:59 | INFO: Blender create Mesh node record_006
21:26:59 | INFO: Blender create Mesh node record_007
21:26:59 | INFO: Blender create Mesh node record_008
21:26:59 | INFO: Blender create Mesh node record_009
21:26:59 | INFO: Blender create Mesh node record_010
21:26:59 | INFO: Blender create Mesh node record_011
21:26:59 | INFO: Blender create Mesh node record_012
21:26:59 | INFO: Blender create Mesh node record_013
21:26:59 | INFO: Blender create Mesh node record_014
21:26:59 | INFO: Blender create Mesh node record_015
21:26:59 | INFO: Blender create Mesh node record_016
21:26:59 | INFO: Blender create Mesh node record_017
21:26:59 | INFO: Blender create Mesh node record_018
21:26:59 | INFO: Blender create Mesh node record_019
21:26:59 | INFO: Blender create Mesh node record_020
21:26:59 | INFO: Blender create Mesh node record_021
21:26:59 | INFO: Blender create Mesh node record_022
21:26:59 | INFO: Blender create Mesh node record_023
21:26:59 | INFO: Blender create Mesh node record_024
21:26:59 | INFO: Blender create Mesh node record_025
21:26:59 | INFO: Blender create Mesh node record_026
21:26:59 | INFO: Blender create Mesh node record_027
21:26:59 | INFO: Blender create Mesh node record_028
21:26:59 | INFO: Blender create Mesh node record_029
21:26:59 | INFO: Blender create Mesh node record_030
21:26:59 | INFO: Blender create Mesh node record_031
21:26:59 | INFO: Blender create Mesh node record_032
21:26:59 | INFO: Blender create Mesh node record_033
21:26:59 | INFO: Blender create Mesh node record_034
21:26:59 | INFO: Blender create Mesh node record_035
21:26:59 | INFO: Blender create Mesh node record_036
21:26:59 | INFO: Blender create Mesh node record_037
21:26:59 | INFO: Blender create Mesh node record_038
21:26:59 | INFO: Blender create Mesh node record_039
21:26:59 | INFO: Blender create Mesh node record_040
21:26:59 | INFO: Blender create Mesh node record_041
21:26:59 | INFO: Blender create Mesh node record_042
21:26:59 | INFO: Blender create Mesh node record_043
21:26:59 | INFO: Blender create Mesh node record_044
21:26:59 | INFO: Blender create Mesh node record_045
21:26:59 | INFO: Blender create Mesh node record_046
21:26:59 | INFO: Blender create Mesh node record_047
21:26:59 | INFO: Blender create Mesh node record_048
21:26:59 | INFO: Blender create Mesh node record_049
21:26:59 | INFO: Blender create Mesh node record_050
21:26:59 | INFO: Blender create Mesh node record_051
21:26:59 | INFO: Blender create Mesh node record_052
21:26:59 | INFO: Blender create Mesh node record_053
21:26:59 | INFO: Blender create Mesh node record_054
21:26:59 | INFO: Blender create Mesh node record_055
21:26:59 | INFO: Blender create Mesh node record_056
21:26:59 | INFO: Blender create Mesh node record_057
21:26:59 | INFO: Blender create Mesh node record_058
21:26:59 | INFO: Blender create Mesh node record_059
21:26:59 | INFO: Blender create Mesh node record_060
21:26:59 | INFO: glTF import finished in 0.21s
{"validated": "MUSTANG_68B.glb", "scenes": 16, "images": 6}
21:26:59 | INFO: Data are loaded, start creating Blender stuff
21:26:59 | INFO: Blender create Mesh node record_001
21:26:59 | INFO: Blender create Mesh node record_002
21:26:59 | INFO: Blender create Mesh node record_003
21:26:59 | INFO: Blender create Mesh node record_004
21:26:59 | INFO: Blender create Mesh node record_005
21:26:59 | INFO: Blender create Mesh node record_006
21:26:59 | INFO: Blender create Mesh node record_007
21:26:59 | INFO: Blender create Mesh node record_008
21:26:59 | INFO: Blender create Mesh node record_009
21:26:59 | INFO: Blender create Mesh node record_010
21:26:59 | INFO: Blender create Mesh node record_011
21:26:59 | INFO: Blender create Mesh node record_012
21:26:59 | INFO: Blender create Mesh node record_013
21:26:59 | INFO: Blender create Mesh node record_014
21:26:59 | INFO: Blender create Mesh node record_015
21:26:59 | INFO: Blender create Mesh node record_016
21:26:59 | INFO: Blender create Mesh node record_017
21:26:59 | INFO: Blender create Mesh node record_018
21:26:59 | INFO: Blender create Mesh node record_019
21:26:59 | INFO: Blender create Mesh node record_020
21:26:59 | INFO: Blender create Mesh node record_021
21:26:59 | INFO: Blender create Mesh node record_022
21:26:59 | INFO: Blender create Mesh node record_023
21:26:59 | INFO: Blender create Mesh node record_024
21:26:59 | INFO: Blender create Mesh node record_025
21:26:59 | INFO: Blender create Mesh node record_026
21:26:59 | INFO: Blender create Mesh node record_027
21:26:59 | INFO: Blender create Mesh node record_028
21:26:59 | INFO: Blender create Mesh node record_029
21:26:59 | INFO: Blender create Mesh node record_030
21:26:59 | INFO: Blender create Mesh node record_031
21:26:59 | INFO: Blender create Mesh node record_032
21:26:59 | INFO: Blender create Mesh node record_033
21:26:59 | INFO: Blender create Mesh node record_034
21:26:59 | INFO: Blender create Mesh node record_035
21:26:59 | INFO: Blender create Mesh node record_036
21:26:59 | INFO: Blender create Mesh node record_037
21:26:59 | INFO: Blender create Mesh node record_038
21:26:59 | INFO: Blender create Mesh node record_039
21:26:59 | INFO: Blender create Mesh node record_040
21:26:59 | INFO: Blender create Mesh node record_041
21:26:59 | INFO: Blender create Mesh node record_042
21:26:59 | INFO: Blender create Mesh node record_043
21:26:59 | INFO: Blender create Mesh node record_044
21:26:59 | INFO: Blender create Mesh node record_045
21:26:59 | INFO: Blender create Mesh node record_046
21:26:59 | INFO: Blender create Mesh node record_047
21:26:59 | INFO: Blender create Mesh node record_048
21:26:59 | INFO: Blender create Mesh node record_049
21:26:59 | INFO: glTF import finished in 0.04s
{"validated": "MUSTANG_CONCEPT.glb", "scenes": 16, "images": 21}
21:26:59 | INFO: Data are loaded, start creating Blender stuff
21:26:59 | INFO: Blender create Mesh node record_001
21:26:59 | INFO: Blender create Mesh node record_002
21:26:59 | INFO: Blender create Mesh node record_003
21:26:59 | INFO: Blender create Mesh node record_004
21:26:59 | INFO: Blender create Mesh node record_005
21:26:59 | INFO: Blender create Mesh node record_006
21:26:59 | INFO: Blender create Mesh node record_007
21:26:59 | INFO: Blender create Mesh node record_008
21:26:59 | INFO: Blender create Mesh node record_009
21:26:59 | INFO: Blender create Mesh node record_010
21:26:59 | INFO: Blender create Mesh node record_011
21:26:59 | INFO: Blender create Mesh node record_012
21:26:59 | INFO: Blender create Mesh node record_013
21:26:59 | INFO: Blender create Mesh node record_014
21:26:59 | INFO: Blender create Mesh node record_015
21:26:59 | INFO: Blender create Mesh node record_016
21:26:59 | INFO: Blender create Mesh node record_017
21:26:59 | INFO: Blender create Mesh node record_018
21:26:59 | INFO: Blender create Mesh node record_019
21:26:59 | INFO: Blender create Mesh node record_020
21:26:59 | INFO: Blender create Mesh node record_021
21:26:59 | INFO: Blender create Mesh node record_022
21:26:59 | INFO: Blender create Mesh node record_023
21:26:59 | INFO: Blender create Mesh node record_024
21:26:59 | INFO: Blender create Mesh node record_025
21:26:59 | INFO: Blender create Mesh node record_026
21:26:59 | INFO: Blender create Mesh node record_027
21:26:59 | INFO: Blender create Mesh node record_028
21:26:59 | INFO: Blender create Mesh node record_029
21:26:59 | INFO: Blender create Mesh node record_030
21:26:59 | INFO: Blender create Mesh node record_031
21:26:59 | INFO: Blender create Mesh node record_032
21:26:59 | INFO: Blender create Mesh node record_033
21:26:59 | INFO: Blender create Mesh node record_034
21:26:59 | INFO: Blender create Mesh node record_035
21:26:59 | INFO: Blender create Mesh node record_036
21:26:59 | INFO: Blender create Mesh node record_037
21:26:59 | INFO: Blender create Mesh node record_038
21:26:59 | INFO: Blender create Mesh node record_039
21:26:59 | INFO: Blender create Mesh node record_040
21:26:59 | INFO: glTF import finished in 0.04s
{"validated": "POWERSTROKE.glb", "scenes": 16, "images": 18}
21:26:59 | INFO: Data are loaded, start creating Blender stuff
21:26:59 | INFO: Blender create Mesh node record_001
21:26:59 | INFO: Blender create Mesh node record_002
21:26:59 | INFO: Blender create Mesh node record_003
21:26:59 | INFO: Blender create Mesh node record_004
21:26:59 | INFO: Blender create Mesh node record_005
21:26:59 | INFO: Blender create Mesh node record_006
21:26:59 | INFO: Blender create Mesh node record_007
21:26:59 | INFO: Blender create Mesh node record_008
21:26:59 | INFO: Blender create Mesh node record_009
21:26:59 | INFO: Blender create Mesh node record_010
21:26:59 | INFO: Blender create Mesh node record_011
21:26:59 | INFO: Blender create Mesh node record_012
21:26:59 | INFO: Blender create Mesh node record_013
21:26:59 | INFO: Blender create Mesh node record_014
21:26:59 | INFO: Blender create Mesh node record_015
21:26:59 | INFO: Blender create Mesh node record_016
21:26:59 | INFO: Blender create Mesh node record_017
21:26:59 | INFO: Blender create Mesh node record_018
21:26:59 | INFO: Blender create Mesh node record_019
21:26:59 | INFO: Blender create Mesh node record_020
21:26:59 | INFO: Blender create Mesh node record_021
21:26:59 | INFO: Blender create Mesh node record_022
21:26:59 | INFO: Blender create Mesh node record_023
21:26:59 | INFO: Blender create Mesh node record_024
21:26:59 | INFO: Blender create Mesh node record_025
21:26:59 | INFO: Blender create Mesh node record_026
21:26:59 | INFO: Blender create Mesh node record_027
21:26:59 | INFO: Blender create Mesh node record_028
21:26:59 | INFO: Blender create Mesh node record_029
21:26:59 | INFO: Blender create Mesh node record_030
21:26:59 | INFO: Blender create Mesh node record_031
21:26:59 | INFO: Blender create Mesh node record_032
21:26:59 | INFO: Blender create Mesh node record_033
21:26:59 | INFO: Blender create Mesh node record_034
21:26:59 | INFO: Blender create Mesh node record_035
21:26:59 | INFO: Blender create Mesh node record_036
21:26:59 | INFO: Blender create Mesh node record_037
21:26:59 | INFO: Blender create Mesh node record_038
21:26:59 | INFO: Blender create Mesh node record_039
21:26:59 | INFO: Blender create Mesh node record_040
21:26:59 | INFO: Blender create Mesh node record_041
21:26:59 | INFO: Blender create Mesh node record_042
21:26:59 | INFO: Blender create Mesh node record_043
21:26:59 | INFO: Blender create Mesh node record_044
21:26:59 | INFO: Blender create Mesh node record_045
21:26:59 | INFO: Blender create Mesh node record_046
21:26:59 | INFO: Blender create Mesh node record_047
21:26:59 | INFO: Blender create Mesh node record_048
21:26:59 | INFO: Blender create Mesh node record_049
21:26:59 | INFO: Blender create Mesh node record_050
21:26:59 | INFO: Blender create Mesh node record_051
21:26:59 | INFO: Blender create Mesh node record_052
21:26:59 | INFO: glTF import finished in 0.05s
{"validated": "TAURUS_STOCK_A.glb", "scenes": 16, "images": 41}
21:26:59 | INFO: Data are loaded, start creating Blender stuff
21:26:59 | INFO: Blender create Mesh node record_001
21:26:59 | INFO: Blender create Mesh node record_002
21:26:59 | INFO: Blender create Mesh node record_003
21:26:59 | INFO: Blender create Mesh node record_004
21:26:59 | INFO: Blender create Mesh node record_005
21:26:59 | INFO: Blender create Mesh node record_006
21:26:59 | INFO: Blender create Mesh node record_007
21:26:59 | INFO: Blender create Mesh node record_008
21:26:59 | INFO: Blender create Mesh node record_009
21:26:59 | INFO: Blender create Mesh node record_010
21:26:59 | INFO: Blender create Mesh node record_011
21:26:59 | INFO: Blender create Mesh node record_012
21:26:59 | INFO: Blender create Mesh node record_013
21:26:59 | INFO: Blender create Mesh node record_014
21:26:59 | INFO: Blender create Mesh node record_015
21:26:59 | INFO: Blender create Mesh node record_016
21:26:59 | INFO: Blender create Mesh node record_017
21:26:59 | INFO: Blender create Mesh node record_018
21:26:59 | INFO: Blender create Mesh node record_019
21:26:59 | INFO: Blender create Mesh node record_020
21:26:59 | INFO: Blender create Mesh node record_021
21:26:59 | INFO: Blender create Mesh node record_022
21:26:59 | INFO: Blender create Mesh node record_023
21:26:59 | INFO: Blender create Mesh node record_024
21:26:59 | INFO: Blender create Mesh node record_025
21:26:59 | INFO: Blender create Mesh node record_026
21:26:59 | INFO: Blender create Mesh node record_027
21:26:59 | INFO: Blender create Mesh node record_028
21:26:59 | INFO: Blender create Mesh node record_029
21:26:59 | INFO: Blender create Mesh node record_030
21:26:59 | INFO: Blender create Mesh node record_031
21:26:59 | INFO: Blender create Mesh node record_032
21:26:59 | INFO: Blender create Mesh node record_033
21:26:59 | INFO: Blender create Mesh node record_034
21:26:59 | INFO: Blender create Mesh node record_035
21:26:59 | INFO: Blender create Mesh node record_036
21:26:59 | INFO: Blender create Mesh node record_037
21:26:59 | INFO: Blender create Mesh node record_038
21:26:59 | INFO: Blender create Mesh node record_039
21:26:59 | INFO: Blender create Mesh node record_040
21:26:59 | INFO: Blender create Mesh node record_041
21:26:59 | INFO: Blender create Mesh node record_042
21:26:59 | INFO: Blender create Mesh node record_043
21:26:59 | INFO: Blender create Mesh node record_044
21:26:59 | INFO: Blender create Mesh node record_045
21:26:59 | INFO: Blender create Mesh node record_046
21:26:59 | INFO: Blender create Mesh node record_047
21:26:59 | INFO: Blender create Mesh node record_048
21:26:59 | INFO: Blender create Mesh node record_049
21:26:59 | INFO: Blender create Mesh node record_050
21:26:59 | INFO: Blender create Mesh node record_051
21:26:59 | INFO: Blender create Mesh node record_052
21:26:59 | INFO: glTF import finished in 0.04s
{"validated": "TAURUS_STOCK_B.glb", "scenes": 16, "images": 41}
21:27:00 | INFO: Data are loaded, start creating Blender stuff
21:27:00 | INFO: Blender create Mesh node record_001
21:27:00 | INFO: Blender create Mesh node record_002
21:27:00 | INFO: Blender create Mesh node record_003
21:27:00 | INFO: Blender create Mesh node record_004
21:27:00 | INFO: Blender create Mesh node record_005
21:27:00 | INFO: Blender create Mesh node record_006
21:27:00 | INFO: Blender create Mesh node record_007
21:27:00 | INFO: Blender create Mesh node record_008
21:27:00 | INFO: Blender create Mesh node record_009
21:27:00 | INFO: Blender create Mesh node record_010
21:27:00 | INFO: Blender create Mesh node record_011
21:27:00 | INFO: Blender create Mesh node record_012
21:27:00 | INFO: Blender create Mesh node record_013
21:27:00 | INFO: Blender create Mesh node record_014
21:27:00 | INFO: Blender create Mesh node record_015
21:27:00 | INFO: Blender create Mesh node record_016
21:27:00 | INFO: Blender create Mesh node record_017
21:27:00 | INFO: Blender create Mesh node record_018
21:27:00 | INFO: Blender create Mesh node record_019
21:27:00 | INFO: Blender create Mesh node record_020
21:27:00 | INFO: Blender create Mesh node record_021
21:27:00 | INFO: Blender create Mesh node record_022
21:27:00 | INFO: Blender create Mesh node record_023
21:27:00 | INFO: Blender create Mesh node record_024
21:27:00 | INFO: Blender create Mesh node record_025
21:27:00 | INFO: Blender create Mesh node record_026
21:27:00 | INFO: Blender create Mesh node record_027
21:27:00 | INFO: Blender create Mesh node record_028
21:27:00 | INFO: Blender create Mesh node record_029
21:27:00 | INFO: Blender create Mesh node record_030
21:27:00 | INFO: Blender create Mesh node record_031
21:27:00 | INFO: Blender create Mesh node record_032
21:27:00 | INFO: Blender create Mesh node record_033
21:27:00 | INFO: Blender create Mesh node record_034
21:27:00 | INFO: Blender create Mesh node record_035
21:27:00 | INFO: Blender create Mesh node record_036
21:27:00 | INFO: Blender create Mesh node record_037
21:27:00 | INFO: Blender create Mesh node record_038
21:27:00 | INFO: Blender create Mesh node record_039
21:27:00 | INFO: Blender create Mesh node record_040
21:27:00 | INFO: Blender create Mesh node record_041
21:27:00 | INFO: Blender create Mesh node record_042
21:27:00 | INFO: Blender create Mesh node record_043
21:27:00 | INFO: Blender create Mesh node record_044
21:27:00 | INFO: Blender create Mesh node record_045
21:27:00 | INFO: Blender create Mesh node record_046
21:27:00 | INFO: Blender create Mesh node record_047
21:27:00 | INFO: Blender create Mesh node record_048
21:27:00 | INFO: Blender create Mesh node record_049
21:27:00 | INFO: Blender create Mesh node record_050
21:27:00 | INFO: Blender create Mesh node record_051
21:27:00 | INFO: Blender create Mesh node record_052
21:27:00 | INFO: glTF import finished in 0.06s
{"validated": "TAURUS_STOCK_C.glb", "scenes": 16, "images": 41}
21:27:00 | INFO: Data are loaded, start creating Blender stuff
21:27:00 | INFO: Blender create Mesh node record_001
21:27:00 | INFO: Blender create Mesh node record_002
21:27:00 | INFO: Blender create Mesh node record_003
21:27:00 | INFO: Blender create Mesh node record_004
21:27:00 | INFO: Blender create Mesh node record_005
21:27:00 | INFO: Blender create Mesh node record_006
21:27:00 | INFO: Blender create Mesh node record_007
21:27:00 | INFO: Blender create Mesh node record_008
21:27:00 | INFO: Blender create Mesh node record_009
21:27:00 | INFO: Blender create Mesh node record_010
21:27:00 | INFO: Blender create Mesh node record_011
21:27:00 | INFO: Blender create Mesh node record_012
21:27:00 | INFO: Blender create Mesh node record_013
21:27:00 | INFO: Blender create Mesh node record_014
21:27:00 | INFO: Blender create Mesh node record_015
21:27:00 | INFO: Blender create Mesh node record_016
21:27:00 | INFO: Blender create Mesh node record_017
21:27:00 | INFO: Blender create Mesh node record_018
21:27:00 | INFO: Blender create Mesh node record_019
21:27:00 | INFO: Blender create Mesh node record_020
21:27:00 | INFO: Blender create Mesh node record_021
21:27:00 | INFO: Blender create Mesh node record_022
21:27:00 | INFO: Blender create Mesh node record_023
21:27:00 | INFO: Blender create Mesh node record_024
21:27:00 | INFO: Blender create Mesh node record_025
21:27:00 | INFO: Blender create Mesh node record_026
21:27:00 | INFO: Blender create Mesh node record_027
21:27:00 | INFO: Blender create Mesh node record_028
21:27:00 | INFO: Blender create Mesh node record_029
21:27:00 | INFO: Blender create Mesh node record_030
21:27:00 | INFO: Blender create Mesh node record_031
21:27:00 | INFO: Blender create Mesh node record_032
21:27:00 | INFO: Blender create Mesh node record_033
21:27:00 | INFO: Blender create Mesh node record_034
21:27:00 | INFO: Blender create Mesh node record_035
21:27:00 | INFO: Blender create Mesh node record_036
21:27:00 | INFO: Blender create Mesh node record_037
21:27:00 | INFO: Blender create Mesh node record_038
21:27:00 | INFO: Blender create Mesh node record_039
21:27:00 | INFO: Blender create Mesh node record_040
21:27:00 | INFO: Blender create Mesh node record_041
21:27:00 | INFO: Blender create Mesh node record_042
21:27:00 | INFO: Blender create Mesh node record_043
21:27:00 | INFO: Blender create Mesh node record_044
21:27:00 | INFO: Blender create Mesh node record_045
21:27:00 | INFO: Blender create Mesh node record_046
21:27:00 | INFO: Blender create Mesh node record_047
21:27:00 | INFO: Blender create Mesh node record_048
21:27:00 | INFO: Blender create Mesh node record_049
21:27:00 | INFO: Blender create Mesh node record_050
21:27:00 | INFO: Blender create Mesh node record_051
21:27:00 | INFO: Blender create Mesh node record_052
21:27:00 | INFO: glTF import finished in 0.05s
{"validated": "TAURUS_STOCK_D.glb", "scenes": 16, "images": 41}
21:27:00 | INFO: Data are loaded, start creating Blender stuff
21:27:00 | INFO: Blender create Mesh node record_001
21:27:00 | INFO: Blender create Mesh node record_002
21:27:00 | INFO: Blender create Mesh node record_003
21:27:00 | INFO: Blender create Mesh node record_004
21:27:00 | INFO: Blender create Mesh node record_005
21:27:00 | INFO: Blender create Mesh node record_006
21:27:00 | INFO: Blender create Mesh node record_007
21:27:00 | INFO: Blender create Mesh node record_008
21:27:00 | INFO: Blender create Mesh node record_009
21:27:00 | INFO: Blender create Mesh node record_010
21:27:00 | INFO: Blender create Mesh node record_011
21:27:00 | INFO: Blender create Mesh node record_012
21:27:00 | INFO: Blender create Mesh node record_013
21:27:00 | INFO: Blender create Mesh node record_014
21:27:00 | INFO: Blender create Mesh node record_015
21:27:00 | INFO: Blender create Mesh node record_016
21:27:00 | INFO: Blender create Mesh node record_017
21:27:00 | INFO: Blender create Mesh node record_018
21:27:00 | INFO: Blender create Mesh node record_019
21:27:00 | INFO: Blender create Mesh node record_020
21:27:00 | INFO: Blender create Mesh node record_021
21:27:00 | INFO: Blender create Mesh node record_022
21:27:00 | INFO: Blender create Mesh node record_023
21:27:00 | INFO: Blender create Mesh node record_024
21:27:00 | INFO: Blender create Mesh node record_025
21:27:00 | INFO: Blender create Mesh node record_026
21:27:00 | INFO: Blender create Mesh node record_027
21:27:00 | INFO: Blender create Mesh node record_028
21:27:00 | INFO: Blender create Mesh node record_029
21:27:00 | INFO: Blender create Mesh node record_030
21:27:00 | INFO: Blender create Mesh node record_031
21:27:00 | INFO: Blender create Mesh node record_032
21:27:00 | INFO: Blender create Mesh node record_033
21:27:00 | INFO: Blender create Mesh node record_034
21:27:00 | INFO: Blender create Mesh node record_035
21:27:00 | INFO: Blender create Mesh node record_036
21:27:00 | INFO: Blender create Mesh node record_037
21:27:00 | INFO: glTF import finished in 0.04s
{"validated": "THUNDERBIRD.glb", "scenes": 16, "images": 17}
21:27:00 | INFO: Data are loaded, start creating Blender stuff
21:27:00 | INFO: Blender create Mesh node record_001
21:27:00 | INFO: Blender create Mesh node record_002
21:27:00 | INFO: Blender create Mesh node record_003
21:27:00 | INFO: Blender create Mesh node record_004
21:27:00 | INFO: Blender create Mesh node record_005
21:27:00 | INFO: Blender create Mesh node record_006
21:27:00 | INFO: Blender create Mesh node record_007
21:27:00 | INFO: Blender create Mesh node record_008
21:27:00 | INFO: Blender create Mesh node record_009
21:27:00 | INFO: Blender create Mesh node record_010
21:27:00 | INFO: Blender create Mesh node record_011
21:27:00 | INFO: Blender create Mesh node record_012
21:27:00 | INFO: Blender create Mesh node record_013
21:27:00 | INFO: Blender create Mesh node record_014
21:27:00 | INFO: Blender create Mesh node record_015
21:27:00 | INFO: Blender create Mesh node record_016
21:27:00 | INFO: Blender create Mesh node record_017
21:27:00 | INFO: Blender create Mesh node record_018
21:27:00 | INFO: Blender create Mesh node record_019
21:27:00 | INFO: Blender create Mesh node record_020
21:27:00 | INFO: Blender create Mesh node record_021
21:27:00 | INFO: Blender create Mesh node record_022
21:27:00 | INFO: Blender create Mesh node record_023
21:27:00 | INFO: Blender create Mesh node record_024
21:27:00 | INFO: Blender create Mesh node record_025
21:27:00 | INFO: Blender create Mesh node record_026
21:27:00 | INFO: Blender create Mesh node record_027
21:27:00 | INFO: Blender create Mesh node record_028
21:27:00 | INFO: Blender create Mesh node record_029
21:27:00 | INFO: Blender create Mesh node record_030
21:27:00 | INFO: Blender create Mesh node record_031
21:27:00 | INFO: Blender create Mesh node record_032
21:27:00 | INFO: Blender create Mesh node record_033
21:27:00 | INFO: Blender create Mesh node record_034
21:27:00 | INFO: Blender create Mesh node record_035
21:27:00 | INFO: Blender create Mesh node record_036
21:27:00 | INFO: Blender create Mesh node record_037
21:27:00 | INFO: Blender create Mesh node record_038
21:27:00 | INFO: Blender create Mesh node record_039
21:27:00 | INFO: Blender create Mesh node record_040
21:27:00 | INFO: Blender create Mesh node record_041
21:27:00 | INFO: Blender create Mesh node record_042
21:27:00 | INFO: Blender create Mesh node record_043
21:27:00 | INFO: Blender create Mesh node record_044
21:27:00 | INFO: Blender create Mesh node record_045
21:27:00 | INFO: Blender create Mesh node record_046
21:27:00 | INFO: Blender create Mesh node record_047
21:27:00 | INFO: Blender create Mesh node record_048
21:27:00 | INFO: Blender create Mesh node record_049
21:27:00 | INFO: Blender create Mesh node record_050
21:27:00 | INFO: Blender create Mesh node record_051
21:27:00 | INFO: Blender create Mesh node record_052
21:27:00 | INFO: Blender create Mesh node record_053
21:27:00 | INFO: Blender create Mesh node record_054
21:27:00 | INFO: Blender create Mesh node record_055
21:27:00 | INFO: Blender create Mesh node record_056
21:27:00 | INFO: Blender create Mesh node record_057
21:27:00 | INFO: Blender create Mesh node record_058
21:27:00 | INFO: Blender create Mesh node record_059
21:27:00 | INFO: Blender create Mesh node record_060
21:27:00 | INFO: Blender create Mesh node record_061
21:27:00 | INFO: Blender create Mesh node record_062
21:27:00 | INFO: Blender create Mesh node record_063
21:27:00 | INFO: Blender create Mesh node record_064
21:27:00 | INFO: Blender create Mesh node record_065
21:27:00 | INFO: Blender create Mesh node record_066
21:27:00 | INFO: glTF import finished in 0.04s
{"validated": "THUNDERBIRD_2002.glb", "scenes": 16, "images": 21}
21:27:00 | INFO: Data are loaded, start creating Blender stuff
21:27:00 | INFO: Blender create Mesh node record_001
21:27:00 | INFO: Blender create Mesh node record_002
21:27:00 | INFO: Blender create Mesh node record_003
21:27:00 | INFO: Blender create Mesh node record_004
21:27:00 | INFO: Blender create Mesh node record_005
21:27:00 | INFO: Blender create Mesh node record_006
21:27:00 | INFO: Blender create Mesh node record_007
21:27:00 | INFO: Blender create Mesh node record_008
21:27:00 | INFO: Blender create Mesh node record_009
21:27:00 | INFO: Blender create Mesh node record_010
21:27:00 | INFO: Blender create Mesh node record_011
21:27:00 | INFO: Blender create Mesh node record_012
21:27:00 | INFO: Blender create Mesh node record_013
21:27:00 | INFO: Blender create Mesh node record_014
21:27:00 | INFO: Blender create Mesh node record_015
21:27:00 | INFO: Blender create Mesh node record_016
21:27:00 | INFO: Blender create Mesh node record_017
21:27:00 | INFO: Blender create Mesh node record_018
21:27:00 | INFO: Blender create Mesh node record_019
21:27:00 | INFO: Blender create Mesh node record_020
21:27:00 | INFO: Blender create Mesh node record_021
21:27:00 | INFO: Blender create Mesh node record_022
21:27:00 | INFO: Blender create Mesh node record_023
21:27:00 | INFO: Blender create Mesh node record_024
21:27:00 | INFO: Blender create Mesh node record_025
21:27:00 | INFO: Blender create Mesh node record_026
21:27:00 | INFO: Blender create Mesh node record_027
21:27:00 | INFO: Blender create Mesh node record_028
21:27:00 | INFO: Blender create Mesh node record_029
21:27:00 | INFO: Blender create Mesh node record_030
21:27:00 | INFO: Blender create Mesh node record_031
21:27:00 | INFO: Blender create Mesh node record_032
21:27:00 | INFO: Blender create Mesh node record_033
21:27:00 | INFO: Blender create Mesh node record_034
21:27:00 | INFO: Blender create Mesh node record_035
21:27:00 | INFO: Blender create Mesh node record_036
21:27:00 | INFO: Blender create Mesh node record_037
21:27:00 | INFO: Blender create Mesh node record_038
21:27:00 | INFO: Blender create Mesh node record_039
21:27:00 | INFO: Blender create Mesh node record_040
21:27:00 | INFO: Blender create Mesh node record_041
21:27:00 | INFO: Blender create Mesh node record_042
21:27:00 | INFO: Blender create Mesh node record_043
21:27:00 | INFO: Blender create Mesh node record_044
21:27:00 | INFO: Blender create Mesh node record_045
21:27:00 | INFO: Blender create Mesh node record_046
21:27:00 | INFO: Blender create Mesh node record_047
21:27:00 | INFO: Blender create Mesh node record_048
21:27:00 | INFO: Blender create Mesh node record_049
21:27:00 | INFO: Blender create Mesh node record_050
21:27:00 | INFO: Blender create Mesh node record_051
21:27:00 | INFO: Blender create Mesh node record_052
21:27:00 | INFO: Blender create Mesh node record_053
21:27:00 | INFO: Blender create Mesh node record_054
21:27:00 | INFO: Blender create Mesh node record_055
21:27:00 | INFO: Blender create Mesh node record_056
21:27:00 | INFO: Blender create Mesh node record_057
21:27:00 | INFO: Blender create Mesh node record_058
21:27:00 | INFO: Blender create Mesh node record_059
21:27:00 | INFO: Blender create Mesh node record_060
21:27:00 | INFO: Blender create Mesh node record_061
21:27:00 | INFO: Blender create Mesh node record_062
21:27:00 | INFO: Blender create Mesh node record_063
21:27:00 | INFO: Blender create Mesh node record_064
21:27:00 | INFO: Blender create Mesh node record_065
21:27:00 | INFO: Blender create Mesh node record_066
21:27:00 | INFO: glTF import finished in 0.03s
{"validated": "THUNDERBIRD_MOVIE.glb", "scenes": 16, "images": 6}
Blender 4.5.14 LTS (hash 62c1db4208e8 built 2026-09-15 01:30:44)

Blender quit
