20:46:47 | INFO: Data are loaded, start creating Blender stuff
20:46:47 | INFO: Blender create Mesh node record_001
20:46:47 | INFO: Blender create Mesh node record_002
20:46:47 | INFO: Blender create Mesh node record_003
20:46:47 | INFO: Blender create Mesh node record_004
20:46:47 | INFO: Blender create Mesh node record_005
20:46:47 | INFO: Blender create Mesh node record_006
20:46:47 | INFO: Blender create Mesh node record_007
20:46:47 | INFO: Blender create Mesh node record_008
20:46:47 | INFO: Blender create Mesh node record_009
20:46:47 | INFO: Blender create Mesh node record_010
20:46:47 | INFO: Blender create Mesh node record_011
20:46:47 | INFO: Blender create Mesh node record_012
20:46:47 | INFO: Blender create Mesh node record_013
20:46:47 | INFO: Blender create Mesh node record_014
20:46:47 | INFO: Blender create Mesh node record_015
20:46:47 | INFO: Blender create Mesh node record_016
20:46:47 | INFO: Blender create Mesh node record_017
20:46:47 | INFO: Blender create Mesh node record_018
20:46:47 | INFO: Blender create Mesh node record_019
20:46:47 | INFO: Blender create Mesh node record_020
20:46:47 | INFO: Blender create Mesh node record_021
20:46:47 | INFO: Blender create Mesh node record_022
20:46:47 | INFO: Blender create Mesh node record_023
20:46:47 | INFO: Blender create Mesh node record_024
20:46:47 | INFO: Blender create Mesh node record_025
20:46:47 | INFO: Blender create Mesh node record_026
20:46:47 | INFO: Blender create Mesh node record_027
20:46:47 | INFO: Blender create Mesh node record_028
20:46:47 | INFO: Blender create Mesh node record_029
20:46:47 | INFO: Blender create Mesh node record_030
20:46:47 | INFO: Blender create Mesh node record_031
20:46:47 | INFO: Blender create Mesh node record_032
20:46:47 | INFO: Blender create Mesh node record_033
20:46:47 | INFO: Blender create Mesh node record_034
20:46:47 | INFO: Blender create Mesh node record_035
20:46:47 | INFO: Blender create Mesh node record_036
20:46:47 | INFO: Blender create Mesh node record_037
20:46:47 | INFO: Blender create Mesh node record_038
20:46:47 | INFO: glTF import finished in 0.03s
{"validated": "49_COUPE.glb", "scenes": 6, "images": 17}
20:46:47 | INFO: Data are loaded, start creating Blender stuff
20:46:47 | INFO: Blender create Mesh node record_001
20:46:47 | INFO: Blender create Mesh node record_002
20:46:47 | INFO: Blender create Mesh node record_003
20:46:47 | INFO: Blender create Mesh node record_004
20:46:47 | INFO: Blender create Mesh node record_005
20:46:47 | INFO: Blender create Mesh node record_006
20:46:47 | INFO: Blender create Mesh node record_007
20:46:47 | INFO: Blender create Mesh node record_008
20:46:47 | INFO: Blender create Mesh node record_009
20:46:47 | INFO: Blender create Mesh node record_010
20:46:47 | INFO: Blender create Mesh node record_011
20:46:47 | INFO: Blender create Mesh node record_012
20:46:47 | INFO: Blender create Mesh node record_013
20:46:47 | INFO: Blender create Mesh node record_014
20:46:47 | INFO: Blender create Mesh node record_015
20:46:47 | INFO: Blender create Mesh node record_016
20:46:47 | INFO: Blender create Mesh node record_017
20:46:47 | INFO: Blender create Mesh node record_018
20:46:47 | INFO: Blender create Mesh node record_019
20:46:47 | INFO: Blender create Mesh node record_020
20:46:47 | INFO: Blender create Mesh node record_021
20:46:47 | INFO: Blender create Mesh node record_022
20:46:47 | INFO: Blender create Mesh node record_023
20:46:47 | INFO: Blender create Mesh node record_024
20:46:47 | INFO: Blender create Mesh node record_025
20:46:47 | INFO: Blender create Mesh node record_026
20:46:47 | INFO: Blender create Mesh node record_027
20:46:47 | INFO: Blender create Mesh node record_028
20:46:47 | INFO: Blender create Mesh node record_029
20:46:47 | INFO: Blender create Mesh node record_030
20:46:47 | INFO: Blender create Mesh node record_031
20:46:47 | INFO: Blender create Mesh node record_032
20:46:47 | INFO: Blender create Mesh node record_033
20:46:47 | INFO: Blender create Mesh node record_034
20:46:47 | INFO: glTF import finished in 0.03s
{"validated": "49_COUPE_MOVIE.glb", "scenes": 6, "images": 4}
20:46:47 | INFO: Data are loaded, start creating Blender stuff
20:46:47 | INFO: Blender create Mesh node record_001
20:46:47 | INFO: Blender create Mesh node record_002
20:46:47 | INFO: Blender create Mesh node record_003
20:46:47 | INFO: Blender create Mesh node record_004
20:46:47 | INFO: Blender create Mesh node record_005
20:46:47 | INFO: Blender create Mesh node record_006
20:46:47 | INFO: Blender create Mesh node record_007
20:46:47 | INFO: Blender create Mesh node record_008
20:46:47 | INFO: Blender create Mesh node record_009
20:46:47 | INFO: Blender create Mesh node record_010
20:46:47 | INFO: Blender create Mesh node record_011
20:46:47 | INFO: Blender create Mesh node record_012
20:46:47 | INFO: Blender create Mesh node record_013
20:46:47 | INFO: Blender create Mesh node record_014
20:46:47 | INFO: Blender create Mesh node record_015
20:46:47 | INFO: Blender create Mesh node record_016
20:46:47 | INFO: Blender create Mesh node record_017
20:46:47 | INFO: Blender create Mesh node record_018
20:46:47 | INFO: Blender create Mesh node record_019
20:46:47 | INFO: Blender create Mesh node record_020
20:46:47 | INFO: Blender create Mesh node record_021
20:46:47 | INFO: Blender create Mesh node record_022
20:46:47 | INFO: Blender create Mesh node record_023
20:46:47 | INFO: Blender create Mesh node record_024
20:46:47 | INFO: Blender create Mesh node record_025
20:46:47 | INFO: Blender create Mesh node record_026
20:46:47 | INFO: Blender create Mesh node record_027
20:46:47 | INFO: Blender create Mesh node record_028
20:46:47 | INFO: Blender create Mesh node record_029
20:46:47 | INFO: Blender create Mesh node record_030
20:46:47 | INFO: Blender create Mesh node record_031
20:46:47 | INFO: Blender create Mesh node record_032
20:46:47 | INFO: Blender create Mesh node record_033
20:46:47 | INFO: Blender create Mesh node record_034
20:46:47 | INFO: Blender create Mesh node record_035
20:46:47 | INFO: Blender create Mesh node record_036
20:46:47 | INFO: Blender create Mesh node record_037
20:46:47 | INFO: Blender create Mesh node record_038
20:46:47 | INFO: Blender create Mesh node record_039
20:46:47 | INFO: Blender create Mesh node record_040
20:46:47 | INFO: Blender create Mesh node record_041
20:46:47 | INFO: Blender create Mesh node record_042
20:46:47 | INFO: Blender create Mesh node record_043
20:46:47 | INFO: Blender create Mesh node record_044
20:46:47 | INFO: Blender create Mesh node record_045
20:46:47 | INFO: Blender create Mesh node record_046
20:46:47 | INFO: Blender create Mesh node record_047
20:46:47 | INFO: Blender create Mesh node record_048
20:46:47 | INFO: Blender create Mesh node record_049
20:46:47 | INFO: glTF import finished in 0.03s
{"validated": "COBRA.glb", "scenes": 6, "images": 21}
20:46:47 | INFO: Data are loaded, start creating Blender stuff
20:46:47 | INFO: Blender create Mesh node record_001
20:46:47 | INFO: Blender create Mesh node record_002
20:46:47 | INFO: Blender create Mesh node record_003
20:46:47 | INFO: Blender create Mesh node record_004
20:46:47 | INFO: Blender create Mesh node record_005
20:46:47 | INFO: Blender create Mesh node record_006
20:46:47 | INFO: Blender create Mesh node record_007
20:46:47 | INFO: Blender create Mesh node record_008
20:46:47 | INFO: Blender create Mesh node record_009
20:46:47 | INFO: Blender create Mesh node record_010
20:46:47 | INFO: Blender create Mesh node record_011
20:46:47 | INFO: Blender create Mesh node record_012
20:46:47 | INFO: Blender create Mesh node record_013
20:46:47 | INFO: Blender create Mesh node record_014
20:46:47 | INFO: Blender create Mesh node record_015
20:46:47 | INFO: Blender create Mesh node record_016
20:46:47 | INFO: Blender create Mesh node record_017
20:46:47 | INFO: Blender create Mesh node record_018
20:46:47 | INFO: Blender create Mesh node record_019
20:46:47 | INFO: Blender create Mesh node record_020
20:46:47 | INFO: Blender create Mesh node record_021
20:46:47 | INFO: Blender create Mesh node record_022
20:46:47 | INFO: Blender create Mesh node record_023
20:46:47 | INFO: Blender create Mesh node record_024
20:46:47 | INFO: Blender create Mesh node record_025
20:46:47 | INFO: Blender create Mesh node record_026
20:46:47 | INFO: Blender create Mesh node record_027
20:46:47 | INFO: Blender create Mesh node record_028
20:46:47 | INFO: Blender create Mesh node record_029
20:46:47 | INFO: Blender create Mesh node record_030
20:46:47 | INFO: Blender create Mesh node record_031
20:46:47 | INFO: Blender create Mesh node record_032
20:46:47 | INFO: Blender create Mesh node record_033
20:46:47 | INFO: Blender create Mesh node record_034
20:46:47 | INFO: Blender create Mesh node record_035
20:46:47 | INFO: Blender create Mesh node record_036
20:46:47 | INFO: Blender create Mesh node record_037
20:46:47 | INFO: Blender create Mesh node record_038
20:46:47 | INFO: Blender create Mesh node record_039
20:46:47 | INFO: Blender create Mesh node record_040
20:46:47 | INFO: Blender create Mesh node record_041
20:46:47 | INFO: Blender create Mesh node record_042
20:46:47 | INFO: Blender create Mesh node record_043
20:46:47 | INFO: Blender create Mesh node record_044
20:46:47 | INFO: Blender create Mesh node record_045
20:46:47 | INFO: Blender create Mesh node record_046
20:46:47 | INFO: Blender create Mesh node record_047
20:46:47 | INFO: Blender create Mesh node record_048
20:46:47 | INFO: Blender create Mesh node record_049
20:46:47 | INFO: Blender create Mesh node record_050
20:46:47 | INFO: Blender create Mesh node record_051
20:46:47 | INFO: Blender create Mesh node record_052
20:46:47 | INFO: Blender create Mesh node record_053
20:46:47 | INFO: Blender create Mesh node record_054
20:46:47 | INFO: Blender create Mesh node record_055
20:46:47 | INFO: Blender create Mesh node record_056
20:46:47 | INFO: Blender create Mesh node record_057
20:46:47 | INFO: Blender create Mesh node record_058
20:46:47 | INFO: Blender create Mesh node record_059
20:46:47 | INFO: Blender create Mesh node record_060
20:46:47 | INFO: Blender create Mesh node record_061
20:46:47 | INFO: Blender create Mesh node record_062
20:46:47 | INFO: Blender create Mesh node record_063
20:46:47 | INFO: Blender create Mesh node record_064
20:46:47 | INFO: Blender create Mesh node record_065
20:46:47 | INFO: Blender create Mesh node record_066
20:46:47 | INFO: Blender create Mesh node record_067
20:46:47 | INFO: glTF import finished in 0.04s
{"validated": "CROWN_VICTORIA.glb", "scenes": 6, "images": 21}
20:46:47 | INFO: Data are loaded, start creating Blender stuff
20:46:47 | INFO: Blender create Mesh node record_001
20:46:47 | INFO: Blender create Mesh node record_002
20:46:47 | INFO: Blender create Mesh node record_003
20:46:47 | INFO: Blender create Mesh node record_004
20:46:47 | INFO: Blender create Mesh node record_005
20:46:47 | INFO: Blender create Mesh node record_006
20:46:47 | INFO: Blender create Mesh node record_007
20:46:47 | INFO: Blender create Mesh node record_008
20:46:47 | INFO: Blender create Mesh node record_009
20:46:47 | INFO: Blender create Mesh node record_010
20:46:47 | INFO: Blender create Mesh node record_011
20:46:47 | INFO: Blender create Mesh node record_012
20:46:47 | INFO: Blender create Mesh node record_013
20:46:47 | INFO: Blender create Mesh node record_014
20:46:47 | INFO: Blender create Mesh node record_015
20:46:47 | INFO: Blender create Mesh node record_016
20:46:47 | INFO: Blender create Mesh node record_017
20:46:47 | INFO: Blender create Mesh node record_018
20:46:47 | INFO: Blender create Mesh node record_019
20:46:47 | INFO: Blender create Mesh node record_020
20:46:47 | INFO: Blender create Mesh node record_021
20:46:47 | INFO: Blender create Mesh node record_022
20:46:47 | INFO: Blender create Mesh node record_023
20:46:47 | INFO: Blender create Mesh node record_024
20:46:47 | INFO: Blender create Mesh node record_025
20:46:47 | INFO: Blender create Mesh node record_026
20:46:47 | INFO: Blender create Mesh node record_027
20:46:47 | INFO: Blender create Mesh node record_028
20:46:47 | INFO: Blender create Mesh node record_029
20:46:47 | INFO: Blender create Mesh node record_030
20:46:47 | INFO: Blender create Mesh node record_031
20:46:47 | INFO: Blender create Mesh node record_032
20:46:47 | INFO: Blender create Mesh node record_033
20:46:47 | INFO: Blender create Mesh node record_034
20:46:47 | INFO: Blender create Mesh node record_035
20:46:47 | INFO: Blender create Mesh node record_036
20:46:47 | INFO: Blender create Mesh node record_037
20:46:47 | INFO: Blender create Mesh node record_038
20:46:47 | INFO: Blender create Mesh node record_039
20:46:47 | INFO: Blender create Mesh node record_040
20:46:47 | INFO: Blender create Mesh node record_041
20:46:47 | INFO: Blender create Mesh node record_042
20:46:47 | INFO: Blender create Mesh node record_043
20:46:47 | INFO: Blender create Mesh node record_044
20:46:47 | INFO: Blender create Mesh node record_045
20:46:47 | INFO: Blender create Mesh node record_046
20:46:47 | INFO: Blender create Mesh node record_047
20:46:47 | INFO: Blender create Mesh node record_048
20:46:47 | INFO: Blender create Mesh node record_049
20:46:47 | INFO: Blender create Mesh node record_050
20:46:47 | INFO: Blender create Mesh node record_051
20:46:47 | INFO: Blender create Mesh node record_052
20:46:47 | INFO: Blender create Mesh node record_053
20:46:47 | INFO: Blender create Mesh node record_054
20:46:47 | INFO: Blender create Mesh node record_055
20:46:47 | INFO: Blender create Mesh node record_056
20:46:47 | INFO: Blender create Mesh node record_057
20:46:47 | INFO: Blender create Mesh node record_058
20:46:47 | INFO: Blender create Mesh node record_059
20:46:47 | INFO: Blender create Mesh node record_060
20:46:47 | INFO: Blender create Mesh node record_061
20:46:47 | INFO: glTF import finished in 0.04s
{"validated": "EX.glb", "scenes": 6, "images": 21}
20:46:47 | INFO: Data are loaded, start creating Blender stuff
20:46:47 | INFO: Blender create Mesh node record_001
20:46:47 | INFO: Blender create Mesh node record_002
20:46:47 | INFO: Blender create Mesh node record_003
20:46:47 | INFO: Blender create Mesh node record_004
20:46:47 | INFO: Blender create Mesh node record_005
20:46:47 | INFO: Blender create Mesh node record_006
20:46:47 | INFO: Blender create Mesh node record_007
20:46:47 | INFO: Blender create Mesh node record_008
20:46:47 | INFO: Blender create Mesh node record_009
20:46:47 | INFO: Blender create Mesh node record_010
20:46:47 | INFO: Blender create Mesh node record_011
20:46:47 | INFO: Blender create Mesh node record_012
20:46:47 | INFO: Blender create Mesh node record_013
20:46:47 | INFO: Blender create Mesh node record_014
20:46:47 | INFO: Blender create Mesh node record_015
20:46:47 | INFO: Blender create Mesh node record_016
20:46:47 | INFO: Blender create Mesh node record_017
20:46:47 | INFO: Blender create Mesh node record_018
20:46:47 | INFO: Blender create Mesh node record_019
20:46:47 | INFO: Blender create Mesh node record_020
20:46:47 | INFO: Blender create Mesh node record_021
20:46:47 | INFO: Blender create Mesh node record_022
20:46:47 | INFO: Blender create Mesh node record_023
20:46:47 | INFO: Blender create Mesh node record_024
20:46:47 | INFO: Blender create Mesh node record_025
20:46:47 | INFO: Blender create Mesh node record_026
20:46:47 | INFO: Blender create Mesh node record_027
20:46:47 | INFO: Blender create Mesh node record_028
20:46:47 | INFO: Blender create Mesh node record_029
20:46:47 | INFO: Blender create Mesh node record_030
20:46:47 | INFO: Blender create Mesh node record_031
20:46:47 | INFO: Blender create Mesh node record_032
20:46:47 | INFO: Blender create Mesh node record_033
20:46:47 | INFO: Blender create Mesh node record_034
20:46:47 | INFO: Blender create Mesh node record_035
20:46:47 | INFO: Blender create Mesh node record_036
20:46:47 | INFO: Blender create Mesh node record_037
20:46:47 | INFO: Blender create Mesh node record_038
20:46:47 | INFO: Blender create Mesh node record_039
20:46:47 | INFO: Blender create Mesh node record_040
20:46:47 | INFO: Blender create Mesh node record_041
20:46:47 | INFO: Blender create Mesh node record_042
20:46:47 | INFO: Blender create Mesh node record_043
20:46:47 | INFO: Blender create Mesh node record_044
20:46:47 | INFO: Blender create Mesh node record_045
20:46:47 | INFO: Blender create Mesh node record_046
20:46:47 | INFO: Blender create Mesh node record_047
20:46:47 | INFO: Blender create Mesh node record_048
20:46:47 | INFO: Blender create Mesh node record_049
20:46:47 | INFO: glTF import finished in 0.04s
{"validated": "EXPLORER.glb", "scenes": 6, "images": 21}
20:46:47 | INFO: Data are loaded, start creating Blender stuff
20:46:47 | INFO: Blender create Mesh node record_001
20:46:47 | INFO: Blender create Mesh node record_002
20:46:47 | INFO: Blender create Mesh node record_003
20:46:47 | INFO: Blender create Mesh node record_004
20:46:47 | INFO: Blender create Mesh node record_005
20:46:47 | INFO: Blender create Mesh node record_006
20:46:47 | INFO: Blender create Mesh node record_007
20:46:47 | INFO: Blender create Mesh node record_008
20:46:47 | INFO: Blender create Mesh node record_009
20:46:47 | INFO: Blender create Mesh node record_010
20:46:47 | INFO: Blender create Mesh node record_011
20:46:47 | INFO: Blender create Mesh node record_012
20:46:47 | INFO: Blender create Mesh node record_013
20:46:47 | INFO: Blender create Mesh node record_014
20:46:47 | INFO: Blender create Mesh node record_015
20:46:47 | INFO: Blender create Mesh node record_016
20:46:47 | INFO: Blender create Mesh node record_017
20:46:47 | INFO: Blender create Mesh node record_018
20:46:47 | INFO: Blender create Mesh node record_019
20:46:47 | INFO: Blender create Mesh node record_020
20:46:47 | INFO: Blender create Mesh node record_021
20:46:47 | INFO: Blender create Mesh node record_022
20:46:47 | INFO: Blender create Mesh node record_023
20:46:47 | INFO: Blender create Mesh node record_024
20:46:47 | INFO: Blender create Mesh node record_025
20:46:47 | INFO: Blender create Mesh node record_026
20:46:47 | INFO: Blender create Mesh node record_027
20:46:47 | INFO: Blender create Mesh node record_028
20:46:47 | INFO: Blender create Mesh node record_029
20:46:47 | INFO: Blender create Mesh node record_030
20:46:47 | INFO: Blender create Mesh node record_031
20:46:47 | INFO: Blender create Mesh node record_032
20:46:47 | INFO: Blender create Mesh node record_033
20:46:47 | INFO: Blender create Mesh node record_034
20:46:47 | INFO: Blender create Mesh node record_035
20:46:47 | INFO: Blender create Mesh node record_036
20:46:47 | INFO: Blender create Mesh node record_037
20:46:47 | INFO: Blender create Mesh node record_038
20:46:47 | INFO: Blender create Mesh node record_039
20:46:47 | INFO: Blender create Mesh node record_040
20:46:47 | INFO: Blender create Mesh node record_041
20:46:47 | INFO: glTF import finished in 0.03s
{"validated": "F100_1956.glb", "scenes": 6, "images": 17}
20:46:47 | INFO: Data are loaded, start creating Blender stuff
20:46:47 | INFO: Blender create Mesh node record_001
20:46:47 | INFO: Blender create Mesh node record_002
20:46:47 | INFO: Blender create Mesh node record_003
20:46:47 | INFO: Blender create Mesh node record_004
20:46:47 | INFO: Blender create Mesh node record_005
20:46:47 | INFO: Blender create Mesh node record_006
20:46:47 | INFO: Blender create Mesh node record_007
20:46:47 | INFO: Blender create Mesh node record_008
20:46:47 | INFO: Blender create Mesh node record_009
20:46:47 | INFO: Blender create Mesh node record_010
20:46:47 | INFO: Blender create Mesh node record_011
20:46:47 | INFO: Blender create Mesh node record_012
20:46:47 | INFO: Blender create Mesh node record_013
20:46:47 | INFO: Blender create Mesh node record_014
20:46:47 | INFO: Blender create Mesh node record_015
20:46:47 | INFO: Blender create Mesh node record_016
20:46:47 | INFO: Blender create Mesh node record_017
20:46:47 | INFO: Blender create Mesh node record_018
20:46:47 | INFO: Blender create Mesh node record_019
20:46:47 | INFO: Blender create Mesh node record_020
20:46:47 | INFO: Blender create Mesh node record_021
20:46:47 | INFO: Blender create Mesh node record_022
20:46:47 | INFO: Blender create Mesh node record_023
20:46:47 | INFO: Blender create Mesh node record_024
20:46:47 | INFO: Blender create Mesh node record_025
20:46:47 | INFO: Blender create Mesh node record_026
20:46:47 | INFO: Blender create Mesh node record_027
20:46:47 | INFO: Blender create Mesh node record_028
20:46:47 | INFO: Blender create Mesh node record_029
20:46:47 | INFO: Blender create Mesh node record_030
20:46:47 | INFO: Blender create Mesh node record_031
20:46:47 | INFO: Blender create Mesh node record_032
20:46:47 | INFO: Blender create Mesh node record_033
20:46:47 | INFO: Blender create Mesh node record_034
20:46:47 | INFO: Blender create Mesh node record_035
20:46:47 | INFO: glTF import finished in 0.03s
{"validated": "F100_1965.glb", "scenes": 6, "images": 17}
20:46:47 | INFO: Data are loaded, start creating Blender stuff
20:46:47 | INFO: Blender create Mesh node record_001
20:46:47 | INFO: Blender create Mesh node record_002
20:46:47 | INFO: Blender create Mesh node record_003
20:46:47 | INFO: Blender create Mesh node record_004
20:46:47 | INFO: Blender create Mesh node record_005
20:46:47 | INFO: Blender create Mesh node record_006
20:46:47 | INFO: Blender create Mesh node record_007
20:46:47 | INFO: Blender create Mesh node record_008
20:46:47 | INFO: Blender create Mesh node record_009
20:46:47 | INFO: Blender create Mesh node record_010
20:46:47 | INFO: Blender create Mesh node record_011
20:46:47 | INFO: Blender create Mesh node record_012
20:46:47 | INFO: Blender create Mesh node record_013
20:46:47 | INFO: Blender create Mesh node record_014
20:46:47 | INFO: Blender create Mesh node record_015
20:46:47 | INFO: Blender create Mesh node record_016
20:46:47 | INFO: Blender create Mesh node record_017
20:46:47 | INFO: Blender create Mesh node record_018
20:46:47 | INFO: Blender create Mesh node record_019
20:46:47 | INFO: Blender create Mesh node record_020
20:46:47 | INFO: Blender create Mesh node record_021
20:46:47 | INFO: Blender create Mesh node record_022
20:46:47 | INFO: Blender create Mesh node record_023
20:46:47 | INFO: Blender create Mesh node record_024
20:46:47 | INFO: Blender create Mesh node record_025
20:46:47 | INFO: Blender create Mesh node record_026
20:46:47 | INFO: Blender create Mesh node record_027
20:46:47 | INFO: Blender create Mesh node record_028
20:46:47 | INFO: Blender create Mesh node record_029
20:46:47 | INFO: Blender create Mesh node record_030
20:46:47 | INFO: Blender create Mesh node record_031
20:46:47 | INFO: Blender create Mesh node record_032
20:46:47 | INFO: Blender create Mesh node record_033
20:46:47 | INFO: Blender create Mesh node record_034
20:46:47 | INFO: Blender create Mesh node record_035
20:46:47 | INFO: Blender create Mesh node record_036
20:46:47 | INFO: Blender create Mesh node record_037
20:46:47 | INFO: Blender create Mesh node record_038
20:46:47 | INFO: Blender create Mesh node record_039
20:46:47 | INFO: Blender create Mesh node record_040
20:46:47 | INFO: Blender create Mesh node record_041
20:46:47 | INFO: Blender create Mesh node record_042
20:46:47 | INFO: Blender create Mesh node record_043
20:46:47 | INFO: Blender create Mesh node record_044
20:46:47 | INFO: Blender create Mesh node record_045
20:46:47 | INFO: Blender create Mesh node record_046
20:46:47 | INFO: Blender create Mesh node record_047
20:46:47 | INFO: Blender create Mesh node record_048
20:46:47 | INFO: Blender create Mesh node record_049
20:46:47 | INFO: Blender create Mesh node record_050
20:46:47 | INFO: Blender create Mesh node record_051
20:46:47 | INFO: glTF import finished in 0.03s
{"validated": "F150.glb", "scenes": 6, "images": 21}
20:46:47 | INFO: Data are loaded, start creating Blender stuff
20:46:47 | INFO: Blender create Mesh node record_001
20:46:47 | INFO: Blender create Mesh node record_002
20:46:47 | INFO: Blender create Mesh node record_003
20:46:47 | INFO: Blender create Mesh node record_004
20:46:47 | INFO: Blender create Mesh node record_005
20:46:47 | INFO: Blender create Mesh node record_006
20:46:47 | INFO: Blender create Mesh node record_007
20:46:47 | INFO: Blender create Mesh node record_008
20:46:47 | INFO: Blender create Mesh node record_009
20:46:47 | INFO: Blender create Mesh node record_010
20:46:47 | INFO: Blender create Mesh node record_011
20:46:47 | INFO: Blender create Mesh node record_012
20:46:47 | INFO: Blender create Mesh node record_013
20:46:47 | INFO: Blender create Mesh node record_014
20:46:47 | INFO: Blender create Mesh node record_015
20:46:47 | INFO: Blender create Mesh node record_016
20:46:47 | INFO: Blender create Mesh node record_017
20:46:47 | INFO: Blender create Mesh node record_018
20:46:47 | INFO: Blender create Mesh node record_019
20:46:47 | INFO: Blender create Mesh node record_020
20:46:47 | INFO: Blender create Mesh node record_021
20:46:47 | INFO: Blender create Mesh node record_022
20:46:47 | INFO: Blender create Mesh node record_023
20:46:47 | INFO: Blender create Mesh node record_024
20:46:47 | INFO: Blender create Mesh node record_025
20:46:47 | INFO: Blender create Mesh node record_026
20:46:47 | INFO: Blender create Mesh node record_027
20:46:47 | INFO: Blender create Mesh node record_028
20:46:47 | INFO: Blender create Mesh node record_029
20:46:47 | INFO: Blender create Mesh node record_030
20:46:47 | INFO: Blender create Mesh node record_031
20:46:47 | INFO: Blender create Mesh node record_032
20:46:47 | INFO: Blender create Mesh node record_033
20:46:47 | INFO: Blender create Mesh node record_034
20:46:47 | INFO: Blender create Mesh node record_035
20:46:47 | INFO: Blender create Mesh node record_036
20:46:47 | INFO: Blender create Mesh node record_037
20:46:47 | INFO: Blender create Mesh node record_038
20:46:47 | INFO: Blender create Mesh node record_039
20:46:47 | INFO: Blender create Mesh node record_040
20:46:47 | INFO: Blender create Mesh node record_041
20:46:47 | INFO: Blender create Mesh node record_042
20:46:47 | INFO: Blender create Mesh node record_043
20:46:47 | INFO: Blender create Mesh node record_044
20:46:47 | INFO: Blender create Mesh node record_045
20:46:47 | INFO: glTF import finished in 0.03s
{"validated": "F150_2004.glb", "scenes": 6, "images": 21}
20:46:48 | INFO: Data are loaded, start creating Blender stuff
20:46:48 | INFO: Blender create Mesh node record_001
20:46:48 | INFO: Blender create Mesh node record_002
20:46:48 | INFO: Blender create Mesh node record_003
20:46:48 | INFO: Blender create Mesh node record_004
20:46:48 | INFO: Blender create Mesh node record_005
20:46:48 | INFO: Blender create Mesh node record_006
20:46:48 | INFO: Blender create Mesh node record_007
20:46:48 | INFO: Blender create Mesh node record_008
20:46:48 | INFO: Blender create Mesh node record_009
20:46:48 | INFO: Blender create Mesh node record_010
20:46:48 | INFO: Blender create Mesh node record_011
20:46:48 | INFO: Blender create Mesh node record_012
20:46:48 | INFO: Blender create Mesh node record_013
20:46:48 | INFO: Blender create Mesh node record_014
20:46:48 | INFO: Blender create Mesh node record_015
20:46:48 | INFO: Blender create Mesh node record_016
20:46:48 | INFO: Blender create Mesh node record_017
20:46:48 | INFO: Blender create Mesh node record_018
20:46:48 | INFO: Blender create Mesh node record_019
20:46:48 | INFO: Blender create Mesh node record_020
20:46:48 | INFO: Blender create Mesh node record_021
20:46:48 | INFO: Blender create Mesh node record_022
20:46:48 | INFO: Blender create Mesh node record_023
20:46:48 | INFO: Blender create Mesh node record_024
20:46:48 | INFO: Blender create Mesh node record_025
20:46:48 | INFO: Blender create Mesh node record_026
20:46:48 | INFO: Blender create Mesh node record_027
20:46:48 | INFO: Blender create Mesh node record_028
20:46:48 | INFO: Blender create Mesh node record_029
20:46:48 | INFO: Blender create Mesh node record_030
20:46:48 | INFO: Blender create Mesh node record_031
20:46:48 | INFO: Blender create Mesh node record_032
20:46:48 | INFO: Blender create Mesh node record_033
20:46:48 | INFO: Blender create Mesh node record_034
20:46:48 | INFO: Blender create Mesh node record_035
20:46:48 | INFO: Blender create Mesh node record_036
20:46:48 | INFO: Blender create Mesh node record_037
20:46:48 | INFO: Blender create Mesh node record_038
20:46:48 | INFO: Blender create Mesh node record_039
20:46:48 | INFO: Blender create Mesh node record_040
20:46:48 | INFO: Blender create Mesh node record_041
20:46:48 | INFO: Blender create Mesh node record_042
20:46:48 | INFO: Blender create Mesh node record_043
20:46:48 | INFO: Blender create Mesh node record_044
20:46:48 | INFO: Blender create Mesh node record_045
20:46:48 | INFO: Blender create Mesh node record_046
20:46:48 | INFO: Blender create Mesh node record_047
20:46:48 | INFO: Blender create Mesh node record_048
20:46:48 | INFO: glTF import finished in 0.03s
{"validated": "F350.glb", "scenes": 6, "images": 21}
20:46:48 | INFO: Data are loaded, start creating Blender stuff
20:46:48 | INFO: Blender create Mesh node record_001
20:46:48 | INFO: Blender create Mesh node record_002
20:46:48 | INFO: Blender create Mesh node record_003
20:46:48 | INFO: Blender create Mesh node record_004
20:46:48 | INFO: Blender create Mesh node record_005
20:46:48 | INFO: Blender create Mesh node record_006
20:46:48 | INFO: Blender create Mesh node record_007
20:46:48 | INFO: Blender create Mesh node record_008
20:46:48 | INFO: Blender create Mesh node record_009
20:46:48 | INFO: Blender create Mesh node record_010
20:46:48 | INFO: Blender create Mesh node record_011
20:46:48 | INFO: Blender create Mesh node record_012
20:46:48 | INFO: Blender create Mesh node record_013
20:46:48 | INFO: Blender create Mesh node record_014
20:46:48 | INFO: Blender create Mesh node record_015
20:46:48 | INFO: Blender create Mesh node record_016
20:46:48 | INFO: Blender create Mesh node record_017
20:46:48 | INFO: Blender create Mesh node record_018
20:46:48 | INFO: Blender create Mesh node record_019
20:46:48 | INFO: Blender create Mesh node record_020
20:46:48 | INFO: Blender create Mesh node record_021
20:46:48 | INFO: Blender create Mesh node record_022
20:46:48 | INFO: Blender create Mesh node record_023
20:46:48 | INFO: Blender create Mesh node record_024
20:46:48 | INFO: Blender create Mesh node record_025
20:46:48 | INFO: Blender create Mesh node record_026
20:46:48 | INFO: Blender create Mesh node record_027
20:46:48 | INFO: Blender create Mesh node record_028
20:46:48 | INFO: Blender create Mesh node record_029
20:46:48 | INFO: Blender create Mesh node record_030
20:46:48 | INFO: Blender create Mesh node record_031
20:46:48 | INFO: Blender create Mesh node record_032
20:46:48 | INFO: Blender create Mesh node record_033
20:46:48 | INFO: Blender create Mesh node record_034
20:46:48 | INFO: Blender create Mesh node record_035
20:46:48 | INFO: Blender create Mesh node record_036
20:46:48 | INFO: Blender create Mesh node record_037
20:46:48 | INFO: Blender create Mesh node record_038
20:46:48 | INFO: Blender create Mesh node record_039
20:46:48 | INFO: Blender create Mesh node record_040
20:46:48 | INFO: Blender create Mesh node record_041
20:46:48 | INFO: Blender create Mesh node record_042
20:46:48 | INFO: Blender create Mesh node record_043
20:46:48 | INFO: Blender create Mesh node record_044
20:46:48 | INFO: Blender create Mesh node record_045
20:46:48 | INFO: Blender create Mesh node record_046
20:46:48 | INFO: Blender create Mesh node record_047
20:46:48 | INFO: Blender create Mesh node record_048
20:46:48 | INFO: Blender create Mesh node record_049
20:46:48 | INFO: Blender create Mesh node record_050
20:46:48 | INFO: Blender create Mesh node record_051
20:46:48 | INFO: Blender create Mesh node record_052
20:46:48 | INFO: Blender create Mesh node record_053
20:46:48 | INFO: Blender create Mesh node record_054
20:46:48 | INFO: Blender create Mesh node record_055
20:46:48 | INFO: Blender create Mesh node record_056
20:46:48 | INFO: Blender create Mesh node record_057
20:46:48 | INFO: Blender create Mesh node record_058
20:46:48 | INFO: Blender create Mesh node record_059
20:46:48 | INFO: Blender create Mesh node record_060
20:46:48 | INFO: Blender create Mesh node record_061
20:46:48 | INFO: Blender create Mesh node record_062
20:46:48 | INFO: Blender create Mesh node record_063
20:46:48 | INFO: Blender create Mesh node record_064
20:46:48 | INFO: Blender create Mesh node record_065
20:46:48 | INFO: glTF import finished in 0.04s
{"validated": "FOCUS_FR200.glb", "scenes": 6, "images": 22}
20:46:48 | INFO: Data are loaded, start creating Blender stuff
20:46:48 | INFO: Blender create Mesh node record_001
20:46:48 | INFO: Blender create Mesh node record_002
20:46:48 | INFO: Blender create Mesh node record_003
20:46:48 | INFO: Blender create Mesh node record_004
20:46:48 | INFO: Blender create Mesh node record_005
20:46:48 | INFO: Blender create Mesh node record_006
20:46:48 | INFO: Blender create Mesh node record_007
20:46:48 | INFO: Blender create Mesh node record_008
20:46:48 | INFO: Blender create Mesh node record_009
20:46:48 | INFO: Blender create Mesh node record_010
20:46:48 | INFO: Blender create Mesh node record_011
20:46:48 | INFO: Blender create Mesh node record_012
20:46:48 | INFO: Blender create Mesh node record_013
20:46:48 | INFO: Blender create Mesh node record_014
20:46:48 | INFO: Blender create Mesh node record_015
20:46:48 | INFO: Blender create Mesh node record_016
20:46:48 | INFO: Blender create Mesh node record_017
20:46:48 | INFO: Blender create Mesh node record_018
20:46:48 | INFO: Blender create Mesh node record_019
20:46:48 | INFO: Blender create Mesh node record_020
20:46:48 | INFO: Blender create Mesh node record_021
20:46:48 | INFO: Blender create Mesh node record_022
20:46:48 | INFO: Blender create Mesh node record_023
20:46:48 | INFO: Blender create Mesh node record_024
20:46:48 | INFO: Blender create Mesh node record_025
20:46:48 | INFO: Blender create Mesh node record_026
20:46:48 | INFO: Blender create Mesh node record_027
20:46:48 | INFO: Blender create Mesh node record_028
20:46:48 | INFO: Blender create Mesh node record_029
20:46:48 | INFO: Blender create Mesh node record_030
20:46:48 | INFO: Blender create Mesh node record_031
20:46:48 | INFO: Blender create Mesh node record_032
20:46:48 | INFO: Blender create Mesh node record_033
20:46:48 | INFO: Blender create Mesh node record_034
20:46:48 | INFO: Blender create Mesh node record_035
20:46:48 | INFO: Blender create Mesh node record_036
20:46:48 | INFO: Blender create Mesh node record_037
20:46:48 | INFO: Blender create Mesh node record_038
20:46:48 | INFO: Blender create Mesh node record_039
20:46:48 | INFO: Blender create Mesh node record_040
20:46:48 | INFO: Blender create Mesh node record_041
20:46:48 | INFO: Blender create Mesh node record_042
20:46:48 | INFO: Blender create Mesh node record_043
20:46:48 | INFO: Blender create Mesh node record_044
20:46:48 | INFO: Blender create Mesh node record_045
20:46:48 | INFO: Blender create Mesh node record_046
20:46:48 | INFO: Blender create Mesh node record_047
20:46:48 | INFO: Blender create Mesh node record_048
20:46:48 | INFO: Blender create Mesh node record_049
20:46:48 | INFO: Blender create Mesh node record_050
20:46:48 | INFO: Blender create Mesh node record_051
20:46:48 | INFO: Blender create Mesh node record_052
20:46:48 | INFO: Blender create Mesh node record_053
20:46:48 | INFO: Blender create Mesh node record_054
20:46:48 | INFO: Blender create Mesh node record_055
20:46:48 | INFO: Blender create Mesh node record_056
20:46:48 | INFO: Blender create Mesh node record_057
20:46:48 | INFO: glTF import finished in 0.04s
{"validated": "FOCUS_SVT.glb", "scenes": 6, "images": 21}
20:46:48 | INFO: Data are loaded, start creating Blender stuff
20:46:48 | INFO: Blender create Mesh node record_001
20:46:48 | INFO: Blender create Mesh node record_002
20:46:48 | INFO: Blender create Mesh node record_003
20:46:48 | INFO: Blender create Mesh node record_004
20:46:48 | INFO: Blender create Mesh node record_005
20:46:48 | INFO: Blender create Mesh node record_006
20:46:48 | INFO: Blender create Mesh node record_007
20:46:48 | INFO: Blender create Mesh node record_008
20:46:48 | INFO: Blender create Mesh node record_009
20:46:48 | INFO: Blender create Mesh node record_010
20:46:48 | INFO: Blender create Mesh node record_011
20:46:48 | INFO: Blender create Mesh node record_012
20:46:48 | INFO: Blender create Mesh node record_013
20:46:48 | INFO: Blender create Mesh node record_014
20:46:48 | INFO: Blender create Mesh node record_015
20:46:48 | INFO: Blender create Mesh node record_016
20:46:48 | INFO: Blender create Mesh node record_017
20:46:48 | INFO: Blender create Mesh node record_018
20:46:48 | INFO: Blender create Mesh node record_019
20:46:48 | INFO: Blender create Mesh node record_020
20:46:48 | INFO: Blender create Mesh node record_021
20:46:48 | INFO: Blender create Mesh node record_022
20:46:48 | INFO: Blender create Mesh node record_023
20:46:48 | INFO: Blender create Mesh node record_024
20:46:48 | INFO: Blender create Mesh node record_025
20:46:48 | INFO: Blender create Mesh node record_026
20:46:48 | INFO: Blender create Mesh node record_027
20:46:48 | INFO: Blender create Mesh node record_028
20:46:48 | INFO: Blender create Mesh node record_029
20:46:48 | INFO: Blender create Mesh node record_030
20:46:48 | INFO: Blender create Mesh node record_031
20:46:48 | INFO: Blender create Mesh node record_032
20:46:48 | INFO: Blender create Mesh node record_033
20:46:48 | INFO: Blender create Mesh node record_034
20:46:48 | INFO: Blender create Mesh node record_035
20:46:48 | INFO: Blender create Mesh node record_036
20:46:48 | INFO: Blender create Mesh node record_037
20:46:48 | INFO: Blender create Mesh node record_038
20:46:48 | INFO: Blender create Mesh node record_039
20:46:48 | INFO: Blender create Mesh node record_040
20:46:48 | INFO: Blender create Mesh node record_041
20:46:48 | INFO: Blender create Mesh node record_042
20:46:48 | INFO: Blender create Mesh node record_043
20:46:48 | INFO: Blender create Mesh node record_044
20:46:48 | INFO: Blender create Mesh node record_045
20:46:48 | INFO: Blender create Mesh node record_046
20:46:48 | INFO: Blender create Mesh node record_047
20:46:48 | INFO: Blender create Mesh node record_048
20:46:48 | INFO: Blender create Mesh node record_049
20:46:48 | INFO: Blender create Mesh node record_050
20:46:48 | INFO: Blender create Mesh node record_051
20:46:48 | INFO: Blender create Mesh node record_052
20:46:48 | INFO: Blender create Mesh node record_053
20:46:48 | INFO: Blender create Mesh node record_054
20:46:48 | INFO: Blender create Mesh node record_055
20:46:48 | INFO: Blender create Mesh node record_056
20:46:48 | INFO: Blender create Mesh node record_057
20:46:48 | INFO: Blender create Mesh node record_058
20:46:48 | INFO: Blender create Mesh node record_059
20:46:48 | INFO: Blender create Mesh node record_060
20:46:48 | INFO: Blender create Mesh node record_061
20:46:48 | INFO: Blender create Mesh node record_062
20:46:48 | INFO: Blender create Mesh node record_063
20:46:48 | INFO: Blender create Mesh node record_064
20:46:48 | INFO: Blender create Mesh node record_065
20:46:48 | INFO: glTF import finished in 0.05s
{"validated": "FOCUS_WRC.glb", "scenes": 6, "images": 12}
20:46:48 | INFO: Data are loaded, start creating Blender stuff
20:46:48 | INFO: Blender create Mesh node record_001
20:46:48 | INFO: Blender create Mesh node record_002
20:46:48 | INFO: Blender create Mesh node record_003
20:46:48 | INFO: Blender create Mesh node record_004
20:46:48 | INFO: Blender create Mesh node record_005
20:46:48 | INFO: Blender create Mesh node record_006
20:46:48 | INFO: Blender create Mesh node record_007
20:46:48 | INFO: Blender create Mesh node record_008
20:46:48 | INFO: Blender create Mesh node record_009
20:46:48 | INFO: Blender create Mesh node record_010
20:46:48 | INFO: Blender create Mesh node record_011
20:46:48 | INFO: Blender create Mesh node record_012
20:46:48 | INFO: Blender create Mesh node record_013
20:46:48 | INFO: Blender create Mesh node record_014
20:46:48 | INFO: Blender create Mesh node record_015
20:46:48 | INFO: Blender create Mesh node record_016
20:46:48 | INFO: Blender create Mesh node record_017
20:46:48 | INFO: Blender create Mesh node record_018
20:46:48 | INFO: Blender create Mesh node record_019
20:46:48 | INFO: Blender create Mesh node record_020
20:46:48 | INFO: Blender create Mesh node record_021
20:46:48 | INFO: Blender create Mesh node record_022
20:46:48 | INFO: Blender create Mesh node record_023
20:46:48 | INFO: Blender create Mesh node record_024
20:46:48 | INFO: Blender create Mesh node record_025
20:46:48 | INFO: Blender create Mesh node record_026
20:46:48 | INFO: Blender create Mesh node record_027
20:46:48 | INFO: Blender create Mesh node record_028
20:46:48 | INFO: Blender create Mesh node record_029
20:46:48 | INFO: Blender create Mesh node record_030
20:46:48 | INFO: Blender create Mesh node record_031
20:46:48 | INFO: Blender create Mesh node record_032
20:46:48 | INFO: Blender create Mesh node record_033
20:46:48 | INFO: Blender create Mesh node record_034
20:46:48 | INFO: Blender create Mesh node record_035
20:46:48 | INFO: Blender create Mesh node record_036
20:46:48 | INFO: Blender create Mesh node record_037
20:46:48 | INFO: Blender create Mesh node record_038
20:46:48 | INFO: Blender create Mesh node record_039
20:46:48 | INFO: Blender create Mesh node record_040
20:46:48 | INFO: Blender create Mesh node record_041
20:46:48 | INFO: Blender create Mesh node record_042
20:46:48 | INFO: Blender create Mesh node record_043
20:46:48 | INFO: Blender create Mesh node record_044
20:46:48 | INFO: Blender create Mesh node record_045
20:46:48 | INFO: Blender create Mesh node record_046
20:46:48 | INFO: Blender create Mesh node record_047
20:46:48 | INFO: Blender create Mesh node record_048
20:46:48 | INFO: Blender create Mesh node record_049
20:46:48 | INFO: Blender create Mesh node record_050
20:46:48 | INFO: Blender create Mesh node record_051
20:46:48 | INFO: Blender create Mesh node record_052
20:46:48 | INFO: Blender create Mesh node record_053
20:46:48 | INFO: Blender create Mesh node record_054
20:46:48 | INFO: Blender create Mesh node record_055
20:46:48 | INFO: Blender create Mesh node record_056
20:46:48 | INFO: Blender create Mesh node record_057
20:46:48 | INFO: Blender create Mesh node record_058
20:46:48 | INFO: Blender create Mesh node record_059
20:46:48 | INFO: Blender create Mesh node record_060
20:46:48 | INFO: Blender create Mesh node record_061
20:46:48 | INFO: Blender create Mesh node record_062
20:46:48 | INFO: Blender create Mesh node record_063
20:46:48 | INFO: Blender create Mesh node record_064
20:46:48 | INFO: Blender create Mesh node record_065
20:46:48 | INFO: Blender create Mesh node record_066
20:46:48 | INFO: Blender create Mesh node record_067
20:46:48 | INFO: Blender create Mesh node record_068
20:46:48 | INFO: Blender create Mesh node record_069
20:46:48 | INFO: Blender create Mesh node record_070
20:46:48 | INFO: Blender create Mesh node record_071
20:46:48 | INFO: Blender create Mesh node record_072
20:46:48 | INFO: Blender create Mesh node record_073
20:46:48 | INFO: glTF import finished in 0.04s
{"validated": "FORD_GT.glb", "scenes": 6, "images": 23}
20:46:48 | INFO: Data are loaded, start creating Blender stuff
20:46:48 | INFO: Blender create Mesh node record_001
20:46:48 | INFO: Blender create Mesh node record_002
20:46:48 | INFO: Blender create Mesh node record_003
20:46:48 | INFO: Blender create Mesh node record_004
20:46:48 | INFO: Blender create Mesh node record_005
20:46:48 | INFO: Blender create Mesh node record_006
20:46:48 | INFO: Blender create Mesh node record_007
20:46:48 | INFO: Blender create Mesh node record_008
20:46:48 | INFO: Blender create Mesh node record_009
20:46:48 | INFO: Blender create Mesh node record_010
20:46:48 | INFO: Blender create Mesh node record_011
20:46:48 | INFO: Blender create Mesh node record_012
20:46:48 | INFO: Blender create Mesh node record_013
20:46:48 | INFO: Blender create Mesh node record_014
20:46:48 | INFO: Blender create Mesh node record_015
20:46:48 | INFO: Blender create Mesh node record_016
20:46:48 | INFO: Blender create Mesh node record_017
20:46:48 | INFO: Blender create Mesh node record_018
20:46:48 | INFO: Blender create Mesh node record_019
20:46:48 | INFO: Blender create Mesh node record_020
20:46:48 | INFO: Blender create Mesh node record_021
20:46:48 | INFO: Blender create Mesh node record_022
20:46:48 | INFO: Blender create Mesh node record_023
20:46:48 | INFO: Blender create Mesh node record_024
20:46:48 | INFO: Blender create Mesh node record_025
20:46:48 | INFO: Blender create Mesh node record_026
20:46:48 | INFO: Blender create Mesh node record_027
20:46:48 | INFO: Blender create Mesh node record_028
20:46:48 | INFO: Blender create Mesh node record_029
20:46:48 | INFO: Blender create Mesh node record_030
20:46:48 | INFO: Blender create Mesh node record_031
20:46:48 | INFO: Blender create Mesh node record_032
20:46:48 | INFO: Blender create Mesh node record_033
20:46:48 | INFO: Blender create Mesh node record_034
20:46:48 | INFO: Blender create Mesh node record_035
20:46:48 | INFO: Blender create Mesh node record_036
20:46:48 | INFO: Blender create Mesh node record_037
20:46:48 | INFO: Blender create Mesh node record_038
20:46:48 | INFO: Blender create Mesh node record_039
20:46:48 | INFO: Blender create Mesh node record_040
20:46:48 | INFO: glTF import finished in 0.03s
{"validated": "FORTYNINE.glb", "scenes": 6, "images": 17}
20:46:48 | INFO: Data are loaded, start creating Blender stuff
20:46:48 | INFO: Blender create Mesh node record_001
20:46:48 | INFO: Blender create Mesh node record_002
20:46:48 | INFO: Blender create Mesh node record_003
20:46:48 | INFO: Blender create Mesh node record_004
20:46:48 | INFO: Blender create Mesh node record_005
20:46:48 | INFO: Blender create Mesh node record_006
20:46:48 | INFO: Blender create Mesh node record_007
20:46:48 | INFO: Blender create Mesh node record_008
20:46:48 | INFO: Blender create Mesh node record_009
20:46:48 | INFO: Blender create Mesh node record_010
20:46:48 | INFO: Blender create Mesh node record_011
20:46:48 | INFO: Blender create Mesh node record_012
20:46:48 | INFO: Blender create Mesh node record_013
20:46:48 | INFO: Blender create Mesh node record_014
20:46:48 | INFO: Blender create Mesh node record_015
20:46:48 | INFO: Blender create Mesh node record_016
20:46:48 | INFO: Blender create Mesh node record_017
20:46:48 | INFO: Blender create Mesh node record_018
20:46:48 | INFO: Blender create Mesh node record_019
20:46:48 | INFO: Blender create Mesh node record_020
20:46:48 | INFO: Blender create Mesh node record_021
20:46:48 | INFO: Blender create Mesh node record_022
20:46:48 | INFO: Blender create Mesh node record_023
20:46:48 | INFO: Blender create Mesh node record_024
20:46:48 | INFO: Blender create Mesh node record_025
20:46:48 | INFO: Blender create Mesh node record_026
20:46:48 | INFO: Blender create Mesh node record_027
20:46:48 | INFO: Blender create Mesh node record_028
20:46:48 | INFO: Blender create Mesh node record_029
20:46:48 | INFO: Blender create Mesh node record_030
20:46:48 | INFO: Blender create Mesh node record_031
20:46:48 | INFO: Blender create Mesh node record_032
20:46:48 | INFO: Blender create Mesh node record_033
20:46:48 | INFO: Blender create Mesh node record_034
20:46:48 | INFO: Blender create Mesh node record_035
20:46:48 | INFO: Blender create Mesh node record_036
20:46:48 | INFO: Blender create Mesh node record_037
20:46:48 | INFO: Blender create Mesh node record_038
20:46:48 | INFO: Blender create Mesh node record_039
20:46:48 | INFO: Blender create Mesh node record_040
20:46:48 | INFO: Blender create Mesh node record_041
20:46:48 | INFO: Blender create Mesh node record_042
20:46:48 | INFO: Blender create Mesh node record_043
20:46:48 | INFO: Blender create Mesh node record_044
20:46:48 | INFO: Blender create Mesh node record_045
20:46:48 | INFO: Blender create Mesh node record_046
20:46:48 | INFO: Blender create Mesh node record_047
20:46:48 | INFO: Blender create Mesh node record_048
20:46:48 | INFO: Blender create Mesh node record_049
20:46:48 | INFO: Blender create Mesh node record_050
20:46:48 | INFO: Blender create Mesh node record_051
20:46:48 | INFO: Blender create Mesh node record_052
20:46:48 | INFO: Blender create Mesh node record_053
20:46:48 | INFO: glTF import finished in 0.04s
{"validated": "FR500.glb", "scenes": 6, "images": 21}
20:46:48 | INFO: Data are loaded, start creating Blender stuff
20:46:48 | INFO: Blender create Mesh node record_001
20:46:48 | INFO: Blender create Mesh node record_002
20:46:48 | INFO: Blender create Mesh node record_003
20:46:48 | INFO: Blender create Mesh node record_004
20:46:48 | INFO: Blender create Mesh node record_005
20:46:48 | INFO: Blender create Mesh node record_006
20:46:48 | INFO: Blender create Mesh node record_007
20:46:48 | INFO: Blender create Mesh node record_008
20:46:48 | INFO: Blender create Mesh node record_009
20:46:48 | INFO: Blender create Mesh node record_010
20:46:48 | INFO: Blender create Mesh node record_011
20:46:48 | INFO: Blender create Mesh node record_012
20:46:48 | INFO: Blender create Mesh node record_013
20:46:48 | INFO: Blender create Mesh node record_014
20:46:48 | INFO: Blender create Mesh node record_015
20:46:48 | INFO: Blender create Mesh node record_016
20:46:48 | INFO: Blender create Mesh node record_017
20:46:48 | INFO: Blender create Mesh node record_018
20:46:48 | INFO: Blender create Mesh node record_019
20:46:48 | INFO: Blender create Mesh node record_020
20:46:48 | INFO: Blender create Mesh node record_021
20:46:48 | INFO: Blender create Mesh node record_022
20:46:48 | INFO: Blender create Mesh node record_023
20:46:48 | INFO: Blender create Mesh node record_024
20:46:48 | INFO: Blender create Mesh node record_025
20:46:48 | INFO: Blender create Mesh node record_026
20:46:48 | INFO: Blender create Mesh node record_027
20:46:48 | INFO: Blender create Mesh node record_028
20:46:48 | INFO: Blender create Mesh node record_029
20:46:48 | INFO: Blender create Mesh node record_030
20:46:48 | INFO: Blender create Mesh node record_031
20:46:48 | INFO: Blender create Mesh node record_032
20:46:48 | INFO: Blender create Mesh node record_033
20:46:48 | INFO: Blender create Mesh node record_034
20:46:48 | INFO: Blender create Mesh node record_035
20:46:48 | INFO: Blender create Mesh node record_036
20:46:48 | INFO: Blender create Mesh node record_037
20:46:48 | INFO: Blender create Mesh node record_038
20:46:48 | INFO: Blender create Mesh node record_039
20:46:48 | INFO: Blender create Mesh node record_040
20:46:48 | INFO: Blender create Mesh node record_041
20:46:48 | INFO: Blender create Mesh node record_042
20:46:48 | INFO: glTF import finished in 0.03s
{"validated": "GRAN_TORINO.glb", "scenes": 6, "images": 6}
20:46:49 | INFO: Data are loaded, start creating Blender stuff
20:46:49 | INFO: Blender create Mesh node record_001
20:46:49 | INFO: Blender create Mesh node record_002
20:46:49 | INFO: Blender create Mesh node record_003
20:46:49 | INFO: Blender create Mesh node record_004
20:46:49 | INFO: Blender create Mesh node record_005
20:46:49 | INFO: Blender create Mesh node record_006
20:46:49 | INFO: Blender create Mesh node record_007
20:46:49 | INFO: Blender create Mesh node record_008
20:46:49 | INFO: Blender create Mesh node record_009
20:46:49 | INFO: Blender create Mesh node record_010
20:46:49 | INFO: Blender create Mesh node record_011
20:46:49 | INFO: Blender create Mesh node record_012
20:46:49 | INFO: Blender create Mesh node record_013
20:46:49 | INFO: Blender create Mesh node record_014
20:46:49 | INFO: Blender create Mesh node record_015
20:46:49 | INFO: Blender create Mesh node record_016
20:46:49 | INFO: Blender create Mesh node record_017
20:46:49 | INFO: Blender create Mesh node record_018
20:46:49 | INFO: Blender create Mesh node record_019
20:46:49 | INFO: Blender create Mesh node record_020
20:46:49 | INFO: Blender create Mesh node record_021
20:46:49 | INFO: Blender create Mesh node record_022
20:46:49 | INFO: Blender create Mesh node record_023
20:46:49 | INFO: Blender create Mesh node record_024
20:46:49 | INFO: Blender create Mesh node record_025
20:46:49 | INFO: Blender create Mesh node record_026
20:46:49 | INFO: Blender create Mesh node record_027
20:46:49 | INFO: Blender create Mesh node record_028
20:46:49 | INFO: Blender create Mesh node record_029
20:46:49 | INFO: Blender create Mesh node record_030
20:46:49 | INFO: Blender create Mesh node record_031
20:46:49 | INFO: Blender create Mesh node record_032
20:46:49 | INFO: Blender create Mesh node record_033
20:46:49 | INFO: Blender create Mesh node record_034
20:46:49 | INFO: Blender create Mesh node record_035
20:46:49 | INFO: Blender create Mesh node record_036
20:46:49 | INFO: Blender create Mesh node record_037
20:46:49 | INFO: Blender create Mesh node record_038
20:46:49 | INFO: Blender create Mesh node record_039
20:46:49 | INFO: Blender create Mesh node record_040
20:46:49 | INFO: Blender create Mesh node record_041
20:46:49 | INFO: Blender create Mesh node record_042
20:46:49 | INFO: Blender create Mesh node record_043
20:46:49 | INFO: Blender create Mesh node record_044
20:46:49 | INFO: Blender create Mesh node record_045
20:46:49 | INFO: Blender create Mesh node record_046
20:46:49 | INFO: Blender create Mesh node record_047
20:46:49 | INFO: Blender create Mesh node record_048
20:46:49 | INFO: Blender create Mesh node record_049
20:46:49 | INFO: Blender create Mesh node record_050
20:46:49 | INFO: Blender create Mesh node record_051
20:46:49 | INFO: Blender create Mesh node record_052
20:46:49 | INFO: Blender create Mesh node record_053
20:46:49 | INFO: Blender create Mesh node record_054
20:46:49 | INFO: Blender create Mesh node record_055
20:46:49 | INFO: Blender create Mesh node record_056
20:46:49 | INFO: Blender create Mesh node record_057
20:46:49 | INFO: Blender create Mesh node record_058
20:46:49 | INFO: Blender create Mesh node record_059
20:46:49 | INFO: Blender create Mesh node record_060
20:46:49 | INFO: Blender create Mesh node record_061
20:46:49 | INFO: Blender create Mesh node record_062
20:46:49 | INFO: Blender create Mesh node record_063
20:46:49 | INFO: Blender create Mesh node record_064
20:46:49 | INFO: Blender create Mesh node record_065
20:46:49 | INFO: Blender create Mesh node record_066
20:46:49 | INFO: Blender create Mesh node record_067
20:46:49 | INFO: Blender create Mesh node record_068
20:46:49 | INFO: Blender create Mesh node record_069
20:46:49 | INFO: Blender create Mesh node record_070
20:46:49 | INFO: Blender create Mesh node record_071
20:46:49 | INFO: Blender create Mesh node record_072
20:46:49 | INFO: glTF import finished in 0.04s
{"validated": "GT90.glb", "scenes": 6, "images": 23}
20:46:49 | INFO: Data are loaded, start creating Blender stuff
20:46:49 | INFO: Blender create Mesh node record_001
20:46:49 | INFO: Blender create Mesh node record_002
20:46:49 | INFO: Blender create Mesh node record_003
20:46:49 | INFO: Blender create Mesh node record_004
20:46:49 | INFO: Blender create Mesh node record_005
20:46:49 | INFO: Blender create Mesh node record_006
20:46:49 | INFO: Blender create Mesh node record_007
20:46:49 | INFO: Blender create Mesh node record_008
20:46:49 | INFO: Blender create Mesh node record_009
20:46:49 | INFO: Blender create Mesh node record_010
20:46:49 | INFO: Blender create Mesh node record_011
20:46:49 | INFO: Blender create Mesh node record_012
20:46:49 | INFO: Blender create Mesh node record_013
20:46:49 | INFO: Blender create Mesh node record_014
20:46:49 | INFO: Blender create Mesh node record_015
20:46:49 | INFO: Blender create Mesh node record_016
20:46:49 | INFO: Blender create Mesh node record_017
20:46:49 | INFO: Blender create Mesh node record_018
20:46:49 | INFO: Blender create Mesh node record_019
20:46:49 | INFO: Blender create Mesh node record_020
20:46:49 | INFO: Blender create Mesh node record_021
20:46:49 | INFO: Blender create Mesh node record_022
20:46:49 | INFO: Blender create Mesh node record_023
20:46:49 | INFO: Blender create Mesh node record_024
20:46:49 | INFO: Blender create Mesh node record_025
20:46:49 | INFO: Blender create Mesh node record_026
20:46:49 | INFO: Blender create Mesh node record_027
20:46:49 | INFO: Blender create Mesh node record_028
20:46:49 | INFO: Blender create Mesh node record_029
20:46:49 | INFO: Blender create Mesh node record_030
20:46:49 | INFO: Blender create Mesh node record_031
20:46:49 | INFO: Blender create Mesh node record_032
20:46:49 | INFO: Blender create Mesh node record_033
20:46:49 | INFO: Blender create Mesh node record_034
20:46:49 | INFO: Blender create Mesh node record_035
20:46:49 | INFO: Blender create Mesh node record_036
20:46:49 | INFO: Blender create Mesh node record_037
20:46:49 | INFO: Blender create Mesh node record_038
20:46:49 | INFO: Blender create Mesh node record_039
20:46:49 | INFO: Blender create Mesh node record_040
20:46:49 | INFO: Blender create Mesh node record_041
20:46:49 | INFO: Blender create Mesh node record_042
20:46:49 | INFO: Blender create Mesh node record_043
20:46:49 | INFO: Blender create Mesh node record_044
20:46:49 | INFO: Blender create Mesh node record_045
20:46:49 | INFO: Blender create Mesh node record_046
20:46:49 | INFO: Blender create Mesh node record_047
20:46:49 | INFO: Blender create Mesh node record_048
20:46:49 | INFO: Blender create Mesh node record_049
20:46:49 | INFO: Blender create Mesh node record_050
20:46:49 | INFO: Blender create Mesh node record_051
20:46:49 | INFO: Blender create Mesh node record_052
20:46:49 | INFO: Blender create Mesh node record_053
20:46:49 | INFO: Blender create Mesh node record_054
20:46:49 | INFO: Blender create Mesh node record_055
20:46:49 | INFO: Blender create Mesh node record_056
20:46:49 | INFO: Blender create Mesh node record_057
20:46:49 | INFO: Blender create Mesh node record_058
20:46:49 | INFO: Blender create Mesh node record_059
20:46:49 | INFO: Blender create Mesh node record_060
20:46:49 | INFO: Blender create Mesh node record_061
20:46:49 | INFO: Blender create Mesh node record_062
20:46:49 | INFO: Blender create Mesh node record_063
20:46:49 | INFO: Blender create Mesh node record_064
20:46:49 | INFO: Blender create Mesh node record_065
20:46:49 | INFO: Blender create Mesh node record_066
20:46:49 | INFO: Blender create Mesh node record_067
20:46:49 | INFO: Blender create Mesh node record_068
20:46:49 | INFO: Blender create Mesh node record_069
20:46:49 | INFO: Blender create Mesh node record_070
20:46:49 | INFO: Blender create Mesh node record_071
20:46:49 | INFO: Blender create Mesh node record_072
20:46:49 | INFO: Blender create Mesh node record_073
20:46:49 | INFO: Blender create Mesh node record_074
20:46:49 | INFO: Blender create Mesh node record_075
20:46:49 | INFO: Blender create Mesh node record_076
20:46:49 | INFO: Blender create Mesh node record_077
20:46:49 | INFO: Blender create Mesh node record_078
20:46:49 | INFO: Blender create Mesh node record_079
20:46:49 | INFO: Blender create Mesh node record_080
20:46:49 | INFO: Blender create Mesh node record_081
20:46:49 | INFO: Blender create Mesh node record_082
20:46:49 | INFO: Blender create Mesh node record_083
20:46:49 | INFO: Blender create Mesh node record_084
20:46:49 | INFO: Blender create Mesh node record_085
20:46:49 | INFO: Blender create Mesh node record_086
20:46:49 | INFO: Blender create Mesh node record_087
20:46:49 | INFO: Blender create Mesh node record_088
20:46:49 | INFO: Blender create Mesh node record_089
20:46:49 | INFO: Blender create Mesh node record_090
20:46:49 | INFO: Blender create Mesh node record_091
20:46:49 | INFO: Blender create Mesh node record_092
20:46:49 | INFO: Blender create Mesh node record_093
20:46:49 | INFO: Blender create Mesh node record_094
20:46:49 | INFO: Blender create Mesh node record_095
20:46:49 | INFO: glTF import finished in 0.05s
{"validated": "INDIGO.glb", "scenes": 6, "images": 27}
20:46:49 | INFO: Data are loaded, start creating Blender stuff
20:46:49 | INFO: Blender create Mesh node record_001
20:46:49 | INFO: Blender create Mesh node record_002
20:46:49 | INFO: Blender create Mesh node record_003
20:46:49 | INFO: Blender create Mesh node record_004
20:46:49 | INFO: Blender create Mesh node record_005
20:46:49 | INFO: Blender create Mesh node record_006
20:46:49 | INFO: Blender create Mesh node record_007
20:46:49 | INFO: Blender create Mesh node record_008
20:46:49 | INFO: Blender create Mesh node record_009
20:46:49 | INFO: Blender create Mesh node record_010
20:46:49 | INFO: Blender create Mesh node record_011
20:46:49 | INFO: Blender create Mesh node record_012
20:46:49 | INFO: Blender create Mesh node record_013
20:46:49 | INFO: Blender create Mesh node record_014
20:46:49 | INFO: Blender create Mesh node record_015
20:46:49 | INFO: Blender create Mesh node record_016
20:46:49 | INFO: Blender create Mesh node record_017
20:46:49 | INFO: Blender create Mesh node record_018
20:46:49 | INFO: Blender create Mesh node record_019
20:46:49 | INFO: Blender create Mesh node record_020
20:46:49 | INFO: Blender create Mesh node record_021
20:46:49 | INFO: Blender create Mesh node record_022
20:46:49 | INFO: Blender create Mesh node record_023
20:46:49 | INFO: Blender create Mesh node record_024
20:46:49 | INFO: Blender create Mesh node record_025
20:46:49 | INFO: Blender create Mesh node record_026
20:46:49 | INFO: Blender create Mesh node record_027
20:46:49 | INFO: Blender create Mesh node record_028
20:46:49 | INFO: Blender create Mesh node record_029
20:46:49 | INFO: Blender create Mesh node record_030
20:46:49 | INFO: Blender create Mesh node record_031
20:46:49 | INFO: Blender create Mesh node record_032
20:46:49 | INFO: Blender create Mesh node record_033
20:46:49 | INFO: Blender create Mesh node record_034
20:46:49 | INFO: Blender create Mesh node record_035
20:46:49 | INFO: Blender create Mesh node record_036
20:46:49 | INFO: Blender create Mesh node record_037
20:46:49 | INFO: Blender create Mesh node record_038
20:46:49 | INFO: Blender create Mesh node record_039
20:46:49 | INFO: Blender create Mesh node record_040
20:46:49 | INFO: Blender create Mesh node record_041
20:46:49 | INFO: Blender create Mesh node record_042
20:46:49 | INFO: Blender create Mesh node record_043
20:46:49 | INFO: Blender create Mesh node record_044
20:46:49 | INFO: Blender create Mesh node record_045
20:46:49 | INFO: Blender create Mesh node record_046
20:46:49 | INFO: Blender create Mesh node record_047
20:46:49 | INFO: Blender create Mesh node record_048
20:46:49 | INFO: Blender create Mesh node record_049
20:46:49 | INFO: Blender create Mesh node record_050
20:46:49 | INFO: Blender create Mesh node record_051
20:46:49 | INFO: Blender create Mesh node record_052
20:46:49 | INFO: Blender create Mesh node record_053
20:46:49 | INFO: Blender create Mesh node record_054
20:46:49 | INFO: Blender create Mesh node record_055
20:46:49 | INFO: Blender create Mesh node record_056
20:46:49 | INFO: Blender create Mesh node record_057
20:46:49 | INFO: glTF import finished in 0.04s
{"validated": "LIGHTNING_SVT.glb", "scenes": 6, "images": 21}
20:46:49 | INFO: Data are loaded, start creating Blender stuff
20:46:49 | INFO: Blender create Mesh node record_001
20:46:49 | INFO: Blender create Mesh node record_002
20:46:49 | INFO: Blender create Mesh node record_003
20:46:49 | INFO: Blender create Mesh node record_004
20:46:49 | INFO: Blender create Mesh node record_005
20:46:49 | INFO: Blender create Mesh node record_006
20:46:49 | INFO: Blender create Mesh node record_007
20:46:49 | INFO: Blender create Mesh node record_008
20:46:49 | INFO: Blender create Mesh node record_009
20:46:49 | INFO: Blender create Mesh node record_010
20:46:49 | INFO: Blender create Mesh node record_011
20:46:49 | INFO: Blender create Mesh node record_012
20:46:49 | INFO: Blender create Mesh node record_013
20:46:49 | INFO: Blender create Mesh node record_014
20:46:49 | INFO: Blender create Mesh node record_015
20:46:49 | INFO: Blender create Mesh node record_016
20:46:49 | INFO: Blender create Mesh node record_017
20:46:49 | INFO: Blender create Mesh node record_018
20:46:49 | INFO: Blender create Mesh node record_019
20:46:49 | INFO: Blender create Mesh node record_020
20:46:49 | INFO: Blender create Mesh node record_021
20:46:49 | INFO: Blender create Mesh node record_022
20:46:49 | INFO: Blender create Mesh node record_023
20:46:49 | INFO: Blender create Mesh node record_024
20:46:49 | INFO: Blender create Mesh node record_025
20:46:49 | INFO: Blender create Mesh node record_026
20:46:49 | INFO: Blender create Mesh node record_027
20:46:49 | INFO: Blender create Mesh node record_028
20:46:49 | INFO: glTF import finished in 0.02s
{"validated": "MACH1_AGENT.glb", "scenes": 6, "images": 5}
20:46:49 | INFO: Data are loaded, start creating Blender stuff
20:46:49 | INFO: Blender create Mesh node record_001
20:46:49 | INFO: Blender create Mesh node record_002
20:46:49 | INFO: Blender create Mesh node record_003
20:46:49 | INFO: Blender create Mesh node record_004
20:46:49 | INFO: Blender create Mesh node record_005
20:46:49 | INFO: Blender create Mesh node record_006
20:46:49 | INFO: Blender create Mesh node record_007
20:46:49 | INFO: Blender create Mesh node record_008
20:46:49 | INFO: Blender create Mesh node record_009
20:46:49 | INFO: Blender create Mesh node record_010
20:46:49 | INFO: Blender create Mesh node record_011
20:46:49 | INFO: Blender create Mesh node record_012
20:46:49 | INFO: Blender create Mesh node record_013
20:46:49 | INFO: Blender create Mesh node record_014
20:46:49 | INFO: Blender create Mesh node record_015
20:46:49 | INFO: Blender create Mesh node record_016
20:46:49 | INFO: Blender create Mesh node record_017
20:46:49 | INFO: Blender create Mesh node record_018
20:46:49 | INFO: Blender create Mesh node record_019
20:46:49 | INFO: Blender create Mesh node record_020
20:46:49 | INFO: Blender create Mesh node record_021
20:46:49 | INFO: Blender create Mesh node record_022
20:46:49 | INFO: Blender create Mesh node record_023
20:46:49 | INFO: Blender create Mesh node record_024
20:46:49 | INFO: Blender create Mesh node record_025
20:46:49 | INFO: Blender create Mesh node record_026
20:46:49 | INFO: Blender create Mesh node record_027
20:46:49 | INFO: Blender create Mesh node record_028
20:46:49 | INFO: glTF import finished in 0.02s
{"validated": "MACH1_SIXTY.glb", "scenes": 6, "images": 5}
20:46:49 | INFO: Data are loaded, start creating Blender stuff
20:46:49 | INFO: Blender create Mesh node record_001
20:46:49 | INFO: Blender create Mesh node record_002
20:46:49 | INFO: Blender create Mesh node record_003
20:46:49 | INFO: Blender create Mesh node record_004
20:46:49 | INFO: Blender create Mesh node record_005
20:46:49 | INFO: Blender create Mesh node record_006
20:46:49 | INFO: Blender create Mesh node record_007
20:46:49 | INFO: Blender create Mesh node record_008
20:46:49 | INFO: Blender create Mesh node record_009
20:46:49 | INFO: Blender create Mesh node record_010
20:46:49 | INFO: Blender create Mesh node record_011
20:46:49 | INFO: Blender create Mesh node record_012
20:46:49 | INFO: Blender create Mesh node record_013
20:46:49 | INFO: Blender create Mesh node record_014
20:46:49 | INFO: Blender create Mesh node record_015
20:46:49 | INFO: Blender create Mesh node record_016
20:46:49 | INFO: Blender create Mesh node record_017
20:46:49 | INFO: Blender create Mesh node record_018
20:46:49 | INFO: Blender create Mesh node record_019
20:46:49 | INFO: Blender create Mesh node record_020
20:46:49 | INFO: Blender create Mesh node record_021
20:46:49 | INFO: Blender create Mesh node record_022
20:46:49 | INFO: Blender create Mesh node record_023
20:46:49 | INFO: Blender create Mesh node record_024
20:46:49 | INFO: Blender create Mesh node record_025
20:46:49 | INFO: Blender create Mesh node record_026
20:46:49 | INFO: Blender create Mesh node record_027
20:46:49 | INFO: Blender create Mesh node record_028
20:46:49 | INFO: Blender create Mesh node record_029
20:46:49 | INFO: Blender create Mesh node record_030
20:46:49 | INFO: Blender create Mesh node record_031
20:46:49 | INFO: Blender create Mesh node record_032
20:46:49 | INFO: Blender create Mesh node record_033
20:46:49 | INFO: Blender create Mesh node record_034
20:46:49 | INFO: Blender create Mesh node record_035
20:46:49 | INFO: Blender create Mesh node record_036
20:46:49 | INFO: Blender create Mesh node record_037
20:46:49 | INFO: Blender create Mesh node record_038
20:46:49 | INFO: Blender create Mesh node record_039
20:46:49 | INFO: Blender create Mesh node record_040
20:46:49 | INFO: Blender create Mesh node record_041
20:46:49 | INFO: Blender create Mesh node record_042
20:46:49 | INFO: Blender create Mesh node record_043
20:46:49 | INFO: Blender create Mesh node record_044
20:46:49 | INFO: Blender create Mesh node record_045
20:46:49 | INFO: Blender create Mesh node record_046
20:46:49 | INFO: Blender create Mesh node record_047
20:46:49 | INFO: Blender create Mesh node record_048
20:46:49 | INFO: Blender create Mesh node record_049
20:46:49 | INFO: Blender create Mesh node record_050
20:46:49 | INFO: Blender create Mesh node record_051
20:46:49 | INFO: Blender create Mesh node record_052
20:46:49 | INFO: Blender create Mesh node record_053
20:46:49 | INFO: Blender create Mesh node record_054
20:46:49 | INFO: Blender create Mesh node record_055
20:46:49 | INFO: Blender create Mesh node record_056
20:46:49 | INFO: Blender create Mesh node record_057
20:46:49 | INFO: Blender create Mesh node record_058
20:46:49 | INFO: Blender create Mesh node record_059
20:46:49 | INFO: glTF import finished in 0.03s
{"validated": "MACH3.glb", "scenes": 6, "images": 21}
20:46:49 | INFO: Data are loaded, start creating Blender stuff
20:46:49 | INFO: Blender create Mesh node record_001
20:46:49 | INFO: Blender create Mesh node record_002
20:46:49 | INFO: Blender create Mesh node record_003
20:46:49 | INFO: Blender create Mesh node record_004
20:46:49 | INFO: Blender create Mesh node record_005
20:46:49 | INFO: Blender create Mesh node record_006
20:46:49 | INFO: Blender create Mesh node record_007
20:46:49 | INFO: Blender create Mesh node record_008
20:46:49 | INFO: Blender create Mesh node record_009
20:46:49 | INFO: Blender create Mesh node record_010
20:46:49 | INFO: Blender create Mesh node record_011
20:46:49 | INFO: Blender create Mesh node record_012
20:46:49 | INFO: Blender create Mesh node record_013
20:46:49 | INFO: Blender create Mesh node record_014
20:46:49 | INFO: Blender create Mesh node record_015
20:46:49 | INFO: Blender create Mesh node record_016
20:46:49 | INFO: Blender create Mesh node record_017
20:46:49 | INFO: Blender create Mesh node record_018
20:46:49 | INFO: Blender create Mesh node record_019
20:46:49 | INFO: Blender create Mesh node record_020
20:46:49 | INFO: Blender create Mesh node record_021
20:46:49 | INFO: Blender create Mesh node record_022
20:46:49 | INFO: Blender create Mesh node record_023
20:46:49 | INFO: Blender create Mesh node record_024
20:46:49 | INFO: Blender create Mesh node record_025
20:46:49 | INFO: Blender create Mesh node record_026
20:46:49 | INFO: Blender create Mesh node record_027
20:46:49 | INFO: Blender create Mesh node record_028
20:46:49 | INFO: Blender create Mesh node record_029
20:46:49 | INFO: Blender create Mesh node record_030
20:46:49 | INFO: Blender create Mesh node record_031
20:46:49 | INFO: Blender create Mesh node record_032
20:46:49 | INFO: Blender create Mesh node record_033
20:46:49 | INFO: Blender create Mesh node record_034
20:46:49 | INFO: Blender create Mesh node record_035
20:46:49 | INFO: Blender create Mesh node record_036
20:46:49 | INFO: Blender create Mesh node record_037
20:46:49 | INFO: Blender create Mesh node record_038
20:46:49 | INFO: Blender create Mesh node record_039
20:46:49 | INFO: Blender create Mesh node record_040
20:46:49 | INFO: Blender create Mesh node record_041
20:46:49 | INFO: Blender create Mesh node record_042
20:46:49 | INFO: Blender create Mesh node record_043
20:46:49 | INFO: Blender create Mesh node record_044
20:46:49 | INFO: Blender create Mesh node record_045
20:46:49 | INFO: Blender create Mesh node record_046
20:46:49 | INFO: Blender create Mesh node record_047
20:46:49 | INFO: Blender create Mesh node record_048
20:46:49 | INFO: Blender create Mesh node record_049
20:46:49 | INFO: Blender create Mesh node record_050
20:46:49 | INFO: Blender create Mesh node record_051
20:46:49 | INFO: Blender create Mesh node record_052
20:46:49 | INFO: Blender create Mesh node record_053
20:46:49 | INFO: Blender create Mesh node record_054
20:46:49 | INFO: Blender create Mesh node record_055
20:46:49 | INFO: Blender create Mesh node record_056
20:46:49 | INFO: Blender create Mesh node record_057
20:46:49 | INFO: Blender create Mesh node record_058
20:46:49 | INFO: Blender create Mesh node record_059
20:46:49 | INFO: glTF import finished in 0.04s
{"validated": "MUSTANG_68.glb", "scenes": 6, "images": 21}
20:46:49 | INFO: Data are loaded, start creating Blender stuff
20:46:49 | INFO: Blender create Mesh node record_001
20:46:49 | INFO: Blender create Mesh node record_002
20:46:49 | INFO: Blender create Mesh node record_003
20:46:49 | INFO: Blender create Mesh node record_004
20:46:49 | INFO: Blender create Mesh node record_005
20:46:49 | INFO: Blender create Mesh node record_006
20:46:49 | INFO: Blender create Mesh node record_007
20:46:49 | INFO: Blender create Mesh node record_008
20:46:49 | INFO: Blender create Mesh node record_009
20:46:49 | INFO: Blender create Mesh node record_010
20:46:49 | INFO: Blender create Mesh node record_011
20:46:49 | INFO: Blender create Mesh node record_012
20:46:49 | INFO: Blender create Mesh node record_013
20:46:49 | INFO: Blender create Mesh node record_014
20:46:49 | INFO: Blender create Mesh node record_015
20:46:49 | INFO: Blender create Mesh node record_016
20:46:49 | INFO: Blender create Mesh node record_017
20:46:49 | INFO: Blender create Mesh node record_018
20:46:49 | INFO: Blender create Mesh node record_019
20:46:49 | INFO: Blender create Mesh node record_020
20:46:49 | INFO: Blender create Mesh node record_021
20:46:49 | INFO: Blender create Mesh node record_022
20:46:49 | INFO: Blender create Mesh node record_023
20:46:49 | INFO: Blender create Mesh node record_024
20:46:49 | INFO: Blender create Mesh node record_025
20:46:49 | INFO: Blender create Mesh node record_026
20:46:49 | INFO: Blender create Mesh node record_027
20:46:49 | INFO: Blender create Mesh node record_028
20:46:49 | INFO: Blender create Mesh node record_029
20:46:49 | INFO: Blender create Mesh node record_030
20:46:49 | INFO: Blender create Mesh node record_031
20:46:49 | INFO: Blender create Mesh node record_032
20:46:49 | INFO: Blender create Mesh node record_033
20:46:49 | INFO: Blender create Mesh node record_034
20:46:49 | INFO: Blender create Mesh node record_035
20:46:49 | INFO: Blender create Mesh node record_036
20:46:49 | INFO: Blender create Mesh node record_037
20:46:49 | INFO: Blender create Mesh node record_038
20:46:49 | INFO: Blender create Mesh node record_039
20:46:49 | INFO: Blender create Mesh node record_040
20:46:49 | INFO: Blender create Mesh node record_041
20:46:49 | INFO: Blender create Mesh node record_042
20:46:49 | INFO: Blender create Mesh node record_043
20:46:49 | INFO: Blender create Mesh node record_044
20:46:49 | INFO: Blender create Mesh node record_045
20:46:49 | INFO: Blender create Mesh node record_046
20:46:49 | INFO: Blender create Mesh node record_047
20:46:49 | INFO: Blender create Mesh node record_048
20:46:49 | INFO: Blender create Mesh node record_049
20:46:49 | INFO: Blender create Mesh node record_050
20:46:49 | INFO: Blender create Mesh node record_051
20:46:49 | INFO: Blender create Mesh node record_052
20:46:49 | INFO: Blender create Mesh node record_053
20:46:49 | INFO: Blender create Mesh node record_054
20:46:49 | INFO: Blender create Mesh node record_055
20:46:49 | INFO: Blender create Mesh node record_056
20:46:49 | INFO: Blender create Mesh node record_057
20:46:49 | INFO: Blender create Mesh node record_058
20:46:49 | INFO: Blender create Mesh node record_059
20:46:49 | INFO: Blender create Mesh node record_060
20:46:49 | INFO: glTF import finished in 0.03s
{"validated": "MUSTANG_68B.glb", "scenes": 6, "images": 6}
20:46:49 | INFO: Data are loaded, start creating Blender stuff
20:46:49 | INFO: Blender create Mesh node record_001
20:46:49 | INFO: Blender create Mesh node record_002
20:46:49 | INFO: Blender create Mesh node record_003
20:46:49 | INFO: Blender create Mesh node record_004
20:46:49 | INFO: Blender create Mesh node record_005
20:46:49 | INFO: Blender create Mesh node record_006
20:46:49 | INFO: Blender create Mesh node record_007
20:46:49 | INFO: Blender create Mesh node record_008
20:46:49 | INFO: Blender create Mesh node record_009
20:46:49 | INFO: Blender create Mesh node record_010
20:46:49 | INFO: Blender create Mesh node record_011
20:46:49 | INFO: Blender create Mesh node record_012
20:46:49 | INFO: Blender create Mesh node record_013
20:46:49 | INFO: Blender create Mesh node record_014
20:46:49 | INFO: Blender create Mesh node record_015
20:46:49 | INFO: Blender create Mesh node record_016
20:46:49 | INFO: Blender create Mesh node record_017
20:46:49 | INFO: Blender create Mesh node record_018
20:46:49 | INFO: Blender create Mesh node record_019
20:46:49 | INFO: Blender create Mesh node record_020
20:46:49 | INFO: Blender create Mesh node record_021
20:46:49 | INFO: Blender create Mesh node record_022
20:46:49 | INFO: Blender create Mesh node record_023
20:46:49 | INFO: Blender create Mesh node record_024
20:46:49 | INFO: Blender create Mesh node record_025
20:46:49 | INFO: Blender create Mesh node record_026
20:46:49 | INFO: Blender create Mesh node record_027
20:46:49 | INFO: Blender create Mesh node record_028
20:46:49 | INFO: Blender create Mesh node record_029
20:46:49 | INFO: Blender create Mesh node record_030
20:46:49 | INFO: Blender create Mesh node record_031
20:46:49 | INFO: Blender create Mesh node record_032
20:46:49 | INFO: Blender create Mesh node record_033
20:46:49 | INFO: Blender create Mesh node record_034
20:46:49 | INFO: Blender create Mesh node record_035
20:46:49 | INFO: Blender create Mesh node record_036
20:46:49 | INFO: Blender create Mesh node record_037
20:46:49 | INFO: Blender create Mesh node record_038
20:46:49 | INFO: Blender create Mesh node record_039
20:46:49 | INFO: Blender create Mesh node record_040
20:46:49 | INFO: Blender create Mesh node record_041
20:46:49 | INFO: Blender create Mesh node record_042
20:46:49 | INFO: Blender create Mesh node record_043
20:46:49 | INFO: Blender create Mesh node record_044
20:46:49 | INFO: Blender create Mesh node record_045
20:46:49 | INFO: Blender create Mesh node record_046
20:46:49 | INFO: Blender create Mesh node record_047
20:46:49 | INFO: Blender create Mesh node record_048
20:46:49 | INFO: Blender create Mesh node record_049
20:46:49 | INFO: glTF import finished in 0.05s
{"validated": "MUSTANG_CONCEPT.glb", "scenes": 6, "images": 21}
20:46:49 | INFO: Data are loaded, start creating Blender stuff
20:46:49 | INFO: Blender create Mesh node record_001
20:46:49 | INFO: Blender create Mesh node record_002
20:46:49 | INFO: Blender create Mesh node record_003
20:46:49 | INFO: Blender create Mesh node record_004
20:46:49 | INFO: Blender create Mesh node record_005
20:46:49 | INFO: Blender create Mesh node record_006
20:46:49 | INFO: Blender create Mesh node record_007
20:46:49 | INFO: Blender create Mesh node record_008
20:46:49 | INFO: Blender create Mesh node record_009
20:46:49 | INFO: Blender create Mesh node record_010
20:46:49 | INFO: Blender create Mesh node record_011
20:46:49 | INFO: Blender create Mesh node record_012
20:46:49 | INFO: Blender create Mesh node record_013
20:46:49 | INFO: Blender create Mesh node record_014
20:46:49 | INFO: Blender create Mesh node record_015
20:46:49 | INFO: Blender create Mesh node record_016
20:46:49 | INFO: Blender create Mesh node record_017
20:46:49 | INFO: Blender create Mesh node record_018
20:46:49 | INFO: Blender create Mesh node record_019
20:46:49 | INFO: Blender create Mesh node record_020
20:46:49 | INFO: Blender create Mesh node record_021
20:46:49 | INFO: Blender create Mesh node record_022
20:46:49 | INFO: Blender create Mesh node record_023
20:46:49 | INFO: Blender create Mesh node record_024
20:46:49 | INFO: Blender create Mesh node record_025
20:46:49 | INFO: Blender create Mesh node record_026
20:46:49 | INFO: Blender create Mesh node record_027
20:46:49 | INFO: Blender create Mesh node record_028
20:46:49 | INFO: Blender create Mesh node record_029
20:46:49 | INFO: Blender create Mesh node record_030
20:46:49 | INFO: Blender create Mesh node record_031
20:46:49 | INFO: Blender create Mesh node record_032
20:46:49 | INFO: Blender create Mesh node record_033
20:46:49 | INFO: Blender create Mesh node record_034
20:46:49 | INFO: Blender create Mesh node record_035
20:46:49 | INFO: Blender create Mesh node record_036
20:46:49 | INFO: Blender create Mesh node record_037
20:46:49 | INFO: Blender create Mesh node record_038
20:46:49 | INFO: Blender create Mesh node record_039
20:46:49 | INFO: Blender create Mesh node record_040
20:46:49 | INFO: glTF import finished in 0.04s
{"validated": "POWERSTROKE.glb", "scenes": 6, "images": 18}
20:46:50 | INFO: Data are loaded, start creating Blender stuff
20:46:50 | INFO: Blender create Mesh node record_001
20:46:50 | INFO: Blender create Mesh node record_002
20:46:50 | INFO: Blender create Mesh node record_003
20:46:50 | INFO: Blender create Mesh node record_004
20:46:50 | INFO: Blender create Mesh node record_005
20:46:50 | INFO: Blender create Mesh node record_006
20:46:50 | INFO: Blender create Mesh node record_007
20:46:50 | INFO: Blender create Mesh node record_008
20:46:50 | INFO: Blender create Mesh node record_009
20:46:50 | INFO: Blender create Mesh node record_010
20:46:50 | INFO: Blender create Mesh node record_011
20:46:50 | INFO: Blender create Mesh node record_012
20:46:50 | INFO: Blender create Mesh node record_013
20:46:50 | INFO: Blender create Mesh node record_014
20:46:50 | INFO: Blender create Mesh node record_015
20:46:50 | INFO: Blender create Mesh node record_016
20:46:50 | INFO: Blender create Mesh node record_017
20:46:50 | INFO: Blender create Mesh node record_018
20:46:50 | INFO: Blender create Mesh node record_019
20:46:50 | INFO: Blender create Mesh node record_020
20:46:50 | INFO: Blender create Mesh node record_021
20:46:50 | INFO: Blender create Mesh node record_022
20:46:50 | INFO: Blender create Mesh node record_023
20:46:50 | INFO: Blender create Mesh node record_024
20:46:50 | INFO: Blender create Mesh node record_025
20:46:50 | INFO: Blender create Mesh node record_026
20:46:50 | INFO: Blender create Mesh node record_027
20:46:50 | INFO: Blender create Mesh node record_028
20:46:50 | INFO: Blender create Mesh node record_029
20:46:50 | INFO: Blender create Mesh node record_030
20:46:50 | INFO: Blender create Mesh node record_031
20:46:50 | INFO: Blender create Mesh node record_032
20:46:50 | INFO: Blender create Mesh node record_033
20:46:50 | INFO: Blender create Mesh node record_034
20:46:50 | INFO: Blender create Mesh node record_035
20:46:50 | INFO: Blender create Mesh node record_036
20:46:50 | INFO: Blender create Mesh node record_037
20:46:50 | INFO: Blender create Mesh node record_038
20:46:50 | INFO: Blender create Mesh node record_039
20:46:50 | INFO: Blender create Mesh node record_040
20:46:50 | INFO: Blender create Mesh node record_041
20:46:50 | INFO: Blender create Mesh node record_042
20:46:50 | INFO: Blender create Mesh node record_043
20:46:50 | INFO: Blender create Mesh node record_044
20:46:50 | INFO: Blender create Mesh node record_045
20:46:50 | INFO: Blender create Mesh node record_046
20:46:50 | INFO: Blender create Mesh node record_047
20:46:50 | INFO: Blender create Mesh node record_048
20:46:50 | INFO: Blender create Mesh node record_049
20:46:50 | INFO: Blender create Mesh node record_050
20:46:50 | INFO: Blender create Mesh node record_051
20:46:50 | INFO: Blender create Mesh node record_052
20:46:50 | INFO: glTF import finished in 0.04s
{"validated": "TAURUS_STOCK_A.glb", "scenes": 6, "images": 41}
20:46:50 | INFO: Data are loaded, start creating Blender stuff
20:46:50 | INFO: Blender create Mesh node record_001
20:46:50 | INFO: Blender create Mesh node record_002
20:46:50 | INFO: Blender create Mesh node record_003
20:46:50 | INFO: Blender create Mesh node record_004
20:46:50 | INFO: Blender create Mesh node record_005
20:46:50 | INFO: Blender create Mesh node record_006
20:46:50 | INFO: Blender create Mesh node record_007
20:46:50 | INFO: Blender create Mesh node record_008
20:46:50 | INFO: Blender create Mesh node record_009
20:46:50 | INFO: Blender create Mesh node record_010
20:46:50 | INFO: Blender create Mesh node record_011
20:46:50 | INFO: Blender create Mesh node record_012
20:46:50 | INFO: Blender create Mesh node record_013
20:46:50 | INFO: Blender create Mesh node record_014
20:46:50 | INFO: Blender create Mesh node record_015
20:46:50 | INFO: Blender create Mesh node record_016
20:46:50 | INFO: Blender create Mesh node record_017
20:46:50 | INFO: Blender create Mesh node record_018
20:46:50 | INFO: Blender create Mesh node record_019
20:46:50 | INFO: Blender create Mesh node record_020
20:46:50 | INFO: Blender create Mesh node record_021
20:46:50 | INFO: Blender create Mesh node record_022
20:46:50 | INFO: Blender create Mesh node record_023
20:46:50 | INFO: Blender create Mesh node record_024
20:46:50 | INFO: Blender create Mesh node record_025
20:46:50 | INFO: Blender create Mesh node record_026
20:46:50 | INFO: Blender create Mesh node record_027
20:46:50 | INFO: Blender create Mesh node record_028
20:46:50 | INFO: Blender create Mesh node record_029
20:46:50 | INFO: Blender create Mesh node record_030
20:46:50 | INFO: Blender create Mesh node record_031
20:46:50 | INFO: Blender create Mesh node record_032
20:46:50 | INFO: Blender create Mesh node record_033
20:46:50 | INFO: Blender create Mesh node record_034
20:46:50 | INFO: Blender create Mesh node record_035
20:46:50 | INFO: Blender create Mesh node record_036
20:46:50 | INFO: Blender create Mesh node record_037
20:46:50 | INFO: Blender create Mesh node record_038
20:46:50 | INFO: Blender create Mesh node record_039
20:46:50 | INFO: Blender create Mesh node record_040
20:46:50 | INFO: Blender create Mesh node record_041
20:46:50 | INFO: Blender create Mesh node record_042
20:46:50 | INFO: Blender create Mesh node record_043
20:46:50 | INFO: Blender create Mesh node record_044
20:46:50 | INFO: Blender create Mesh node record_045
20:46:50 | INFO: Blender create Mesh node record_046
20:46:50 | INFO: Blender create Mesh node record_047
20:46:50 | INFO: Blender create Mesh node record_048
20:46:50 | INFO: Blender create Mesh node record_049
20:46:50 | INFO: Blender create Mesh node record_050
20:46:50 | INFO: Blender create Mesh node record_051
20:46:50 | INFO: Blender create Mesh node record_052
20:46:50 | INFO: glTF import finished in 0.04s
{"validated": "TAURUS_STOCK_B.glb", "scenes": 6, "images": 41}
20:46:50 | INFO: Data are loaded, start creating Blender stuff
20:46:50 | INFO: Blender create Mesh node record_001
20:46:50 | INFO: Blender create Mesh node record_002
20:46:50 | INFO: Blender create Mesh node record_003
20:46:50 | INFO: Blender create Mesh node record_004
20:46:50 | INFO: Blender create Mesh node record_005
20:46:50 | INFO: Blender create Mesh node record_006
20:46:50 | INFO: Blender create Mesh node record_007
20:46:50 | INFO: Blender create Mesh node record_008
20:46:50 | INFO: Blender create Mesh node record_009
20:46:50 | INFO: Blender create Mesh node record_010
20:46:50 | INFO: Blender create Mesh node record_011
20:46:50 | INFO: Blender create Mesh node record_012
20:46:50 | INFO: Blender create Mesh node record_013
20:46:50 | INFO: Blender create Mesh node record_014
20:46:50 | INFO: Blender create Mesh node record_015
20:46:50 | INFO: Blender create Mesh node record_016
20:46:50 | INFO: Blender create Mesh node record_017
20:46:50 | INFO: Blender create Mesh node record_018
20:46:50 | INFO: Blender create Mesh node record_019
20:46:50 | INFO: Blender create Mesh node record_020
20:46:50 | INFO: Blender create Mesh node record_021
20:46:50 | INFO: Blender create Mesh node record_022
20:46:50 | INFO: Blender create Mesh node record_023
20:46:50 | INFO: Blender create Mesh node record_024
20:46:50 | INFO: Blender create Mesh node record_025
20:46:50 | INFO: Blender create Mesh node record_026
20:46:50 | INFO: Blender create Mesh node record_027
20:46:50 | INFO: Blender create Mesh node record_028
20:46:50 | INFO: Blender create Mesh node record_029
20:46:50 | INFO: Blender create Mesh node record_030
20:46:50 | INFO: Blender create Mesh node record_031
20:46:50 | INFO: Blender create Mesh node record_032
20:46:50 | INFO: Blender create Mesh node record_033
20:46:50 | INFO: Blender create Mesh node record_034
20:46:50 | INFO: Blender create Mesh node record_035
20:46:50 | INFO: Blender create Mesh node record_036
20:46:50 | INFO: Blender create Mesh node record_037
20:46:50 | INFO: Blender create Mesh node record_038
20:46:50 | INFO: Blender create Mesh node record_039
20:46:50 | INFO: Blender create Mesh node record_040
20:46:50 | INFO: Blender create Mesh node record_041
20:46:50 | INFO: Blender create Mesh node record_042
20:46:50 | INFO: Blender create Mesh node record_043
20:46:50 | INFO: Blender create Mesh node record_044
20:46:50 | INFO: Blender create Mesh node record_045
20:46:50 | INFO: Blender create Mesh node record_046
20:46:50 | INFO: Blender create Mesh node record_047
20:46:50 | INFO: Blender create Mesh node record_048
20:46:50 | INFO: Blender create Mesh node record_049
20:46:50 | INFO: Blender create Mesh node record_050
20:46:50 | INFO: Blender create Mesh node record_051
20:46:50 | INFO: Blender create Mesh node record_052
20:46:50 | INFO: glTF import finished in 0.04s
{"validated": "TAURUS_STOCK_C.glb", "scenes": 6, "images": 41}
20:46:50 | INFO: Data are loaded, start creating Blender stuff
20:46:50 | INFO: Blender create Mesh node record_001
20:46:50 | INFO: Blender create Mesh node record_002
20:46:50 | INFO: Blender create Mesh node record_003
20:46:50 | INFO: Blender create Mesh node record_004
20:46:50 | INFO: Blender create Mesh node record_005
20:46:50 | INFO: Blender create Mesh node record_006
20:46:50 | INFO: Blender create Mesh node record_007
20:46:50 | INFO: Blender create Mesh node record_008
20:46:50 | INFO: Blender create Mesh node record_009
20:46:50 | INFO: Blender create Mesh node record_010
20:46:50 | INFO: Blender create Mesh node record_011
20:46:50 | INFO: Blender create Mesh node record_012
20:46:50 | INFO: Blender create Mesh node record_013
20:46:50 | INFO: Blender create Mesh node record_014
20:46:50 | INFO: Blender create Mesh node record_015
20:46:50 | INFO: Blender create Mesh node record_016
20:46:50 | INFO: Blender create Mesh node record_017
20:46:50 | INFO: Blender create Mesh node record_018
20:46:50 | INFO: Blender create Mesh node record_019
20:46:50 | INFO: Blender create Mesh node record_020
20:46:50 | INFO: Blender create Mesh node record_021
20:46:50 | INFO: Blender create Mesh node record_022
20:46:50 | INFO: Blender create Mesh node record_023
20:46:50 | INFO: Blender create Mesh node record_024
20:46:50 | INFO: Blender create Mesh node record_025
20:46:50 | INFO: Blender create Mesh node record_026
20:46:50 | INFO: Blender create Mesh node record_027
20:46:50 | INFO: Blender create Mesh node record_028
20:46:50 | INFO: Blender create Mesh node record_029
20:46:50 | INFO: Blender create Mesh node record_030
20:46:50 | INFO: Blender create Mesh node record_031
20:46:50 | INFO: Blender create Mesh node record_032
20:46:50 | INFO: Blender create Mesh node record_033
20:46:50 | INFO: Blender create Mesh node record_034
20:46:50 | INFO: Blender create Mesh node record_035
20:46:50 | INFO: Blender create Mesh node record_036
20:46:50 | INFO: Blender create Mesh node record_037
20:46:50 | INFO: Blender create Mesh node record_038
20:46:50 | INFO: Blender create Mesh node record_039
20:46:50 | INFO: Blender create Mesh node record_040
20:46:50 | INFO: Blender create Mesh node record_041
20:46:50 | INFO: Blender create Mesh node record_042
20:46:50 | INFO: Blender create Mesh node record_043
20:46:50 | INFO: Blender create Mesh node record_044
20:46:50 | INFO: Blender create Mesh node record_045
20:46:50 | INFO: Blender create Mesh node record_046
20:46:50 | INFO: Blender create Mesh node record_047
20:46:50 | INFO: Blender create Mesh node record_048
20:46:50 | INFO: Blender create Mesh node record_049
20:46:50 | INFO: Blender create Mesh node record_050
20:46:50 | INFO: Blender create Mesh node record_051
20:46:50 | INFO: Blender create Mesh node record_052
20:46:50 | INFO: glTF import finished in 0.04s
{"validated": "TAURUS_STOCK_D.glb", "scenes": 6, "images": 41}
20:46:50 | INFO: Data are loaded, start creating Blender stuff
20:46:50 | INFO: Blender create Mesh node record_001
20:46:50 | INFO: Blender create Mesh node record_002
20:46:50 | INFO: Blender create Mesh node record_003
20:46:50 | INFO: Blender create Mesh node record_004
20:46:50 | INFO: Blender create Mesh node record_005
20:46:50 | INFO: Blender create Mesh node record_006
20:46:50 | INFO: Blender create Mesh node record_007
20:46:50 | INFO: Blender create Mesh node record_008
20:46:50 | INFO: Blender create Mesh node record_009
20:46:50 | INFO: Blender create Mesh node record_010
20:46:50 | INFO: Blender create Mesh node record_011
20:46:50 | INFO: Blender create Mesh node record_012
20:46:50 | INFO: Blender create Mesh node record_013
20:46:50 | INFO: Blender create Mesh node record_014
20:46:50 | INFO: Blender create Mesh node record_015
20:46:50 | INFO: Blender create Mesh node record_016
20:46:50 | INFO: Blender create Mesh node record_017
20:46:50 | INFO: Blender create Mesh node record_018
20:46:50 | INFO: Blender create Mesh node record_019
20:46:50 | INFO: Blender create Mesh node record_020
20:46:50 | INFO: Blender create Mesh node record_021
20:46:50 | INFO: Blender create Mesh node record_022
20:46:50 | INFO: Blender create Mesh node record_023
20:46:50 | INFO: Blender create Mesh node record_024
20:46:50 | INFO: Blender create Mesh node record_025
20:46:50 | INFO: Blender create Mesh node record_026
20:46:50 | INFO: Blender create Mesh node record_027
20:46:50 | INFO: Blender create Mesh node record_028
20:46:50 | INFO: Blender create Mesh node record_029
20:46:50 | INFO: Blender create Mesh node record_030
20:46:50 | INFO: Blender create Mesh node record_031
20:46:50 | INFO: Blender create Mesh node record_032
20:46:50 | INFO: Blender create Mesh node record_033
20:46:50 | INFO: Blender create Mesh node record_034
20:46:50 | INFO: Blender create Mesh node record_035
20:46:50 | INFO: Blender create Mesh node record_036
20:46:50 | INFO: Blender create Mesh node record_037
20:46:50 | INFO: glTF import finished in 0.03s
{"validated": "THUNDERBIRD.glb", "scenes": 6, "images": 17}
20:46:50 | INFO: Data are loaded, start creating Blender stuff
20:46:50 | INFO: Blender create Mesh node record_001
20:46:50 | INFO: Blender create Mesh node record_002
20:46:50 | INFO: Blender create Mesh node record_003
20:46:50 | INFO: Blender create Mesh node record_004
20:46:50 | INFO: Blender create Mesh node record_005
20:46:50 | INFO: Blender create Mesh node record_006
20:46:50 | INFO: Blender create Mesh node record_007
20:46:50 | INFO: Blender create Mesh node record_008
20:46:50 | INFO: Blender create Mesh node record_009
20:46:50 | INFO: Blender create Mesh node record_010
20:46:50 | INFO: Blender create Mesh node record_011
20:46:50 | INFO: Blender create Mesh node record_012
20:46:50 | INFO: Blender create Mesh node record_013
20:46:50 | INFO: Blender create Mesh node record_014
20:46:50 | INFO: Blender create Mesh node record_015
20:46:50 | INFO: Blender create Mesh node record_016
20:46:50 | INFO: Blender create Mesh node record_017
20:46:50 | INFO: Blender create Mesh node record_018
20:46:50 | INFO: Blender create Mesh node record_019
20:46:50 | INFO: Blender create Mesh node record_020
20:46:50 | INFO: Blender create Mesh node record_021
20:46:50 | INFO: Blender create Mesh node record_022
20:46:50 | INFO: Blender create Mesh node record_023
20:46:50 | INFO: Blender create Mesh node record_024
20:46:50 | INFO: Blender create Mesh node record_025
20:46:50 | INFO: Blender create Mesh node record_026
20:46:50 | INFO: Blender create Mesh node record_027
20:46:50 | INFO: Blender create Mesh node record_028
20:46:50 | INFO: Blender create Mesh node record_029
20:46:50 | INFO: Blender create Mesh node record_030
20:46:50 | INFO: Blender create Mesh node record_031
20:46:50 | INFO: Blender create Mesh node record_032
20:46:50 | INFO: Blender create Mesh node record_033
20:46:50 | INFO: Blender create Mesh node record_034
20:46:50 | INFO: Blender create Mesh node record_035
20:46:50 | INFO: Blender create Mesh node record_036
20:46:50 | INFO: Blender create Mesh node record_037
20:46:50 | INFO: Blender create Mesh node record_038
20:46:50 | INFO: Blender create Mesh node record_039
20:46:50 | INFO: Blender create Mesh node record_040
20:46:50 | INFO: Blender create Mesh node record_041
20:46:50 | INFO: Blender create Mesh node record_042
20:46:50 | INFO: Blender create Mesh node record_043
20:46:50 | INFO: Blender create Mesh node record_044
20:46:50 | INFO: Blender create Mesh node record_045
20:46:50 | INFO: Blender create Mesh node record_046
20:46:50 | INFO: Blender create Mesh node record_047
20:46:50 | INFO: Blender create Mesh node record_048
20:46:50 | INFO: Blender create Mesh node record_049
20:46:50 | INFO: Blender create Mesh node record_050
20:46:50 | INFO: Blender create Mesh node record_051
20:46:50 | INFO: Blender create Mesh node record_052
20:46:50 | INFO: Blender create Mesh node record_053
20:46:50 | INFO: Blender create Mesh node record_054
20:46:50 | INFO: Blender create Mesh node record_055
20:46:50 | INFO: Blender create Mesh node record_056
20:46:50 | INFO: Blender create Mesh node record_057
20:46:50 | INFO: Blender create Mesh node record_058
20:46:50 | INFO: Blender create Mesh node record_059
20:46:50 | INFO: Blender create Mesh node record_060
20:46:50 | INFO: Blender create Mesh node record_061
20:46:50 | INFO: Blender create Mesh node record_062
20:46:50 | INFO: Blender create Mesh node record_063
20:46:50 | INFO: Blender create Mesh node record_064
20:46:50 | INFO: Blender create Mesh node record_065
20:46:50 | INFO: Blender create Mesh node record_066
20:46:50 | INFO: glTF import finished in 0.04s
{"validated": "THUNDERBIRD_2002.glb", "scenes": 6, "images": 21}
20:46:50 | INFO: Data are loaded, start creating Blender stuff
20:46:50 | INFO: Blender create Mesh node record_001
20:46:50 | INFO: Blender create Mesh node record_002
20:46:50 | INFO: Blender create Mesh node record_003
20:46:50 | INFO: Blender create Mesh node record_004
20:46:50 | INFO: Blender create Mesh node record_005
20:46:50 | INFO: Blender create Mesh node record_006
20:46:50 | INFO: Blender create Mesh node record_007
20:46:50 | INFO: Blender create Mesh node record_008
20:46:50 | INFO: Blender create Mesh node record_009
20:46:50 | INFO: Blender create Mesh node record_010
20:46:50 | INFO: Blender create Mesh node record_011
20:46:50 | INFO: Blender create Mesh node record_012
20:46:50 | INFO: Blender create Mesh node record_013
20:46:50 | INFO: Blender create Mesh node record_014
20:46:50 | INFO: Blender create Mesh node record_015
20:46:50 | INFO: Blender create Mesh node record_016
20:46:50 | INFO: Blender create Mesh node record_017
20:46:50 | INFO: Blender create Mesh node record_018
20:46:50 | INFO: Blender create Mesh node record_019
20:46:50 | INFO: Blender create Mesh node record_020
20:46:50 | INFO: Blender create Mesh node record_021
20:46:50 | INFO: Blender create Mesh node record_022
20:46:50 | INFO: Blender create Mesh node record_023
20:46:50 | INFO: Blender create Mesh node record_024
20:46:50 | INFO: Blender create Mesh node record_025
20:46:50 | INFO: Blender create Mesh node record_026
20:46:50 | INFO: Blender create Mesh node record_027
20:46:50 | INFO: Blender create Mesh node record_028
20:46:50 | INFO: Blender create Mesh node record_029
20:46:50 | INFO: Blender create Mesh node record_030
20:46:50 | INFO: Blender create Mesh node record_031
20:46:50 | INFO: Blender create Mesh node record_032
20:46:50 | INFO: Blender create Mesh node record_033
20:46:50 | INFO: Blender create Mesh node record_034
20:46:50 | INFO: Blender create Mesh node record_035
20:46:50 | INFO: Blender create Mesh node record_036
20:46:50 | INFO: Blender create Mesh node record_037
20:46:50 | INFO: Blender create Mesh node record_038
20:46:50 | INFO: Blender create Mesh node record_039
20:46:50 | INFO: Blender create Mesh node record_040
20:46:50 | INFO: Blender create Mesh node record_041
20:46:50 | INFO: Blender create Mesh node record_042
20:46:50 | INFO: Blender create Mesh node record_043
20:46:50 | INFO: Blender create Mesh node record_044
20:46:50 | INFO: Blender create Mesh node record_045
20:46:50 | INFO: Blender create Mesh node record_046
20:46:50 | INFO: Blender create Mesh node record_047
20:46:50 | INFO: Blender create Mesh node record_048
20:46:50 | INFO: Blender create Mesh node record_049
20:46:50 | INFO: Blender create Mesh node record_050
20:46:50 | INFO: Blender create Mesh node record_051
20:46:50 | INFO: Blender create Mesh node record_052
20:46:50 | INFO: Blender create Mesh node record_053
20:46:50 | INFO: Blender create Mesh node record_054
20:46:50 | INFO: Blender create Mesh node record_055
20:46:50 | INFO: Blender create Mesh node record_056
20:46:50 | INFO: Blender create Mesh node record_057
20:46:50 | INFO: Blender create Mesh node record_058
20:46:50 | INFO: Blender create Mesh node record_059
20:46:50 | INFO: Blender create Mesh node record_060
20:46:50 | INFO: Blender create Mesh node record_061
20:46:50 | INFO: Blender create Mesh node record_062
20:46:50 | INFO: Blender create Mesh node record_063
20:46:50 | INFO: Blender create Mesh node record_064
20:46:50 | INFO: Blender create Mesh node record_065
20:46:50 | INFO: Blender create Mesh node record_066
20:46:50 | INFO: glTF import finished in 0.03s
{"validated": "THUNDERBIRD_MOVIE.glb", "scenes": 6, "images": 6}
Blender 4.5.14 LTS (hash 62c1db4208e8 built 2026-09-15 01:30:44)

Blender quit
