{
	Skinned 0 
	PosSkin 0 
	Pos 343 { 
		-1.113591	0.998065	3.913288 
		-1.113590	0.998065	3.057743 
		-1.113590	0.142696	3.057743 
		-1.113591	0.142696	3.913288 
		-0.812364	0.998065	3.057743 
		-0.812364	0.998065	3.913288 
		-0.812364	0.142696	3.913287 
		-0.812363	0.142696	3.057743 
		-0.812635	0.571115	3.058530 
		-1.112237	0.269071	3.183662 
		-1.112237	0.571115	3.058530 
		-0.812635	0.269071	3.183662 
		-1.112237	0.143959	3.485770 
		-0.812635	0.143959	3.485770 
		-1.112237	0.269071	3.787872 
		-0.812635	0.269071	3.787871 
		-1.112237	0.571118	3.913002 
		-0.812635	0.571118	3.913002 
		-1.112237	0.873161	3.787871 
		-0.812636	0.873161	3.787870 
		-1.112237	0.998272	3.485772 
		-0.812635	0.998272	3.485772 
		-1.112237	0.873164	3.183651 
		-0.812635	0.873165	3.183651 
		1.137316	0.998065	3.058252 
		1.137315	0.998065	3.913797 
		1.137315	0.142696	3.913796 
		1.137316	0.142696	3.058252 
		0.836088	0.998065	3.913797 
		0.836089	0.998065	3.058252 
		0.836089	0.142696	3.058252 
		0.836088	0.142696	3.913798 
		0.836360	0.571115	3.913009 
		1.135962	0.269071	3.787878 
		1.135962	0.571115	3.913009 
		0.836360	0.269071	3.787878 
		1.135962	0.143959	3.485770 
		0.836360	0.143959	3.485770 
		1.135962	0.269071	3.183668 
		0.836360	0.269071	3.183668 
		1.135962	0.571118	3.058537 
		0.836360	0.571118	3.058538 
		1.135962	0.873161	3.183669 
		0.836361	0.873161	3.183669 
		1.135962	0.998272	3.485768 
		0.836360	0.998272	3.485768 
		1.135962	0.873164	3.787889 
		0.836360	0.873165	3.787889 
		0.000000	2.219790	-2.538400 
		0.000000	2.259190	-2.947610 
		-0.953818	2.259190	-2.947610 
		-0.958478	2.219790	-2.538400 
		0.000000	2.203610	-3.394680 
		-0.960392	2.203610	-3.394680 
		-0.925222	2.078250	-3.483120 
		-0.966604	1.431140	-3.663890 
		-1.103039	1.420380	-3.621610 
		-1.016579	2.151340	-3.409820 
		-0.846438	2.137980	-3.466440 
		0.000000	2.137980	-3.466440 
		0.000000	1.431140	-3.663890 
		-1.103039	0.839678	-1.946070 
		-1.180739	0.768703	-2.017040 
		-0.551521	0.768703	-2.017040 
		-1.003043	1.099920	-2.453320 
		-1.103039	1.094770	-2.501640 
		-1.103039	1.099920	-2.308830 
		0.000000	2.135530	-2.490210 
		-0.918446	2.135530	-2.490210 
		-1.003043	1.420380	-2.453320 
		-1.180739	1.006490	-2.336290 
		-1.103039	0.761455	-3.088690 
		-1.103039	0.390166	-3.114280 
		-1.180739	0.390166	-3.033500 
		-1.180739	0.718331	-2.994110 
		-1.180739	1.006490	-2.663710 
		-1.103039	1.088300	-2.715950 
		-1.014419	2.169560	-2.538410 
		-1.009768	2.208890	-2.946910 
		-1.103039	1.420380	-2.501600 
		-0.499998	0.983771	4.077670 
		-0.499998	0.674068	4.071080 
		0.500001	0.674068	4.071080 
		0.500001	0.983771	4.077670 
		-0.999998	1.044720	4.078970 
		-0.999998	0.983771	4.077670 
		1.000001	0.983771	4.077670 
		1.000001	1.044720	4.078970 
		-0.728400	1.202440	3.913360 
		0.728403	1.202440	3.913360 
		-0.728400	1.202440	0.522307 
		0.728402	1.202440	0.522306 
		-0.999999	2.976830	0.530193 
		-0.999999	1.044720	0.522307 
		1.000001	2.976830	0.530192 
		-0.999999	3.371140	0.632713 
		1.000001	3.371140	0.632712 
		-1.000000	3.252850	-1.575420 
		1.000001	3.252850	-1.575420 
		-1.000000	2.921630	-1.630620 
		1.000001	2.921630	-1.630620 
		-1.000000	2.614070	-3.263060 
		1.000001	2.614070	-3.263060 
		1.000001	2.290730	-1.843550 
		-1.000000	2.290730	-1.843550 
		-1.000000	0.973743	-1.835660 
		-0.999999	0.983771	0.018067 
		-1.000000	0.435221	-2.093620 
		-1.000000	0.366508	-1.835660 
		-1.000000	0.853977	-2.002890 
		-0.999999	0.366508	0.018067 
		-0.551522	0.390166	-3.033500 
		-0.551522	0.718331	-2.994110 
		-0.551521	1.006490	-2.663710 
		-0.551521	1.006490	-2.336290 
		-0.551521	0.451434	-2.079630 
		-0.970161	1.570062	0.530193 
		-0.970160	1.570062	3.886900 
		-0.970160	2.555392	3.886900 
		-0.970161	2.555393	0.530193 
		-0.592112	2.555393	4.218750 
		-0.592112	1.570064	4.218750 
		0.592115	1.570064	4.218750 
		0.592115	2.555393	4.218750 
		0.000002	3.008843	3.886900 
		0.000001	3.008843	0.530193 
		-0.592113	3.008843	0.530193 
		-0.592112	3.008843	3.886900 
		-0.592112	1.195024	3.886900 
		0.592115	1.195024	3.886900 
		0.592115	3.008843	3.886900 
		-0.592113	1.195024	0.530193 
		-1.147859	3.180772	-2.608380 
		-1.147859	2.487491	-3.509650 
		-1.047859	2.487490	-3.509650 
		-1.047859	3.180770	-2.608380 
		-1.147859	3.310890	-1.596360 
		-1.047859	3.310890	-1.596360 
		-1.147859	2.365330	-1.036030 
		-1.047859	2.365330	-1.036030 
		-1.147859	1.749980	-1.577240 
		-1.047859	1.749980	-1.577240 
		-1.147859	0.920273	-1.834640 
		-1.047859	0.920273	-1.834640 
		-1.147859	0.857633	-1.644700 
		-1.047859	0.857633	-1.644700 
		-1.147859	1.648560	-1.400090 
		-1.047859	1.648560	-1.400090 
		-1.147859	2.342320	-0.789921 
		-1.047859	2.342320	-0.789921 
		-1.147859	3.485050	-1.482460 
		-1.047859	3.485050	-1.482460 
		-1.147859	3.355140	-2.653770 
		-1.047859	3.355140	-2.653770 
		-1.147859	2.646010	-3.631590 
		-1.047859	2.646010	-3.631590 
		-0.499999	0.983771	0.018067 
		-0.499999	0.366508	0.018067 
		-0.499998	0.366508	3.834500 
		-1.103039	0.390167	-3.613800 
		0.953818	2.259190	-2.947610 
		0.958478	2.219790	-2.538400 
		0.960392	2.203610	-3.394680 
		0.925221	2.078250	-3.483120 
		0.962816	1.431140	-3.663890 
		0.846437	2.137980	-3.466440 
		1.016571	2.151340	-3.409820 
		1.103041	1.420380	-3.621610 
		1.103041	0.390167	-3.613800 
		0.962334	0.889834	-3.659787 
		0.962188	1.014751	-3.660734 
		1.103041	0.839678	-1.946070 
		0.551521	0.768703	-2.017040 
		1.180731	0.768703	-2.017040 
		1.103041	1.099920	-2.308830 
		1.003041	1.099920	-2.453320 
		1.103041	1.094770	-2.501640 
		1.003041	1.420380	-2.453320 
		0.918446	2.135530	-2.490210 
		1.180731	1.006490	-2.336290 
		1.180731	0.390167	-3.033500 
		1.103041	0.390167	-3.114290 
		1.103041	0.761455	-3.088690 
		1.180731	0.718331	-2.994110 
		1.180731	1.006490	-2.663710 
		1.103041	1.088300	-2.715950 
		1.014421	2.169560	-2.538410 
		1.009771	2.208890	-2.946920 
		1.103041	1.420380	-2.501600 
		0.500001	0.366507	3.834500 
		1.000001	1.044720	0.522306 
		1.000001	0.973743	-1.835660 
		1.000001	0.853977	-2.002890 
		1.000001	0.435221	-2.093620 
		1.000001	0.983771	0.018067 
		1.000001	0.366508	-1.835660 
		1.000001	0.366508	0.018067 
		0.551521	0.718331	-2.994110 
		0.551521	0.390167	-3.033500 
		0.551521	1.006490	-2.663710 
		0.551521	1.006490	-2.336290 
		0.551521	0.451434	-2.079630 
		0.970163	2.555392	3.886900 
		0.970163	1.570063	3.886900 
		0.970163	1.570061	0.530192 
		0.970163	2.555393	0.530192 
		0.592114	3.008843	0.530192 
		0.592114	1.195024	0.530193 
		1.047861	2.487491	-3.509650 
		1.147861	2.487490	-3.509650 
		1.147861	3.180772	-2.608380 
		1.047861	3.180770	-2.608380 
		1.147861	3.310890	-1.596370 
		1.047861	3.310890	-1.596370 
		1.147861	2.365330	-1.036030 
		1.047861	2.365330	-1.036030 
		1.147861	1.749980	-1.577240 
		1.047861	1.749980	-1.577240 
		1.147861	0.920273	-1.834640 
		1.047861	0.920273	-1.834640 
		1.147861	0.857633	-1.644700 
		1.047861	0.857633	-1.644700 
		1.147861	1.648560	-1.400090 
		1.047861	1.648560	-1.400090 
		1.147861	2.342320	-0.789921 
		1.047861	2.342320	-0.789921 
		1.147861	3.485050	-1.482460 
		1.047861	3.485050	-1.482460 
		1.147861	3.355140	-2.653770 
		1.047861	3.355140	-2.653770 
		1.147861	2.646010	-3.631590 
		1.047861	2.646010	-3.631590 
		0.500000	0.366508	0.018067 
		0.500000	0.983771	0.018067 
		-0.997861	2.527790	-3.493930 
		-1.010361	3.606140	-2.883540 
		-1.035359	3.606140	-2.883540 
		-1.047859	2.527790	-3.493930 
		-1.010361	3.631850	-2.934010 
		-1.035359	3.631850	-2.934010 
		-0.997861	2.582990	-3.620110 
		-1.047859	2.582990	-3.620110 
		1.035361	3.606140	-2.883540 
		1.010361	3.606140	-2.883540 
		0.997861	2.527790	-3.493930 
		1.047861	2.527790	-3.493930 
		1.035361	3.631850	-2.934010 
		1.010361	3.631850	-2.934010 
		1.047861	2.582990	-3.620110 
		0.997861	2.582990	-3.620110 
		1.214861	2.556660	-3.553020 
		1.214861	2.652420	-3.553020 
		1.214861	2.604540	-3.470100 
		-1.214869	2.652420	-3.553020 
		-1.214869	2.604540	-3.470100 
		-1.214869	2.556660	-3.553020 
		0.811380	1.076730	-2.528819 
		0.811380	1.857460	-2.528819 
		0.811380	1.857460	-2.105960 
		0.811380	1.076730	-2.105960 
		-0.871956	1.076730	-2.528819 
		-0.871956	1.076730	-2.105960 
		-0.871956	1.857460	-2.105960 
		-0.871956	1.857460	-2.528819 
		-0.967199	1.014751	-3.660734 
		-0.802775	1.014751	-3.660734 
		0.000000	1.014751	-3.660734 
		0.961171	0.390167	-3.656000 
		0.798738	0.889834	-3.659787 
		0.000000	0.390167	-3.656000 
		0.000000	0.889834	-3.659787 
		-0.966604	0.390167	-3.656000 
		-0.967347	0.889834	-3.659787 
		0.798616	1.014751	-3.660734 
		-0.802898	0.889834	-3.659787 
		1.376714	1.910800	-3.394510 
		1.376714	1.567340	-3.394510 
		1.333714	1.607620	-3.376780 
		1.333714	1.910800	-3.376780 
		1.370564	1.567340	-3.348410 
		1.370564	1.910800	-3.348410 
		1.125592	1.567340	-3.518913 
		1.082592	1.607620	-3.501193 
		1.119442	1.567340	-3.472813 
		1.125592	1.438627	-3.518913 
		1.082592	1.405793	-3.501193 
		1.119442	1.438627	-3.472813 
		1.253859	1.694690	-3.372573 
		1.419304	1.694690	-3.277053 
		1.421479	2.050410	-3.280820 
		1.256034	2.050410	-3.376340 
		1.305943	1.791990	-3.388944 
		1.306918	1.951510	-3.390633 
		1.408416	1.951510	-3.332033 
		1.407441	1.791990	-3.330343 
		-1.376714	1.910800	-3.394510 
		-1.333714	1.910800	-3.376780 
		-1.333714	1.607620	-3.376780 
		-1.376714	1.567340	-3.394510 
		-1.370564	1.910800	-3.348410 
		-1.370564	1.567340	-3.348410 
		-1.082592	1.607620	-3.501193 
		-1.125592	1.567340	-3.518913 
		-1.119442	1.567340	-3.472813 
		-1.082592	1.405793	-3.501193 
		-1.125592	1.438627	-3.518913 
		-1.119442	1.438627	-3.472813 
		-1.253859	1.694690	-3.372572 
		-1.256034	2.050410	-3.376340 
		-1.421479	2.050410	-3.280820 
		-1.419304	1.694690	-3.277052 
		-1.305942	1.791990	-3.388944 
		-1.407441	1.791990	-3.330344 
		-1.408416	1.951510	-3.332032 
		-1.306918	1.951510	-3.390633 
		-0.989000	0.672588	3.977741 
		-0.490407	0.672591	3.977741 
		-0.490407	0.672591	4.062671 
		-0.989000	0.672588	4.062671 
		-0.988993	0.842446	3.977741 
		-0.490400	0.842450	3.977741 
		-0.988993	0.842446	4.062671 
		-0.974041	0.690933	4.062671 
		-0.974036	0.825460	4.062671 
		-0.839421	0.690934	4.062671 
		-0.560209	0.690935	4.062671 
		-0.490400	0.842450	4.062671 
		-0.839415	0.825461	4.062671 
		-0.560203	0.825464	4.062671 
		0.989000	0.672588	3.977741 
		0.989000	0.672588	4.062671 
		0.490407	0.672591	4.062671 
		0.490407	0.672591	3.977741 
		0.988993	0.842446	3.977741 
		0.490400	0.842450	3.977741 
		0.988993	0.842446	4.062671 
		0.974036	0.825460	4.062671 
		0.974041	0.690933	4.062671 
		0.839421	0.690934	4.062671 
		0.560209	0.690935	4.062671 
		0.490400	0.842450	4.062671 
		0.560203	0.825464	4.062671 
		0.839415	0.825461	4.062671 
	}

	Nrm 159 { 
		-1.000000	0.000000	0.000000 
		1.000000	0.000000	0.000000 
		0.000000	-0.140625	-0.984375 
		0.000000	-0.609375	-0.796875 
		0.000000	0.140625	-0.984375 
		0.000000	-0.796875	-0.609375 
		0.000000	-0.984375	-0.140625 
		0.000000	-0.984375	0.140625 
		0.000000	-0.796875	0.609375 
		0.000000	-0.609375	0.796875 
		0.000000	-0.140625	0.984375 
		0.000000	0.140625	0.984375 
		0.000000	0.609375	0.796875 
		0.000000	0.796875	0.609375 
		0.000000	0.984375	0.140625 
		0.000000	0.984375	-0.140625 
		0.000000	0.796875	-0.609375 
		0.000000	0.609375	-0.796875 
		0.000000	0.843750	0.546875 
		0.000000	1.000000	-0.015625 
		-0.359375	0.937500	-0.015625 
		-0.296875	0.765625	0.562500 
		0.000000	0.906250	-0.421875 
		-0.250000	0.843750	-0.484375 
		-0.203125	0.359375	-0.906250 
		-0.109375	0.140625	-0.984375 
		-0.875000	0.062500	-0.484375 
		-0.796875	0.437500	-0.437500 
		-0.062500	0.468750	-0.890625 
		0.000000	0.531250	-0.859375 
		0.000000	0.125000	-0.984375 
		0.000000	-0.703125	0.703125 
		-0.031250	1.000000	-0.031250 
		0.000000	0.234375	0.968750 
		-0.187500	0.265625	0.953125 
		-0.171875	0.046875	0.984375 
		-0.781250	0.515625	0.375000 
		-0.750000	0.062500	-0.656250 
		-0.781250	0.468750	-0.421875 
		-0.734375	0.687500	-0.015625 
		-0.750000	0.656250	0.000000 
		-0.828125	0.343750	0.453125 
		-0.828125	0.562500	0.000000 
		-0.843750	0.062500	0.531250 
		-0.218750	0.000000	0.968750 
		-0.843750	0.000000	0.531250 
		0.000000	-0.015625	1.000000 
		0.000000	0.718750	0.687500 
		0.000000	1.000000	0.000000 
		0.000000	0.000000	1.000000 
		0.000000	-0.250000	0.968750 
		0.000000	1.000000	-0.046875 
		0.000000	0.171875	-0.984375 
		0.000000	0.984375	-0.187500 
		0.000000	-0.968750	-0.218750 
		-0.500000	0.859375	0.000000 
		0.000000	-0.125000	1.000000 
		0.000000	-0.750000	0.656250 
		0.000000	-1.000000	0.000000 
		0.000000	-0.796875	-0.593750 
		0.000000	-0.656250	0.750000 
		0.000000	0.593750	0.812500 
		-0.703125	-0.703125	0.000000 
		-0.656250	0.000000	0.750000 
		-0.546875	-0.546875	0.625000 
		-0.765625	0.640625	0.000000 
		-0.578125	0.484375	0.656250 
		0.000000	-0.984375	0.125000 
		0.000000	-0.515625	-0.859375 
		0.000000	0.656250	-0.750000 
		0.000000	0.296875	-0.953125 
		0.000000	-0.953125	-0.312500 
		0.000000	-0.296875	0.953125 
		0.000000	0.515625	0.859375 
		0.000000	1.000000	-0.109375 
		0.000000	0.812500	-0.593750 
		0.359375	0.937500	-0.015625 
		0.296875	0.765625	0.562500 
		0.250000	0.843750	-0.484375 
		0.203125	0.359375	-0.906250 
		0.109375	0.140625	-0.984375 
		0.062500	0.468750	-0.890625 
		0.796875	0.437500	-0.437500 
		0.875000	0.062500	-0.500000 
		0.281250	0.000000	-0.953125 
		0.140625	0.000000	-0.984375 
		0.000000	0.812500	0.578125 
		0.031250	1.000000	-0.031250 
		0.171875	0.046875	0.984375 
		0.187500	0.265625	0.953125 
		0.781250	0.515625	0.375000 
		0.750000	0.062500	-0.656250 
		0.781250	0.468750	-0.421875 
		0.734375	0.687500	-0.015625 
		0.750000	0.656250	0.000000 
		0.828125	0.343750	0.453125 
		0.828125	0.562500	0.000000 
		0.843750	0.062500	0.531250 
		0.218750	0.000000	0.968750 
		0.843750	0.000000	0.531250 
		0.000000	0.000000	-1.000000 
		0.000000	0.812500	-0.578125 
		0.000000	0.218750	-0.984375 
		0.500000	0.859375	0.000000 
		0.703125	-0.703125	0.000000 
		0.656250	0.000000	0.750000 
		0.546875	-0.546875	0.625000 
		0.765625	0.640625	0.000000 
		0.578125	0.484375	0.656250 
		0.000000	-0.500000	0.875000 
		0.000000	0.890625	0.453125 
		0.000000	0.546875	-0.843750 
		0.000000	-0.921875	-0.406250 
		1.000000	0.015625	0.000000 
		-1.000000	0.015625	0.000000 
		0.000000	0.859375	0.500000 
		0.000000	-0.859375	0.500000 
		-0.156250	0.000000	-0.984375 
		0.093750	0.000000	-1.000000 
		-0.093750	0.000000	-1.000000 
		-0.296875	0.000000	-0.953125 
		0.437500	0.703125	-0.562500 
		0.531250	-0.187500	-0.828125 
		-0.781250	0.625000	0.046875 
		-0.703125	0.703125	-0.093750 
		-0.031250	-0.390625	0.921875 
		0.265625	0.703125	0.656250 
		0.765625	-0.484375	-0.437500 
		-0.421875	-0.906250	-0.062500 
		0.625000	-0.484375	0.625000 
		-0.500000	0.015625	0.859375 
		0.250000	-0.140625	-0.953125 
		0.250000	0.125000	-0.953125 
		0.703125	0.125000	-0.703125 
		0.703125	-0.140625	-0.687500 
		0.093750	-0.218750	-0.968750 
		0.796875	-0.218750	-0.562500 
		0.796875	0.187500	-0.578125 
		0.093750	0.187500	-0.968750 
		-0.437500	0.703125	-0.562500 
		0.703125	0.703125	-0.093750 
		0.781250	0.625000	0.046875 
		-0.531250	-0.187500	-0.828125 
		-0.265625	0.703125	0.656250 
		0.031250	-0.390625	0.921875 
		0.421875	-0.906250	-0.062500 
		-0.765625	-0.484375	-0.437500 
		-0.625000	-0.484375	0.625000 
		0.500000	0.015625	0.859375 
		-0.250000	-0.140625	-0.953125 
		-0.703125	-0.140625	-0.687500 
		-0.703125	0.125000	-0.703125 
		-0.250000	0.125000	-0.953125 
		-0.093750	-0.218750	-0.968750 
		-0.796875	-0.218750	-0.562500 
		-0.796875	0.187500	-0.578125 
		-0.093750	0.187500	-0.968750 
		0.000000	-0.968750	-0.250000 
		0.000000	-1.000000	0.062500 
	}

	Cpv 814 { 
		0.500000	0.500000	0.500000	0.000000 
		0.500000	0.500000	0.500000	0.000000 
		0.500000	0.500000	0.500000	0.000000 
		0.500000	0.500000	0.500000	0.000000 
		0.500000	0.500000	0.500000	0.000000 
		0.500000	0.500000	0.500000	0.000000 
		0.500000	0.500000	0.500000	0.000000 
		0.500000	0.500000	0.500000	0.000000 
		0.500000	0.500000	0.500000	0.000000 
		0.500000	0.500000	0.500000	0.000000 
		0.500000	0.500000	0.500000	0.000000 
		0.500000	0.500000	0.500000	0.000000 
		0.500000	0.500000	0.500000	0.000000 
		0.500000	0.500000	0.500000	0.000000 
		0.500000	0.500000	0.500000	0.000000 
		0.500000	0.500000	0.500000	0.000000 
		0.500000	0.500000	0.500000	0.000000 
		0.500000	0.500000	0.500000	0.000000 
		0.500000	0.500000	0.500000	0.000000 
		0.500000	0.500000	0.500000	0.000000 
		0.500000	0.500000	0.500000	0.000000 
		0.500000	0.500000	0.500000	0.000000 
		0.500000	0.500000	0.500000	0.000000 
		0.519535	0.492365	0.497889	0.000000 
		0.519535	0.492365	0.497889	0.000000 
		0.500000	0.500000	0.500000	0.000000 
		0.500000	0.500000	0.500000	0.000000 
		0.500000	0.500000	0.500000	0.000000 
		0.500000	0.500000	0.500000	0.000000 
		0.500000	0.500000	0.500000	0.000000 
		0.500000	0.500000	0.500000	0.000000 
		0.500000	0.500000	0.500000	0.000000 
		0.500000	0.500000	0.500000	0.000000 
		0.500000	0.500000	0.500000	0.000000 
		0.500000	0.500000	0.500000	0.000000 
		0.500000	0.500000	0.500000	0.000000 
		0.500000	0.500000	0.500000	0.000000 
		0.500000	0.500000	0.500000	0.000000 
		0.500000	0.500000	0.500000	0.000000 
		0.500000	0.500000	0.500000	0.000000 
		0.500000	0.500000	0.500000	0.000000 
		0.500000	0.500000	0.500000	0.000000 
		0.500000	0.500000	0.500000	0.000000 
		0.500000	0.500000	0.500000	0.000000 
		0.500000	0.500000	0.500000	0.000000 
		0.500000	0.500000	0.500000	0.000000 
		0.500000	0.500000	0.500000	0.000000 
		0.500000	0.500000	0.500000	0.000000 
		0.500000	0.500000	0.500000	0.000000 
		0.500000	0.500000	0.500000	0.000000 
		0.500000	0.500000	0.500000	0.000000 
		0.500000	0.500000	0.500000	0.000000 
		0.500000	0.500000	0.500000	0.000000 
		0.500000	0.500000	0.500000	0.000000 
		0.500000	0.500000	0.500000	0.000000 
		0.500000	0.500000	0.500000	0.000000 
		0.500000	0.500000	0.500000	0.000000 
		0.500000	0.500000	0.500000	0.000000 
		0.500000	0.500000	0.500000	0.000000 
		0.500000	0.500000	0.500000	0.000000 
		0.500000	0.500000	0.500000	0.000000 
		0.500000	0.500000	0.500000	0.000000 
		0.500000	0.500000	0.500000	0.000000 
		0.500000	0.500000	0.500000	0.000000 
		0.500000	0.500000	0.500000	0.000000 
		0.500000	0.500000	0.500000	0.000000 
		0.500000	0.500000	0.500000	0.000000 
		0.500000	0.500000	0.500000	0.000000 
		0.500000	0.500000	0.500000	0.000000 
		0.500000	0.500000	0.500000	0.000000 
		0.500000	0.500000	0.500000	0.000000 
		0.500000	0.500000	0.500000	0.000000 
		0.500000	0.500000	0.500000	0.000000 
		0.500000	0.500000	0.500000	0.000000 
		0.500000	0.500000	0.500000	0.000000 
		0.500000	0.500000	0.500000	0.000000 
		0.500000	0.500000	0.500000	0.000000 
		0.500000	0.500000	0.500000	0.000000 
		0.500000	0.500000	0.500000	0.000000 
		0.500000	0.500000	0.500000	0.000000 
		0.500000	0.500000	0.500000	0.003922 
		0.500000	0.500000	0.500000	0.003922 
		0.500000	0.500000	0.500000	0.003922 
		0.500000	0.500000	0.500000	0.003922 
		0.500000	0.500000	0.500000	0.003922 
		0.500000	0.500000	0.500000	0.003922 
		0.500000	0.500000	0.500000	0.003922 
		0.500000	0.500000	0.500000	0.000000 
		0.500000	0.500000	0.500000	0.000000 
		0.500000	0.500000	0.500000	0.003922 
		0.500000	0.500000	0.500000	0.003922 
		0.500000	0.500000	0.500000	0.003922 
		0.500000	0.500000	0.500000	0.000000 
		0.500000	0.500000	0.500000	0.000000 
		0.500000	0.500000	0.500000	0.000000 
		0.500000	0.500000	0.500000	0.000000 
		0.500000	0.500000	0.500000	0.000000 
		0.500000	0.500000	0.500000	0.000000 
		0.500000	0.500000	0.500000	0.000000 
		0.500000	0.500000	0.500000	0.003922 
		0.500000	0.500000	0.500000	0.003922 
		0.500000	0.500000	0.500000	0.000000 
		0.500000	0.500000	0.500000	0.000000 
		0.500000	0.500000	0.500000	0.000000 
		0.500000	0.500000	0.500000	0.000000 
		0.500000	0.500000	0.500000	0.000000 
		0.616754	0.500000	0.500000	0.000000 
		0.616754	0.500000	0.500000	0.000000 
		0.616754	0.500000	0.500000	0.000000 
		0.616754	0.500000	0.500000	0.000000 
		0.616754	0.500000	0.500000	0.000000 
		0.616754	0.500000	0.500000	0.000000 
		0.500000	0.500000	0.500000	0.000000 
		0.500000	0.500000	0.500000	0.000000 
		0.500000	0.500000	0.500000	0.000000 
		0.500000	0.500000	0.500000	0.000000 
		0.500000	0.500000	0.500000	0.000000 
		0.500000	0.500000	0.500000	0.000000 
		0.500000	0.500000	0.500000	0.000000 
		0.500000	0.500000	0.500000	0.000000 
		0.500000	0.500000	0.500000	0.000000 
		0.500000	0.500000	0.500000	0.003922 
		0.500000	0.500000	0.500000	0.003922 
		0.500000	0.500000	0.500000	0.003922 
		0.500000	0.500000	0.500000	0.000000 
		0.500000	0.500000	0.500000	0.000000 
		0.500000	0.500000	0.500000	0.003922 
		0.500000	0.500000	0.500000	0.003922 
		0.500000	0.500000	0.500000	0.000000 
		0.500000	0.500000	0.500000	0.000000 
		0.500000	0.500000	0.500000	0.000000 
		0.500000	0.500000	0.500000	0.003922 
		0.500000	0.500000	0.500000	0.003922 
		0.500000	0.500000	0.500000	0.003922 
		0.500000	0.500000	0.500000	0.003922 
		0.500000	0.552666	0.500000	0.000000 
		0.501294	0.531204	0.502772	0.000000 
		0.500000	0.500000	0.500000	0.000000 
		0.500000	0.500000	0.500000	0.000000 
		0.500000	0.581706	0.500000	0.000000 
		0.500000	0.581706	0.500000	0.000000 
		0.500000	0.500000	0.500000	0.000000 
		0.500000	0.500000	0.500000	0.000000 
		0.500000	0.500000	0.500000	0.000000 
		0.500000	0.581706	0.500000	0.000000 
		0.500000	0.500000	0.500000	0.000000 
		0.500000	0.500000	0.500000	0.000000 
		0.500000	0.500000	0.500000	0.000000 
		0.500000	0.500000	0.500000	0.000000 
		0.500000	0.500000	0.500000	0.000000 
		0.500000	0.500000	0.500000	0.000000 
		0.500000	0.500000	0.500000	0.003922 
		0.500000	0.500000	0.500000	0.000000 
		0.500000	0.500000	0.500000	0.000000 
		0.500000	0.500000	0.500000	0.000000 
		0.500000	0.500000	0.500000	0.003922 
		0.500000	0.332940	0.500000	0.003922 
		0.500000	0.500000	0.500000	0.003922 
		0.500000	0.500000	0.500000	0.003922 
		0.500000	0.500000	0.500000	0.003922 
		0.500000	0.500000	0.500000	0.003922 
		0.500000	0.332940	0.500000	0.003922 
		0.500000	0.500000	0.500000	0.003922 
		0.500000	0.500000	0.500000	0.003922 
		0.500000	0.500000	0.500000	0.003922 
		0.500000	0.500000	0.500000	0.003922 
		0.500000	0.500000	0.500000	0.003922 
		0.500000	0.500000	0.500000	0.003922 
		0.500000	0.500000	0.500000	0.003922 
		0.500000	0.500000	0.500000	0.003922 
		0.500000	0.500000	0.500000	0.003922 
		0.500000	0.500000	0.500000	0.003922 
		0.500000	0.500000	0.500000	0.003922 
		0.500000	0.500000	0.500000	0.003922 
		0.500000	0.500000	0.500000	0.003922 
		0.500000	0.500000	0.500000	0.003922 
		0.500000	0.500000	0.500000	0.003922 
		0.500000	0.500000	0.500000	0.000000 
		0.500000	0.500000	0.500000	0.000000 
		0.500000	0.500000	0.500000	0.000000 
		0.500000	0.500000	0.500000	0.003922 
		0.500000	0.332940	0.500000	0.003922 
		0.500000	0.500000	0.500000	0.003922 
		0.500000	0.500000	0.500000	0.003922 
		0.500000	0.500000	0.500000	0.003922 
		0.500000	0.500000	0.500000	0.000000 
		0.500000	0.500000	0.500000	0.000000 
		0.500000	0.500000	0.500000	0.000000 
		0.500000	0.500000	0.500000	0.000000 
		0.500000	0.581706	0.500000	0.000000 
		0.500000	0.581706	0.500000	0.000000 
		0.500000	0.500000	0.500000	0.000000 
		0.500000	0.581706	0.500000	0.000000 
		0.500000	0.500000	0.500000	0.000000 
		0.500000	0.500000	0.500000	0.000000 
		0.500000	0.500000	0.500000	0.000000 
		0.500000	0.500000	0.500000	0.000000 
		0.616754	0.500000	0.500000	0.000000 
		0.616754	0.500000	0.500000	0.000000 
		0.500000	0.500000	0.500000	0.000000 
		0.500000	0.500000	0.500000	0.000000 
		0.500000	0.500000	0.500000	0.000000 
		0.616754	0.500000	0.500000	0.000000 
		0.500000	0.500000	0.500000	0.000000 
		0.500000	0.500000	0.500000	0.000000 
		0.500000	0.500000	0.500000	0.000000 
		0.500000	0.500000	0.500000	0.000000 
		0.500000	0.500000	0.500000	0.000000 
		0.500000	0.500000	0.500000	0.000000 
		0.500000	0.500000	0.500000	0.000000 
		0.500000	0.500000	0.500000	0.000000 
		0.500000	0.500000	0.500000	0.000000 
		0.500000	0.500000	0.500000	0.000000 
		0.500000	0.500000	0.500000	0.000000 
		0.500000	0.500000	0.500000	0.000000 
		0.500000	0.500000	0.500000	0.000000 
		0.500000	0.500000	0.500000	0.000000 
		0.500000	0.500000	0.500000	0.000000 
		0.500000	0.500000	0.500000	0.000000 
		0.500000	0.500000	0.500000	0.003922 
		0.500000	0.500000	0.500000	0.003922 
		0.500000	0.500000	0.318913	0.003922 
		0.500000	0.500000	0.500000	0.000000 
		0.500000	0.500000	0.500000	0.000000 
		0.500000	0.500000	0.500000	0.003922 
		0.500000	0.444094	0.500000	0.003922 
		0.500000	0.469072	0.500000	0.003922 
		0.500000	0.430693	0.500000	0.003922 
		0.500000	0.421844	0.500000	0.003922 
		0.500000	0.500000	0.500000	0.000000 
		0.500000	0.500000	0.500000	0.000000 
		0.500000	0.500000	0.500000	0.000000 
		0.500000	0.500000	0.500000	0.000000 
		0.500000	0.421844	0.500000	0.003922 
		0.500000	0.500000	0.318913	0.003922 
		0.500000	0.444094	0.500000	0.003922 
		0.500000	0.500000	0.500000	0.003922 
		0.500000	0.500000	0.500000	0.003922 
		0.500000	0.500000	0.500000	0.000000 
		0.500000	0.500000	0.500000	0.000000 
		0.500000	0.500000	0.500000	0.000000 
		0.500000	0.500000	0.500000	0.000000 
		0.500000	0.500000	0.500000	0.003922 
		0.500000	0.500000	0.500000	0.000000 
		0.500000	0.500000	0.500000	0.000000 
		0.500000	0.500000	0.318913	0.003922 
		0.500000	0.500000	0.500000	0.000000 
		0.500000	0.500000	0.500000	0.000000 
		0.500000	0.500000	0.500000	0.000000 
		0.500000	0.500000	0.500000	0.003922 
		0.500000	0.421844	0.500000	0.003922 
		0.500000	0.430693	0.500000	0.003922 
		0.500000	0.500000	0.500000	0.003922 
		0.500000	0.421844	0.500000	0.003922 
		0.500000	0.500000	0.500000	0.003922 
		0.500000	0.500000	0.318913	0.003922 
		0.500000	0.500000	0.500000	0.003922 
		0.500000	0.500000	0.500000	0.003922 
		0.500000	0.500000	0.500000	0.003922 
		0.500000	0.500000	0.500000	0.003922 
		0.500000	0.264016	0.500000	0.003922 
		0.500000	0.500000	0.500000	0.003922 
		0.500000	0.500000	0.500000	0.003922 
		0.500000	0.264016	0.500000	0.003922 
		0.500000	0.500000	0.500000	0.003922 
		0.500000	0.264016	0.500000	0.003922 
		0.500000	0.264016	0.500000	0.003922 
		0.500000	0.500000	0.500000	0.003922 
		0.500000	0.500000	0.500000	0.003922 
		0.500000	0.500000	0.500000	0.003922 
		0.500000	0.500000	0.500000	0.003922 
		0.500000	0.500000	0.500000	0.003922 
		0.500000	0.500000	0.500000	0.000000 
		0.500000	0.500000	0.500000	0.003922 
		0.500000	0.500000	0.500000	0.003922 
		0.500000	0.500000	0.500000	0.000000 
		0.500000	0.500000	0.500000	0.000000 
		0.500000	0.500000	0.500000	0.000000 
		0.500000	0.500000	0.500000	0.000000 
		0.500000	0.500000	0.500000	0.000000 
		0.500000	0.500000	0.500000	0.003922 
		0.500000	0.500000	0.500000	0.000000 
		0.500000	0.500000	0.500000	0.000000 
		0.500000	0.500000	0.500000	0.003922 
		0.500000	0.500000	0.500000	0.003922 
		0.500000	0.500000	0.500000	0.003922 
		0.500000	0.500000	0.500000	0.003922 
		0.500000	0.500000	0.500000	0.003922 
		0.500000	0.264016	0.500000	0.003922 
		0.500000	0.500000	0.500000	0.003922 
		0.500000	0.500000	0.500000	0.003922 
		0.500000	0.264016	0.500000	0.003922 
		0.500000	0.500000	0.500000	0.003922 
		0.500000	0.264016	0.500000	0.003922 
		0.500000	0.264016	0.500000	0.003922 
		0.500000	0.500000	0.500000	0.003922 
		0.500000	0.500000	0.500000	0.003922 
		0.500000	0.500000	0.500000	0.003922 
		0.500000	0.500000	0.500000	0.003922 
		0.500000	0.500000	0.500000	0.003922 
		0.500000	0.500000	0.500000	0.003922 
		0.500000	0.500000	0.500000	0.003922 
		0.500000	0.500000	0.500000	0.003922 
		0.500000	0.500000	0.500000	0.003922 
		0.500000	0.500000	0.500000	0.003922 
		0.500000	0.500000	0.500000	0.003922 
		0.500000	0.500000	0.500000	0.003922 
		0.500000	0.500000	0.500000	0.003922 
		0.500000	0.500000	0.500000	0.003922 
		0.500000	0.500000	0.500000	0.000000 
		0.500000	0.500000	0.500000	0.000000 
		0.500000	0.500000	0.500000	0.003922 
		0.500000	0.500000	0.500000	0.003922 
		0.500000	0.500000	0.500000	0.003922 
		0.500000	0.264016	0.500000	0.003922 
		0.500000	0.264016	0.500000	0.003922 
		0.500000	0.500000	0.500000	0.003922 
		0.500000	0.500000	0.500000	0.003922 
		0.500000	0.500000	0.500000	0.003922 
		0.500000	0.500000	0.500000	0.003922 
		0.500000	0.500000	0.500000	0.000000 
		0.500000	0.500000	0.500000	0.000000 
		0.500000	0.500000	0.500000	0.003922 
		0.500000	0.500000	0.500000	0.003922 
		0.500000	0.500000	0.500000	0.003922 
		0.500000	0.500000	0.500000	0.003922 
		0.500000	0.264016	0.500000	0.003922 
		0.500000	0.264016	0.500000	0.003922 
		0.500000	0.500000	0.500000	0.000000 
		0.500000	0.500000	0.500000	0.000000 
		0.500000	0.500000	0.500000	0.000000 
		0.501294	0.531204	0.502772	0.000000 
		0.500000	0.552666	0.500000	0.000000 
		0.500000	0.500000	0.500000	0.000000 
		0.500000	0.500000	0.500000	0.000000 
		0.500000	0.500000	0.500000	0.000000 
		0.500000	0.500000	0.500000	0.000000 
		0.500000	0.500000	0.500000	0.000000 
		0.500000	0.552666	0.500000	0.000000 
		0.500000	0.581706	0.500000	0.000000 
		0.500000	0.500000	0.500000	0.000000 
		0.680033	0.500000	0.622169	0.000000 
		0.616754	0.500000	0.500000	0.000000 
		0.616754	0.500000	0.500000	0.000000 
		0.500000	0.500000	0.500000	0.000000 
		0.500000	0.500000	0.500000	0.003922 
		0.500000	0.500000	0.500000	0.003922 
		0.500000	0.500000	0.500000	0.003922 
		0.500000	0.500000	0.500000	0.003922 
		0.500000	0.500000	0.500000	0.000000 
		0.500000	0.500000	0.500000	0.003922 
		0.500000	0.500000	0.500000	0.003922 
		0.500000	0.500000	0.500000	0.000000 
		0.500000	0.500000	0.500000	0.000000 
		0.500000	0.500000	0.500000	0.000000 
		0.500000	0.500000	0.500000	0.000000 
		0.500000	0.500000	0.500000	0.000000 
		0.500000	0.500000	0.500000	0.000000 
		0.500000	0.500000	0.500000	0.000000 
		0.500000	0.500000	0.500000	0.000000 
		0.500000	0.500000	0.500000	0.000000 
		0.500000	0.500000	0.500000	0.000000 
		0.500000	0.500000	0.500000	0.000000 
		0.500000	0.500000	0.500000	0.000000 
		0.500000	0.500000	0.500000	0.000000 
		0.500000	0.500000	0.500000	0.000000 
		0.500000	0.500000	0.500000	0.000000 
		0.500000	0.500000	0.500000	0.000000 
		0.500000	0.500000	0.500000	0.000000 
		0.500000	0.500000	0.500000	0.000000 
		0.500000	0.500000	0.500000	0.000000 
		0.500000	0.500000	0.500000	0.003922 
		0.500000	0.500000	0.500000	0.000000 
		0.500000	0.500000	0.500000	0.000000 
		0.500000	0.500000	0.500000	0.000000 
		0.500000	0.500000	0.500000	0.000000 
		0.500000	0.500000	0.500000	0.000000 
		0.500000	0.500000	0.500000	0.000000 
		0.500000	0.500000	0.500000	0.000000 
		0.500000	0.500000	0.500000	0.000000 
		0.500000	0.500000	0.500000	0.000000 
		0.500000	0.500000	0.500000	0.000000 
		0.500000	0.500000	0.500000	0.000000 
		0.500000	0.500000	0.500000	0.000000 
		0.500000	0.500000	0.500000	0.000000 
		0.500000	0.500000	0.500000	0.000000 
		0.500000	0.500000	0.500000	0.000000 
		0.500000	0.500000	0.500000	0.000000 
		0.500000	0.500000	0.500000	0.000000 
		0.500000	0.500000	0.500000	0.000000 
		0.500000	0.500000	0.500000	0.000000 
		0.500000	0.500000	0.500000	0.003922 
		0.500000	0.500000	0.500000	0.003922 
		0.500000	0.500000	0.500000	0.003922 
		0.500000	0.500000	0.500000	0.000000 
		0.500000	0.500000	0.500000	0.000000 
		0.500000	0.500000	0.500000	0.003922 
		0.500000	0.500000	0.500000	0.000000 
		0.500000	0.500000	0.500000	0.000000 
		0.500000	0.500000	0.500000	0.000000 
		0.500000	0.500000	0.500000	0.003922 
		0.500000	0.500000	0.500000	0.003922 
		0.500000	0.500000	0.500000	0.003922 
		0.500000	0.500000	0.500000	0.003922 
		0.500000	0.500000	0.500000	0.000000 
		0.500000	0.500000	0.500000	0.000000 
		0.501294	0.531204	0.502772	0.000000 
		0.500000	0.500000	0.500000	0.000000 
		0.500000	0.500000	0.500000	0.000000 
		0.500000	0.500000	0.500000	0.000000 
		0.500000	0.500000	0.500000	0.000000 
		0.500000	0.500000	0.500000	0.003922 
		0.500000	0.500000	0.500000	0.003922 
		0.500000	0.500000	0.500000	0.000000 
		0.500000	0.500000	0.500000	0.000000 
		0.500000	0.500000	0.500000	0.000000 
		0.500000	0.500000	0.500000	0.000000 
		0.500000	0.500000	0.500000	0.000000 
		0.500000	0.500000	0.500000	0.000000 
		0.500000	0.500000	0.500000	0.000000 
		0.500000	0.500000	0.500000	0.000000 
		0.500000	0.500000	0.500000	0.003922 
		0.500000	0.500000	0.500000	0.000000 
		0.500000	0.500000	0.500000	0.000000 
		0.500000	0.500000	0.500000	0.000000 
		0.500000	0.500000	0.500000	0.003922 
		0.500000	0.500000	0.500000	0.003922 
		0.500000	0.500000	0.500000	0.003922 
		0.500000	0.500000	0.500000	0.003922 
		0.500000	0.500000	0.500000	0.003922 
		0.500000	0.500000	0.500000	0.000000 
		0.500000	0.500000	0.500000	0.000000 
		0.500000	0.500000	0.500000	0.000000 
		0.500000	0.500000	0.500000	0.000000 
		0.500000	0.500000	0.500000	0.000000 
		0.500000	0.500000	0.500000	0.000000 
		0.500000	0.500000	0.500000	0.000000 
		0.500000	0.500000	0.500000	0.000000 
		0.500000	0.500000	0.500000	0.000000 
		0.500000	0.500000	0.500000	0.000000 
		0.500000	0.500000	0.500000	0.000000 
		0.500000	0.500000	0.500000	0.000000 
		0.500000	0.500000	0.500000	0.000000 
		0.500000	0.500000	0.500000	0.000000 
		0.500000	0.500000	0.500000	0.000000 
		0.500000	0.500000	0.500000	0.000000 
		0.500000	0.500000	0.500000	0.000000 
		0.500000	0.500000	0.500000	0.000000 
		0.500000	0.500000	0.500000	0.000000 
		0.500000	0.500000	0.500000	0.000000 
		0.500000	0.500000	0.500000	0.000000 
		0.500000	0.500000	0.500000	0.000000 
		0.500000	0.500000	0.500000	0.000000 
		0.500000	0.500000	0.500000	0.000000 
		0.500000	0.500000	0.500000	0.000000 
		0.500000	0.500000	0.500000	0.000000 
		0.500000	0.500000	0.500000	0.000000 
		0.500000	0.500000	0.500000	0.000000 
		0.500000	0.500000	0.500000	0.000000 
		0.500000	0.500000	0.500000	0.000000 
		0.500000	0.500000	0.500000	0.000000 
		0.500000	0.500000	0.500000	0.000000 
		0.500000	0.500000	0.500000	0.003922 
		0.500000	0.500000	0.500000	0.000000 
		0.500000	0.500000	0.500000	0.000000 
		0.367649	0.500000	0.500000	0.003922 
		0.500000	0.500000	0.500000	0.003922 
		0.500000	0.500000	0.500000	0.003922 
		0.500000	0.500000	0.500000	0.000000 
		0.500000	0.500000	0.500000	0.000000 
		0.500000	0.500000	0.500000	0.000000 
		0.500000	0.500000	0.500000	0.000000 
		0.500000	0.500000	0.500000	0.003922 
		0.500000	0.500000	0.500000	0.003922 
		0.500000	0.500000	0.500000	0.000000 
		0.500000	0.500000	0.500000	0.000000 
		0.500000	0.500000	0.500000	0.000000 
		0.500000	0.500000	0.500000	0.000000 
		0.500000	0.500000	0.500000	0.000000 
		0.500000	0.500000	0.500000	0.003922 
		0.500000	0.500000	0.500000	0.003922 
		0.500000	0.500000	0.500000	0.003922 
		0.367649	0.500000	0.500000	0.003922 
		0.500000	0.500000	0.500000	0.003922 
		0.500000	0.500000	0.500000	0.003922 
		0.500000	0.500000	0.500000	0.003922 
		0.500000	0.500000	0.500000	0.003922 
		0.500000	0.500000	0.500000	0.003922 
		0.389878	0.500000	0.500000	0.003922 
		0.389878	0.500000	0.500000	0.003922 
		0.389878	0.500000	0.500000	0.003922 
		0.389878	0.500000	0.500000	0.003922 
		0.500000	0.500000	0.500000	0.003922 
		0.500000	0.500000	0.500000	0.003922 
		0.500000	0.500000	0.500000	0.003922 
		0.500000	0.500000	0.500000	0.003922 
		0.500000	0.500000	0.500000	0.003922 
		0.500000	0.500000	0.500000	0.003922 
		0.500000	0.500000	0.500000	0.003922 
		0.500000	0.500000	0.500000	0.003922 
		0.500000	0.500000	0.500000	0.003922 
		0.500000	0.500000	0.500000	0.003922 
		0.500000	0.500000	0.500000	0.003922 
		0.500000	0.500000	0.500000	0.003922 
		0.500000	0.500000	0.500000	0.000000 
		0.500000	0.500000	0.500000	0.000000 
		0.500000	0.500000	0.500000	0.000000 
		0.500000	0.500000	0.500000	0.000000 
		0.500000	0.500000	0.500000	0.000000 
		0.500000	0.500000	0.500000	0.000000 
		0.500000	0.500000	0.500000	0.000000 
		0.500000	0.500000	0.500000	0.000000 
		0.500000	0.500000	0.500000	0.003922 
		0.500000	0.500000	0.500000	0.003922 
		0.500000	0.500000	0.500000	0.003922 
		0.500000	0.500000	0.500000	0.003922 
		0.500000	0.500000	0.500000	0.003922 
		0.500000	0.500000	0.500000	0.003922 
		0.500000	0.500000	0.500000	0.003922 
		0.500000	0.500000	0.500000	0.003922 
		0.500000	0.500000	0.500000	0.003922 
		0.500000	0.500000	0.500000	0.003922 
		0.500000	0.500000	0.500000	0.003922 
		0.500000	0.500000	0.500000	0.003922 
		0.389878	0.500000	0.500000	0.003922 
		0.389878	0.500000	0.500000	0.003922 
		0.389878	0.500000	0.500000	0.003922 
		0.389878	0.500000	0.500000	0.003922 
		0.500000	0.500000	0.500000	0.003922 
		0.500000	0.500000	0.500000	0.003922 
		0.500000	0.500000	0.500000	0.003922 
		0.500000	0.500000	0.500000	0.003922 
		0.500000	0.500000	0.500000	0.003922 
		0.500000	0.500000	0.500000	0.003922 
		0.389878	0.500000	0.500000	0.003922 
		0.500000	0.500000	0.500000	0.003922 
		0.500000	0.500000	0.500000	0.003922 
		0.389878	0.500000	0.500000	0.003922 
		0.500000	0.500000	0.500000	0.000000 
		0.500000	0.500000	0.500000	0.000000 
		0.500000	0.500000	0.500000	0.003922 
		0.500000	0.500000	0.500000	0.003922 
		0.500000	0.500000	0.500000	0.003922 
		0.500000	0.500000	0.500000	0.003922 
		0.500000	0.500000	0.500000	0.003922 
		0.500000	0.500000	0.500000	0.003922 
		0.500000	0.500000	0.500000	0.003922 
		0.500000	0.500000	0.500000	0.003922 
		0.389878	0.500000	0.500000	0.003922 
		0.389878	0.500000	0.500000	0.003922 
		0.500000	0.500000	0.500000	0.003922 
		0.500000	0.500000	0.500000	0.000000 
		0.500000	0.500000	0.500000	0.000000 
		0.500000	0.500000	0.500000	0.003922 
		0.500000	0.500000	0.500000	0.003922 
		0.500000	0.500000	0.500000	0.003922 
		0.500000	0.500000	0.500000	0.003922 
		0.500000	0.500000	0.500000	0.003922 
		0.500000	0.500000	0.500000	0.000000 
		0.500000	0.500000	0.500000	0.000000 
		0.500000	0.500000	0.500000	0.000000 
		0.500000	0.500000	0.500000	0.000000 
		0.500000	0.500000	0.500000	0.000000 
		0.500000	0.500000	0.500000	0.000000 
		0.500000	0.500000	0.500000	0.000000 
		0.500000	0.500000	0.500000	0.000000 
		0.500000	0.500000	0.500000	0.000000 
		0.500000	0.500000	0.500000	0.000000 
		0.500000	0.500000	0.500000	0.000000 
		0.500000	0.500000	0.500000	0.000000 
		0.500000	0.500000	0.500000	0.000000 
		0.500000	0.500000	0.500000	0.000000 
		0.500000	0.500000	0.500000	0.000000 
		0.500000	0.500000	0.500000	0.000000 
		0.500000	0.500000	0.500000	0.000000 
		0.500000	0.500000	0.500000	0.000000 
		0.500000	0.500000	0.500000	0.000000 
		0.500000	0.500000	0.500000	0.003922 
		0.500000	0.242363	0.500000	0.003922 
		0.500000	0.242363	0.500000	0.003922 
		0.500000	0.500000	0.500000	0.003922 
		0.500000	0.242363	0.500000	0.003922 
		0.500000	0.242363	0.500000	0.003922 
		0.500000	0.242363	0.500000	0.003922 
		0.500000	0.242363	0.500000	0.003922 
		0.500000	0.242363	0.500000	0.003922 
		0.500000	0.500000	0.500000	0.003922 
		0.500000	0.500000	0.500000	0.003922 
		0.500000	0.242363	0.500000	0.003922 
		0.500000	0.500000	0.500000	0.003922 
		0.500000	0.500000	0.500000	0.003922 
		0.500000	0.500000	0.500000	0.003922 
		0.500000	0.500000	0.500000	0.003922 
		0.500000	0.500000	0.500000	0.003922 
		0.500000	0.500000	0.500000	0.003922 
		0.500000	0.242363	0.500000	0.003922 
		0.500000	0.242363	0.500000	0.003922 
		0.500000	0.242363	0.500000	0.003922 
		0.500000	0.500000	0.500000	0.003922 
		0.500000	0.500000	0.500000	0.003922 
		0.500000	0.242363	0.500000	0.003922 
		0.500000	0.500000	0.500000	0.003922 
		0.500000	0.500000	0.500000	0.003922 
		0.500000	0.500000	0.500000	0.003922 
		0.500000	0.500000	0.500000	0.003922 
		0.500000	0.500000	0.500000	0.003922 
		0.500000	0.500000	0.500000	0.003922 
		0.500000	0.500000	0.500000	0.003922 
		0.500000	0.500000	0.500000	0.003922 
		0.500000	0.500000	0.500000	0.003922 
		0.500000	0.500000	0.500000	0.003922 
		0.500000	0.500000	0.500000	0.003922 
		0.500000	0.500000	0.500000	0.003922 
		0.500000	0.500000	0.500000	0.003922 
		0.500000	0.500000	0.500000	0.003922 
		0.500000	0.500000	0.500000	0.003922 
		0.500000	0.500000	0.500000	0.003922 
		0.500000	0.500000	0.500000	0.003922 
		0.500000	0.500000	0.500000	0.003922 
		0.500000	0.500000	0.500000	0.003922 
		0.500000	0.500000	0.500000	0.003922 
		0.500000	0.500000	0.500000	0.003922 
		0.500000	0.500000	0.500000	0.003922 
		0.500000	0.500000	0.500000	0.003922 
		0.500000	0.500000	0.500000	0.003922 
		0.500000	0.500000	0.500000	0.003922 
		0.500000	0.500000	0.500000	0.003922 
		0.500000	0.500000	0.500000	0.003922 
		0.500000	0.500000	0.500000	0.003922 
		0.500000	0.500000	0.500000	0.003922 
		0.500000	0.500000	0.500000	0.003922 
		0.500000	0.500000	0.500000	0.003922 
		0.500000	0.500000	0.500000	0.003922 
		0.500000	0.500000	0.500000	0.003922 
		0.500000	0.500000	0.500000	0.003922 
		0.500000	0.500000	0.500000	0.003922 
		0.500000	0.500000	0.500000	0.003922 
		0.500000	0.500000	0.500000	0.003922 
		0.500000	0.500000	0.500000	0.003922 
		0.500000	0.500000	0.500000	0.003922 
		0.500000	0.500000	0.500000	0.003922 
		0.500000	0.500000	0.500000	0.003922 
		0.500000	0.500000	0.500000	0.003922 
		0.500000	0.500000	0.500000	0.000000 
		0.500000	0.500000	0.500000	0.003922 
		0.500000	0.500000	0.500000	0.003922 
		0.500000	0.500000	0.500000	0.000000 
		0.500000	0.500000	0.500000	0.000000 
		0.500000	0.500000	0.500000	0.000000 
		0.500000	0.500000	0.500000	0.003922 
		0.500000	0.500000	0.500000	0.003922 
		0.500000	0.500000	0.500000	0.000000 
		0.500000	0.500000	0.500000	0.000000 
		0.500000	0.500000	0.500000	0.000000 
		0.500000	0.500000	0.500000	0.000000 
		0.500000	0.500000	0.500000	0.000000 
		0.500000	0.500000	0.500000	0.003922 
		0.500000	0.500000	0.500000	0.003922 
		0.500000	0.500000	0.500000	0.000000 
		0.500000	0.500000	0.500000	0.003922 
		0.500000	0.500000	0.500000	0.003922 
		0.500000	0.500000	0.500000	0.003922 
		0.500000	0.500000	0.500000	0.003922 
		0.500000	0.500000	0.500000	0.000000 
		0.500000	0.500000	0.500000	0.000000 
		0.500000	0.500000	0.655322	0.000000 
		0.500000	0.500000	0.500000	0.000000 
		0.500000	0.500000	0.500000	0.000000 
		0.500000	0.500000	0.655322	0.000000 
		0.500000	0.500000	0.655322	0.000000 
		0.680033	0.500000	0.622169	0.000000 
		0.680033	0.500000	0.622169	0.000000 
		0.500000	0.500000	0.500000	0.000000 
		0.500000	0.500000	0.500000	0.000000 
		0.500000	0.500000	0.500000	0.000000 
		0.432358	0.500662	0.491556	0.000000 
		0.500000	0.500000	0.500000	0.000000 
		0.500000	0.500000	0.500000	0.000000 
		0.436087	0.486047	0.494013	0.000000 
		0.500000	0.500000	0.500000	0.000000 
		0.432042	0.507024	0.491071	0.000000 
		0.500000	0.500000	0.500000	0.000000 
		0.500000	0.500000	0.500000	0.000000 
		0.500000	0.500000	0.500000	0.000000 
		0.500000	0.500000	0.500000	0.000000 
		0.500000	0.500000	0.500000	0.000000 
		0.500000	0.500000	0.500000	0.000000 
		0.535298	0.477841	0.538853	0.000000 
		0.517758	0.565841	0.526256	0.000000 
		0.366643	0.525684	0.460798	0.000000 
		0.384182	0.437684	0.473396	0.000000 
		0.489383	0.485500	0.517893	0.000000 
		0.421617	0.467492	0.488539	0.000000 
		0.410856	0.521478	0.480811	0.000000 
		0.478623	0.539486	0.510165	0.000000 
		0.535298	0.477841	0.538853	0.000000 
		0.517758	0.565841	0.526256	0.000000 
		0.366643	0.525684	0.460798	0.000000 
		0.384182	0.437684	0.473396	0.000000 
		0.649892	0.500000	0.527789	0.000000 
		0.652956	0.500000	0.503623	0.000000 
		0.652956	0.500000	0.503623	0.000000 
		0.649892	0.500000	0.527789	0.000000 
		0.672349	0.500000	0.518358	0.000000 
		0.672349	0.500000	0.518358	0.000000 
		0.500000	0.500000	0.500000	0.000000 
		0.500000	0.500000	0.500000	0.000000 
		0.500000	0.500000	0.500000	0.000000 
		0.500000	0.500000	0.500000	0.000000 
		0.500000	0.500000	0.500000	0.000000 
		0.500000	0.500000	0.500000	0.000000 
		0.644131	0.500000	0.462684	0.000000 
		0.642525	0.500000	0.464300	0.000000 
		0.713495	0.500000	0.534824	0.000000 
		0.715101	0.500000	0.533208	0.000000 
		0.642999	0.500000	0.491255	0.000000 
		0.686538	0.500000	0.534520	0.000000 
		0.686538	0.500000	0.534520	0.000000 
		0.642999	0.500000	0.491255	0.000000 
		0.644131	0.500000	0.462684	0.000000 
		0.715101	0.500000	0.533208	0.000000 
		0.713495	0.500000	0.534824	0.000000 
		0.642525	0.500000	0.464300	0.000000 
		0.506911	0.467447	0.496512	0.000000 
		0.502481	0.533454	0.502893	0.000000 
		0.502481	0.533454	0.502893	0.000000 
		0.506911	0.467447	0.496512	0.000000 
		0.484404	0.465944	0.497998	0.000000 
		0.479974	0.531951	0.504379	0.000000 
		0.502481	0.533454	0.502893	0.000000 
		0.506911	0.467447	0.496512	0.000000 
		0.484404	0.465944	0.497998	0.000000 
		0.506911	0.467447	0.496512	0.000000 
		0.503368	0.468385	0.496854	0.000000 
		0.485543	0.467194	0.498031	0.000000 
		0.502172	0.486206	0.498577	0.000000 
		0.499691	0.523170	0.502150	0.000000 
		0.502481	0.533454	0.502893	0.000000 
		0.479974	0.531951	0.504379	0.000000 
		0.484347	0.485016	0.499753	0.000000 
		0.481866	0.521980	0.503327	0.000000 
		0.506911	0.467447	0.496512	0.000000 
		0.484404	0.465944	0.497998	0.000000 
		0.484404	0.465944	0.497998	0.000000 
		0.506911	0.467447	0.496512	0.000000 
		0.484404	0.465944	0.497998	0.000000 
		0.479974	0.531951	0.504379	0.000000 
		0.479974	0.531951	0.504379	0.000000 
		0.484404	0.465944	0.497998	0.000000 
		0.485543	0.467194	0.498031	0.000000 
		0.503368	0.468385	0.496854	0.000000 
		0.502172	0.486206	0.498577	0.000000 
		0.484347	0.485016	0.499753	0.000000 
		0.500000	0.500000	0.500000	0.000000 
		0.500000	0.500000	0.500000	0.000000 
		0.500000	0.500000	0.500000	0.000000 
		0.500000	0.500000	0.500000	0.000000 
		0.500000	0.500000	0.500000	0.000000 
		0.500000	0.500000	0.500000	0.000000 
		0.500000	0.500000	0.500000	0.000000 
		0.500000	0.500000	0.500000	0.000000 
		0.500000	0.500000	0.500000	0.000000 
		0.500000	0.500000	0.500000	0.000000 
		0.500000	0.500000	0.500000	0.000000 
		0.500000	0.500000	0.500000	0.000000 
		0.500000	0.500000	0.500000	0.000000 
		0.500000	0.500000	0.500000	0.000000 
		0.500000	0.500000	0.500000	0.000000 
		0.500000	0.500000	0.500000	0.000000 
		0.500000	0.500000	0.500000	0.000000 
		0.500000	0.500000	0.500000	0.000000 
		0.500000	0.500000	0.500000	0.000000 
		0.500000	0.500000	0.500000	0.000000 
		0.500000	0.500000	0.500000	0.000000 
		0.500000	0.500000	0.500000	0.000000 
		0.500000	0.500000	0.500000	0.000000 
		0.500000	0.500000	0.500000	0.000000 
		0.500000	0.500000	0.500000	0.000000 
		0.500000	0.500000	0.500000	0.000000 
		0.500000	0.500000	0.500000	0.000000 
		0.500000	0.500000	0.500000	0.000000 
		0.500000	0.500000	0.500000	0.000000 
		0.500000	0.500000	0.500000	0.000000 
		0.680033	0.500000	0.622169	0.000000 
		0.680033	0.500000	0.622169	0.000000 
		0.500000	0.500000	0.500000	0.000000 
		0.616754	0.500000	0.500000	0.000000 
		0.500000	0.500000	0.655322	0.000000 
		0.616754	0.500000	0.500000	0.000000 
		0.500000	0.500000	0.500000	0.000000 
		0.500000	0.500000	0.500000	0.000000 
		0.500000	0.500000	0.500000	0.000000 
		0.500000	0.500000	0.500000	0.000000 
		0.500000	0.500000	0.500000	0.000000 
		0.500000	0.500000	0.500000	0.000000 
		0.500000	0.500000	0.500000	0.000000 
		0.500000	0.500000	0.500000	0.000000 
		0.500000	0.500000	0.500000	0.000000 
		0.500000	0.500000	0.500000	0.000000 
		0.500000	0.500000	0.500000	0.000000 
		0.500000	0.500000	0.500000	0.000000 
		0.500000	0.500000	0.500000	0.000000 
		0.500000	0.500000	0.500000	0.000000 
		0.500000	0.500000	0.500000	0.000000 
		0.500000	0.500000	0.500000	0.000000 
		0.500000	0.500000	0.500000	0.000000 
		0.500000	0.500000	0.500000	0.000000 
		0.500000	0.500000	0.500000	0.000000 
		0.500000	0.500000	0.500000	0.000000 
		0.500000	0.500000	0.500000	0.000000 
		0.481866	0.521980	0.503327	0.000000 
		0.499691	0.523170	0.502150	0.000000 
		0.500000	0.500000	0.500000	0.000000 
		0.500000	0.500000	0.500000	0.000000 
	}

	Tex0 239 { 
		0.494141	0.990234 
		0.007813	0.990234 
		0.007813	0.009766 
		0.494141	0.009766 
		0.530273	0.000000 
		0.990234	1.000000 
		0.530273	1.000000 
		0.990234	0.000000 
		0.154297	0.203125 
		0.144531	0.203125 
		0.144531	0.179688 
		0.154297	0.179688 
		0.133789	0.203125 
		0.133789	0.179688 
		0.960938	0.830078 
		0.970703	0.703125 
		0.995117	0.701172 
		0.982422	0.844727 
		0.943359	0.842773 
		0.750000	0.842773 
		0.750000	0.703125 
		0.266602	0.149414 
		0.258789	0.140625 
		0.254883	0.215820 
		0.657227	0.651367 
		0.647461	0.654297 
		0.647461	0.643555 
		0.135742	0.178711 
		0.223633	0.180664 
		0.220703	0.168945 
		0.130859	0.139648 
		0.127930	0.094727 
		0.137695	0.094727 
		0.142578	0.134766 
		0.181641	0.168945 
		0.175781	0.178711 
		0.197266	0.179688 
		0.197266	0.309570 
		0.148438	0.312500 
		0.092773	0.307617 
		0.194336	0.219727 
		0.068359	0.219727 
		0.968750	0.855469 
		0.750000	0.855469 
		0.200195	0.180664 
		0.197266	0.218750 
		0.199219	0.305664 
		0.194336	0.314453 
		0.148438	0.318359 
		0.094727	0.314453 
		0.139648	0.578125 
		0.139648	0.541016 
		0.360352	0.541016 
		0.360352	0.578125 
		0.029297	0.589844 
		0.029297	0.578125 
		0.470703	0.578125 
		0.470703	0.589844 
		0.088867	0.620117 
		0.411133	0.620117 
		0.556641	0.194336 
		0.958984	0.194336 
		0.466797	0.429688 
		0.922852	0.954102 
		0.891602	0.995117 
		0.126953	0.762695 
		0.126953	0.646484 
		0.223633	0.646484 
		0.223633	0.762695 
		0.951172	0.862305 
		0.951172	0.897461 
		0.275391	0.316406 
		0.276367	0.157227 
		0.497070	0.158203 
		0.556641	0.165039 
		0.557617	0.398438 
		0.563477	0.447266 
		0.307617	0.432617 
		0.300781	0.392578 
		0.106445	0.355469 
		0.246094	0.104492 
		0.276367	0.096680 
		0.256836	0.142578 
		0.497070	0.096680 
		0.978516	0.158203 
		0.978516	0.165039 
		0.958984	0.184570 
		0.556641	0.184570 
		0.161133	0.695313 
		0.576172	0.235352 
		0.921875	0.235352 
		0.921875	0.361328 
		0.576172	0.361328 
		0.104492	0.913086 
		0.104492	0.743164 
		0.385742	0.743164 
		0.385742	0.913086 
		0.583008	0.374023 
		0.928711	0.374023 
		0.921875	0.404297 
		0.576172	0.404297 
		0.104492	0.678711 
		0.385742	0.678711 
		0.104492	0.991211 
		0.245117	0.991211 
		0.385742	0.991211 
		0.576172	0.204102 
		0.921875	0.204102 
		0.015625	0.913086 
		0.015625	0.743164 
		0.185547	0.427734 
		0.076172	0.346680 
		0.308594	0.446289 
		0.375977	0.330078 
		0.311523	0.261719 
		0.279297	0.163086 
		0.296875	0.157227 
		0.328125	0.252930 
		0.397461	0.328125 
		0.319336	0.461914 
		0.180664	0.444336 
		0.064453	0.360352 
		0.161133	0.693359 
		0.161133	0.691406 
		0.069336	0.094727 
		0.144531	0.226563 
		0.154297	0.226563 
		0.133789	0.226563 
		0.995117	0.500000 
		0.969727	0.598633 
		0.969727	0.623047 
		0.263672	0.236328 
		0.856445	0.643555 
		0.647461	0.621094 
		0.856445	0.621094 
		0.846680	0.651367 
		0.856445	0.654297 
		0.135742	0.227539 
		0.140625	0.133789 
		0.177734	0.168945 
		0.173828	0.178711 
		0.195313	0.179688 
		0.217773	0.180664 
		0.214844	0.168945 
		0.360352	0.504883 
		0.139648	0.504883 
		0.951172	0.860352 
		0.750000	0.860352 
		0.750000	0.897461 
		0.546875	0.892578 
		0.937500	0.892578 
		0.937500	0.881836 
		0.546875	0.881836 
		0.546875	0.898438 
		0.937500	0.898438 
		0.159180	0.695313 
		0.475586	0.913086 
		0.475586	0.743164 
		0.127930	0.178711 
		0.127930	0.227539 
		0.328125	0.125000 
		0.506836	0.910156 
		0.506836	0.922852 
		0.506836	0.916016 
		1.000000	0.927734 
		1.000000	0.922852 
		1.000000	0.916992 
		0.207031	0.196289 
		0.209961	0.268555 
		0.244141	0.268555 
		0.247070	0.196289 
		-0.148438	0.620117 
		-0.148438	0.679688 
		-0.350586	0.679688 
		-0.350586	0.620117 
		0.244141	0.246094 
		0.209961	0.246094 
		0.933594	0.623047 
		0.750000	0.623047 
		0.969727	0.500000 
		0.932617	0.598633 
		0.750000	0.500000 
		0.750000	0.598633 
		-0.192383	-0.062500 
		-0.094727	0.605469 
		-0.104492	0.605469 
		-0.104492	0.620117 
		-0.094727	0.620117 
		0.338867	0.102539 
		0.326172	0.102539 
		0.326172	0.114258 
		0.338867	0.114258 
		0.348633	0.099609 
		0.348633	0.117188 
		0.320313	0.117188 
		0.320313	0.099609 
		0.295898	0.945313 
		0.384766	0.945313 
		0.388672	0.952148 
		0.284180	0.952148 
		0.295898	0.924805 
		0.384766	0.924805 
		0.284180	0.916992 
		0.287109	0.948242 
		0.287109	0.920898 
		0.315430	0.948242 
		0.374023	0.948242 
		0.388672	0.916992 
		0.315430	0.920898 
		0.374023	0.920898 
		0.321289	0.065430 
		0.321289	0.016602 
		0.377930	0.016602 
		0.377930	0.065430 
		0.005859	0.049805 
		0.000000	0.105469 
		0.083008	0.275391 
		0.072266	0.049805 
		0.000000	0.500000 
		0.083008	0.018555 
		0.490234	0.295898 
		0.490234	0.091797 
		0.243164	0.091797 
		0.490234	0.704102 
		0.243164	0.908203 
		0.083008	0.724609 
		0.072266	0.950195 
		0.083008	0.981445 
		0.000000	0.892578 
		0.005859	0.950195 
		0.208984	0.091797 
		0.208984	0.908203 
		1.000000	0.704102 
		1.000000	0.295898 
		0.210938	0.724609 
		0.210938	0.275391 
		0.490234	0.908203 
		0.496094	0.065430 
		0.496094	0.016602 
	}

	Tex1 0 
	Adj 814 { 
		P 0 
		N 0 
		C0 0 
		T0 0 
		P 1 
		N 0 
		C0 1 
		T0 1 
		P 2 
		N 0 
		C0 2 
		T0 2 
		P 3 
		N 0 
		C0 3 
		T0 3 
		P 4 
		N 1 
		C0 4 
		T0 1 
		P 5 
		N 1 
		C0 5 
		T0 0 
		P 6 
		N 1 
		C0 6 
		T0 3 
		P 7 
		N 1 
		C0 7 
		T0 2 
		P 8 
		N 2 
		C0 8 
		T0 4 
		P 9 
		N 3 
		C0 9 
		T0 5 
		P 10 
		N 4 
		C0 10 
		T0 6 
		P 11 
		N 5 
		C0 11 
		T0 7 
		P 11 
		N 5 
		C0 12 
		T0 6 
		P 12 
		N 6 
		C0 13 
		T0 7 
		P 9 
		N 3 
		C0 14 
		T0 4 
		P 13 
		N 7 
		C0 15 
		T0 5 
		P 13 
		N 7 
		C0 16 
		T0 4 
		P 14 
		N 8 
		C0 17 
		T0 5 
		P 12 
		N 6 
		C0 18 
		T0 6 
		P 15 
		N 9 
		C0 19 
		T0 7 
		P 15 
		N 9 
		C0 20 
		T0 4 
		P 16 
		N 10 
		C0 21 
		T0 5 
		P 14 
		N 8 
		C0 22 
		T0 6 
		P 17 
		N 11 
		C0 23 
		T0 7 
		P 17 
		N 11 
		C0 24 
		T0 4 
		P 18 
		N 12 
		C0 25 
		T0 5 
		P 16 
		N 10 
		C0 26 
		T0 6 
		P 19 
		N 13 
		C0 27 
		T0 7 
		P 19 
		N 13 
		C0 28 
		T0 4 
		P 20 
		N 14 
		C0 29 
		T0 5 
		P 18 
		N 12 
		C0 30 
		T0 6 
		P 21 
		N 15 
		C0 31 
		T0 7 
		P 21 
		N 15 
		C0 32 
		T0 4 
		P 22 
		N 16 
		C0 33 
		T0 5 
		P 20 
		N 14 
		C0 34 
		T0 6 
		P 23 
		N 17 
		C0 35 
		T0 7 
		P 23 
		N 17 
		C0 36 
		T0 4 
		P 10 
		N 4 
		C0 37 
		T0 5 
		P 22 
		N 16 
		C0 38 
		T0 6 
		P 8 
		N 2 
		C0 39 
		T0 7 
		P 24 
		N 1 
		C0 40 
		T0 0 
		P 25 
		N 1 
		C0 41 
		T0 1 
		P 26 
		N 1 
		C0 42 
		T0 2 
		P 27 
		N 1 
		C0 43 
		T0 3 
		P 28 
		N 0 
		C0 44 
		T0 1 
		P 29 
		N 0 
		C0 45 
		T0 0 
		P 30 
		N 0 
		C0 46 
		T0 3 
		P 31 
		N 0 
		C0 47 
		T0 2 
		P 32 
		N 10 
		C0 48 
		T0 4 
		P 33 
		N 9 
		C0 49 
		T0 5 
		P 34 
		N 11 
		C0 50 
		T0 6 
		P 35 
		N 8 
		C0 51 
		T0 7 
		P 35 
		N 8 
		C0 52 
		T0 6 
		P 36 
		N 7 
		C0 53 
		T0 7 
		P 33 
		N 9 
		C0 54 
		T0 4 
		P 37 
		N 6 
		C0 55 
		T0 5 
		P 37 
		N 6 
		C0 56 
		T0 4 
		P 38 
		N 5 
		C0 57 
		T0 5 
		P 36 
		N 7 
		C0 58 
		T0 6 
		P 39 
		N 3 
		C0 59 
		T0 7 
		P 39 
		N 3 
		C0 60 
		T0 4 
		P 40 
		N 2 
		C0 61 
		T0 5 
		P 38 
		N 5 
		C0 62 
		T0 6 
		P 41 
		N 4 
		C0 63 
		T0 7 
		P 41 
		N 4 
		C0 64 
		T0 4 
		P 42 
		N 17 
		C0 65 
		T0 5 
		P 40 
		N 2 
		C0 66 
		T0 6 
		P 43 
		N 16 
		C0 67 
		T0 7 
		P 43 
		N 16 
		C0 68 
		T0 4 
		P 44 
		N 15 
		C0 69 
		T0 5 
		P 42 
		N 17 
		C0 70 
		T0 6 
		P 45 
		N 14 
		C0 71 
		T0 7 
		P 45 
		N 14 
		C0 72 
		T0 4 
		P 46 
		N 13 
		C0 73 
		T0 5 
		P 44 
		N 15 
		C0 74 
		T0 6 
		P 47 
		N 12 
		C0 75 
		T0 7 
		P 47 
		N 12 
		C0 76 
		T0 4 
		P 34 
		N 11 
		C0 77 
		T0 5 
		P 46 
		N 13 
		C0 78 
		T0 6 
		P 32 
		N 10 
		C0 79 
		T0 7 
		P 48 
		N 18 
		C0 80 
		T0 8 
		P 49 
		N 19 
		C0 81 
		T0 9 
		P 50 
		N 20 
		C0 82 
		T0 10 
		P 51 
		N 21 
		C0 83 
		T0 11 
		P 52 
		N 22 
		C0 84 
		T0 12 
		P 53 
		N 23 
		C0 85 
		T0 13 
		P 54 
		N 24 
		C0 86 
		T0 14 
		P 55 
		N 25 
		C0 87 
		T0 15 
		P 56 
		N 26 
		C0 88 
		T0 16 
		P 57 
		N 27 
		C0 89 
		T0 17 
		P 58 
		N 28 
		C0 90 
		T0 18 
		P 59 
		N 29 
		C0 91 
		T0 19 
		P 60 
		N 30 
		C0 92 
		T0 20 
		P 61 
		N 31 
		C0 93 
		T0 21 
		P 62 
		N 31 
		C0 94 
		T0 22 
		P 63 
		N 31 
		C0 95 
		T0 23 
		P 64 
		N 32 
		C0 96 
		T0 24 
		P 65 
		N 32 
		C0 97 
		T0 25 
		P 66 
		N 32 
		C0 98 
		T0 26 
		P 67 
		N 33 
		C0 99 
		T0 8 
		P 68 
		N 34 
		C0 100 
		T0 11 
		P 69 
		N 35 
		C0 101 
		T0 27 
		P 62 
		N 36 
		C0 102 
		T0 22 
		P 61 
		N 36 
		C0 103 
		T0 21 
		P 66 
		N 36 
		C0 104 
		T0 28 
		P 70 
		N 36 
		C0 105 
		T0 29 
		P 71 
		N 37 
		C0 106 
		T0 30 
		P 72 
		N 37 
		C0 107 
		T0 31 
		P 73 
		N 37 
		C0 108 
		T0 32 
		P 74 
		N 37 
		C0 109 
		T0 33 
		P 71 
		N 38 
		C0 110 
		T0 30 
		P 74 
		N 38 
		C0 111 
		T0 33 
		P 75 
		N 38 
		C0 112 
		T0 34 
		P 76 
		N 38 
		C0 113 
		T0 35 
		P 65 
		N 39 
		C0 114 
		T0 36 
		P 76 
		N 39 
		C0 115 
		T0 35 
		P 75 
		N 39 
		C0 116 
		T0 34 
		P 66 
		N 40 
		C0 117 
		T0 28 
		P 65 
		N 40 
		C0 118 
		T0 36 
		P 75 
		N 40 
		C0 119 
		T0 34 
		P 70 
		N 40 
		C0 120 
		T0 29 
		P 77 
		N 41 
		C0 121 
		T0 37 
		P 78 
		N 42 
		C0 122 
		T0 38 
		P 57 
		N 27 
		C0 123 
		T0 39 
		P 79 
		N 43 
		C0 124 
		T0 40 
		P 56 
		N 26 
		C0 125 
		T0 41 
		P 53 
		N 23 
		C0 126 
		T0 42 
		P 52 
		N 22 
		C0 127 
		T0 43 
		P 64 
		N 44 
		C0 128 
		T0 44 
		P 69 
		N 35 
		C0 129 
		T0 45 
		P 65 
		N 45 
		C0 130 
		T0 36 
		P 68 
		N 34 
		C0 131 
		T0 46 
		P 51 
		N 21 
		C0 132 
		T0 47 
		P 50 
		N 20 
		C0 133 
		T0 48 
		P 53 
		N 23 
		C0 134 
		T0 49 
		P 80 
		N 46 
		C0 135 
		T0 50 
		P 81 
		N 46 
		C0 136 
		T0 51 
		P 82 
		N 46 
		C0 137 
		T0 52 
		P 83 
		N 46 
		C0 138 
		T0 53 
		P 84 
		N 46 
		C0 139 
		T0 54 
		P 85 
		N 46 
		C0 140 
		T0 55 
		P 86 
		N 46 
		C0 141 
		T0 56 
		P 87 
		N 46 
		C0 142 
		T0 57 
		P 88 
		N 47 
		C0 143 
		T0 58 
		P 84 
		N 47 
		C0 144 
		T0 54 
		P 87 
		N 47 
		C0 145 
		T0 57 
		P 89 
		N 47 
		C0 146 
		T0 59 
		P 90 
		N 48 
		C0 147 
		T0 60 
		P 88 
		N 48 
		C0 148 
		T0 61 
		P 89 
		N 48 
		C0 149 
		T0 61 
		P 91 
		N 48 
		C0 150 
		T0 60 
		P 92 
		N 49 
		C0 151 
		T0 62 
		P 93 
		N 49 
		C0 152 
		T0 62 
		P 90 
		N 49 
		C0 153 
		T0 62 
		P 91 
		N 49 
		C0 154 
		T0 62 
		P 94 
		N 49 
		C0 155 
		T0 62 
		P 95 
		N 50 
		C0 156 
		T0 62 
		P 92 
		N 50 
		C0 157 
		T0 62 
		P 94 
		N 50 
		C0 158 
		T0 62 
		P 96 
		N 50 
		C0 159 
		T0 62 
		P 97 
		N 51 
		C0 160 
		T0 62 
		P 95 
		N 51 
		C0 161 
		T0 62 
		P 96 
		N 51 
		C0 162 
		T0 62 
		P 98 
		N 51 
		C0 163 
		T0 62 
		P 99 
		N 52 
		C0 164 
		T0 63 
		P 97 
		N 52 
		C0 165 
		T0 64 
		P 98 
		N 52 
		C0 166 
		T0 64 
		P 100 
		N 52 
		C0 167 
		T0 63 
		P 101 
		N 53 
		C0 168 
		T0 65 
		P 99 
		N 53 
		C0 169 
		T0 66 
		P 100 
		N 53 
		C0 170 
		T0 67 
		P 102 
		N 53 
		C0 171 
		T0 68 
		P 103 
		N 54 
		C0 172 
		T0 69 
		P 104 
		N 54 
		C0 173 
		T0 69 
		P 101 
		N 54 
		C0 174 
		T0 70 
		P 102 
		N 54 
		C0 175 
		T0 70 
		P 104 
		N 0 
		C0 176 
		T0 71 
		P 105 
		N 0 
		C0 177 
		T0 72 
		P 106 
		N 0 
		C0 178 
		T0 73 
		P 93 
		N 0 
		C0 179 
		T0 74 
		P 92 
		N 0 
		C0 180 
		T0 75 
		P 95 
		N 0 
		C0 181 
		T0 76 
		P 97 
		N 0 
		C0 182 
		T0 77 
		P 99 
		N 0 
		C0 183 
		T0 78 
		P 101 
		N 0 
		C0 184 
		T0 79 
		P 107 
		N 0 
		C0 185 
		T0 80 
		P 108 
		N 0 
		C0 186 
		T0 81 
		P 109 
		N 0 
		C0 187 
		T0 82 
		P 110 
		N 0 
		C0 188 
		T0 83 
		P 85 
		N 0 
		C0 189 
		T0 84 
		P 84 
		N 0 
		C0 190 
		T0 85 
		P 93 
		N 55 
		C0 191 
		T0 74 
		P 84 
		N 55 
		C0 192 
		T0 85 
		P 88 
		N 55 
		C0 193 
		T0 86 
		P 90 
		N 55 
		C0 194 
		T0 87 
		P 111 
		N 56 
		C0 195 
		T0 88 
		P 112 
		N 56 
		C0 196 
		T0 88 
		P 74 
		N 56 
		C0 197 
		T0 88 
		P 73 
		N 56 
		C0 198 
		T0 88 
		P 112 
		N 57 
		C0 199 
		T0 88 
		P 113 
		N 57 
		C0 200 
		T0 88 
		P 75 
		N 57 
		C0 201 
		T0 88 
		P 74 
		N 57 
		C0 202 
		T0 88 
		P 113 
		N 58 
		C0 203 
		T0 88 
		P 114 
		N 58 
		C0 204 
		T0 88 
		P 70 
		N 58 
		C0 205 
		T0 88 
		P 75 
		N 58 
		C0 206 
		T0 88 
		P 114 
		N 59 
		C0 207 
		T0 88 
		P 63 
		N 59 
		C0 208 
		T0 88 
		P 62 
		N 59 
		C0 209 
		T0 88 
		P 70 
		N 59 
		C0 210 
		T0 88 
		P 112 
		N 0 
		C0 211 
		T0 88 
		P 111 
		N 0 
		C0 212 
		T0 88 
		P 115 
		N 0 
		C0 213 
		T0 88 
		P 113 
		N 0 
		C0 214 
		T0 88 
		P 114 
		N 0 
		C0 215 
		T0 88 
		P 63 
		N 0 
		C0 216 
		T0 88 
		P 116 
		N 0 
		C0 217 
		T0 89 
		P 117 
		N 0 
		C0 218 
		T0 90 
		P 118 
		N 0 
		C0 219 
		T0 91 
		P 119 
		N 0 
		C0 220 
		T0 92 
		P 120 
		N 49 
		C0 221 
		T0 93 
		P 121 
		N 49 
		C0 222 
		T0 94 
		P 122 
		N 49 
		C0 223 
		T0 95 
		P 123 
		N 49 
		C0 224 
		T0 96 
		P 124 
		N 48 
		C0 225 
		T0 97 
		P 125 
		N 48 
		C0 226 
		T0 98 
		P 126 
		N 48 
		C0 227 
		T0 99 
		P 127 
		N 48 
		C0 228 
		T0 100 
		P 121 
		N 60 
		C0 229 
		T0 94 
		P 128 
		N 60 
		C0 230 
		T0 101 
		P 129 
		N 60 
		C0 231 
		T0 102 
		P 122 
		N 60 
		C0 232 
		T0 95 
		P 127 
		N 61 
		C0 233 
		T0 103 
		P 120 
		N 61 
		C0 234 
		T0 93 
		P 124 
		N 61 
		C0 235 
		T0 104 
		P 123 
		N 61 
		C0 236 
		T0 96 
		P 130 
		N 61 
		C0 237 
		T0 105 
		P 128 
		N 62 
		C0 238 
		T0 106 
		P 117 
		N 62 
		C0 239 
		T0 89 
		P 116 
		N 62 
		C0 240 
		T0 90 
		P 131 
		N 62 
		C0 241 
		T0 107 
		P 118 
		N 63 
		C0 242 
		T0 108 
		P 117 
		N 63 
		C0 243 
		T0 109 
		P 121 
		N 63 
		C0 244 
		T0 94 
		P 120 
		N 63 
		C0 245 
		T0 93 
		P 117 
		N 64 
		C0 246 
		T0 109 
		P 128 
		N 64 
		C0 247 
		T0 101 
		P 121 
		N 64 
		C0 248 
		T0 94 
		P 118 
		N 65 
		C0 249 
		T0 92 
		P 127 
		N 65 
		C0 250 
		T0 100 
		P 126 
		N 65 
		C0 251 
		T0 99 
		P 119 
		N 65 
		C0 252 
		T0 91 
		P 127 
		N 66 
		C0 253 
		T0 103 
		P 118 
		N 66 
		C0 254 
		T0 108 
		P 120 
		N 66 
		C0 255 
		T0 93 
		P 132 
		N 8 
		C0 256 
		T0 110 
		P 133 
		N 8 
		C0 257 
		T0 111 
		P 134 
		N 8 
		C0 258 
		T0 111 
		P 135 
		N 8 
		C0 259 
		T0 110 
		P 136 
		N 67 
		C0 260 
		T0 112 
		P 132 
		N 67 
		C0 261 
		T0 110 
		P 135 
		N 67 
		C0 262 
		T0 110 
		P 137 
		N 67 
		C0 263 
		T0 112 
		P 138 
		N 68 
		C0 264 
		T0 113 
		P 136 
		N 68 
		C0 265 
		T0 112 
		P 137 
		N 68 
		C0 266 
		T0 112 
		P 139 
		N 68 
		C0 267 
		T0 113 
		P 140 
		N 69 
		C0 268 
		T0 114 
		P 138 
		N 69 
		C0 269 
		T0 113 
		P 139 
		N 69 
		C0 270 
		T0 113 
		P 141 
		N 69 
		C0 271 
		T0 114 
		P 142 
		N 70 
		C0 272 
		T0 115 
		P 140 
		N 70 
		C0 273 
		T0 114 
		P 141 
		N 70 
		C0 274 
		T0 114 
		P 143 
		N 70 
		C0 275 
		T0 115 
		P 144 
		N 71 
		C0 276 
		T0 116 
		P 142 
		N 71 
		C0 277 
		T0 115 
		P 143 
		N 71 
		C0 278 
		T0 115 
		P 145 
		N 71 
		C0 279 
		T0 116 
		P 146 
		N 72 
		C0 280 
		T0 117 
		P 144 
		N 72 
		C0 281 
		T0 116 
		P 145 
		N 72 
		C0 282 
		T0 116 
		P 147 
		N 72 
		C0 283 
		T0 117 
		P 148 
		N 60 
		C0 284 
		T0 118 
		P 146 
		N 60 
		C0 285 
		T0 117 
		P 147 
		N 60 
		C0 286 
		T0 117 
		P 149 
		N 60 
		C0 287 
		T0 118 
		P 150 
		N 73 
		C0 288 
		T0 119 
		P 148 
		N 73 
		C0 289 
		T0 118 
		P 149 
		N 73 
		C0 290 
		T0 118 
		P 151 
		N 73 
		C0 291 
		T0 119 
		P 152 
		N 74 
		C0 292 
		T0 120 
		P 150 
		N 74 
		C0 293 
		T0 119 
		P 151 
		N 74 
		C0 294 
		T0 119 
		P 153 
		N 74 
		C0 295 
		T0 120 
		P 154 
		N 75 
		C0 296 
		T0 121 
		P 152 
		N 75 
		C0 297 
		T0 120 
		P 153 
		N 75 
		C0 298 
		T0 120 
		P 155 
		N 75 
		C0 299 
		T0 121 
		P 133 
		N 3 
		C0 300 
		T0 111 
		P 154 
		N 3 
		C0 301 
		T0 121 
		P 155 
		N 3 
		C0 302 
		T0 121 
		P 134 
		N 3 
		C0 303 
		T0 111 
		P 134 
		N 1 
		C0 304 
		T0 111 
		P 155 
		N 1 
		C0 305 
		T0 121 
		P 153 
		N 1 
		C0 306 
		T0 120 
		P 135 
		N 1 
		C0 307 
		T0 110 
		P 147 
		N 1 
		C0 308 
		T0 117 
		P 145 
		N 1 
		C0 309 
		T0 116 
		P 143 
		N 1 
		C0 310 
		T0 115 
		P 141 
		N 1 
		C0 311 
		T0 114 
		P 139 
		N 1 
		C0 312 
		T0 113 
		P 149 
		N 1 
		C0 313 
		T0 118 
		P 137 
		N 1 
		C0 314 
		T0 112 
		P 151 
		N 1 
		C0 315 
		T0 119 
		P 152 
		N 0 
		C0 316 
		T0 120 
		P 154 
		N 0 
		C0 317 
		T0 121 
		P 133 
		N 0 
		C0 318 
		T0 111 
		P 132 
		N 0 
		C0 319 
		T0 110 
		P 142 
		N 0 
		C0 320 
		T0 115 
		P 144 
		N 0 
		C0 321 
		T0 116 
		P 146 
		N 0 
		C0 322 
		T0 117 
		P 140 
		N 0 
		C0 323 
		T0 114 
		P 138 
		N 0 
		C0 324 
		T0 113 
		P 148 
		N 0 
		C0 325 
		T0 118 
		P 136 
		N 0 
		C0 326 
		T0 112 
		P 150 
		N 0 
		C0 327 
		T0 119 
		P 156 
		N 0 
		C0 328 
		T0 122 
		P 157 
		N 0 
		C0 329 
		T0 122 
		P 158 
		N 0 
		C0 330 
		T0 123 
		P 81 
		N 0 
		C0 331 
		T0 123 
		P 80 
		N 0 
		C0 332 
		T0 123 
		P 157 
		N 49 
		C0 333 
		T0 122 
		P 156 
		N 49 
		C0 334 
		T0 122 
		P 106 
		N 49 
		C0 335 
		T0 122 
		P 110 
		N 49 
		C0 336 
		T0 122 
		P 156 
		N 58 
		C0 337 
		T0 122 
		P 80 
		N 58 
		C0 338 
		T0 123 
		P 85 
		N 58 
		C0 339 
		T0 123 
		P 106 
		N 58 
		C0 340 
		T0 122 
		P 159 
		N 0 
		C0 341 
		T0 124 
		P 72 
		N 0 
		C0 342 
		T0 31 
		P 71 
		N 0 
		C0 343 
		T0 30 
		P 76 
		N 0 
		C0 344 
		T0 35 
		P 160 
		N 76 
		C0 345 
		T0 125 
		P 161 
		N 77 
		C0 346 
		T0 126 
		P 162 
		N 78 
		C0 347 
		T0 127 
		P 163 
		N 79 
		C0 348 
		T0 14 
		P 164 
		N 80 
		C0 349 
		T0 15 
		P 165 
		N 81 
		C0 350 
		T0 18 
		P 166 
		N 82 
		C0 351 
		T0 17 
		P 167 
		N 83 
		C0 352 
		T0 16 
		P 168 
		N 84 
		C0 353 
		T0 128 
		P 169 
		N 85 
		C0 354 
		T0 129 
		P 170 
		N 85 
		C0 355 
		T0 130 
		P 171 
		N 31 
		C0 356 
		T0 131 
		P 172 
		N 31 
		C0 357 
		T0 23 
		P 173 
		N 31 
		C0 358 
		T0 23 
		P 174 
		N 86 
		C0 359 
		T0 132 
		P 66 
		N 86 
		C0 360 
		T0 26 
		P 61 
		N 86 
		C0 361 
		T0 133 
		P 171 
		N 86 
		C0 362 
		T0 134 
		P 175 
		N 87 
		C0 363 
		T0 135 
		P 174 
		N 87 
		C0 364 
		T0 132 
		P 176 
		N 87 
		C0 365 
		T0 136 
		P 66 
		N 48 
		C0 366 
		T0 26 
		P 174 
		N 48 
		C0 367 
		T0 132 
		P 175 
		N 48 
		C0 368 
		T0 135 
		P 64 
		N 48 
		C0 369 
		T0 24 
		P 177 
		N 88 
		C0 370 
		T0 137 
		P 178 
		N 89 
		C0 371 
		T0 126 
		P 174 
		N 90 
		C0 372 
		T0 28 
		P 171 
		N 90 
		C0 373 
		T0 21 
		P 173 
		N 90 
		C0 374 
		T0 22 
		P 179 
		N 90 
		C0 375 
		T0 29 
		P 180 
		N 91 
		C0 376 
		T0 32 
		P 181 
		N 91 
		C0 377 
		T0 31 
		P 182 
		N 91 
		C0 378 
		T0 30 
		P 183 
		N 91 
		C0 379 
		T0 138 
		P 184 
		N 92 
		C0 380 
		T0 139 
		P 183 
		N 92 
		C0 381 
		T0 138 
		P 182 
		N 92 
		C0 382 
		T0 30 
		P 185 
		N 92 
		C0 383 
		T0 140 
		P 176 
		N 93 
		C0 384 
		T0 141 
		P 184 
		N 93 
		C0 385 
		T0 139 
		P 185 
		N 93 
		C0 386 
		T0 140 
		P 184 
		N 94 
		C0 387 
		T0 139 
		P 176 
		N 94 
		C0 388 
		T0 141 
		P 174 
		N 94 
		C0 389 
		T0 142 
		P 179 
		N 94 
		C0 390 
		T0 143 
		P 186 
		N 95 
		C0 391 
		T0 37 
		P 166 
		N 82 
		C0 392 
		T0 39 
		P 187 
		N 96 
		C0 393 
		T0 38 
		P 188 
		N 97 
		C0 394 
		T0 40 
		P 167 
		N 83 
		C0 395 
		T0 41 
		P 162 
		N 78 
		C0 396 
		T0 42 
		P 177 
		N 88 
		C0 397 
		T0 45 
		P 175 
		N 98 
		C0 398 
		T0 36 
		P 176 
		N 99 
		C0 399 
		T0 141 
		P 161 
		N 77 
		C0 400 
		T0 47 
		P 178 
		N 89 
		C0 401 
		T0 46 
		P 160 
		N 76 
		C0 402 
		T0 48 
		P 162 
		N 78 
		C0 403 
		T0 49 
		P 189 
		N 9 
		C0 404 
		T0 144 
		P 82 
		N 9 
		C0 405 
		T0 52 
		P 81 
		N 9 
		C0 406 
		T0 51 
		P 158 
		N 9 
		C0 407 
		T0 145 
		P 190 
		N 49 
		C0 408 
		T0 62 
		P 191 
		N 100 
		C0 409 
		T0 146 
		P 105 
		N 100 
		C0 410 
		T0 147 
		P 104 
		N 100 
		C0 411 
		T0 148 
		P 103 
		N 100 
		C0 412 
		T0 70 
		P 192 
		N 101 
		C0 413 
		T0 149 
		P 109 
		N 101 
		C0 414 
		T0 150 
		P 105 
		N 101 
		C0 415 
		T0 151 
		P 191 
		N 101 
		C0 416 
		T0 152 
		P 193 
		N 102 
		C0 417 
		T0 153 
		P 107 
		N 102 
		C0 418 
		T0 154 
		P 109 
		N 102 
		C0 419 
		T0 150 
		P 192 
		N 102 
		C0 420 
		T0 149 
		P 103 
		N 1 
		C0 421 
		T0 71 
		P 194 
		N 1 
		C0 422 
		T0 73 
		P 191 
		N 1 
		C0 423 
		T0 72 
		P 190 
		N 1 
		C0 424 
		T0 74 
		P 98 
		N 1 
		C0 425 
		T0 77 
		P 96 
		N 1 
		C0 426 
		T0 76 
		P 94 
		N 1 
		C0 427 
		T0 75 
		P 100 
		N 1 
		C0 428 
		T0 78 
		P 102 
		N 1 
		C0 429 
		T0 79 
		P 195 
		N 1 
		C0 430 
		T0 81 
		P 193 
		N 1 
		C0 431 
		T0 80 
		P 192 
		N 1 
		C0 432 
		T0 82 
		P 196 
		N 1 
		C0 433 
		T0 83 
		P 87 
		N 1 
		C0 434 
		T0 85 
		P 86 
		N 1 
		C0 435 
		T0 84 
		P 89 
		N 103 
		C0 436 
		T0 86 
		P 87 
		N 103 
		C0 437 
		T0 85 
		P 190 
		N 103 
		C0 438 
		T0 74 
		P 91 
		N 103 
		C0 439 
		T0 87 
		P 183 
		N 56 
		C0 440 
		T0 155 
		P 197 
		N 56 
		C0 441 
		T0 155 
		P 198 
		N 56 
		C0 442 
		T0 155 
		P 180 
		N 56 
		C0 443 
		T0 155 
		P 184 
		N 57 
		C0 444 
		T0 155 
		P 199 
		N 57 
		C0 445 
		T0 155 
		P 197 
		N 57 
		C0 446 
		T0 155 
		P 183 
		N 57 
		C0 447 
		T0 155 
		P 179 
		N 58 
		C0 448 
		T0 155 
		P 200 
		N 58 
		C0 449 
		T0 155 
		P 199 
		N 58 
		C0 450 
		T0 155 
		P 184 
		N 58 
		C0 451 
		T0 155 
		P 173 
		N 59 
		C0 452 
		T0 155 
		P 172 
		N 59 
		C0 453 
		T0 155 
		P 200 
		N 59 
		C0 454 
		T0 155 
		P 179 
		N 59 
		C0 455 
		T0 155 
		P 198 
		N 1 
		C0 456 
		T0 155 
		P 197 
		N 1 
		C0 457 
		T0 155 
		P 199 
		N 1 
		C0 458 
		T0 155 
		P 201 
		N 1 
		C0 459 
		T0 155 
		P 200 
		N 1 
		C0 460 
		T0 155 
		P 172 
		N 1 
		C0 461 
		T0 155 
		P 202 
		N 1 
		C0 462 
		T0 92 
		P 203 
		N 1 
		C0 463 
		T0 89 
		P 204 
		N 1 
		C0 464 
		T0 90 
		P 205 
		N 1 
		C0 465 
		T0 91 
		P 206 
		N 48 
		C0 466 
		T0 99 
		P 130 
		N 48 
		C0 467 
		T0 100 
		P 204 
		N 104 
		C0 468 
		T0 90 
		P 203 
		N 104 
		C0 469 
		T0 89 
		P 129 
		N 104 
		C0 470 
		T0 106 
		P 207 
		N 104 
		C0 471 
		T0 107 
		P 202 
		N 105 
		C0 472 
		T0 156 
		P 123 
		N 105 
		C0 473 
		T0 96 
		P 122 
		N 105 
		C0 474 
		T0 95 
		P 203 
		N 105 
		C0 475 
		T0 157 
		P 122 
		N 106 
		C0 476 
		T0 95 
		P 129 
		N 106 
		C0 477 
		T0 102 
		P 203 
		N 106 
		C0 478 
		T0 157 
		P 206 
		N 107 
		C0 479 
		T0 99 
		P 130 
		N 107 
		C0 480 
		T0 100 
		P 202 
		N 107 
		C0 481 
		T0 92 
		P 205 
		N 107 
		C0 482 
		T0 91 
		P 130 
		N 108 
		C0 483 
		T0 105 
		P 123 
		N 108 
		C0 484 
		T0 96 
		P 202 
		N 108 
		C0 485 
		T0 156 
		P 208 
		N 8 
		C0 486 
		T0 111 
		P 209 
		N 8 
		C0 487 
		T0 111 
		P 210 
		N 8 
		C0 488 
		T0 110 
		P 211 
		N 8 
		C0 489 
		T0 110 
		P 211 
		N 67 
		C0 490 
		T0 110 
		P 210 
		N 67 
		C0 491 
		T0 110 
		P 212 
		N 67 
		C0 492 
		T0 112 
		P 213 
		N 67 
		C0 493 
		T0 112 
		P 213 
		N 68 
		C0 494 
		T0 112 
		P 212 
		N 68 
		C0 495 
		T0 112 
		P 214 
		N 68 
		C0 496 
		T0 113 
		P 215 
		N 68 
		C0 497 
		T0 113 
		P 215 
		N 69 
		C0 498 
		T0 113 
		P 214 
		N 69 
		C0 499 
		T0 113 
		P 216 
		N 69 
		C0 500 
		T0 114 
		P 217 
		N 69 
		C0 501 
		T0 114 
		P 217 
		N 70 
		C0 502 
		T0 114 
		P 216 
		N 70 
		C0 503 
		T0 114 
		P 218 
		N 70 
		C0 504 
		T0 115 
		P 219 
		N 70 
		C0 505 
		T0 115 
		P 219 
		N 71 
		C0 506 
		T0 115 
		P 218 
		N 71 
		C0 507 
		T0 115 
		P 220 
		N 71 
		C0 508 
		T0 116 
		P 221 
		N 71 
		C0 509 
		T0 116 
		P 221 
		N 72 
		C0 510 
		T0 116 
		P 220 
		N 72 
		C0 511 
		T0 116 
		P 222 
		N 72 
		C0 512 
		T0 117 
		P 223 
		N 72 
		C0 513 
		T0 117 
		P 223 
		N 60 
		C0 514 
		T0 117 
		P 222 
		N 60 
		C0 515 
		T0 117 
		P 224 
		N 60 
		C0 516 
		T0 118 
		P 225 
		N 60 
		C0 517 
		T0 118 
		P 225 
		N 73 
		C0 518 
		T0 118 
		P 224 
		N 73 
		C0 519 
		T0 118 
		P 226 
		N 73 
		C0 520 
		T0 119 
		P 227 
		N 73 
		C0 521 
		T0 119 
		P 227 
		N 74 
		C0 522 
		T0 119 
		P 226 
		N 74 
		C0 523 
		T0 119 
		P 228 
		N 74 
		C0 524 
		T0 120 
		P 229 
		N 74 
		C0 525 
		T0 120 
		P 229 
		N 75 
		C0 526 
		T0 120 
		P 228 
		N 75 
		C0 527 
		T0 120 
		P 230 
		N 75 
		C0 528 
		T0 121 
		P 231 
		N 75 
		C0 529 
		T0 121 
		P 231 
		N 3 
		C0 530 
		T0 121 
		P 230 
		N 3 
		C0 531 
		T0 121 
		P 209 
		N 3 
		C0 532 
		T0 111 
		P 208 
		N 3 
		C0 533 
		T0 111 
		P 229 
		N 0 
		C0 534 
		T0 120 
		P 231 
		N 0 
		C0 535 
		T0 121 
		P 208 
		N 0 
		C0 536 
		T0 111 
		P 211 
		N 0 
		C0 537 
		T0 110 
		P 219 
		N 0 
		C0 538 
		T0 115 
		P 221 
		N 0 
		C0 539 
		T0 116 
		P 223 
		N 0 
		C0 540 
		T0 117 
		P 217 
		N 0 
		C0 541 
		T0 114 
		P 215 
		N 0 
		C0 542 
		T0 113 
		P 225 
		N 0 
		C0 543 
		T0 118 
		P 213 
		N 0 
		C0 544 
		T0 112 
		P 227 
		N 0 
		C0 545 
		T0 119 
		P 209 
		N 1 
		C0 546 
		T0 111 
		P 230 
		N 1 
		C0 547 
		T0 121 
		P 228 
		N 1 
		C0 548 
		T0 120 
		P 210 
		N 1 
		C0 549 
		T0 110 
		P 222 
		N 1 
		C0 550 
		T0 117 
		P 220 
		N 1 
		C0 551 
		T0 116 
		P 218 
		N 1 
		C0 552 
		T0 115 
		P 216 
		N 1 
		C0 553 
		T0 114 
		P 214 
		N 1 
		C0 554 
		T0 113 
		P 224 
		N 1 
		C0 555 
		T0 118 
		P 212 
		N 1 
		C0 556 
		T0 112 
		P 226 
		N 1 
		C0 557 
		T0 119 
		P 189 
		N 1 
		C0 558 
		T0 123 
		P 232 
		N 1 
		C0 559 
		T0 122 
		P 233 
		N 1 
		C0 560 
		T0 122 
		P 83 
		N 1 
		C0 561 
		T0 123 
		P 82 
		N 1 
		C0 562 
		T0 123 
		P 194 
		N 49 
		C0 563 
		T0 122 
		P 233 
		N 49 
		C0 564 
		T0 122 
		P 232 
		N 49 
		C0 565 
		T0 122 
		P 196 
		N 49 
		C0 566 
		T0 122 
		P 194 
		N 58 
		C0 567 
		T0 122 
		P 86 
		N 58 
		C0 568 
		T0 123 
		P 83 
		N 58 
		C0 569 
		T0 123 
		P 233 
		N 58 
		C0 570 
		T0 122 
		P 64 
		N 44 
		C0 571 
		T0 158 
		P 175 
		N 98 
		C0 572 
		T0 159 
		P 182 
		N 1 
		C0 573 
		T0 30 
		P 181 
		N 1 
		C0 574 
		T0 31 
		P 168 
		N 1 
		C0 575 
		T0 124 
		P 185 
		N 1 
		C0 576 
		T0 140 
		P 234 
		N 109 
		C0 577 
		T0 160 
		P 235 
		N 109 
		C0 578 
		T0 160 
		P 236 
		N 109 
		C0 579 
		T0 160 
		P 237 
		N 109 
		C0 580 
		T0 160 
		P 235 
		N 110 
		C0 581 
		T0 160 
		P 238 
		N 110 
		C0 582 
		T0 160 
		P 239 
		N 110 
		C0 583 
		T0 160 
		P 236 
		N 110 
		C0 584 
		T0 160 
		P 238 
		N 111 
		C0 585 
		T0 160 
		P 240 
		N 111 
		C0 586 
		T0 160 
		P 241 
		N 111 
		C0 587 
		T0 160 
		P 239 
		N 111 
		C0 588 
		T0 160 
		P 240 
		N 112 
		C0 589 
		T0 160 
		P 234 
		N 112 
		C0 590 
		T0 160 
		P 237 
		N 112 
		C0 591 
		T0 160 
		P 241 
		N 112 
		C0 592 
		T0 160 
		P 234 
		N 113 
		C0 593 
		T0 160 
		P 240 
		N 113 
		C0 594 
		T0 160 
		P 238 
		N 113 
		C0 595 
		T0 160 
		P 235 
		N 113 
		C0 596 
		T0 160 
		P 239 
		N 114 
		C0 597 
		T0 160 
		P 241 
		N 114 
		C0 598 
		T0 160 
		P 237 
		N 114 
		C0 599 
		T0 160 
		P 236 
		N 114 
		C0 600 
		T0 160 
		P 242 
		N 109 
		C0 601 
		T0 160 
		P 243 
		N 109 
		C0 602 
		T0 160 
		P 244 
		N 109 
		C0 603 
		T0 160 
		P 245 
		N 109 
		C0 604 
		T0 160 
		P 246 
		N 110 
		C0 605 
		T0 160 
		P 247 
		N 110 
		C0 606 
		T0 160 
		P 243 
		N 110 
		C0 607 
		T0 160 
		P 242 
		N 110 
		C0 608 
		T0 160 
		P 248 
		N 111 
		C0 609 
		T0 160 
		P 249 
		N 111 
		C0 610 
		T0 160 
		P 247 
		N 111 
		C0 611 
		T0 160 
		P 246 
		N 111 
		C0 612 
		T0 160 
		P 245 
		N 112 
		C0 613 
		T0 160 
		P 244 
		N 112 
		C0 614 
		T0 160 
		P 249 
		N 112 
		C0 615 
		T0 160 
		P 248 
		N 112 
		C0 616 
		T0 160 
		P 247 
		N 114 
		C0 617 
		T0 160 
		P 249 
		N 114 
		C0 618 
		T0 160 
		P 244 
		N 114 
		C0 619 
		T0 160 
		P 243 
		N 114 
		C0 620 
		T0 160 
		P 245 
		N 113 
		C0 621 
		T0 160 
		P 248 
		N 113 
		C0 622 
		T0 160 
		P 246 
		N 113 
		C0 623 
		T0 160 
		P 242 
		N 113 
		C0 624 
		T0 160 
		P 250 
		N 1 
		C0 625 
		T0 161 
		P 251 
		N 1 
		C0 626 
		T0 162 
		P 252 
		N 1 
		C0 627 
		T0 163 
		P 253 
		N 115 
		C0 628 
		T0 164 
		P 254 
		N 115 
		C0 629 
		T0 165 
		P 252 
		N 115 
		C0 630 
		T0 163 
		P 251 
		N 115 
		C0 631 
		T0 162 
		P 255 
		N 100 
		C0 632 
		T0 166 
		P 253 
		N 100 
		C0 633 
		T0 164 
		P 251 
		N 100 
		C0 634 
		T0 162 
		P 250 
		N 100 
		C0 635 
		T0 161 
		P 254 
		N 116 
		C0 636 
		T0 165 
		P 255 
		N 116 
		C0 637 
		T0 166 
		P 250 
		N 116 
		C0 638 
		T0 161 
		P 252 
		N 116 
		C0 639 
		T0 163 
		P 255 
		N 0 
		C0 640 
		T0 166 
		P 254 
		N 0 
		C0 641 
		T0 165 
		P 253 
		N 0 
		C0 642 
		T0 164 
		P 256 
		N 1 
		C0 643 
		T0 167 
		P 257 
		N 1 
		C0 644 
		T0 168 
		P 258 
		N 1 
		C0 645 
		T0 169 
		P 259 
		N 1 
		C0 646 
		T0 170 
		P 260 
		N 0 
		C0 647 
		T0 167 
		P 261 
		N 0 
		C0 648 
		T0 170 
		P 262 
		N 0 
		C0 649 
		T0 169 
		P 263 
		N 0 
		C0 650 
		T0 168 
		P 256 
		N 58 
		C0 651 
		T0 167 
		P 259 
		N 58 
		C0 652 
		T0 170 
		P 261 
		N 58 
		C0 653 
		T0 170 
		P 260 
		N 58 
		C0 654 
		T0 167 
		P 259 
		N 49 
		C0 655 
		T0 171 
		P 258 
		N 49 
		C0 656 
		T0 172 
		P 262 
		N 49 
		C0 657 
		T0 173 
		P 261 
		N 49 
		C0 658 
		T0 174 
		P 258 
		N 48 
		C0 659 
		T0 175 
		P 257 
		N 48 
		C0 660 
		T0 176 
		P 263 
		N 48 
		C0 661 
		T0 168 
		P 262 
		N 48 
		C0 662 
		T0 169 
		P 264 
		N 117 
		C0 663 
		T0 130 
		P 265 
		N 100 
		C0 664 
		T0 177 
		P 266 
		N 100 
		C0 665 
		T0 178 
		P 267 
		N 118 
		C0 666 
		T0 179 
		P 268 
		N 100 
		C0 667 
		T0 180 
		P 269 
		N 100 
		C0 668 
		T0 181 
		P 270 
		N 100 
		C0 669 
		T0 182 
		P 271 
		N 119 
		C0 670 
		T0 179 
		P 159 
		N 120 
		C0 671 
		T0 128 
		P 272 
		N 117 
		C0 672 
		T0 129 
		P 273 
		N 100 
		C0 673 
		T0 177 
		P 274 
		N 100 
		C0 674 
		T0 180 
		P 275 
		N 121 
		C0 675 
		T0 183 
		P 276 
		N 122 
		C0 676 
		T0 183 
		P 277 
		N 123 
		C0 677 
		T0 183 
		P 278 
		N 124 
		C0 678 
		T0 183 
		P 279 
		N 125 
		C0 679 
		T0 183 
		P 280 
		N 126 
		C0 680 
		T0 183 
		P 281 
		N 122 
		C0 681 
		T0 183 
		P 282 
		N 123 
		C0 682 
		T0 183 
		P 283 
		N 125 
		C0 683 
		T0 183 
		P 284 
		N 127 
		C0 684 
		T0 183 
		P 285 
		N 128 
		C0 685 
		T0 183 
		P 286 
		N 129 
		C0 686 
		T0 183 
		P 287 
		N 130 
		C0 687 
		T0 184 
		P 288 
		N 130 
		C0 688 
		T0 185 
		P 289 
		N 130 
		C0 689 
		T0 186 
		P 290 
		N 130 
		C0 690 
		T0 187 
		P 291 
		N 131 
		C0 691 
		T0 188 
		P 292 
		N 132 
		C0 692 
		T0 189 
		P 293 
		N 133 
		C0 693 
		T0 190 
		P 294 
		N 134 
		C0 694 
		T0 191 
		P 287 
		N 135 
		C0 695 
		T0 192 
		P 288 
		N 136 
		C0 696 
		T0 193 
		P 289 
		N 137 
		C0 697 
		T0 194 
		P 290 
		N 138 
		C0 698 
		T0 195 
		P 295 
		N 139 
		C0 699 
		T0 183 
		P 296 
		N 140 
		C0 700 
		T0 183 
		P 297 
		N 141 
		C0 701 
		T0 183 
		P 298 
		N 142 
		C0 702 
		T0 183 
		P 299 
		N 143 
		C0 703 
		T0 183 
		P 300 
		N 144 
		C0 704 
		T0 183 
		P 301 
		N 141 
		C0 705 
		T0 183 
		P 302 
		N 142 
		C0 706 
		T0 183 
		P 303 
		N 144 
		C0 707 
		T0 183 
		P 304 
		N 145 
		C0 708 
		T0 183 
		P 305 
		N 146 
		C0 709 
		T0 183 
		P 306 
		N 147 
		C0 710 
		T0 183 
		P 307 
		N 148 
		C0 711 
		T0 184 
		P 308 
		N 148 
		C0 712 
		T0 187 
		P 309 
		N 148 
		C0 713 
		T0 186 
		P 310 
		N 148 
		C0 714 
		T0 185 
		P 311 
		N 149 
		C0 715 
		T0 188 
		P 312 
		N 150 
		C0 716 
		T0 191 
		P 313 
		N 151 
		C0 717 
		T0 190 
		P 314 
		N 152 
		C0 718 
		T0 189 
		P 307 
		N 153 
		C0 719 
		T0 192 
		P 310 
		N 154 
		C0 720 
		T0 193 
		P 309 
		N 155 
		C0 721 
		T0 194 
		P 308 
		N 156 
		C0 722 
		T0 195 
		P 315 
		N 58 
		C0 723 
		T0 196 
		P 316 
		N 58 
		C0 724 
		T0 197 
		P 317 
		N 58 
		C0 725 
		T0 198 
		P 318 
		N 58 
		C0 726 
		T0 199 
		P 319 
		N 100 
		C0 727 
		T0 200 
		P 320 
		N 100 
		C0 728 
		T0 201 
		P 316 
		N 100 
		C0 729 
		T0 197 
		P 315 
		N 100 
		C0 730 
		T0 196 
		P 321 
		N 49 
		C0 731 
		T0 202 
		P 318 
		N 49 
		C0 732 
		T0 199 
		P 322 
		N 49 
		C0 733 
		T0 203 
		P 323 
		N 49 
		C0 734 
		T0 204 
		P 324 
		N 49 
		C0 735 
		T0 205 
		P 325 
		N 49 
		C0 736 
		T0 206 
		P 317 
		N 49 
		C0 737 
		T0 198 
		P 326 
		N 49 
		C0 738 
		T0 207 
		P 327 
		N 49 
		C0 739 
		T0 208 
		P 328 
		N 49 
		C0 740 
		T0 209 
		P 318 
		N 0 
		C0 741 
		T0 199 
		P 321 
		N 0 
		C0 742 
		T0 202 
		P 319 
		N 0 
		C0 743 
		T0 200 
		P 315 
		N 0 
		C0 744 
		T0 196 
		P 321 
		N 48 
		C0 745 
		T0 202 
		P 326 
		N 48 
		C0 746 
		T0 207 
		P 320 
		N 48 
		C0 747 
		T0 201 
		P 319 
		N 48 
		C0 748 
		T0 200 
		P 323 
		N 49 
		C0 749 
		T0 210 
		P 322 
		N 49 
		C0 750 
		T0 211 
		P 324 
		N 49 
		C0 751 
		T0 212 
		P 327 
		N 49 
		C0 752 
		T0 213 
		P 329 
		N 58 
		C0 753 
		T0 196 
		P 330 
		N 58 
		C0 754 
		T0 199 
		P 331 
		N 58 
		C0 755 
		T0 198 
		P 332 
		N 58 
		C0 756 
		T0 197 
		P 333 
		N 100 
		C0 757 
		T0 200 
		P 329 
		N 100 
		C0 758 
		T0 196 
		P 332 
		N 100 
		C0 759 
		T0 197 
		P 334 
		N 100 
		C0 760 
		T0 201 
		P 335 
		N 49 
		C0 761 
		T0 202 
		P 336 
		N 49 
		C0 762 
		T0 204 
		P 337 
		N 49 
		C0 763 
		T0 203 
		P 330 
		N 49 
		C0 764 
		T0 199 
		P 338 
		N 49 
		C0 765 
		T0 205 
		P 339 
		N 49 
		C0 766 
		T0 206 
		P 331 
		N 49 
		C0 767 
		T0 198 
		P 340 
		N 49 
		C0 768 
		T0 207 
		P 341 
		N 49 
		C0 769 
		T0 209 
		P 342 
		N 49 
		C0 770 
		T0 208 
		P 330 
		N 1 
		C0 771 
		T0 199 
		P 329 
		N 1 
		C0 772 
		T0 196 
		P 333 
		N 1 
		C0 773 
		T0 200 
		P 335 
		N 1 
		C0 774 
		T0 202 
		P 335 
		N 48 
		C0 775 
		T0 202 
		P 333 
		N 48 
		C0 776 
		T0 200 
		P 334 
		N 48 
		C0 777 
		T0 201 
		P 340 
		N 48 
		C0 778 
		T0 207 
		P 336 
		N 49 
		C0 779 
		T0 210 
		P 342 
		N 49 
		C0 780 
		T0 213 
		P 338 
		N 49 
		C0 781 
		T0 212 
		P 337 
		N 49 
		C0 782 
		T0 211 
		P 159 
		N 58 
		C0 783 
		T0 214 
		P 271 
		N 58 
		C0 784 
		T0 215 
		P 111 
		N 58 
		C0 785 
		T0 216 
		P 72 
		N 58 
		C0 786 
		T0 217 
		P 269 
		N 58 
		C0 787 
		T0 218 
		P 73 
		N 58 
		C0 788 
		T0 219 
		P 157 
		N 58 
		C0 789 
		T0 220 
		P 110 
		N 58 
		C0 790 
		T0 221 
		P 108 
		N 58 
		C0 791 
		T0 222 
		P 232 
		N 58 
		C0 792 
		T0 223 
		P 195 
		N 58 
		C0 793 
		T0 224 
		P 198 
		N 58 
		C0 794 
		T0 225 
		P 181 
		N 58 
		C0 795 
		T0 226 
		P 180 
		N 58 
		C0 796 
		T0 227 
		P 267 
		N 58 
		C0 797 
		T0 228 
		P 168 
		N 58 
		C0 798 
		T0 229 
		P 195 
		N 157 
		C0 799 
		T0 224 
		P 108 
		N 157 
		C0 800 
		T0 222 
		P 107 
		N 157 
		C0 801 
		T0 230 
		P 193 
		N 157 
		C0 802 
		T0 231 
		P 189 
		N 58 
		C0 803 
		T0 232 
		P 158 
		N 58 
		C0 804 
		T0 233 
		P 198 
		N 158 
		C0 805 
		T0 225 
		P 201 
		N 158 
		C0 806 
		T0 234 
		P 115 
		N 158 
		C0 807 
		T0 235 
		P 111 
		N 158 
		C0 808 
		T0 216 
		P 196 
		N 58 
		C0 809 
		T0 236 
		P 328 
		N 49 
		C0 810 
		T0 237 
		P 325 
		N 49 
		C0 811 
		T0 238 
		P 341 
		N 49 
		C0 812 
		T0 237 
		P 339 
		N 49 
		C0 813 
		T0 238 
	}

	Mtl 5 { 
		{
			Name "#0" 
			Priority 32 
			Prim 20 { 
				{
					Type TRISTRIP
					Priority 32 
					Idx 4 { 1 2 0 3 }
				}
				{
					Type TRISTRIP
					Priority 32 
					Idx 4 { 5 6 4 7 }
				}
				{
					Type TRISTRIP
					Priority 32 
					Idx 4 { 10 8 9 11 }
				}
				{
					Type TRISTRIP
					Priority 32 
					Idx 4 { 14 12 13 15 }
				}
				{
					Type TRISTRIP
					Priority 32 
					Idx 4 { 18 16 17 19 }
				}
				{
					Type TRISTRIP
					Priority 32 
					Idx 4 { 22 20 21 23 }
				}
				{
					Type TRISTRIP
					Priority 32 
					Idx 4 { 26 24 25 27 }
				}
				{
					Type TRISTRIP
					Priority 32 
					Idx 4 { 30 28 29 31 }
				}
				{
					Type TRISTRIP
					Priority 32 
					Idx 4 { 34 32 33 35 }
				}
				{
					Type TRISTRIP
					Priority 32 
					Idx 4 { 38 36 37 39 }
				}
				{
					Type TRISTRIP
					Priority 32 
					Idx 4 { 41 42 40 43 }
				}
				{
					Type TRISTRIP
					Priority 32 
					Idx 4 { 45 46 44 47 }
				}
				{
					Type TRISTRIP
					Priority 32 
					Idx 4 { 50 48 49 51 }
				}
				{
					Type TRISTRIP
					Priority 32 
					Idx 4 { 54 52 53 55 }
				}
				{
					Type TRISTRIP
					Priority 32 
					Idx 4 { 58 56 57 59 }
				}
				{
					Type TRISTRIP
					Priority 32 
					Idx 4 { 62 60 61 63 }
				}
				{
					Type TRISTRIP
					Priority 32 
					Idx 4 { 66 64 65 67 }
				}
				{
					Type TRISTRIP
					Priority 32 
					Idx 4 { 70 68 69 71 }
				}
				{
					Type TRISTRIP
					Priority 32 
					Idx 4 { 74 72 73 75 }
				}
				{
					Type TRISTRIP
					Priority 32 
					Idx 4 { 78 76 77 79 }
				}
			}

		}
		{
			Name "#2" 
			Priority 32 
			Prim 145 { 
				{
					Type TRISTRIP
					Priority 32 
					Idx 4 { 105 102 104 103 }
				}
				{
					Type TRISTRIP
					Priority 32 
					Idx 4 { 107 108 106 109 }
				}
				{
					Type TRISTRIP
					Priority 32 
					Idx 4 { 110 111 113 112 }
				}
				{
					Type TRISTRIP
					Priority 32 
					Idx 4 { 119 120 118 117 }
				}
				{
					Type TRISTRIP
					Priority 32 
					Idx 4 { 143 144 146 145 }
				}
				{
					Type TRISTRIP
					Priority 32 
					Idx 4 { 147 148 150 149 }
				}
				{
					Type TRISTRIP
					Priority 32 
					Idx 6 { 152 153 151 154 155 408 }
				}
				{
					Type TRISTRIP
					Priority 32 
					Idx 4 { 157 158 156 159 }
				}
				{
					Type TRISTRIP
					Priority 32 
					Idx 4 { 160 161 163 162 }
				}
				{
					Type TRISTRIP
					Priority 32 
					Idx 4 { 164 165 167 166 }
				}
				{
					Type TRISTRIP
					Priority 32 
					Idx 4 { 168 169 171 170 }
				}
				{
					Type TRISTRIP
					Priority 32 
					Idx 4 { 174 175 173 172 }
				}
				{
					Type TRISTRIP
					Priority 32 
					Idx 4 { 191 192 194 193 }
				}
				{
					Type TRISTRIP
					Priority 32 
					Idx 4 { 198 195 197 196 }
				}
				{
					Type TRISTRIP
					Priority 32 
					Idx 4 { 202 199 201 200 }
				}
				{
					Type TRISTRIP
					Priority 32 
					Idx 4 { 206 203 205 204 }
				}
				{
					Type TRISTRIP
					Priority 32 
					Idx 4 { 210 207 209 208 }
				}
				{
					Type TRISTRIP
					Priority 32 
					Idx 4 { 217 218 220 219 }
				}
				{
					Type TRISTRIP
					Priority 32 
					Idx 4 { 222 223 221 224 }
				}
				{
					Type TRISTRIP
					Priority 32 
					Idx 6 { 227 228 226 225 466 467 }
				}
				{
					Type TRISTRIP
					Priority 32 
					Idx 4 { 230 231 229 232 }
				}
				{
					Type TRISTRIP
					Priority 32 
					Idx 5 { 233 234 235 236 237 }
				}
				{
					Type TRISTRIP2
					Priority 32 
					Idx 6 { 94 93 95 356 357 358 }
				}
				{
					Type TRISTRIP2
					Priority 32 
					Idx 4 { 241 240 238 239 }
				}
				{
					Type TRISTRIP2
					Priority 32 
					Idx 4 { 243 242 244 245 }
				}
				{
					Type TRISTRIP2
					Priority 32 
					Idx 4 { 252 251 249 250 }
				}
				{
					Type TRISTRIP2
					Priority 32 
					Idx 4 { 257 256 258 259 }
				}
				{
					Type TRISTRIP2
					Priority 32 
					Idx 4 { 261 260 262 263 }
				}
				{
					Type TRISTRIP2
					Priority 32 
					Idx 4 { 264 267 265 266 }
				}
				{
					Type TRISTRIP2
					Priority 32 
					Idx 4 { 268 271 269 270 }
				}
				{
					Type TRISTRIP2
					Priority 32 
					Idx 4 { 272 275 273 274 }
				}
				{
					Type TRISTRIP2
					Priority 32 
					Idx 4 { 277 276 278 279 }
				}
				{
					Type TRISTRIP2
					Priority 32 
					Idx 4 { 281 280 282 283 }
				}
				{
					Type TRISTRIP2
					Priority 32 
					Idx 4 { 285 284 286 287 }
				}
				{
					Type TRISTRIP2
					Priority 32 
					Idx 4 { 289 288 290 291 }
				}
				{
					Type TRISTRIP2
					Priority 32 
					Idx 4 { 292 295 293 294 }
				}
				{
					Type TRISTRIP2
					Priority 32 
					Idx 4 { 296 299 297 298 }
				}
				{
					Type TRISTRIP2
					Priority 32 
					Idx 4 { 300 303 301 302 }
				}
				{
					Type TRISTRIP2
					Priority 32 
					Idx 5 { 332 331 328 330 329 }
				}
				{
					Type TRISTRIP
					Priority 32 
					Idx 4 { 336 333 335 334 }
				}
				{
					Type TRISTRIP
					Priority 32 
					Idx 4 { 340 337 339 338 }
				}
				{
					Type TRISTRIP
					Priority 32 
					Idx 4 { 360 361 359 362 }
				}
				{
					Type TRISTRIP
					Priority 32 
					Idx 4 { 369 366 368 367 }
				}
				{
					Type TRISTRIP
					Priority 32 
					Idx 4 { 372 373 375 374 }
				}
				{
					Type TRISTRIP
					Priority 32 
					Idx 4 { 377 378 376 379 }
				}
				{
					Type TRISTRIP
					Priority 32 
					Idx 4 { 382 383 381 380 }
				}
				{
					Type TRISTRIP
					Priority 32 
					Idx 4 { 387 388 390 389 }
				}
				{
					Type TRISTRIP
					Priority 32 
					Idx 11 { 398 399 397 394 401 391 400 393 402 392 403 }
				}
				{
					Type TRISTRIP2
					Priority 32 
					Idx 4 { 407 406 404 405 }
				}
				{
					Type TRISTRIP2
					Priority 32 
					Idx 4 { 410 409 411 412 }
				}
				{
					Type TRISTRIP2
					Priority 32 
					Idx 4 { 414 413 415 416 }
				}
				{
					Type TRISTRIP2
					Priority 32 
					Idx 4 { 418 417 419 420 }
				}
				{
					Type TRISTRIP2
					Priority 32 
					Idx 4 { 439 438 436 437 }
				}
				{
					Type TRISTRIP2
					Priority 32 
					Idx 4 { 442 441 443 440 }
				}
				{
					Type TRISTRIP2
					Priority 32 
					Idx 4 { 446 445 447 444 }
				}
				{
					Type TRISTRIP2
					Priority 32 
					Idx 4 { 450 449 451 448 }
				}
				{
					Type TRISTRIP2
					Priority 32 
					Idx 4 { 454 453 455 452 }
				}
				{
					Type TRISTRIP2
					Priority 32 
					Idx 4 { 464 463 465 462 }
				}
				{
					Type TRISTRIP2
					Priority 32 
					Idx 4 { 471 470 468 469 }
				}
				{
					Type TRISTRIP2
					Priority 32 
					Idx 4 { 475 474 472 473 }
				}
				{
					Type TRISTRIP2
					Priority 32 
					Idx 4 { 482 481 479 480 }
				}
				{
					Type TRISTRIP2
					Priority 32 
					Idx 4 { 486 489 487 488 }
				}
				{
					Type TRISTRIP2
					Priority 32 
					Idx 4 { 490 493 491 492 }
				}
				{
					Type TRISTRIP2
					Priority 32 
					Idx 4 { 497 496 494 495 }
				}
				{
					Type TRISTRIP2
					Priority 32 
					Idx 4 { 501 500 498 499 }
				}
				{
					Type TRISTRIP2
					Priority 32 
					Idx 4 { 505 504 502 503 }
				}
				{
					Type TRISTRIP2
					Priority 32 
					Idx 4 { 506 509 507 508 }
				}
				{
					Type TRISTRIP2
					Priority 32 
					Idx 4 { 510 513 511 512 }
				}
				{
					Type TRISTRIP2
					Priority 32 
					Idx 4 { 514 517 515 516 }
				}
				{
					Type TRISTRIP2
					Priority 32 
					Idx 4 { 518 521 519 520 }
				}
				{
					Type TRISTRIP2
					Priority 32 
					Idx 4 { 525 524 522 523 }
				}
				{
					Type TRISTRIP2
					Priority 32 
					Idx 4 { 529 528 526 527 }
				}
				{
					Type TRISTRIP2
					Priority 32 
					Idx 4 { 533 532 530 531 }
				}
				{
					Type TRISTRIP2
					Priority 32 
					Idx 5 { 562 561 558 560 559 }
				}
				{
					Type TRISTRIP
					Priority 32 
					Idx 4 { 565 566 564 563 }
				}
				{
					Type TRISTRIP
					Priority 32 
					Idx 4 { 570 567 569 568 }
				}
				{
					Type TRISTRIP
					Priority 32 
					Idx 4 { 580 577 579 578 }
				}
				{
					Type TRISTRIP
					Priority 32 
					Idx 4 { 584 581 583 582 }
				}
				{
					Type TRISTRIP
					Priority 32 
					Idx 4 { 587 588 586 585 }
				}
				{
					Type TRISTRIP
					Priority 32 
					Idx 4 { 591 592 590 589 }
				}
				{
					Type TRISTRIP
					Priority 32 
					Idx 4 { 593 594 596 595 }
				}
				{
					Type TRISTRIP
					Priority 32 
					Idx 4 { 599 600 598 597 }
				}
				{
					Type TRISTRIP
					Priority 32 
					Idx 4 { 603 604 602 601 }
				}
				{
					Type TRISTRIP
					Priority 32 
					Idx 4 { 607 608 606 605 }
				}
				{
					Type TRISTRIP
					Priority 32 
					Idx 4 { 610 611 609 612 }
				}
				{
					Type TRISTRIP
					Priority 32 
					Idx 4 { 614 615 613 616 }
				}
				{
					Type TRISTRIP
					Priority 32 
					Idx 4 { 619 620 618 617 }
				}
				{
					Type TRISTRIP
					Priority 32 
					Idx 4 { 621 622 624 623 }
				}
				{
					Type TRISTRIP
					Priority 32 
					Idx 4 { 629 630 628 631 }
				}
				{
					Type TRISTRIP
					Priority 32 
					Idx 4 { 632 633 635 634 }
				}
				{
					Type TRISTRIP
					Priority 32 
					Idx 4 { 637 638 636 639 }
				}
				{
					Type TRISTRIP
					Priority 32 
					Idx 4 { 643 644 646 645 }
				}
				{
					Type TRISTRIP
					Priority 32 
					Idx 4 { 647 648 650 649 }
				}
				{
					Type TRISTRIP
					Priority 32 
					Idx 4 { 654 651 653 652 }
				}
				{
					Type TRISTRIP
					Priority 32 
					Idx 4 { 658 655 657 656 }
				}
				{
					Type TRISTRIP
					Priority 32 
					Idx 4 { 661 662 660 659 }
				}
				{
					Type TRISTRIP
					Priority 32 
					Idx 4 { 687 688 690 689 }
				}
				{
					Type TRISTRIP
					Priority 32 
					Idx 4 { 711 712 714 713 }
				}
				{
					Type TRISTRIP
					Priority 32 
					Idx 4 { 723 724 726 725 }
				}
				{
					Type TRISTRIP
					Priority 32 
					Idx 4 { 730 727 729 728 }
				}
				{
					Type TRISTRIP
					Priority 32 
					Idx 4 { 744 741 743 742 }
				}
				{
					Type TRISTRIP
					Priority 32 
					Idx 4 { 748 745 747 746 }
				}
				{
					Type TRISTRIP
					Priority 32 
					Idx 4 { 750 751 749 752 }
				}
				{
					Type TRISTRIP
					Priority 32 
					Idx 4 { 756 753 755 754 }
				}
				{
					Type TRISTRIP
					Priority 32 
					Idx 4 { 759 760 758 757 }
				}
				{
					Type TRISTRIP
					Priority 32 
					Idx 4 { 772 773 771 774 }
				}
				{
					Type TRISTRIP
					Priority 32 
					Idx 4 { 777 778 776 775 }
				}
				{
					Type TRISTRIP
					Priority 32 
					Idx 4 { 781 782 780 779 }
				}
				{
					Type TRISTRIP
					Priority 32 
					Idx 13 { 546 547 549 548 556 557 556 555 554 550 553 551 552 }
				}
				{
					Type TRISTRIP2
					Priority 32 
					Idx 13 { 536 535 537 534 544 545 544 543 542 540 541 539 538 }
				}
				{
					Type TRISTRIP
					Priority 32 
					Idx 13 { 320 321 323 322 324 325 326 327 326 316 319 317 318 }
				}
				{
					Type TRISTRIP2
					Priority 32 
					Idx 13 { 310 309 311 308 312 313 314 315 314 306 307 305 304 }
				}
				{
					Type TRISTRIP
					Priority 32 
					Idx 16 { 85 82 84 81 347 81 345 80 346 80 371 99 370 101 572 571 }
				}
				{
					Type TRISTRIP
					Priority 32 
					Idx 8 { 181 182 180 183 179 183 176 184 }
				}
				{
					Type TRISTRIP
					Priority 32 
					Idx 8 { 393 391 392 394 395 394 576 399 }
				}
				{
					Type TRISTRIP
					Priority 32 
					Idx 5 { 576 573 395 574 575 }
				}
				{
					Type TRISTRIP2
					Priority 32 
					Idx 8 { 82 81 83 80 83 99 100 101 }
				}
				{
					Type TRISTRIP2
					Priority 32 
					Idx 8 { 426 425 427 428 424 428 421 429 }
				}
				{
					Type TRISTRIP2
					Priority 32 
					Idx 7 { 461 460 459 458 459 457 456 }
				}
				{
					Type TRISTRIP
					Priority 32 
					Idx 7 { 216 215 213 214 213 211 212 }
				}
				{
					Type TRISTRIP2
					Priority 32 
					Idx 7 { 142 141 139 138 139 135 140 }
				}
				{
					Type TRISTRIP
					Priority 32 
					Idx 4 { 136 137 135 138 }
				}
				{
					Type TRISTRIP
					Priority 32 
					Idx 12 { 434 435 424 422 421 422 423 433 423 430 432 431 }
				}
				{
					Type TRISTRIP
					Priority 32 
					Idx 13 { 190 179 189 179 178 176 178 177 188 177 186 187 185 }
				}
				{
					Type TRISTRIP2
					Priority 32 
					Idx 27 { 341 125 342 125 343 125 344 124 130 124 128 124 129 121 131 121 132 121 133 122 134 122 123 121 123 124 125 }
				}
				{
					Type TRISTRIP
					Priority 32 
					Idx 20 { 351 348 396 350 127 91 126 90 89 86 87 90 92 91 349 350 349 348 352 351 }
				}
				{
					Type TRISTRIP
					Priority 32 
					Idx 29 { 89 87 88 87 663 87 664 87 665 92 673 349 355 352 355 353 354 666 667 666 669 668 674 670 672 671 672 88 663 }
				}
				{
					Type TRISTRIP2
					Priority 32 
					Idx 7 { 674 669 664 669 665 667 673 }
				}
				{
					Type TRISTRIP
					Priority 32 
					Idx 13 { 740 736 737 735 732 733 731 734 731 739 738 740 737 }
				}
				{
					Type TRISTRIP2
					Priority 32 
					Idx 13 { 698 695 691 696 694 697 693 698 692 691 692 694 693 }
				}
				{
					Type TRISTRIP
					Priority 32 
					Idx 13 { 722 719 715 720 716 721 717 722 718 715 718 716 717 }
				}
				{
					Type TRISTRIP2
					Priority 32 
					Idx 14 { 766 765 764 763 764 762 761 770 761 769 768 766 767 764 }
				}
				{
					Type TRISTRIP2
					Priority 32 
					Idx 22 { 680 678 675 676 680 679 678 677 676 681 679 683 677 682 681 684 683 686 682 685 684 686 }
				}
				{
					Type TRISTRIP2
					Priority 32 
					Idx 12 { 702 706 701 705 707 710 706 709 705 708 710 709 }
				}
				{
					Type TRISTRIP2
					Priority 32 
					Idx 13 { 707 706 704 702 699 701 700 703 699 703 704 701 707 }
				}
				{
					Type TRISTRIP
					Priority 32 
					Idx 3 { 98 96 97 }
				}
				{
					Type TRISTRIP2
					Priority 32 
					Idx 3 { 114 116 115 }
				}
				{
					Type TRISTRIP
					Priority 32 
					Idx 3 { 248 246 247 }
				}
				{
					Type TRISTRIP2
					Priority 32 
					Idx 3 { 253 255 254 }
				}
				{
					Type TRISTRIP
					Priority 32 
					Idx 3 { 365 363 364 }
				}
				{
					Type TRISTRIP2
					Priority 32 
					Idx 3 { 384 386 385 }
				}
				{
					Type TRISTRIP
					Priority 32 
					Idx 3 { 478 476 477 }
				}
				{
					Type TRISTRIP2
					Priority 32 
					Idx 3 { 483 485 484 }
				}
				{
					Type TRISTRIP
					Priority 32 
					Idx 3 { 627 625 626 }
				}
				{
					Type TRISTRIP2
					Priority 32 
					Idx 3 { 640 642 641 }
				}
			}

		}
		{
			Name "#3" 
			Priority 32 
			Prim 2 { 
				{
					Type TRISTRIP
					Priority 32 
					Idx 4 { 672 663 674 664 }
				}
				{
					Type TRISTRIP
					Priority 32 
					Idx 4 { 667 673 354 355 }
				}
			}

		}
		{
			Name "#4" 
			Priority 32 
			Prim 7 { 
				{
					Type TRISTRIP
					Priority 32 
					Idx 5 { 783 784 786 785 788 }
				}
				{
					Type TRISTRIP2
					Priority 32 
					Idx 5 { 798 797 795 794 796 }
				}
				{
					Type TRISTRIP
					Priority 32 
					Idx 6 { 790 791 789 793 792 809 }
				}
				{
					Type TRISTRIP
					Priority 32 
					Idx 5 { 797 794 787 785 784 }
				}
				{
					Type TRISTRIP2
					Priority 32 
					Idx 4 { 789 804 792 803 }
				}
				{
					Type TRISTRIP2
					Priority 32 
					Idx 4 { 801 800 802 799 }
				}
				{
					Type TRISTRIP2
					Priority 32 
					Idx 4 { 808 807 805 806 }
				}
			}

		}
		{
			Name "#5" 
			Priority 32 
			Prim 2 { 
				{
					Type TRISTRIP
					Priority 32 
					Idx 4 { 751 811 752 810 }
				}
				{
					Type TRISTRIP
					Priority 32 
					Idx 4 { 813 781 812 780 }
				}
			}

		}
	}

	Offset 0 
}
