{
	Skinned 0 
	PosSkin 0 
	Pos 409 { 
		0.409037	0.857542	2.711630 
		0.382669	0.813897	2.725254 
		0.384451	0.781136	2.729137 
		0.406858	0.781143	2.725520 
		0.668017	0.857544	2.671432 
		0.668163	0.778911	2.680954 
		0.759841	0.781674	2.607032 
		0.757775	0.855191	2.599623 
		-0.409037	0.857542	2.711630 
		-0.406858	0.781143	2.725520 
		-0.384451	0.781136	2.729137 
		-0.382669	0.813897	2.725254 
		-0.668017	0.857544	2.671432 
		-0.757775	0.855191	2.599623 
		-0.759841	0.781674	2.607032 
		-0.668163	0.778911	2.680954 
		0.786545	0.784437	2.533109 
		0.799598	0.789778	2.517357 
		0.782557	0.852837	2.527815 
		0.790137	0.722811	2.537880 
		0.798694	0.740315	2.520365 
		0.761692	0.721653	2.612954 
		-0.768910	0.542642	-2.292568 
		-0.784490	0.657121	-2.244584 
		-0.684721	0.671408	-2.338782 
		-0.687932	0.541375	-2.343479 
		-0.821494	0.608513	-2.171297 
		-0.831767	0.544224	-2.154622 
		0.687932	0.541375	-2.343479 
		0.688440	0.666709	-2.339332 
		0.784490	0.657121	-2.244584 
		0.768910	0.542642	-2.292568 
		0.821494	0.608513	-2.171297 
		0.831767	0.544224	-2.154622 
		0.913224	0.840819	0.994298 
		0.903574	0.873883	0.998278 
		0.910577	0.872083	1.003498 
		0.905735	0.874354	1.142867 
		0.912480	0.872498	1.136756 
		0.915256	0.841262	1.146394 
		0.916684	0.824235	0.071110 
		0.907033	0.859045	0.073558 
		0.914036	0.857149	0.078777 
		0.909195	0.859540	0.218146 
		0.915939	0.857586	0.212036 
		0.918716	0.824702	0.220142 
		-0.916684	0.824235	0.067582 
		-0.914036	0.857149	0.078777 
		-0.907033	0.859045	0.073558 
		-0.915939	0.857586	0.212036 
		-0.909195	0.859540	0.218146 
		-0.918716	0.824702	0.223670 
		-0.913224	0.840819	0.996081 
		-0.910577	0.872083	1.003498 
		-0.903574	0.873883	0.998278 
		-0.912480	0.872498	1.136756 
		-0.905735	0.874354	1.142867 
		-0.915256	0.841262	1.144612 
		0.000000	0.928882	2.714454 
		0.000000	0.982099	2.639518 
		-0.672061	0.972401	2.576673 
		-0.664906	0.930044	2.650817 
		0.000000	1.041337	1.961687 
		-0.686208	1.032710	1.917893 
		0.672061	0.972401	2.576673 
		0.686208	1.032710	1.917893 
		0.664906	0.930044	2.650817 
		0.451795	0.875600	-1.626012 
		0.417788	0.727330	-2.329075 
		-0.413018	0.727330	-2.329075 
		-0.443877	0.875600	-1.626012 
		0.000000	0.955978	-1.043924 
		0.460741	0.955632	-1.009316 
		0.436372	0.719748	-2.326809 
		0.461324	0.872620	-1.625868 
		0.732473	0.854182	-1.625370 
		0.695150	0.713451	-2.257858 
		0.758830	0.957990	-0.876245 
		-0.437698	0.718442	-2.327928 
		-0.691961	0.713451	-2.257858 
		-0.724523	0.854182	-1.625370 
		-0.453406	0.872620	-1.625868 
		-0.464644	0.955632	-1.009316 
		-0.815246	0.544224	-2.164393 
		-0.854859	0.493170	-2.211504 
		-0.892751	0.515712	-1.954365 
		-0.787756	0.493332	-2.359817 
		-0.768910	0.542642	-2.278156 
		-0.773918	0.278343	-2.227771 
		-0.860325	0.333994	-1.985826 
		-0.830657	0.369059	-2.213546 
		-0.847843	0.222618	-1.986320 
		-0.771495	0.369059	-2.343922 
		-0.567165	0.698023	-1.960248 
		-0.547009	0.217510	-2.021615 
		-0.682892	0.293848	-2.334654 
		0.892821	0.516608	-1.953803 
		0.567165	0.698023	-1.960248 
		0.860325	0.333994	-1.985826 
		0.847843	0.222618	-1.986320 
		0.547009	0.217510	-2.021615 
		-1.005450	0.944629	-0.630594 
		-0.884752	0.938753	-0.685644 
		-0.864257	0.933734	-0.618268 
		-1.003580	0.944349	-0.589007 
		-0.995890	1.050436	-0.602048 
		-0.831423	1.042862	-0.642489 
		-0.833042	1.040950	-0.681821 
		-0.996835	1.046615	-0.634292 
		-0.826250	1.015048	-0.640846 
		-0.779422	0.700444	-2.199473 
		-0.828607	0.810463	-1.622599 
		-0.556340	0.212126	-1.078063 
		-0.604333	0.711423	-1.215536 
		-0.545739	1.385555	0.001712 
		-0.580470	1.327860	-0.256157 
		-0.635018	1.306440	-0.239903 
		-0.606402	1.367244	0.005872 
		-0.612746	0.735858	1.857249 
		-0.629280	0.735858	1.174739 
		-0.579487	0.212139	1.077325 
		-0.563260	0.250197	1.938569 
		-0.762600	1.082542	1.522468 
		-0.777745	1.005364	1.877007 
		-0.654870	1.250120	1.278255 
		-0.858595	0.934904	1.258555 
		-0.842406	0.933437	1.820463 
		-0.845749	0.944105	1.490922 
		-0.858487	0.871728	-0.980462 
		-0.878320	0.757501	-1.590758 
		-0.918118	0.771136	-1.009171 
		-0.818189	0.661008	-2.131575 
		-0.917794	0.629448	1.786232 
		-0.779420	0.648400	2.579134 
		-0.771279	0.792076	2.571334 
		-0.896661	0.812007	1.717267 
		-0.900216	0.645404	-1.822977 
		-0.534493	1.404879	0.398747 
		0.000000	1.423414	0.412298 
		0.000000	1.400159	-0.018616 
		0.000000	1.382570	1.067884 
		-0.528040	1.366735	1.064396 
		-0.000000	1.354440	1.234383 
		-0.539684	1.331636	1.204605 
		-0.604147	1.331656	1.084522 
		-0.812456	1.002057	1.536876 
		-0.913330	0.695859	-1.520199 
		-0.927528	0.698490	1.601977 
		-0.917364	0.813312	1.255356 
		-0.930915	0.671972	1.353946 
		-0.812470	0.498928	2.599360 
		-0.898377	0.466801	1.902503 
		-0.856999	0.260528	1.938034 
		-0.704904	0.309424	2.677191 
		-0.907923	0.491473	-1.175359 
		-0.851604	0.212126	-1.078588 
		-0.866840	0.212133	0.188314 
		-0.924385	0.519295	0.243995 
		-0.935491	0.538065	1.201558 
		-0.913993	0.613635	-1.269754 
		-0.877532	0.212139	1.077325 
		-0.805178	0.608513	-2.181068 
		-0.768909	0.657121	-2.254355 
		-0.755549	0.930088	2.562027 
		-0.594019	1.378932	0.400016 
		-0.597380	1.373019	0.270493 
		-0.752772	1.150357	0.242694 
		-0.750158	1.154153	0.365626 
		-0.758830	0.957990	-0.876245 
		-0.829038	0.938475	-0.847688 
		-0.768293	1.065754	-0.664275 
		-0.589548	1.386105	0.398221 
		-0.591837	1.380858	0.275603 
		-0.594209	1.353055	0.980426 
		-0.804546	1.055171	1.107720 
		-0.770789	1.101075	1.180388 
		-0.617326	1.314701	1.090612 
		-0.604025	1.337819	0.986850 
		-0.861745	0.920431	0.310869 
		-0.851134	0.951033	1.084879 
		-0.853341	0.938488	0.349133 
		-0.849503	0.954153	1.248309 
		-0.852024	0.951797	1.149384 
		-0.917693	0.794944	0.269127 
		-0.854797	0.937583	0.202133 
		-0.861347	0.877593	-0.918992 
		-0.850847	0.906453	-0.616571 
		-0.398170	0.934015	-0.952176 
		0.000000	0.935017	-0.980997 
		-0.610906	1.357018	0.007518 
		-0.641528	1.295794	-0.233320 
		-0.851849	0.896663	-0.871296 
		-0.775183	1.055881	-0.655354 
		-0.806748	1.005962	1.518706 
		-0.832547	0.956766	1.474730 
		-0.659882	1.236184	1.271773 
		-0.761609	1.073902	1.503637 
		-0.841098	0.987901	-0.700803 
		-0.819829	0.608404	2.593813 
		0.996314	0.959288	-0.641382 
		1.003580	0.944349	-0.606200 
		0.867711	0.933734	-0.618268 
		0.881330	0.938753	-0.685644 
		0.604333	0.711423	-1.215536 
		0.556340	0.212126	-1.078063 
		0.832943	0.808053	-1.622473 
		0.779959	0.700444	-2.199473 
		0.612746	0.735858	1.857249 
		0.563260	0.250197	1.938569 
		0.579487	0.212139	1.077325 
		0.629280	0.735858	1.174739 
		0.534493	1.404879	0.398747 
		0.545739	1.385555	0.001712 
		0.539684	1.331636	1.204605 
		0.528040	1.366735	1.064396 
		0.907923	0.491473	-1.175359 
		0.851604	0.212126	-1.078588 
		0.913330	0.695859	-1.520199 
		0.900216	0.645404	-1.822977 
		0.913993	0.613635	-1.269754 
		0.935491	0.538065	1.201558 
		0.877532	0.212139	1.077325 
		0.905562	0.520556	1.877450 
		0.918190	0.643645	1.771182 
		0.856999	0.260528	1.938034 
		0.927528	0.698490	1.601977 
		0.930915	0.671972	1.353946 
		0.398170	0.934015	-0.952176 
		0.830079	0.938475	-0.847688 
		0.861347	0.877593	-0.918992 
		0.858887	0.871571	-0.979913 
		0.769619	1.011311	1.879232 
		0.755549	0.930088	2.562027 
		0.838032	0.937453	1.822887 
		0.850847	0.906453	-0.616571 
		0.831423	1.042862	-0.642489 
		0.833042	1.040950	-0.681821 
		0.828912	0.987901	-0.715432 
		0.826250	1.015048	-0.640846 
		0.851306	0.896663	-0.871296 
		0.996835	1.046615	-0.634292 
		0.580470	1.327860	-0.256157 
		0.635018	1.306440	-0.239903 
		0.768709	1.066307	-0.663362 
		0.606402	1.367244	0.005872 
		0.589548	1.386105	0.398221 
		0.591837	1.380858	0.275603 
		0.594209	1.353055	0.980426 
		0.604147	1.331656	1.084522 
		0.654870	1.250120	1.278255 
		0.995890	1.050436	-0.602048 
		0.775183	1.055881	-0.655354 
		0.000000	1.345579	-0.272919 
		-0.786545	0.784437	2.533109 
		-0.782557	0.852837	2.527815 
		-0.799598	0.789778	2.517357 
		-0.790137	0.722811	2.537880 
		-0.798694	0.740315	2.520365 
		-0.761692	0.721653	2.612954 
		0.668271	0.720496	2.688028 
		0.405122	0.720277	2.736586 
		-0.194955	0.770069	2.743199 
		-0.667548	0.789021	2.676133 
		0.194955	0.770069	2.743199 
		0.000000	0.772635	2.749216 
		0.669978	0.789021	2.676133 
		-0.657644	0.648975	2.699004 
		-0.199368	0.646878	2.766520 
		-0.321150	0.320993	2.784050 
		-0.199307	0.500102	2.862209 
		-0.678618	0.500398	2.778075 
		-0.193813	0.624119	2.723641 
		-0.194951	0.768252	2.717887 
		-0.681660	0.611102	2.775000 
		-0.193813	0.609919	2.855687 
		0.199368	0.646878	2.766520 
		0.663711	0.648975	2.699004 
		0.199307	0.500102	2.862209 
		0.000000	0.320993	2.784050 
		0.678618	0.500398	2.778075 
		0.704904	0.309424	2.677191 
		0.812470	0.498928	2.599360 
		0.193813	0.624119	2.723641 
		0.194951	0.768252	2.717887 
		0.321150	0.320993	2.784050 
		0.193813	0.609919	2.855687 
		0.681660	0.611102	2.775000 
		0.819829	0.608404	2.593813 
		0.778905	0.648400	2.579134 
		0.773385	0.790627	2.576334 
		-0.668271	0.720496	2.688028 
		-0.405122	0.720277	2.736586 
		-0.433053	0.667321	-2.408777 
		-0.425912	0.543710	-2.400779 
		0.419460	0.543709	-2.400778 
		0.426601	0.667321	-2.408777 
		0.830657	0.369059	-2.213546 
		0.767166	0.369059	-2.343772 
		0.783427	0.493332	-2.359667 
		0.854859	0.493170	-2.211504 
		0.772764	0.278343	-2.227771 
		0.682892	0.293848	-2.334654 
		0.815246	0.544224	-2.164393 
		0.768910	0.542642	-2.278156 
		0.858595	0.934904	1.258555 
		0.844772	0.944105	1.490922 
		0.816574	0.661008	-2.131575 
		0.877987	0.754215	-1.599057 
		0.812456	1.002057	1.536876 
		0.896661	0.812007	1.717267 
		0.917364	0.813312	1.255356 
		0.918118	0.771136	-1.009171 
		0.862444	0.919029	0.279089 
		0.917706	0.794227	0.230649 
		0.604025	1.337819	0.986850 
		0.617326	1.314702	1.090612 
		0.796939	1.055017	1.200471 
		0.804546	1.055171	1.107720 
		0.854797	0.937583	0.202133 
		0.853341	0.938488	0.349133 
		0.758049	1.150357	0.242694 
		0.755436	1.154153	0.365626 
		0.597380	1.373019	0.270493 
		0.594019	1.378932	0.400016 
		0.610906	1.357018	0.007518 
		0.641528	1.295794	-0.233320 
		0.866237	0.212133	0.138116 
		0.923641	0.518036	0.179793 
		0.849297	0.951033	1.084879 
		0.849412	0.954154	1.248309 
		0.850188	0.951797	1.149384 
		0.831102	0.956766	1.474730 
		0.762600	1.082542	1.522468 
		0.806748	1.005962	1.518706 
		0.761609	1.073902	1.503637 
		0.659882	1.236184	1.271773 
		0.768909	0.657121	-2.254355 
		0.805178	0.608513	-2.181068 
		0.404396	0.664838	-2.402992 
		-0.404396	0.664838	-2.402992 
		0.688440	0.666709	-2.324920 
		0.426601	0.667321	-2.394365 
		0.419460	0.543710	-2.386366 
		0.399079	0.553841	-2.396070 
		-0.425912	0.543710	-2.386366 
		-0.399079	0.553841	-2.396070 
		-0.433053	0.667321	-2.394365 
		-0.684721	0.671408	-2.324370 
		-0.687932	0.541375	-2.329067 
		-0.443413	0.369059	-2.459236 
		-0.443413	0.493354	-2.475215 
		-0.384982	0.308936	-2.401852 
		0.443413	0.493354	-2.475215 
		0.443413	0.369059	-2.459236 
		0.687932	0.541375	-2.329067 
		0.384982	0.308936	-2.401852 
		0.000000	0.308936	-2.401852 
		0.400632	0.269124	-2.205844 
		0.334584	0.269124	-2.205844 
		0.334584	0.301343	-2.568959 
		0.400632	0.301343	-2.568959 
		0.334584	0.588229	-2.568959 
		0.400632	0.588229	-2.568959 
		0.334584	0.599346	-2.538047 
		0.400632	0.599346	-2.538047 
		0.400632	0.320704	-2.488893 
		0.334584	0.320585	-2.487690 
		0.334584	0.305611	-2.360017 
		0.400632	0.305611	-2.360017 
		0.334584	0.614282	-2.487893 
		0.334584	0.650439	-2.531012 
		0.400632	0.650439	-2.531012 
		0.334584	0.650716	-2.500863 
		0.400632	0.650716	-2.500863 
		0.399334	0.614083	-2.487140 
		0.337144	0.520145	-2.517105 
		0.337150	0.520130	-2.532200 
		0.000000	0.520130	-2.532200 
		0.000000	0.520145	-2.517105 
		0.337192	0.474527	-2.517105 
		0.000000	0.474527	-2.517105 
		0.337239	0.474310	-2.532200 
		0.000000	0.474310	-2.532200 
		-0.400632	0.269124	-2.205844 
		-0.400632	0.301343	-2.568959 
		-0.334584	0.301343	-2.568959 
		-0.334584	0.269124	-2.205844 
		-0.400632	0.588229	-2.568959 
		-0.334584	0.588229	-2.568959 
		-0.400632	0.599346	-2.538047 
		-0.334584	0.599346	-2.538047 
		-0.400632	0.320704	-2.488893 
		-0.400632	0.305611	-2.360017 
		-0.334584	0.305611	-2.360017 
		-0.334584	0.320585	-2.487690 
		-0.334584	0.614282	-2.487893 
		-0.400632	0.650439	-2.531012 
		-0.334584	0.650439	-2.531012 
		-0.400632	0.650716	-2.500863 
		-0.334584	0.650716	-2.500863 
		-0.399334	0.614083	-2.487140 
		-0.337144	0.520145	-2.517105 
		-0.337150	0.520130	-2.532200 
		-0.337192	0.474527	-2.517105 
		-0.337239	0.474310	-2.532200 
		0.000000	0.217510	-2.021615 
		0.000000	0.250197	1.938569 
		0.000000	0.212139	1.077325 
		0.000000	0.212126	-1.078063 
	}

	Nrm 511 { 
		0.187500	0.156250	0.968750 
		0.203125	0.156250	0.968750 
		0.171875	0.171875	0.968750 
		0.171875	0.156250	0.968750 
		0.406250	0.125000	0.906250 
		0.812500	0.093750	0.578125 
		0.812500	0.078125	0.578125 
		-0.187500	0.156250	0.968750 
		-0.171875	0.156250	0.968750 
		-0.171875	0.171875	0.968750 
		-0.203125	0.156250	0.968750 
		-0.406250	0.125000	0.906250 
		-0.812500	0.078125	0.578125 
		-0.812500	0.093750	0.578125 
		0.875000	0.078125	0.484375 
		0.781250	0.078125	0.609375 
		0.859375	0.078125	0.500000 
		0.890625	0.062500	0.468750 
		0.812500	0.062500	0.578125 
		-0.781250	0.093750	-0.609375 
		-0.453125	0.062500	-0.890625 
		-0.906250	0.046875	-0.421875 
		0.453125	0.046875	-0.890625 
		0.796875	0.093750	-0.609375 
		0.906250	0.046875	-0.421875 
		0.625000	0.265625	-0.734375 
		0.515625	0.734375	-0.437500 
		0.781250	0.546875	-0.312500 
		0.562500	0.734375	0.390625 
		0.796875	0.546875	0.265625 
		0.687500	0.265625	0.671875 
		1.000000	0.093750	-0.015625 
		0.625000	0.218750	-0.750000 
		0.531250	0.718750	-0.453125 
		0.781250	0.531250	-0.328125 
		0.578125	0.718750	0.406250 
		0.812500	0.531250	0.281250 
		0.687500	0.234375	0.687500 
		1.000000	0.078125	-0.015625 
		-0.625000	0.296875	-0.718750 
		-0.781250	0.546875	-0.312500 
		-0.515625	0.734375	-0.421875 
		-0.796875	0.546875	0.265625 
		-0.562500	0.734375	0.390625 
		-0.687500	0.296875	0.671875 
		-1.000000	0.078125	-0.015625 
		-0.625000	0.234375	-0.750000 
		-0.781250	0.531250	-0.328125 
		-0.531250	0.718750	-0.453125 
		-0.796875	0.531250	0.281250 
		-0.562500	0.718750	0.406250 
		-0.687500	0.234375	0.687500 
		-1.000000	0.093750	-0.015625 
		0.000000	0.843750	0.546875 
		0.000000	0.953125	0.328125 
		-0.250000	0.921875	0.312500 
		-0.265625	0.812500	0.515625 
		0.000000	1.000000	0.093750 
		-0.359375	0.921875	0.171875 
		0.234375	0.921875	0.312500 
		0.359375	0.921875	0.171875 
		0.265625	0.812500	0.515625 
		0.000000	0.984375	-0.156250 
		0.000000	0.890625	-0.437500 
		0.000000	0.984375	-0.125000 
		0.015625	0.984375	-0.125000 
		0.125000	0.906250	-0.421875 
		0.062500	0.984375	-0.171875 
		0.062500	0.984375	-0.140625 
		0.312500	0.843750	-0.437500 
		0.328125	0.921875	-0.171875 
		0.296875	0.953125	-0.125000 
		-0.125000	0.906250	-0.406250 
		-0.062500	0.984375	-0.171875 
		-0.281250	0.859375	-0.437500 
		-0.312500	0.937500	-0.171875 
		-0.296875	0.953125	-0.125000 
		-0.671875	0.718750	-0.218750 
		-0.906250	0.312500	-0.281250 
		-0.937500	0.296875	-0.171875 
		-0.562500	0.515625	-0.640625 
		-0.468750	0.812500	-0.375000 
		-0.843750	-0.406250	-0.328125 
		-0.937500	-0.265625	-0.218750 
		-0.875000	-0.359375	-0.312500 
		-0.937500	-0.109375	-0.312500 
		-0.578125	-0.406250	-0.703125 
		0.109375	-0.156250	0.984375 
		0.093750	-0.093750	0.984375 
		0.078125	-0.140625	0.984375 
		0.109375	0.015625	1.000000 
		0.093750	-0.062500	1.000000 
		-0.453125	-0.609375	-0.640625 
		-0.109375	-0.156250	0.984375 
		-0.093750	-0.140625	0.984375 
		-0.093750	-0.093750	0.984375 
		-0.109375	0.015625	1.000000 
		-0.093750	-0.062500	1.000000 
		-0.750000	-0.453125	-0.468750 
		-0.328125	-0.671875	-0.656250 
		-0.078125	-1.000000	-0.031250 
		-0.765625	-0.656250	0.000000 
		-0.671875	0.734375	-0.031250 
		0.703125	0.687500	-0.171875 
		0.390625	0.703125	-0.593750 
		-0.562500	0.515625	-0.656250 
		0.218750	0.109375	0.968750 
		0.234375	0.125000	0.968750 
		0.250000	0.140625	0.953125 
		-0.421875	0.890625	-0.171875 
		-0.437500	0.812500	-0.390625 
		-0.687500	0.625000	-0.359375 
		-1.000000	-0.078125	-0.031250 
		-0.421875	-0.296875	-0.859375 
		-0.078125	-0.812500	-0.578125 
		-0.125000	-0.953125	0.296875 
		-0.203125	0.968750	-0.109375 
		-0.234375	0.937500	-0.265625 
		-0.328125	0.890625	-0.296875 
		-0.328125	0.937500	-0.109375 
		0.000000	-0.875000	-0.484375 
		-0.015625	-0.671875	0.750000 
		-0.687500	-0.187500	0.703125 
		-0.453125	-0.187500	-0.875000 
		-0.718750	0.687500	0.140625 
		-0.703125	0.703125	0.109375 
		-0.468750	0.843750	0.234375 
		-0.843750	0.531250	0.031250 
		-0.812500	0.578125	-0.078125 
		-0.812500	0.578125	-0.125000 
		-0.875000	0.468750	-0.125000 
		-0.953125	0.281250	-0.031250 
		-0.906250	0.312500	-0.265625 
		-0.953125	0.250000	0.125000 
		-0.781250	0.484375	0.375000 
		-0.875000	0.140625	0.453125 
		-0.968750	0.218750	0.093750 
		-0.906250	0.343750	-0.203125 
		-0.953125	0.125000	-0.296875 
		-0.171875	0.984375	0.000000 
		0.000000	1.000000	0.000000 
		0.000000	0.984375	0.125000 
		-0.234375	0.953125	0.140625 
		0.000000	0.984375	0.203125 
		-0.312500	0.921875	0.234375 
		-0.406250	0.890625	0.187500 
		-0.828125	0.562500	0.062500 
		-0.812500	0.578125	0.046875 
		-0.796875	0.593750	0.078125 
		-0.937500	0.343750	-0.093750 
		-0.984375	0.156250	0.062500 
		-0.968750	0.234375	0.000000 
		-1.000000	0.125000	0.000000 
		-0.906250	-0.140625	0.390625 
		-0.968750	-0.171875	0.140625 
		-0.937500	-0.296875	0.171875 
		-0.718750	-0.328125	0.625000 
		-1.000000	-0.078125	0.000000 
		-0.984375	-0.187500	-0.015625 
		-1.000000	-0.078125	-0.015625 
		-1.000000	-0.015625	-0.015625 
		-1.000000	0.062500	-0.015625 
		0.125000	-0.390625	-0.906250 
		0.000000	-0.328125	-0.937500 
		0.203125	-0.984375	-0.031250 
		0.312500	-0.843750	0.437500 
		0.375000	-0.656250	0.656250 
		0.343750	-0.765625	-0.546875 
		0.390625	-0.500000	0.765625 
		0.140625	-0.250000	0.953125 
		0.125000	-0.296875	-0.953125 
		0.000000	-0.171875	-0.984375 
		0.390625	-0.718750	-0.578125 
		0.218750	-0.968750	-0.125000 
		0.250000	-0.937500	0.234375 
		-0.921875	0.125000	-0.359375 
		-0.937500	0.062500	-0.328125 
		-0.750000	0.453125	-0.484375 
		-0.562500	0.796875	0.234375 
		-0.828125	0.578125	0.000000 
		-0.859375	0.500000	0.000000 
		-0.437500	0.843750	-0.312500 
		-0.453125	0.812500	-0.359375 
		-0.359375	0.828125	-0.421875 
		-0.312500	0.953125	0.015625 
		-0.296875	0.953125	-0.031250 
		-0.343750	0.937500	0.109375 
		-0.875000	0.484375	0.015625 
		-0.812500	0.578125	0.015625 
		-0.906250	0.406250	0.000000 
		-0.906250	0.421875	0.000000 
		-0.937500	0.343750	-0.015625 
		-0.859375	0.515625	0.031250 
		-0.937500	0.359375	0.000000 
		-0.906250	0.437500	-0.015625 
		-0.890625	0.453125	-0.015625 
		0.062500	0.953125	0.281250 
		0.015625	0.953125	0.328125 
		0.109375	0.968750	0.234375 
		-0.875000	0.468750	0.000000 
		-0.859375	0.515625	0.000000 
		-0.843750	0.531250	0.000000 
		-0.875000	0.500000	-0.015625 
		-0.875000	0.500000	-0.031250 
		-0.859375	0.500000	-0.046875 
		-0.859375	0.515625	-0.046875 
		-0.812500	0.593750	-0.062500 
		-0.828125	0.531250	-0.187500 
		-0.890625	0.421875	-0.187500 
		-0.906250	0.437500	-0.078125 
		-0.875000	-0.421875	0.234375 
		-0.984375	-0.218750	0.000000 
		-0.812500	-0.562500	0.140625 
		-0.593750	0.765625	-0.281250 
		-0.906250	0.296875	-0.281250 
		-0.656250	0.703125	-0.281250 
		0.984375	0.000000	-0.156250 
		0.171875	0.187500	-0.968750 
		-0.890625	0.437500	0.015625 
		-0.875000	0.468750	0.046875 
		-0.906250	0.406250	-0.015625 
		-0.906250	0.437500	0.000000 
		-0.812500	0.593750	0.031250 
		-0.828125	0.562500	0.031250 
		-0.828125	0.578125	0.031250 
		-0.828125	0.546875	0.015625 
		-0.828125	0.562500	0.015625 
		-0.953125	0.312500	0.078125 
		-0.906250	0.406250	0.031250 
		-0.843750	0.421875	0.343750 
		-0.875000	0.187500	0.437500 
		-0.062500	0.984375	-0.140625 
		0.156250	0.187500	0.968750 
		0.718750	-0.421875	-0.546875 
		0.765625	-0.609375	-0.171875 
		0.156250	-0.968750	-0.171875 
		0.359375	-0.625000	-0.703125 
		1.000000	-0.078125	-0.031250 
		0.125000	-0.953125	0.296875 
		0.078125	-0.812500	-0.578125 
		0.421875	-0.296875	-0.859375 
		0.437500	0.890625	-0.171875 
		0.703125	0.609375	-0.359375 
		0.453125	0.796875	-0.390625 
		0.000000	-0.890625	-0.453125 
		0.437500	-0.218750	-0.875000 
		0.687500	-0.187500	0.703125 
		0.015625	-0.671875	0.750000 
		0.171875	0.984375	0.000000 
		0.203125	0.968750	-0.109375 
		0.312500	0.921875	0.234375 
		0.234375	0.953125	0.140625 
		-0.125000	-0.390625	-0.906250 
		-0.203125	-0.984375	-0.031250 
		-0.312500	-0.843750	0.437500 
		-0.375000	-0.656250	0.656250 
		-0.343750	-0.765625	-0.546875 
		-0.390625	-0.500000	0.765625 
		-0.140625	-0.250000	0.953125 
		-0.140625	-0.343750	-0.937500 
		-0.375000	-0.765625	-0.531250 
		0.000000	-0.234375	-0.968750 
		-0.203125	-0.968750	-0.109375 
		-0.250000	-0.937500	0.234375 
		-0.062500	0.953125	0.281250 
		-0.015625	0.953125	0.328125 
		-0.109375	0.968750	0.234375 
		0.437500	0.843750	-0.312500 
		0.453125	0.812500	-0.359375 
		0.515625	0.812500	-0.296875 
		0.515625	0.828125	-0.203125 
		0.687500	0.718750	0.109375 
		0.562500	0.796875	0.234375 
		0.812500	0.593750	0.062500 
		0.843750	-0.515625	0.125000 
		0.812500	-0.593750	0.078125 
		0.968750	-0.234375	-0.046875 
		-0.656250	0.750000	-0.093750 
		-0.375000	0.796875	-0.468750 
		-0.187500	0.328125	-0.921875 
		-0.984375	0.140625	-0.078125 
		0.906250	0.328125	-0.265625 
		0.640625	0.703125	-0.296875 
		0.546875	0.531250	-0.656250 
		0.234375	0.937500	-0.265625 
		0.328125	0.890625	-0.296875 
		0.343750	0.843750	-0.421875 
		0.328125	0.937500	-0.109375 
		0.312500	0.953125	0.015625 
		0.296875	0.953125	-0.031250 
		0.343750	0.937500	0.109375 
		0.406250	0.890625	0.187500 
		0.468750	0.843750	0.234375 
		0.687500	0.718750	-0.109375 
		-0.078125	-0.046875	1.000000 
		-0.171875	0.046875	0.984375 
		-0.250000	0.125000	0.953125 
		-0.140625	0.187500	0.968750 
		0.593750	0.734375	-0.296875 
		0.640625	0.718750	-0.234375 
		-0.921875	0.062500	-0.390625 
		-0.875000	0.484375	-0.015625 
		-0.890625	0.468750	-0.046875 
		-0.859375	0.515625	-0.031250 
		-0.812500	0.578125	0.062500 
		-0.875000	0.468750	0.062500 
		-0.906250	0.421875	0.062500 
		-0.796875	0.609375	0.078125 
		-0.875000	0.484375	-0.046875 
		0.000000	0.984375	-0.218750 
		-0.640625	0.750000	-0.171875 
		-0.500000	0.843750	-0.203125 
		-0.515625	0.812500	-0.296875 
		-0.015625	0.984375	-0.125000 
		-0.984375	-0.171875	-0.015625 
		-0.875000	0.078125	0.484375 
		-0.859375	0.078125	0.500000 
		-0.781250	0.078125	0.609375 
		-0.890625	0.062500	0.468750 
		-0.812500	0.062500	0.578125 
		-0.843750	0.531250	-0.093750 
		-0.109375	0.203125	0.968750 
		0.000000	0.234375	0.968750 
		-0.421875	0.203125	0.875000 
		-0.437500	0.156250	0.890625 
		0.062500	0.234375	0.968750 
		0.000000	0.218750	0.968750 
		0.421875	0.218750	0.890625 
		-0.343750	0.500000	0.796875 
		-0.109375	0.625000	0.781250 
		-0.093750	-0.390625	0.921875 
		-0.078125	-0.218750	0.968750 
		-0.531250	-0.140625	0.843750 
		1.000000	0.093750	0.046875 
		1.000000	0.000000	0.078125 
		-0.453125	0.531250	0.718750 
		-0.093750	0.390625	0.921875 
		0.109375	0.625000	0.781250 
		0.343750	0.484375	0.796875 
		0.140625	0.171875	0.968750 
		0.078125	-0.218750	0.968750 
		0.000000	-0.406250	0.921875 
		0.531250	-0.140625	0.843750 
		0.718750	-0.312500	0.625000 
		0.906250	-0.140625	0.390625 
		0.000000	0.046875	1.000000 
		-1.000000	0.093750	0.046875 
		-1.000000	0.000000	0.078125 
		0.093750	-0.390625	0.921875 
		0.437500	0.109375	0.890625 
		0.093750	0.390625	0.921875 
		0.453125	0.531250	0.718750 
		0.828125	0.421875	0.343750 
		0.796875	0.484375	0.375000 
		0.875000	0.156250	0.453125 
		0.000000	-1.000000	0.109375 
		0.875000	0.203125	0.437500 
		0.000000	0.921875	0.390625 
		-0.046875	0.921875	0.390625 
		0.046875	0.921875	0.390625 
		-0.984375	0.203125	0.015625 
		0.984375	0.203125	0.015625 
		-0.234375	-0.015625	-0.968750 
		0.234375	-0.015625	-0.968750 
		0.000000	1.000000	0.109375 
		0.890625	-0.312500	-0.343750 
		0.578125	-0.406250	-0.718750 
		0.562500	0.515625	-0.656250 
		0.906250	0.312500	-0.296875 
		0.937500	0.296875	-0.171875 
		0.953125	-0.234375	-0.203125 
		0.812500	-0.437500	-0.375000 
		0.468750	-0.609375	-0.640625 
		0.671875	0.703125	-0.234375 
		0.468750	0.796875	-0.390625 
		0.828125	0.546875	0.031250 
		0.828125	0.562500	0.046875 
		0.921875	0.312500	-0.265625 
		0.828125	0.546875	-0.125000 
		0.890625	0.453125	-0.109375 
		0.828125	0.562500	0.078125 
		0.968750	0.218750	0.093750 
		0.953125	0.250000	0.125000 
		0.984375	0.171875	0.062500 
		1.000000	0.125000	0.000000 
		0.968750	0.234375	0.000000 
		1.000000	0.062500	-0.015625 
		0.937500	0.343750	-0.093750 
		0.953125	0.281250	-0.031250 
		0.906250	0.437500	-0.015625 
		0.875000	0.484375	-0.046875 
		0.812500	0.593750	0.046875 
		0.859375	0.515625	0.046875 
		0.875000	0.484375	0.015625 
		0.906250	0.421875	0.000000 
		0.890625	0.468750	-0.015625 
		0.859375	0.500000	0.000000 
		0.906250	0.406250	0.000000 
		0.812500	0.578125	0.000000 
		0.875000	0.468750	0.000000 
		0.859375	0.515625	0.000000 
		0.843750	0.546875	0.000000 
		0.875000	0.484375	-0.015625 
		0.875000	0.484375	-0.031250 
		0.890625	0.453125	0.015625 
		0.875000	0.500000	-0.031250 
		0.984375	-0.187500	-0.015625 
		1.000000	-0.078125	0.000000 
		1.000000	-0.078125	-0.015625 
		0.843750	0.531250	-0.093750 
		0.859375	0.500000	-0.015625 
		0.593750	0.812500	0.000000 
		0.593750	0.796875	-0.015625 
		0.828125	0.546875	0.015625 
		0.828125	0.562500	0.031250 
		0.890625	0.468750	0.000000 
		0.921875	0.406250	-0.015625 
		0.859375	0.515625	0.015625 
		0.921875	0.390625	-0.015625 
		0.796875	0.609375	0.046875 
		0.796875	0.593750	-0.062500 
		0.890625	0.437500	0.031250 
		0.906250	0.421875	0.015625 
		0.812500	0.593750	0.031250 
		0.718750	0.687500	0.156250 
		0.828125	0.531250	-0.203125 
		0.890625	0.421875	-0.187500 
		0.906250	0.437500	-0.078125 
		0.906250	0.421875	0.031250 
		0.937500	0.328125	0.078125 
		0.765625	0.437500	-0.484375 
		0.921875	0.125000	-0.343750 
		0.921875	0.062500	-0.390625 
		0.781250	0.078125	-0.609375 
		0.953125	0.140625	-0.296875 
		0.937500	0.078125	-0.328125 
		0.859375	0.500000	0.015625 
		0.843750	0.515625	-0.046875 
		0.890625	0.453125	-0.046875 
		0.890625	0.453125	0.062500 
		0.828125	0.562500	0.062500 
		0.828125	0.546875	0.062500 
		0.921875	0.390625	0.062500 
		0.812500	0.578125	0.062500 
		0.906250	0.359375	-0.203125 
		0.812500	0.578125	0.031250 
		0.984375	-0.156250	0.140625 
		0.921875	-0.296875	-0.265625 
		0.953125	-0.281250	0.156250 
		1.000000	-0.015625	-0.015625 
		0.984375	-0.171875	-0.015625 
		0.828125	0.562500	-0.078125 
		0.187500	0.375000	-0.906250 
		-0.140625	0.390625	-0.906250 
		0.171875	0.781250	-0.593750 
		0.203125	-0.421875	-0.890625 
		0.140625	-0.296875	-0.937500 
		0.359375	0.359375	-0.859375 
		-0.156250	-0.406250	-0.890625 
		-0.109375	-0.296875	-0.953125 
		-0.156250	0.796875	-0.578125 
		-0.281250	0.375000	-0.875000 
		-0.218750	0.843750	-0.500000 
		-0.140625	-0.406250	-0.906250 
		-0.140625	0.437500	-0.890625 
		-0.109375	-0.656250	-0.750000 
		0.140625	0.437500	-0.890625 
		0.109375	-0.468750	-0.875000 
		0.218750	0.843750	-0.500000 
		0.109375	-0.656250	-0.750000 
		0.000000	-0.687500	-0.718750 
		-0.078125	0.859375	-0.515625 
		0.078125	0.859375	-0.515625 
		-0.515625	0.671875	-0.546875 
		0.515625	0.640625	-0.562500 
		-0.421875	0.046875	-0.906250 
		0.421875	0.031250	-0.906250 
		0.000000	0.859375	-0.500000 
		-0.046875	0.859375	-0.500000 
		0.046875	0.859375	-0.500000 
		0.000000	-1.000000	-0.093750 
		0.000000	-0.671875	-0.734375 
		0.000000	0.000000	-1.000000 
		0.000000	0.937500	-0.343750 
		-1.000000	0.000000	0.000000 
		1.000000	0.000000	0.000000 
		0.000000	0.140625	-0.984375 
		0.000000	0.750000	-0.656250 
		0.000000	0.828125	0.562500 
		0.000000	0.343750	0.937500 
		1.000000	0.000000	0.015625 
		1.000000	-0.015625	0.015625 
		1.000000	0.000000	0.031250 
		0.000000	0.000000	1.000000 
		0.000000	-1.000000	0.015625 
		-1.000000	0.000000	0.015625 
		-1.000000	-0.015625	0.015625 
		-1.000000	0.000000	0.031250 
		-0.093750	-0.968750	-0.250000 
		-0.015625	-0.968750	-0.234375 
		-0.156250	-0.953125	-0.265625 
		0.015625	-0.968750	-0.234375 
		0.093750	-0.968750	-0.250000 
		0.156250	-0.953125	-0.265625 
		0.000000	-0.968750	-0.234375 
		0.000000	-1.000000	0.000000 
		0.000000	-1.000000	0.078125 
		0.000000	-1.000000	0.062500 
		0.000000	-1.000000	0.046875 
		-0.015625	-1.000000	0.078125 
		0.015625	-1.000000	0.078125 
	}

	Cpv 859 { 
		0.500000	0.500000	0.500000	0.000000 
		0.500000	0.500000	0.500000	0.000000 
		0.500000	0.500000	0.500000	0.000000 
		0.500000	0.500000	0.500000	0.000000 
		0.500000	0.500000	0.500000	0.000000 
		0.500000	0.500000	0.500000	0.000000 
		0.500000	0.500000	0.500000	0.000000 
		0.500000	0.500000	0.500000	0.000000 
		0.500000	0.500000	0.500000	0.000000 
		0.500000	0.500000	0.500000	0.000000 
		0.500000	0.500000	0.500000	0.000000 
		0.500000	0.500000	0.500000	0.000000 
		0.500000	0.500000	0.500000	0.000000 
		0.500000	0.500000	0.500000	0.000000 
		0.500000	0.500000	0.500000	0.000000 
		0.500000	0.500000	0.500000	0.000000 
		0.500000	0.500000	0.500000	0.000000 
		0.500000	0.500000	0.500000	0.000000 
		0.500000	0.500000	0.500000	0.000000 
		0.500000	0.500000	0.500000	0.000000 
		0.500000	0.500000	0.500000	0.000000 
		0.500000	0.500000	0.500000	0.000000 
		0.500000	0.500000	0.500000	0.000000 
		0.500000	0.500000	0.500000	0.000000 
		0.500000	0.500000	0.500000	0.000000 
		0.500000	0.500000	0.500000	0.000000 
		0.500000	0.500000	0.500000	0.000000 
		0.500000	0.500000	0.500000	0.000000 
		0.500000	0.500000	0.500000	0.000000 
		0.500000	0.500000	0.500000	0.000000 
		0.500000	0.500000	0.500000	0.000000 
		0.500000	0.463070	0.500000	0.000000 
		0.500000	0.463070	0.500000	0.000000 
		0.500000	0.500000	0.500000	0.000000 
		0.500000	0.500000	0.500000	0.000000 
		0.500000	0.500000	0.500000	0.000000 
		0.500000	0.500000	0.500000	0.000000 
		0.500000	0.500000	0.500000	0.000000 
		0.500000	0.500000	0.500000	0.000000 
		0.500000	0.500000	0.500000	0.000000 
		0.500000	0.500000	0.500000	0.000000 
		0.500000	0.500000	0.500000	0.000000 
		0.500000	0.500000	0.500000	0.000000 
		0.500000	0.500000	0.500000	0.000000 
		0.500000	0.500000	0.500000	0.000000 
		0.500000	0.500000	0.500000	0.000000 
		0.500000	0.500000	0.500000	0.000000 
		0.500000	0.500000	0.500000	0.000000 
		0.500000	0.500000	0.500000	0.000000 
		0.500000	0.500000	0.500000	0.000000 
		0.500000	0.500000	0.500000	0.000000 
		0.500000	0.500000	0.500000	0.000000 
		0.500000	0.500000	0.500000	0.000000 
		0.500000	0.500000	0.500000	0.000000 
		0.500000	0.500000	0.500000	0.000000 
		0.500000	0.500000	0.500000	0.000000 
		0.500000	0.500000	0.500000	0.000000 
		0.500000	0.500000	0.500000	0.000000 
		0.500000	0.500000	0.500000	0.000000 
		0.500000	0.500000	0.500000	0.000000 
		0.500000	0.500000	0.500000	0.000000 
		0.500000	0.500000	0.500000	0.000000 
		0.500000	0.500000	0.500000	0.000000 
		0.500000	0.500000	0.500000	0.000000 
		0.500000	0.500000	0.500000	0.000000 
		0.500000	0.500000	0.500000	0.000000 
		0.500000	0.500000	0.500000	0.000000 
		0.500000	0.500000	0.500000	0.000000 
		0.500000	0.500000	0.500000	0.000000 
		0.500000	0.500000	0.500000	0.000000 
		0.500000	0.500000	0.500000	0.000000 
		0.500000	0.500000	0.500000	0.000000 
		0.500000	0.500000	0.500000	0.000000 
		0.500000	0.500000	0.500000	0.000000 
		0.500000	0.500000	0.500000	0.000000 
		0.500000	0.500000	0.500000	0.000000 
		0.500000	0.500000	0.500000	0.000000 
		0.468282	0.467717	0.500000	0.000000 
		0.468282	0.467717	0.500000	0.000000 
		0.528280	0.462106	0.535314	0.000000 
		0.500000	0.500000	0.500000	0.000000 
		0.500000	0.500000	0.500000	0.000000 
		0.500000	0.500000	0.500000	0.000000 
		0.500000	0.500000	0.500000	0.000000 
		0.500000	0.500000	0.500000	0.000000 
		0.500000	0.500000	0.500000	0.000000 
		0.500000	0.463070	0.500000	0.000000 
		0.500000	0.500000	0.500000	0.000000 
		0.500000	0.500000	0.500000	0.000000 
		0.500000	0.500000	0.500000	0.000000 
		0.468282	0.467717	0.500000	0.000000 
		0.468282	0.467717	0.500000	0.000000 
		0.500000	0.500000	0.500000	0.000000 
		0.500000	0.500000	0.500000	0.000000 
		0.500000	0.500000	0.500000	0.000000 
		0.500000	0.500000	0.500000	0.000000 
		0.500000	0.500000	0.500000	0.000000 
		0.500000	0.500000	0.500000	0.000000 
		0.500000	0.500000	0.500000	0.000000 
		0.500000	0.500000	0.500000	0.000000 
		0.500000	0.500000	0.500000	0.000000 
		0.528280	0.462106	0.535314	0.000000 
		0.500000	0.500000	0.500000	0.000000 
		0.500000	0.500000	0.500000	0.000000 
		0.500000	0.500000	0.500000	0.000000 
		0.500000	0.500000	0.500000	0.000000 
		0.500000	0.500000	0.500000	0.000000 
		0.500000	0.500000	0.500000	0.000000 
		0.500000	0.500000	0.500000	0.000000 
		0.500000	0.500000	0.500000	0.000000 
		0.500000	0.500000	0.500000	0.000000 
		0.500000	0.500000	0.500000	0.000000 
		0.500000	0.500000	0.500000	0.000000 
		0.500000	0.500000	0.500000	0.000000 
		0.500000	0.500000	0.500000	0.000000 
		0.500000	0.500000	0.500000	0.000000 
		0.500000	0.500000	0.500000	0.000000 
		0.500000	0.500000	0.500000	0.000000 
		0.500000	0.500000	0.500000	0.000000 
		0.500000	0.500000	0.500000	0.000000 
		0.500000	0.500000	0.500000	0.000000 
		0.500000	0.500000	0.500000	0.000000 
		0.500000	0.500000	0.500000	0.000000 
		0.500000	0.500000	0.500000	0.000000 
		0.541361	0.528319	0.500000	0.000000 
		0.500000	0.500000	0.500000	0.000000 
		0.500000	0.500000	0.500000	0.000000 
		0.541361	0.528319	0.500000	0.000000 
		0.541361	0.528319	0.500000	0.000000 
		0.500000	0.500000	0.500000	0.000000 
		0.500000	0.500000	0.500000	0.000000 
		0.541361	0.528319	0.500000	0.000000 
		0.541361	0.528319	0.500000	0.000000 
		0.500000	0.500000	0.500000	0.000000 
		0.541361	0.528319	0.500000	0.000000 
		0.500000	0.500000	0.500000	0.000000 
		0.500000	0.500000	0.500000	0.000000 
		0.500000	0.500000	0.500000	0.000000 
		0.500000	0.500000	0.500000	0.000000 
		0.500000	0.500000	0.500000	0.000000 
		0.500000	0.500000	0.500000	0.000000 
		0.500000	0.500000	0.500000	0.000000 
		0.500000	0.500000	0.500000	0.000000 
		0.500000	0.500000	0.500000	0.000000 
		0.500000	0.500000	0.500000	0.000000 
		0.500000	0.435306	0.500000	0.003922 
		0.500000	0.435306	0.500000	0.003922 
		0.500000	0.435306	0.500000	0.003922 
		0.500000	0.435306	0.500000	0.003922 
		0.500000	0.500000	0.500000	0.000000 
		0.500000	0.500000	0.500000	0.000000 
		0.500000	0.500000	0.500000	0.000000 
		0.500000	0.500000	0.500000	0.000000 
		0.500000	0.500000	0.500000	0.003922 
		0.500000	0.500000	0.500000	0.000000 
		0.500000	0.500000	0.500000	0.000000 
		0.500000	0.420424	0.500000	0.003922 
		0.500000	0.500000	0.500000	0.000000 
		0.500000	0.500000	0.500000	0.000000 
		0.500000	0.500000	0.500000	0.000000 
		0.500000	0.500000	0.500000	0.000000 
		0.500000	0.500000	0.500000	0.000000 
		0.500000	0.500000	0.500000	0.000000 
		0.500000	0.500000	0.500000	0.000000 
		0.500000	0.500000	0.500000	0.000000 
		0.500000	0.500000	0.500000	0.000000 
		0.500000	0.500000	0.500000	0.000000 
		0.500000	0.500000	0.500000	0.000000 
		0.500000	0.500000	0.500000	0.000000 
		0.500000	0.500000	0.500000	0.000000 
		0.500000	0.500000	0.500000	0.000000 
		0.500000	0.500000	0.500000	0.000000 
		0.500000	0.420424	0.500000	0.003922 
		0.500000	0.440799	0.500000	0.003922 
		0.500000	0.440799	0.500000	0.003922 
		0.500000	0.435306	0.500000	0.003922 
		0.500000	0.440799	0.500000	0.003922 
		0.500000	0.420424	0.500000	0.003922 
		0.500000	0.440799	0.500000	0.003922 
		0.500000	0.420424	0.500000	0.003922 
		0.500000	0.420424	0.500000	0.003922 
		0.500000	0.420424	0.500000	0.003922 
		0.500000	0.420424	0.500000	0.003922 
		0.500000	0.420424	0.500000	0.003922 
		0.500000	0.500000	0.500000	0.000000 
		0.500000	0.500000	0.500000	0.000000 
		0.500000	0.500000	0.500000	0.000000 
		0.549594	0.500000	0.500000	0.000000 
		0.500000	0.500000	0.500000	0.000000 
		0.500000	0.500000	0.500000	0.000000 
		0.500000	0.500000	0.500000	0.000000 
		0.500000	0.500000	0.500000	0.000000 
		0.500000	0.500000	0.500000	0.000000 
		0.500000	0.500000	0.500000	0.000000 
		0.500000	0.550762	0.500000	0.000000 
		0.549594	0.500000	0.500000	0.000000 
		0.549594	0.500000	0.500000	0.000000 
		0.500000	0.500000	0.500000	0.000000 
		0.500000	0.500000	0.500000	0.000000 
		0.500000	0.500000	0.500000	0.000000 
		0.549594	0.500000	0.500000	0.000000 
		0.549594	0.500000	0.500000	0.000000 
		0.549594	0.500000	0.500000	0.000000 
		0.549594	0.500000	0.500000	0.000000 
		0.500000	0.500000	0.500000	0.000000 
		0.500000	0.500000	0.500000	0.000000 
		0.549594	0.500000	0.500000	0.000000 
		0.500000	0.500000	0.500000	0.000000 
		0.500000	0.500000	0.500000	0.000000 
		0.500000	0.500000	0.500000	0.000000 
		0.500000	0.500000	0.500000	0.000000 
		0.500000	0.500000	0.500000	0.000000 
		0.500000	0.500000	0.500000	0.000000 
		0.500000	0.500000	0.500000	0.000000 
		0.500000	0.500000	0.500000	0.000000 
		0.500000	0.500000	0.500000	0.000000 
		0.500000	0.500000	0.500000	0.000000 
		0.500000	0.500000	0.500000	0.000000 
		0.500000	0.500000	0.500000	0.000000 
		0.500000	0.420424	0.500000	0.003922 
		0.500000	0.420424	0.500000	0.003922 
		0.500000	0.500000	0.500000	0.003922 
		0.500000	0.500000	0.500000	0.003922 
		0.500000	0.500000	0.500000	0.000000 
		0.500000	0.500000	0.500000	0.000000 
		0.500000	0.500000	0.500000	0.000000 
		0.500000	0.420424	0.500000	0.003922 
		0.500000	0.420424	0.500000	0.003922 
		0.500000	0.420424	0.500000	0.003922 
		0.500000	0.420424	0.500000	0.003922 
		0.500000	0.500000	0.500000	0.003922 
		0.500000	0.500000	0.500000	0.003922 
		0.500000	0.420424	0.500000	0.003922 
		0.500000	0.420424	0.500000	0.003922 
		0.500000	0.500000	0.500000	0.000000 
		0.500000	0.500000	0.500000	0.000000 
		0.500000	0.500000	0.500000	0.000000 
		0.500000	0.500000	0.500000	0.000000 
		0.500000	0.500000	0.500000	0.000000 
		0.500000	0.500000	0.500000	0.000000 
		0.500000	0.500000	0.500000	0.000000 
		0.500000	0.500000	0.500000	0.000000 
		0.500000	0.500000	0.500000	0.000000 
		0.500000	0.500000	0.500000	0.000000 
		0.500000	0.500000	0.500000	0.000000 
		0.500000	0.500000	0.500000	0.000000 
		0.500000	0.500000	0.500000	0.000000 
		0.500000	0.500000	0.500000	0.000000 
		0.500000	0.500000	0.500000	0.000000 
		0.500000	0.500000	0.500000	0.000000 
		0.500000	0.435306	0.500000	0.003922 
		0.500000	0.435306	0.500000	0.003922 
		0.500000	0.420424	0.500000	0.003922 
		0.500000	0.420424	0.500000	0.003922 
		0.500000	0.435306	0.500000	0.003922 
		0.500000	0.435306	0.500000	0.003922 
		0.500000	0.500000	0.500000	0.000000 
		0.500000	0.500000	0.500000	0.000000 
		0.500000	0.500000	0.500000	0.000000 
		0.500000	0.500000	0.500000	0.000000 
		0.500000	0.500000	0.500000	0.000000 
		0.500000	0.500000	0.500000	0.000000 
		0.500000	0.500000	0.500000	0.000000 
		0.500000	0.500000	0.500000	0.000000 
		0.500000	0.500000	0.500000	0.000000 
		0.500000	0.500000	0.500000	0.000000 
		0.500000	0.500000	0.500000	0.003922 
		0.500000	0.420424	0.500000	0.003922 
		0.500000	0.420424	0.500000	0.003922 
		0.500000	0.500000	0.500000	0.003922 
		0.500000	0.500000	0.500000	0.000000 
		0.500000	0.500000	0.500000	0.000000 
		0.500000	0.500000	0.500000	0.000000 
		0.500000	0.500000	0.500000	0.000000 
		0.500000	0.500000	0.500000	0.000000 
		0.500000	0.500000	0.500000	0.000000 
		0.500000	0.500000	0.500000	0.000000 
		0.500000	0.500000	0.500000	0.000000 
		0.500000	0.500000	0.500000	0.000000 
		0.500000	0.500000	0.500000	0.000000 
		0.500000	0.500000	0.500000	0.000000 
		0.500000	0.500000	0.500000	0.000000 
		0.500000	0.500000	0.500000	0.000000 
		0.500000	0.420424	0.500000	0.003922 
		0.500000	0.420424	0.500000	0.003922 
		0.500000	0.420424	0.500000	0.003922 
		0.500000	0.420424	0.500000	0.003922 
		0.500000	0.420424	0.500000	0.003922 
		0.500000	0.420424	0.500000	0.003922 
		0.500000	0.420424	0.500000	0.003922 
		0.500000	0.420424	0.500000	0.003922 
		0.500000	0.500000	0.500000	0.000000 
		0.500000	0.500000	0.500000	0.000000 
		0.500000	0.500000	0.500000	0.000000 
		0.500000	0.500000	0.500000	0.000000 
		0.500000	0.500000	0.500000	0.000000 
		0.500000	0.500000	0.500000	0.000000 
		0.500000	0.500000	0.500000	0.000000 
		0.500000	0.500000	0.500000	0.000000 
		0.500000	0.500000	0.500000	0.000000 
		0.500000	0.500000	0.500000	0.000000 
		0.404835	0.500000	0.500000	0.000000 
		0.404835	0.500000	0.500000	0.000000 
		0.500000	0.500000	0.500000	0.000000 
		0.500000	0.500000	0.500000	0.000000 
		0.500000	0.500000	0.500000	0.000000 
		0.500000	0.500000	0.500000	0.000000 
		0.500000	0.500000	0.500000	0.000000 
		0.500000	0.500000	0.500000	0.000000 
		0.500000	0.500000	0.500000	0.000000 
		0.500000	0.463070	0.500000	0.000000 
		0.500000	0.463070	0.500000	0.000000 
		0.500000	0.500000	0.500000	0.000000 
		0.500000	0.500000	0.500000	0.000000 
		0.500000	0.500000	0.500000	0.000000 
		0.500000	0.500000	0.500000	0.000000 
		0.500000	0.500000	0.500000	0.000000 
		0.500000	0.500000	0.500000	0.003922 
		0.500000	0.500000	0.500000	0.003922 
		0.500000	0.500000	0.500000	0.003922 
		0.500000	0.500000	0.500000	0.003922 
		0.500000	0.500000	0.500000	0.000000 
		0.500000	0.500000	0.500000	0.000000 
		0.500000	0.500000	0.500000	0.000000 
		0.500000	0.500000	0.500000	0.000000 
		0.500000	0.500000	0.500000	0.000000 
		0.500000	0.500000	0.500000	0.000000 
		0.500000	0.500000	0.500000	0.000000 
		0.500000	0.500000	0.500000	0.000000 
		0.500000	0.500000	0.500000	0.000000 
		0.500000	0.500000	0.500000	0.000000 
		0.500000	0.500000	0.500000	0.000000 
		0.500000	0.500000	0.500000	0.000000 
		0.500000	0.500000	0.500000	0.000000 
		0.500000	0.500000	0.500000	0.000000 
		0.500000	0.500000	0.500000	0.000000 
		0.500000	0.500000	0.500000	0.000000 
		0.500000	0.500000	0.500000	0.000000 
		0.500000	0.500000	0.500000	0.000000 
		0.500000	0.500000	0.500000	0.000000 
		0.500000	0.500000	0.500000	0.000000 
		0.500000	0.500000	0.500000	0.000000 
		0.500000	0.500000	0.500000	0.000000 
		0.500000	0.500000	0.500000	0.000000 
		0.500000	0.500000	0.500000	0.000000 
		0.500000	0.500000	0.500000	0.000000 
		0.500000	0.500000	0.500000	0.000000 
		0.500000	0.500000	0.500000	0.000000 
		0.500000	0.500000	0.500000	0.000000 
		0.500000	0.500000	0.500000	0.000000 
		0.500000	0.500000	0.500000	0.000000 
		0.500000	0.500000	0.500000	0.000000 
		0.500000	0.500000	0.500000	0.000000 
		0.500000	0.500000	0.500000	0.000000 
		0.500000	0.500000	0.500000	0.000000 
		0.404835	0.500000	0.500000	0.000000 
		0.500000	0.500000	0.500000	0.003922 
		0.500000	0.500000	0.500000	0.003922 
		0.500000	0.500000	0.500000	0.000000 
		0.500000	0.500000	0.500000	0.003922 
		0.500000	0.500000	0.500000	0.003922 
		0.500000	0.500000	0.500000	0.003922 
		0.500000	0.500000	0.500000	0.003922 
		0.500000	0.500000	0.500000	0.003922 
		0.500000	0.500000	0.500000	0.003922 
		0.500000	0.500000	0.500000	0.003922 
		0.500000	0.500000	0.500000	0.003922 
		0.500000	0.500000	0.500000	0.003922 
		0.500000	0.500000	0.500000	0.003922 
		0.500000	0.500000	0.500000	0.003922 
		0.500000	0.500000	0.500000	0.003922 
		0.404835	0.500000	0.500000	0.000000 
		0.404835	0.500000	0.500000	0.000000 
		0.404835	0.500000	0.500000	0.000000 
		0.500000	0.500000	0.500000	0.000000 
		0.500000	0.500000	0.500000	0.000000 
		0.500000	0.500000	0.500000	0.000000 
		0.500000	0.500000	0.500000	0.000000 
		0.500000	0.500000	0.500000	0.000000 
		0.500000	0.500000	0.500000	0.000000 
		0.500000	0.500000	0.500000	0.000000 
		0.500000	0.500000	0.500000	0.000000 
		0.500000	0.500000	0.500000	0.000000 
		0.500000	0.500000	0.500000	0.000000 
		0.500000	0.500000	0.500000	0.000000 
		0.500000	0.500000	0.500000	0.000000 
		0.500000	0.500000	0.500000	0.000000 
		0.500000	0.500000	0.500000	0.003922 
		0.500000	0.500000	0.500000	0.000000 
		0.500000	0.500000	0.500000	0.000000 
		0.500000	0.500000	0.500000	0.000000 
		0.500000	0.500000	0.500000	0.003922 
		0.500000	0.500000	0.500000	0.003922 
		0.500000	0.500000	0.500000	0.003922 
		0.500000	0.500000	0.500000	0.000000 
		0.500000	0.500000	0.500000	0.000000 
		0.500000	0.500000	0.500000	0.000000 
		0.500000	0.420424	0.500000	0.003922 
		0.500000	0.420424	0.500000	0.003922 
		0.500000	0.500000	0.500000	0.000000 
		0.500000	0.500000	0.500000	0.000000 
		0.500000	0.500000	0.500000	0.000000 
		0.500000	0.500000	0.500000	0.003922 
		0.500000	0.440799	0.500000	0.003922 
		0.500000	0.435306	0.500000	0.003922 
		0.500000	0.500000	0.500000	0.000000 
		0.500000	0.500000	0.500000	0.000000 
		0.500000	0.500000	0.500000	0.000000 
		0.500000	0.500000	0.500000	0.000000 
		0.500000	0.500000	0.500000	0.000000 
		0.500000	0.500000	0.500000	0.000000 
		0.500000	0.500000	0.500000	0.000000 
		0.500000	0.420424	0.500000	0.003922 
		0.500000	0.500000	0.500000	0.000000 
		0.500000	0.435306	0.500000	0.003922 
		0.500000	0.435306	0.500000	0.003922 
		0.500000	0.500000	0.500000	0.000000 
		0.500000	0.500000	0.500000	0.000000 
		0.500000	0.500000	0.500000	0.000000 
		0.500000	0.500000	0.500000	0.000000 
		0.500000	0.500000	0.500000	0.000000 
		0.500000	0.500000	0.500000	0.000000 
		0.500000	0.500000	0.500000	0.000000 
		0.500000	0.500000	0.500000	0.000000 
		0.500000	0.500000	0.500000	0.000000 
		0.500000	0.500000	0.500000	0.000000 
		0.500000	0.500000	0.500000	0.000000 
		0.500000	0.500000	0.500000	0.000000 
		0.500000	0.500000	0.500000	0.000000 
		0.500000	0.500000	0.500000	0.000000 
		0.500000	0.500000	0.500000	0.000000 
		0.500000	0.500000	0.500000	0.000000 
		0.500000	0.523103	0.500000	0.000000 
		0.500000	0.500000	0.500000	0.000000 
		0.500000	0.500000	0.500000	0.000000 
		0.500000	0.500000	0.500000	0.000000 
		0.500000	0.500000	0.500000	0.000000 
		0.500000	0.500000	0.500000	0.000000 
		0.500000	0.500000	0.500000	0.000000 
		0.500000	0.500000	0.500000	0.000000 
		0.500000	0.500000	0.500000	0.000000 
		0.500000	0.500000	0.500000	0.000000 
		0.500000	0.550762	0.500000	0.000000 
		0.500000	0.500000	0.500000	0.000000 
		0.500000	0.500000	0.444287	0.000000 
		0.500000	0.550762	0.500000	0.000000 
		0.500000	0.500000	0.500000	0.000000 
		0.500000	0.500000	0.500000	0.000000 
		0.500000	0.523103	0.500000	0.000000 
		0.500000	0.523103	0.500000	0.000000 
		0.500000	0.500000	0.500000	0.000000 
		0.500000	0.500000	0.500000	0.000000 
		0.500000	0.500000	0.500000	0.000000 
		0.500000	0.500000	0.500000	0.000000 
		0.500000	0.500000	0.444287	0.000000 
		0.500000	0.500000	0.500000	0.000000 
		0.500000	0.546610	0.500000	0.000000 
		0.500000	0.500000	0.500000	0.000000 
		0.500000	0.500000	0.500000	0.000000 
		0.500000	0.546610	0.500000	0.000000 
		0.500000	0.574265	0.500000	0.000000 
		0.500000	0.500000	0.500000	0.000000 
		0.500000	0.500000	0.500000	0.000000 
		0.500000	0.500000	0.500000	0.000000 
		0.500000	0.500000	0.500000	0.000000 
		0.500000	0.546610	0.500000	0.000000 
		0.500000	0.500000	0.500000	0.000000 
		0.500000	0.523103	0.500000	0.000000 
		0.500000	0.546610	0.500000	0.000000 
		0.500000	0.546610	0.500000	0.000000 
		0.500000	0.500000	0.500000	0.000000 
		0.500000	0.500000	0.500000	0.000000 
		0.500000	0.571531	0.500000	0.000000 
		0.500000	0.500000	0.500000	0.000000 
		0.500000	0.546610	0.500000	0.000000 
		0.500000	0.500000	0.500000	0.000000 
		0.500000	0.500000	0.500000	0.000000 
		0.500000	0.500000	0.500000	0.000000 
		0.500000	0.500000	0.500000	0.000000 
		0.500000	0.500000	0.500000	0.000000 
		0.500000	0.523103	0.500000	0.000000 
		0.500000	0.500000	0.500000	0.000000 
		0.500000	0.500000	0.500000	0.000000 
		0.500000	0.500000	0.500000	0.000000 
		0.500000	0.523103	0.500000	0.000000 
		0.500000	0.500000	0.500000	0.000000 
		0.500000	0.440799	0.500000	0.003922 
		0.500000	0.420424	0.500000	0.003922 
		0.500000	0.500000	0.500000	0.000000 
		0.500000	0.500000	0.500000	0.000000 
		0.500000	0.500000	0.500000	0.003922 
		0.500000	0.500000	0.500000	0.000000 
		0.500000	0.546610	0.500000	0.000000 
		0.500000	0.500000	0.500000	0.000000 
		0.500000	0.500000	0.500000	0.000000 
		0.500000	0.500000	0.500000	0.000000 
		0.500000	0.500000	0.500000	0.000000 
		0.500000	0.500000	0.500000	0.000000 
		0.500000	0.500000	0.500000	0.000000 
		0.500000	0.500000	0.500000	0.000000 
		0.500000	0.500000	0.500000	0.000000 
		0.500000	0.500000	0.500000	0.000000 
		0.500000	0.500000	0.500000	0.000000 
		0.500000	0.463070	0.500000	0.000000 
		0.500000	0.500000	0.500000	0.000000 
		0.500000	0.500000	0.500000	0.000000 
		0.500000	0.500000	0.500000	0.000000 
		0.500000	0.546610	0.500000	0.000000 
		0.500000	0.546610	0.500000	0.000000 
		0.500000	0.500000	0.500000	0.000000 
		0.500000	0.500000	0.500000	0.000000 
		0.500000	0.500000	0.500000	0.000000 
		0.500000	0.500000	0.500000	0.000000 
		0.500000	0.500000	0.500000	0.000000 
		0.500000	0.500000	0.500000	0.000000 
		0.500000	0.500000	0.500000	0.000000 
		0.500000	0.500000	0.500000	0.000000 
		0.500000	0.500000	0.500000	0.000000 
		0.500000	0.500000	0.500000	0.000000 
		0.500000	0.500000	0.500000	0.000000 
		0.500000	0.500000	0.500000	0.000000 
		0.500000	0.500000	0.500000	0.000000 
		0.500000	0.500000	0.500000	0.000000 
		0.500000	0.463070	0.500000	0.000000 
		0.500000	0.500000	0.500000	0.000000 
		0.500000	0.500000	0.500000	0.000000 
		0.500000	0.500000	0.500000	0.000000 
		0.500000	0.500000	0.500000	0.000000 
		0.500000	0.500000	0.500000	0.000000 
		0.500000	0.500000	0.500000	0.000000 
		0.500000	0.500000	0.500000	0.000000 
		0.500000	0.500000	0.500000	0.000000 
		0.500000	0.500000	0.500000	0.000000 
		0.500000	0.500000	0.500000	0.000000 
		0.500000	0.500000	0.500000	0.000000 
		0.500000	0.500000	0.500000	0.000000 
		0.500000	0.500000	0.500000	0.000000 
		0.500000	0.500000	0.500000	0.000000 
		0.500000	0.500000	0.500000	0.000000 
		0.500000	0.500000	0.500000	0.003922 
		0.500000	0.500000	0.500000	0.003922 
		0.453923	0.500000	0.500000	0.003922 
		0.453923	0.500000	0.500000	0.003922 
		0.500000	0.500000	0.500000	0.000000 
		0.500000	0.500000	0.500000	0.000000 
		0.500000	0.500000	0.500000	0.000000 
		0.500000	0.500000	0.500000	0.000000 
		0.500000	0.500000	0.500000	0.000000 
		0.500000	0.500000	0.500000	0.003922 
		0.500000	0.500000	0.500000	0.003922 
		0.500000	0.500000	0.500000	0.000000 
		0.500000	0.500000	0.500000	0.000000 
		0.500000	0.500000	0.500000	0.003922 
		0.500000	0.500000	0.500000	0.003922 
		0.500000	0.500000	0.500000	0.003922 
		0.500000	0.500000	0.500000	0.003922 
		0.500000	0.500000	0.500000	0.003922 
		0.500000	0.500000	0.500000	0.003922 
		0.500000	0.500000	0.500000	0.003922 
		0.500000	0.500000	0.500000	0.003922 
		0.500000	0.500000	0.500000	0.000000 
		0.500000	0.500000	0.500000	0.000000 
		0.500000	0.500000	0.500000	0.000000 
		0.500000	0.500000	0.500000	0.000000 
		0.500000	0.500000	0.500000	0.000000 
		0.500000	0.500000	0.500000	0.000000 
		0.500000	0.500000	0.500000	0.000000 
		0.500000	0.500000	0.500000	0.000000 
		0.500000	0.500000	0.500000	0.000000 
		0.500000	0.500000	0.500000	0.000000 
		0.500000	0.500000	0.500000	0.000000 
		0.500000	0.500000	0.500000	0.003922 
		0.500000	0.500000	0.500000	0.003922 
		0.500000	0.500000	0.500000	0.003922 
		0.500000	0.500000	0.500000	0.003922 
		0.500000	0.500000	0.500000	0.000000 
		0.500000	0.500000	0.500000	0.000000 
		0.500000	0.500000	0.500000	0.000000 
		0.500000	0.500000	0.500000	0.000000 
		0.500000	0.500000	0.500000	0.000000 
		0.500000	0.500000	0.500000	0.000000 
		0.500000	0.500000	0.500000	0.000000 
		0.500000	0.500000	0.500000	0.000000 
		0.500000	0.500000	0.500000	0.000000 
		0.500000	0.500000	0.500000	0.000000 
		0.500000	0.500000	0.500000	0.003922 
		0.500000	0.500000	0.500000	0.003922 
		0.500000	0.500000	0.500000	0.003922 
		0.500000	0.500000	0.500000	0.000000 
		0.500000	0.500000	0.500000	0.003922 
		0.500000	0.500000	0.500000	0.000000 
		0.500000	0.500000	0.500000	0.000000 
		0.500000	0.500000	0.500000	0.003922 
		0.500000	0.500000	0.500000	0.003922 
		0.500000	0.500000	0.500000	0.003922 
		0.500000	0.500000	0.500000	0.003922 
		0.500000	0.500000	0.500000	0.003922 
		0.500000	0.500000	0.500000	0.003922 
		0.500000	0.500000	0.500000	0.000000 
		0.500000	0.500000	0.500000	0.000000 
		0.500000	0.500000	0.500000	0.000000 
		0.500000	0.500000	0.500000	0.000000 
		0.500000	0.500000	0.500000	0.000000 
		0.500000	0.500000	0.500000	0.000000 
		0.500000	0.463070	0.500000	0.000000 
		0.500000	0.500000	0.500000	0.000000 
		0.500000	0.500000	0.500000	0.000000 
		0.500000	0.500000	0.500000	0.000000 
		0.500000	0.500000	0.500000	0.000000 
		0.500000	0.463070	0.500000	0.000000 
		0.500000	0.500000	0.500000	0.000000 
		0.500000	0.500000	0.500000	0.000000 
		0.500000	0.500000	0.500000	0.003922 
		0.453923	0.500000	0.500000	0.003922 
		0.500000	0.500000	0.500000	0.000000 
		0.500000	0.500000	0.500000	0.003922 
		0.500000	0.500000	0.500000	0.000000 
		0.500000	0.500000	0.500000	0.000000 
		0.500000	0.500000	0.500000	0.000000 
		0.453923	0.500000	0.500000	0.003922 
		0.500000	0.500000	0.500000	0.003922 
		0.500000	0.500000	0.500000	0.000000 
		0.500000	0.500000	0.500000	0.000000 
		0.500000	0.500000	0.500000	0.003922 
		0.500000	0.500000	0.500000	0.003922 
		0.500000	0.500000	0.500000	0.000000 
		0.500000	0.500000	0.500000	0.003922 
		0.500000	0.500000	0.500000	0.003922 
		0.500000	0.500000	0.500000	0.000000 
		0.500000	0.500000	0.500000	0.000000 
		0.500000	0.500000	0.500000	0.000000 
		0.500000	0.500000	0.500000	0.000000 
		0.500000	0.500000	0.500000	0.000000 
		0.500000	0.500000	0.500000	0.003922 
		0.500000	0.500000	0.500000	0.000000 
		0.500000	0.500000	0.500000	0.000000 
		0.500000	0.500000	0.500000	0.000000 
		0.500000	0.500000	0.500000	0.000000 
		0.500000	0.500000	0.500000	0.000000 
		0.500000	0.500000	0.500000	0.000000 
		0.500000	0.500000	0.500000	0.000000 
		0.528280	0.462106	0.535314	0.000000 
		0.500000	0.463070	0.500000	0.000000 
		0.500000	0.500000	0.500000	0.000000 
		0.500000	0.500000	0.500000	0.000000 
		0.500000	0.500000	0.500000	0.000000 
		0.500000	0.500000	0.500000	0.000000 
		0.500000	0.500000	0.500000	0.000000 
		0.500000	0.500000	0.500000	0.000000 
		0.500000	0.500000	0.500000	0.000000 
		0.500000	0.500000	0.500000	0.000000 
		0.500000	0.500000	0.500000	0.000000 
		0.500000	0.500000	0.500000	0.000000 
		0.528280	0.462106	0.535314	0.000000 
		0.500000	0.500000	0.500000	0.000000 
		0.500000	0.500000	0.500000	0.000000 
		0.500000	0.500000	0.500000	0.000000 
		0.500000	0.500000	0.500000	0.000000 
		0.500000	0.500000	0.500000	0.000000 
		0.500000	0.500000	0.500000	0.000000 
		0.500000	0.500000	0.500000	0.000000 
		0.500000	0.500000	0.500000	0.000000 
		0.500000	0.500000	0.500000	0.000000 
		0.500000	0.500000	0.500000	0.000000 
		0.500000	0.500000	0.500000	0.000000 
		0.500000	0.500000	0.500000	0.000000 
		0.500000	0.500000	0.500000	0.000000 
		0.500000	0.500000	0.500000	0.000000 
		0.500000	0.500000	0.500000	0.000000 
		0.500000	0.500000	0.500000	0.000000 
		0.500000	0.500000	0.500000	0.000000 
		0.500000	0.500000	0.500000	0.000000 
		0.500000	0.500000	0.500000	0.000000 
		0.500000	0.500000	0.500000	0.000000 
		0.500000	0.500000	0.500000	0.000000 
		0.500000	0.500000	0.500000	0.000000 
		0.500000	0.500000	0.500000	0.000000 
		0.500000	0.463070	0.500000	0.000000 
		0.500000	0.463070	0.500000	0.000000 
		0.500000	0.500000	0.500000	0.000000 
		0.500000	0.500000	0.500000	0.000000 
		0.500000	0.500000	0.500000	0.000000 
		0.500000	0.500000	0.500000	0.000000 
		0.500000	0.500000	0.500000	0.000000 
		0.500000	0.500000	0.500000	0.000000 
		0.500000	0.500000	0.500000	0.000000 
		0.500000	0.463070	0.500000	0.000000 
		0.500000	0.463070	0.500000	0.000000 
		0.500000	0.500000	0.500000	0.000000 
		0.500000	0.500000	0.500000	0.000000 
		0.500000	0.500000	0.500000	0.000000 
		0.500000	0.500000	0.500000	0.000000 
		0.500000	0.500000	0.500000	0.000000 
		0.500000	0.440799	0.500000	0.003922 
		0.500000	0.500000	0.500000	0.000000 
		0.500000	0.500000	0.500000	0.000000 
		0.500000	0.435306	0.500000	0.003922 
		0.500000	0.500000	0.500000	0.003922 
		0.500000	0.500000	0.500000	0.000000 
		0.500000	0.500000	0.500000	0.000000 
		0.500000	0.500000	0.500000	0.000000 
		0.509480	0.508013	0.500000	0.000000 
		0.508545	0.496936	0.500000	0.000000 
		0.557593	0.503949	0.500000	0.000000 
		0.556658	0.492872	0.500000	0.000000 
		0.556658	0.492872	0.500000	0.000000 
		0.557593	0.503949	0.500000	0.000000 
		0.559458	0.503792	0.500000	0.000000 
		0.558522	0.492715	0.500000	0.000000 
		0.511792	0.496661	0.500000	0.000000 
		0.512707	0.507740	0.500000	0.000000 
		0.500000	0.500000	0.500000	0.000000 
		0.500000	0.500000	0.500000	0.000000 
		0.500000	0.500000	0.500000	0.000000 
		0.500000	0.500000	0.500000	0.000000 
		0.512707	0.507740	0.500000	0.000000 
		0.509480	0.508013	0.500000	0.000000 
		0.561963	0.503580	0.500000	0.000000 
		0.559458	0.503792	0.500000	0.000000 
		0.557593	0.503949	0.500000	0.000000 
		0.500000	0.500000	0.500000	0.000000 
		0.500000	0.500000	0.500000	0.000000 
		0.508545	0.496936	0.500000	0.000000 
		0.511792	0.496661	0.500000	0.000000 
		0.556658	0.492872	0.500000	0.000000 
		0.558522	0.492715	0.500000	0.000000 
		0.558522	0.492715	0.500000	0.000000 
		0.559458	0.503792	0.500000	0.000000 
		0.568027	0.503068	0.500000	0.000000 
		0.567091	0.491991	0.500000	0.000000 
		0.568027	0.503068	0.500000	0.000000 
		0.567091	0.491991	0.500000	0.000000 
		0.561963	0.503580	0.500000	0.000000 
		0.561012	0.492724	0.500000	0.000000 
		0.568027	0.503068	0.500000	0.000000 
		0.568027	0.503068	0.500000	0.000000 
		0.558522	0.492715	0.500000	0.000000 
		0.567091	0.491991	0.500000	0.000000 
		0.567091	0.491991	0.500000	0.000000 
		0.561012	0.492724	0.500000	0.000000 
		0.511792	0.496661	0.500000	0.000000 
		0.561963	0.503580	0.500000	0.000000 
		0.512707	0.507740	0.500000	0.000000 
		0.511792	0.496661	0.500000	0.000000 
		0.561012	0.492724	0.500000	0.000000 
		0.569689	0.426518	0.500000	0.000000 
		0.569689	0.426518	0.500000	0.000000 
		0.500000	0.476727	0.536934	0.000000 
		0.500000	0.476727	0.536934	0.000000 
		0.569689	0.426518	0.500000	0.000000 
		0.569689	0.426518	0.500000	0.000000 
		0.500000	0.476727	0.536934	0.000000 
		0.500000	0.476727	0.536934	0.000000 
		0.569689	0.426518	0.500000	0.000000 
		0.569689	0.426518	0.500000	0.000000 
		0.500000	0.476727	0.536934	0.000000 
		0.500000	0.476727	0.536934	0.000000 
		0.569689	0.426518	0.500000	0.000000 
		0.569689	0.426518	0.500000	0.000000 
		0.500000	0.476727	0.536934	0.000000 
		0.500000	0.476727	0.536934	0.000000 
		0.500000	0.500000	0.500000	0.000000 
		0.500000	0.500000	0.500000	0.000000 
		0.500000	0.500000	0.500000	0.000000 
		0.500000	0.500000	0.500000	0.000000 
		0.500000	0.500000	0.500000	0.000000 
		0.500000	0.500000	0.500000	0.000000 
		0.500000	0.500000	0.500000	0.000000 
		0.500000	0.500000	0.500000	0.000000 
		0.500000	0.500000	0.500000	0.000000 
		0.500000	0.500000	0.500000	0.000000 
		0.500000	0.500000	0.500000	0.000000 
		0.500000	0.500000	0.500000	0.000000 
		0.500000	0.500000	0.500000	0.000000 
		0.500000	0.500000	0.500000	0.000000 
		0.500000	0.500000	0.500000	0.000000 
		0.500000	0.500000	0.500000	0.000000 
		0.500000	0.500000	0.500000	0.000000 
		0.500000	0.500000	0.500000	0.000000 
		0.500000	0.500000	0.500000	0.000000 
		0.500000	0.500000	0.500000	0.000000 
		0.500000	0.500000	0.500000	0.000000 
		0.500000	0.500000	0.500000	0.000000 
		0.500000	0.500000	0.500000	0.000000 
		0.500000	0.500000	0.500000	0.000000 
		0.500000	0.500000	0.500000	0.000000 
		0.500000	0.500000	0.500000	0.000000 
		0.500000	0.500000	0.500000	0.000000 
		0.500000	0.500000	0.500000	0.000000 
		0.500000	0.500000	0.500000	0.000000 
		0.500000	0.500000	0.500000	0.000000 
		0.500000	0.500000	0.500000	0.000000 
		0.500000	0.500000	0.500000	0.000000 
		0.500000	0.500000	0.500000	0.000000 
		0.500000	0.500000	0.500000	0.000000 
		0.500000	0.500000	0.500000	0.000000 
		0.500000	0.500000	0.500000	0.000000 
		0.500000	0.500000	0.500000	0.000000 
		0.500000	0.500000	0.500000	0.000000 
		0.500000	0.500000	0.500000	0.000000 
		0.500000	0.500000	0.500000	0.000000 
		0.500000	0.500000	0.500000	0.000000 
		0.500000	0.500000	0.500000	0.000000 
		0.500000	0.500000	0.500000	0.000000 
		0.500000	0.500000	0.500000	0.000000 
		0.500000	0.500000	0.500000	0.000000 
		0.500000	0.500000	0.500000	0.000000 
		0.500000	0.500000	0.500000	0.000000 
		0.500000	0.500000	0.500000	0.000000 
		0.500000	0.500000	0.500000	0.000000 
		0.500000	0.500000	0.500000	0.000000 
		0.500000	0.500000	0.500000	0.000000 
		0.500000	0.500000	0.500000	0.000000 
		0.500000	0.500000	0.500000	0.000000 
		0.500000	0.500000	0.500000	0.000000 
		0.500000	0.500000	0.500000	0.000000 
		0.500000	0.500000	0.500000	0.000000 
		0.500000	0.500000	0.500000	0.000000 
		0.500000	0.500000	0.500000	0.000000 
		0.500000	0.500000	0.500000	0.000000 
		0.500000	0.500000	0.500000	0.000000 
		0.500000	0.500000	0.500000	0.000000 
		0.500000	0.500000	0.500000	0.000000 
		0.500000	0.500000	0.500000	0.000000 
		0.500000	0.500000	0.500000	0.000000 
		0.500000	0.500000	0.500000	0.000000 
		0.500000	0.500000	0.500000	0.000000 
		0.500000	0.500000	0.500000	0.000000 
		0.500000	0.500000	0.500000	0.000000 
		0.500000	0.500000	0.500000	0.000000 
		0.500000	0.500000	0.500000	0.000000 
		0.500000	0.500000	0.500000	0.000000 
		0.549594	0.500000	0.500000	0.000000 
		0.500000	0.500000	0.500000	0.000000 
		0.500000	0.574265	0.500000	0.000000 
		0.500000	0.550762	0.500000	0.000000 
		0.500000	0.500000	0.500000	0.000000 
		0.500000	0.500000	0.500000	0.000000 
		0.500000	0.500000	0.500000	0.000000 
		0.500000	0.500000	0.500000	0.000000 
		0.500000	0.550762	0.500000	0.000000 
		0.500000	0.500000	0.500000	0.000000 
		0.500000	0.500000	0.500000	0.000000 
		0.500000	0.500000	0.500000	0.000000 
		0.500000	0.500000	0.500000	0.000000 
		0.500000	0.500000	0.500000	0.000000 
		0.500000	0.500000	0.500000	0.000000 
		0.500000	0.500000	0.500000	0.000000 
		0.500000	0.500000	0.500000	0.000000 
		0.500000	0.571531	0.500000	0.000000 
		0.500000	0.500000	0.500000	0.000000 
		0.500000	0.500000	0.500000	0.000000 
		0.500000	0.500000	0.500000	0.000000 
		0.500000	0.500000	0.500000	0.000000 
		0.500000	0.500000	0.500000	0.000000 
		0.500000	0.500000	0.500000	0.000000 
		0.500000	0.500000	0.500000	0.000000 
		0.500000	0.500000	0.500000	0.000000 
		0.500000	0.500000	0.500000	0.000000 
	}

	Tex0 389 { 
		0.642578	0.767578 
		0.648438	0.749023 
		0.648438	0.735352 
		0.643555	0.735352 
		0.584961	0.767578 
		0.584961	0.734375 
		0.568359	0.735352 
		0.569336	0.766602 
		0.944336	0.111328 
		0.941406	0.112305 
		0.943359	0.124023 
		0.945313	0.100586 
		0.942383	0.103516 
		0.958984	0.124023 
		0.959961	0.111328 
		0.960938	0.100586 
		0.056641	0.631836 
		0.046875	0.681641 
		0.067383	0.684570 
		0.068359	0.631836 
		0.037109	0.666992 
		0.031250	0.631836 
		0.068359	0.682617 
		0.853516	0.937500 
		0.022461	0.166016 
		0.022461	0.171875 
		0.085938	0.175781 
		0.084961	0.170898 
		0.022461	0.222656 
		0.087891	0.225586 
		0.372070	0.752930 
		0.363281	0.710938 
		0.140625	0.710938 
		0.131836	0.752930 
		0.250977	0.776367 
		0.375000	0.776367 
		0.368164	0.708984 
		0.375000	0.751953 
		0.447266	0.747070 
		0.437500	0.707031 
		0.455078	0.776367 
		0.133789	0.708008 
		0.065430	0.707031 
		0.056641	0.747070 
		0.129883	0.751953 
		0.126953	0.776367 
		0.066406	0.066406 
		0.057617	0.054688 
		0.109375	0.059570 
		0.030273	0.055664 
		0.045898	0.066406 
		0.061523	0.014648 
		0.102539	0.023438 
		0.064453	0.030273 
		0.102539	0.001953 
		0.047852	0.030273 
		0.035156	0.971680 
		0.037109	0.971680 
		0.056641	0.018555 
		0.917969	0.472656 
		0.141602	0.629883 
		0.041992	0.703125 
		0.029297	0.734375 
		0.037109	0.964844 
		0.194336	0.485352 
		0.229492	0.478516 
		0.227539	0.468750 
		0.194336	0.474609 
		0.754883	0.169922 
		0.819336	0.155273 
		0.709961	0.202148 
		0.706055	0.140625 
		0.810547	0.141602 
		0.749023	0.141602 
		0.288086	0.127930 
		0.167969	0.117188 
		0.173828	0.106445 
		0.282227	0.109375 
		0.073242	0.091797 
		0.060547	0.099609 
		0.799805	0.082031 
		0.952148	0.083008 
		0.951172	0.111328 
		0.791992	0.117188 
		0.133789	0.084961 
		0.224609	0.487305 
		0.010742	0.484375 
		0.027344	0.486328 
		0.021484	0.474609 
		0.001953	0.465820 
		0.757813	0.154297 
		0.190430	0.094727 
		0.765625	0.095703 
		0.705078	0.118164 
		0.719727	0.089844 
		0.956055	0.053711 
		0.822266	0.049805 
		0.826172	0.013672 
		0.970703	0.030273 
		0.253906	0.054688 
		0.272461	0.003906 
		0.505859	0.003906 
		0.516602	0.059570 
		0.693359	0.063477 
		0.236328	0.078125 
		0.035156	0.965820 
		0.035156	0.967773 
		0.035156	0.969727 
		0.063477	0.077148 
		0.049805	0.086914 
		0.099609	0.228516 
		0.096680	0.177734 
		0.545898	0.226563 
		0.521484	0.225586 
		0.516602	0.182617 
		0.539063	0.183594 
		0.219727	0.493164 
		0.218750	0.488281 
		0.206055	0.488281 
		0.130859	0.477539 
		0.130859	0.488281 
		0.150391	0.477539 
		0.038086	0.476563 
		0.677734	0.165039 
		0.691406	0.173828 
		0.674805	0.211914 
		0.655273	0.216797 
		0.529297	0.137695 
		0.673828	0.143555 
		0.536133	0.140625 
		0.704102	0.143555 
		0.685547	0.143555 
		0.521484	0.114258 
		0.508789	0.140625 
		0.298828	0.128906 
		0.355469	0.134766 
		0.797852	0.301758 
		0.471680	0.224609 
		0.472656	0.222656 
		0.425781	0.212891 
		0.427734	0.210938 
		0.196289	0.493164 
		0.217773	0.491211 
		0.145508	0.493164 
		0.145508	0.490234 
		0.308594	0.132813 
		0.754883	0.155273 
		0.746094	0.144531 
		0.708008	0.199219 
		0.751953	0.167969 
		0.673828	0.215820 
		0.654297	0.219727 
		0.955078	0.075195 
		0.949219	0.138672 
		0.047852	0.776367 
		0.890625	0.472656 
		0.474609	0.734375 
		0.459961	0.703125 
		0.097656	0.228516 
		0.103516	0.232422 
		0.176758	0.492188 
		0.176758	0.488281 
		0.348633	0.165039 
		0.021484	0.751953 
		0.692383	0.211914 
		0.346680	0.166992 
		0.670898	0.003906 
		0.481445	0.751953 
		0.584961	0.709961 
		0.568359	0.710938 
		0.643555	0.709961 
		0.701172	0.726563 
		0.751953	0.794922 
		0.577148	0.795898 
		0.576172	0.734375 
		0.803711	0.726563 
		0.751953	0.727539 
		0.928711	0.734375 
		0.926758	0.795898 
		0.579102	0.673828 
		0.699219	0.672852 
		0.667969	0.556641 
		0.699219	0.609375 
		0.573242	0.609375 
		0.566406	0.551758 
		0.538086	0.608398 
		0.884766	0.790039 
		0.548828	0.735352 
		0.546875	0.673828 
		0.536133	0.656250 
		0.573242	0.657227 
		0.701172	0.656250 
		0.804688	0.672852 
		0.926758	0.673828 
		0.804688	0.609375 
		0.751953	0.556641 
		0.930664	0.609375 
		0.937500	0.551758 
		0.965820	0.608398 
		0.701172	0.663086 
		0.802734	0.663086 
		0.836914	0.556641 
		0.802734	0.656250 
		0.931641	0.657227 
		0.967773	0.656250 
		0.957031	0.673828 
		0.955078	0.735352 
		0.553711	0.795898 
		0.742188	0.728516 
		0.951172	0.795898 
		0.750000	0.977539 
		0.615234	0.968750 
		0.578125	0.857422 
		0.750000	0.860352 
		0.884766	0.968750 
		0.920898	0.857422 
		0.436523	0.630859 
		0.435547	0.684570 
		0.371094	0.684570 
		0.369141	0.631836 
		0.367188	0.631836 
		0.369141	0.684570 
		0.521484	0.703125 
		0.521484	0.698242 
		0.537109	0.698242 
		0.537109	0.703125 
		0.944336	0.297852 
		0.960938	0.297852 
		0.956055	0.318359 
		0.943359	0.318359 
		0.892578	0.326172 
		0.898438	0.291016 
		0.939453	0.286133 
		0.958984	0.289063 
		0.934570	0.332031 
		0.956055	0.332031 
		0.294922	0.404297 
		0.251953	0.405273 
		0.189453	0.406250 
		0.928711	0.354492 
		0.941406	0.362305 
		0.833008	0.382813 
		0.829102	0.372070 
		0.243164	0.417969 
		0.181641	0.419922 
		0.209961	0.381836 
		0.204102	0.348633 
		0.235352	0.359375 
		0.282227	0.354492 
		0.295898	0.381836 
		0.764648	0.344727 
		0.811523	0.361328 
		0.718750	0.375000 
		0.478516	0.401367 
		0.487305	0.378906 
		0.702148	0.394531 
		0.345703	0.481445 
		0.326172	0.477539 
		0.305664	0.428711 
		0.323242	0.428711 
		0.492188	0.405273 
		0.464844	0.405273 
		0.645508	0.399414 
		0.485352	0.446289 
		0.461914	0.447266 
		0.479492	0.488281 
		0.455078	0.489258 
		0.529297	0.487305 
		0.478516	0.490234 
		0.528320	0.485352 
		0.575195	0.476563 
		0.574219	0.474609 
		0.654297	0.432617 
		0.652344	0.430664 
		0.504883	0.267578 
		0.729492	0.267578 
		0.747070	0.321289 
		0.497070	0.325195 
		0.713867	0.393555 
		0.693359	0.397461 
		0.456055	0.491211 
		0.328125	0.407227 
		0.296875	0.408203 
		0.315430	0.407227 
		0.254883	0.408203 
		0.327148	0.480469 
		0.291016	0.464844 
		0.246094	0.433594 
		0.247070	0.418945 
		0.249023	0.431641 
		0.292969	0.461914 
		0.048828	0.347656 
		0.045898	0.337891 
		0.048828	0.375977 
		0.051758	0.402344 
		0.951172	0.353516 
		0.937500	0.344727 
		0.328125	0.409180 
		0.868164	0.351563 
		0.044922	0.317383 
		0.184570	0.325195 
		0.898438	0.269531 
		0.030273	0.292969 
		0.175781	0.276367 
		0.308594	0.474609 
		0.307617	0.329102 
		0.331055	0.266602 
		0.359375	0.693359 
		0.142578	0.693359 
		0.435547	0.693359 
		0.365234	0.693359 
		0.138672	0.633789 
		0.144531	0.634766 
		0.142578	0.683594 
		0.136719	0.684570 
		0.365234	0.632813 
		0.358398	0.634766 
		0.134766	0.693359 
		0.067383	0.695313 
		0.359375	0.683594 
		0.367188	0.684570 
		0.462891	0.606445 
		0.457031	0.632813 
		0.370117	0.562500 
		0.458008	0.562500 
		0.370117	0.606445 
		0.354492	0.546875 
		0.434570	0.541992 
		0.131836	0.606445 
		0.131836	0.562500 
		0.041016	0.606445 
		0.045898	0.562500 
		0.066406	0.632813 
		0.044922	0.633789 
		0.148438	0.546875 
		0.068359	0.541992 
		0.250977	0.546875 
		0.044922	0.690430 
		0.457031	0.690430 
		0.436523	0.686523 
		0.457031	0.679688 
		0.044922	0.679688 
		0.251953	0.808594 
		0.150391	0.807617 
		0.251953	0.955078 
		0.354492	0.807617 
		0.057617	0.816406 
		0.103516	0.948242 
		0.401367	0.948242 
		0.447266	0.816406 
		0.034180	0.954102 
		0.013672	0.114258 
		0.000977	0.280273 
		0.073242	0.190430 
		0.080078	0.022461 
		0.074219	-0.046875 
		0.028320	-0.001953 
		0.006836	0.052734 
		0.073242	0.799805 
		0.000977	0.708984 
		0.013672	0.875000 
		0.080078	0.966797 
		0.074219	0.977539 
		0.006836	0.877930 
		0.028320	0.932617 
		0.073242	0.495117 
		0.000977	0.495117 
		0.499023	0.011719 
		0.254883	0.020508 
		0.254883	0.184570 
		0.998047	0.495117 
		0.998047	0.316406 
		0.834961	0.181641 
		0.834961	0.495117 
		0.669922	0.170898 
		0.669922	0.495117 
		0.977539	0.102539 
		0.834961	0.017578 
		0.254883	0.495117 
		0.254883	0.804688 
		0.669922	0.817383 
		0.489258	0.977539 
		0.669922	0.983398 
		0.977539	0.887695 
		0.998047	0.673828 
		0.834961	0.808594 
		0.834961	0.971680 
		0.254883	0.968750 
		0.669922	0.005859 
	}

	Tex1 0 
	Adj 859 { 
		P 0 
		N 0 
		C0 0 
		T0 0 
		P 1 
		N 1 
		C0 1 
		T0 1 
		P 2 
		N 2 
		C0 2 
		T0 2 
		P 3 
		N 3 
		C0 3 
		T0 3 
		P 4 
		N 4 
		C0 4 
		T0 4 
		P 5 
		N 4 
		C0 5 
		T0 5 
		P 6 
		N 5 
		C0 6 
		T0 6 
		P 7 
		N 6 
		C0 7 
		T0 7 
		P 8 
		N 7 
		C0 8 
		T0 0 
		P 9 
		N 8 
		C0 9 
		T0 3 
		P 10 
		N 9 
		C0 10 
		T0 2 
		P 11 
		N 10 
		C0 11 
		T0 1 
		P 12 
		N 11 
		C0 12 
		T0 4 
		P 13 
		N 12 
		C0 13 
		T0 7 
		P 14 
		N 13 
		C0 14 
		T0 6 
		P 15 
		N 11 
		C0 15 
		T0 5 
		P 16 
		N 14 
		C0 16 
		T0 8 
		P 17 
		N 15 
		C0 17 
		T0 9 
		P 18 
		N 16 
		C0 18 
		T0 10 
		P 19 
		N 17 
		C0 19 
		T0 11 
		P 20 
		N 18 
		C0 20 
		T0 12 
		P 7 
		N 6 
		C0 21 
		T0 13 
		P 6 
		N 5 
		C0 22 
		T0 14 
		P 21 
		N 5 
		C0 23 
		T0 15 
		P 22 
		N 19 
		C0 24 
		T0 16 
		P 23 
		N 19 
		C0 25 
		T0 17 
		P 24 
		N 20 
		C0 26 
		T0 18 
		P 25 
		N 20 
		C0 27 
		T0 19 
		P 26 
		N 21 
		C0 28 
		T0 20 
		P 27 
		N 21 
		C0 29 
		T0 21 
		P 28 
		N 22 
		C0 30 
		T0 19 
		P 29 
		N 22 
		C0 31 
		T0 22 
		P 30 
		N 23 
		C0 32 
		T0 17 
		P 31 
		N 23 
		C0 33 
		T0 16 
		P 32 
		N 24 
		C0 34 
		T0 20 
		P 33 
		N 24 
		C0 35 
		T0 21 
		P 34 
		N 25 
		C0 36 
		T0 23 
		P 35 
		N 26 
		C0 37 
		T0 23 
		P 36 
		N 27 
		C0 38 
		T0 23 
		P 37 
		N 28 
		C0 39 
		T0 23 
		P 38 
		N 29 
		C0 40 
		T0 23 
		P 39 
		N 30 
		C0 41 
		T0 23 
		P 34 
		N 31 
		C0 42 
		T0 23 
		P 39 
		N 31 
		C0 43 
		T0 23 
		P 40 
		N 32 
		C0 44 
		T0 23 
		P 41 
		N 33 
		C0 45 
		T0 23 
		P 42 
		N 34 
		C0 46 
		T0 23 
		P 43 
		N 35 
		C0 47 
		T0 23 
		P 44 
		N 36 
		C0 48 
		T0 23 
		P 45 
		N 37 
		C0 49 
		T0 23 
		P 40 
		N 38 
		C0 50 
		T0 23 
		P 45 
		N 38 
		C0 51 
		T0 23 
		P 46 
		N 39 
		C0 52 
		T0 23 
		P 47 
		N 40 
		C0 53 
		T0 23 
		P 48 
		N 41 
		C0 54 
		T0 23 
		P 49 
		N 42 
		C0 55 
		T0 23 
		P 50 
		N 43 
		C0 56 
		T0 23 
		P 51 
		N 44 
		C0 57 
		T0 23 
		P 46 
		N 45 
		C0 58 
		T0 23 
		P 51 
		N 45 
		C0 59 
		T0 23 
		P 52 
		N 46 
		C0 60 
		T0 23 
		P 53 
		N 47 
		C0 61 
		T0 23 
		P 54 
		N 48 
		C0 62 
		T0 23 
		P 55 
		N 49 
		C0 63 
		T0 23 
		P 56 
		N 50 
		C0 64 
		T0 23 
		P 57 
		N 51 
		C0 65 
		T0 23 
		P 52 
		N 52 
		C0 66 
		T0 23 
		P 57 
		N 52 
		C0 67 
		T0 23 
		P 58 
		N 53 
		C0 68 
		T0 24 
		P 59 
		N 54 
		C0 69 
		T0 25 
		P 60 
		N 55 
		C0 70 
		T0 26 
		P 61 
		N 56 
		C0 71 
		T0 27 
		P 62 
		N 57 
		C0 72 
		T0 28 
		P 63 
		N 58 
		C0 73 
		T0 29 
		P 64 
		N 59 
		C0 74 
		T0 26 
		P 65 
		N 60 
		C0 75 
		T0 29 
		P 66 
		N 61 
		C0 76 
		T0 27 
		P 67 
		N 62 
		C0 77 
		T0 30 
		P 68 
		N 63 
		C0 78 
		T0 31 
		P 69 
		N 63 
		C0 79 
		T0 32 
		P 70 
		N 62 
		C0 80 
		T0 33 
		P 71 
		N 64 
		C0 81 
		T0 34 
		P 72 
		N 65 
		C0 82 
		T0 35 
		P 73 
		N 66 
		C0 83 
		T0 36 
		P 74 
		N 67 
		C0 84 
		T0 37 
		P 75 
		N 67 
		C0 85 
		T0 38 
		P 76 
		N 66 
		C0 86 
		T0 39 
		P 72 
		N 68 
		C0 87 
		T0 35 
		P 77 
		N 68 
		C0 88 
		T0 40 
		P 73 
		N 69 
		C0 89 
		T0 36 
		P 68 
		N 69 
		C0 90 
		T0 31 
		P 67 
		N 70 
		C0 91 
		T0 30 
		P 74 
		N 70 
		C0 92 
		T0 37 
		P 72 
		N 71 
		C0 93 
		T0 35 
		P 78 
		N 72 
		C0 94 
		T0 41 
		P 79 
		N 72 
		C0 95 
		T0 42 
		P 80 
		N 73 
		C0 96 
		T0 43 
		P 81 
		N 73 
		C0 97 
		T0 44 
		P 78 
		N 74 
		C0 98 
		T0 41 
		P 81 
		N 75 
		C0 99 
		T0 44 
		P 70 
		N 75 
		C0 100 
		T0 33 
		P 69 
		N 74 
		C0 101 
		T0 32 
		P 82 
		N 76 
		C0 102 
		T0 45 
		P 83 
		N 77 
		C0 103 
		T0 46 
		P 84 
		N 78 
		C0 104 
		T0 47 
		P 85 
		N 79 
		C0 105 
		T0 48 
		P 86 
		N 80 
		C0 106 
		T0 49 
		P 87 
		N 81 
		C0 107 
		T0 50 
		P 88 
		N 82 
		C0 108 
		T0 51 
		P 89 
		N 83 
		C0 109 
		T0 52 
		P 90 
		N 84 
		C0 110 
		T0 53 
		P 91 
		N 85 
		C0 111 
		T0 54 
		P 92 
		N 86 
		C0 112 
		T0 55 
		P 85 
		N 87 
		C0 113 
		T0 56 
		P 89 
		N 88 
		C0 114 
		T0 56 
		P 93 
		N 89 
		C0 115 
		T0 57 
		P 91 
		N 90 
		C0 116 
		T0 56 
		P 94 
		N 91 
		C0 117 
		T0 57 
		P 95 
		N 92 
		C0 118 
		T0 58 
		P 96 
		N 93 
		C0 119 
		T0 56 
		P 97 
		N 94 
		C0 120 
		T0 57 
		P 98 
		N 95 
		C0 121 
		T0 56 
		P 99 
		N 96 
		C0 122 
		T0 56 
		P 100 
		N 97 
		C0 123 
		T0 57 
		P 101 
		N 98 
		C0 124 
		T0 59 
		P 102 
		N 99 
		C0 125 
		T0 59 
		P 103 
		N 100 
		C0 126 
		T0 59 
		P 104 
		N 101 
		C0 127 
		T0 59 
		P 105 
		N 102 
		C0 128 
		T0 59 
		P 106 
		N 103 
		C0 129 
		T0 59 
		P 107 
		N 104 
		C0 130 
		T0 59 
		P 108 
		N 105 
		C0 131 
		T0 59 
		P 104 
		N 106 
		C0 132 
		T0 60 
		P 103 
		N 107 
		C0 133 
		T0 60 
		P 105 
		N 107 
		C0 134 
		T0 60 
		P 109 
		N 108 
		C0 135 
		T0 60 
		P 106 
		N 108 
		C0 136 
		T0 60 
		P 80 
		N 109 
		C0 137 
		T0 43 
		P 79 
		N 110 
		C0 138 
		T0 42 
		P 110 
		N 111 
		C0 139 
		T0 61 
		P 111 
		N 109 
		C0 140 
		T0 62 
		P 94 
		N 112 
		C0 141 
		T0 57 
		P 112 
		N 113 
		C0 142 
		T0 63 
		P 113 
		N 114 
		C0 143 
		T0 63 
		P 93 
		N 115 
		C0 144 
		T0 57 
		P 114 
		N 116 
		C0 145 
		T0 64 
		P 115 
		N 117 
		C0 146 
		T0 65 
		P 116 
		N 118 
		C0 147 
		T0 66 
		P 117 
		N 119 
		C0 148 
		T0 67 
		P 118 
		N 120 
		C0 149 
		T0 63 
		P 119 
		N 121 
		C0 150 
		T0 57 
		P 120 
		N 122 
		C0 151 
		T0 57 
		P 121 
		N 123 
		C0 152 
		T0 63 
		P 122 
		N 124 
		C0 153 
		T0 68 
		P 123 
		N 125 
		C0 154 
		T0 69 
		P 63 
		N 58 
		C0 155 
		T0 69 
		P 124 
		N 126 
		C0 156 
		T0 70 
		P 125 
		N 127 
		C0 157 
		T0 71 
		P 126 
		N 127 
		C0 158 
		T0 72 
		P 127 
		N 127 
		C0 159 
		T0 73 
		P 128 
		N 128 
		C0 160 
		T0 74 
		P 111 
		N 129 
		C0 161 
		T0 75 
		P 129 
		N 130 
		C0 162 
		T0 76 
		P 130 
		N 131 
		C0 163 
		T0 77 
		P 131 
		N 132 
		C0 164 
		T0 78 
		P 110 
		N 111 
		C0 165 
		T0 79 
		P 132 
		N 133 
		C0 166 
		T0 80 
		P 133 
		N 134 
		C0 167 
		T0 81 
		P 134 
		N 135 
		C0 168 
		T0 82 
		P 135 
		N 136 
		C0 169 
		T0 83 
		P 136 
		N 137 
		C0 170 
		T0 84 
		P 85 
		N 138 
		C0 171 
		T0 48 
		P 137 
		N 139 
		C0 172 
		T0 85 
		P 138 
		N 140 
		C0 173 
		T0 85 
		P 139 
		N 64 
		C0 174 
		T0 85 
		P 114 
		N 116 
		C0 175 
		T0 85 
		P 140 
		N 141 
		C0 176 
		T0 85 
		P 141 
		N 142 
		C0 177 
		T0 85 
		P 142 
		N 143 
		C0 178 
		T0 85 
		P 143 
		N 144 
		C0 179 
		T0 85 
		P 143 
		N 144 
		C0 180 
		T0 86 
		P 141 
		N 142 
		C0 181 
		T0 87 
		P 144 
		N 145 
		C0 182 
		T0 88 
		P 124 
		N 126 
		C0 183 
		T0 89 
		P 145 
		N 146 
		C0 184 
		T0 90 
		P 127 
		N 147 
		C0 185 
		T0 73 
		P 126 
		N 148 
		C0 186 
		T0 72 
		P 146 
		N 149 
		C0 187 
		T0 91 
		P 147 
		N 150 
		C0 188 
		T0 92 
		P 148 
		N 151 
		C0 189 
		T0 93 
		P 149 
		N 152 
		C0 190 
		T0 94 
		P 150 
		N 153 
		C0 191 
		T0 95 
		P 151 
		N 154 
		C0 192 
		T0 96 
		P 152 
		N 155 
		C0 193 
		T0 97 
		P 153 
		N 156 
		C0 194 
		T0 98 
		P 154 
		N 157 
		C0 195 
		T0 99 
		P 155 
		N 158 
		C0 196 
		T0 100 
		P 156 
		N 158 
		C0 197 
		T0 101 
		P 157 
		N 159 
		C0 198 
		T0 102 
		P 158 
		N 160 
		C0 199 
		T0 103 
		P 159 
		N 161 
		C0 200 
		T0 104 
		P 154 
		N 162 
		C0 201 
		T0 105 
		P 155 
		N 163 
		C0 202 
		T0 105 
		P 146 
		N 164 
		C0 203 
		T0 106 
		P 136 
		N 165 
		C0 204 
		T0 56 
		P 85 
		N 166 
		C0 205 
		T0 56 
		P 159 
		N 167 
		C0 206 
		T0 105 
		P 158 
		N 168 
		C0 207 
		T0 56 
		P 160 
		N 169 
		C0 208 
		T0 56 
		P 151 
		N 170 
		C0 209 
		T0 105 
		P 152 
		N 171 
		C0 210 
		T0 105 
		P 132 
		N 172 
		C0 211 
		T0 105 
		P 147 
		N 173 
		C0 212 
		T0 106 
		P 149 
		N 174 
		C0 213 
		T0 107 
		P 161 
		N 175 
		C0 214 
		T0 108 
		P 83 
		N 176 
		C0 215 
		T0 46 
		P 162 
		N 177 
		C0 216 
		T0 109 
		P 123 
		N 125 
		C0 217 
		T0 110 
		P 163 
		N 178 
		C0 218 
		T0 111 
		P 164 
		N 179 
		C0 219 
		T0 112 
		P 165 
		N 179 
		C0 220 
		T0 113 
		P 166 
		N 180 
		C0 221 
		T0 114 
		P 167 
		N 180 
		C0 222 
		T0 115 
		P 168 
		N 181 
		C0 223 
		T0 116 
		P 169 
		N 182 
		C0 224 
		T0 117 
		P 170 
		N 183 
		C0 225 
		T0 118 
		P 171 
		N 184 
		C0 226 
		T0 119 
		P 137 
		N 139 
		C0 227 
		T0 120 
		P 172 
		N 185 
		C0 228 
		T0 121 
		P 173 
		N 186 
		C0 229 
		T0 122 
		P 174 
		N 187 
		C0 230 
		T0 123 
		P 175 
		N 127 
		C0 231 
		T0 124 
		P 176 
		N 188 
		C0 232 
		T0 125 
		P 177 
		N 188 
		C0 233 
		T0 126 
		P 178 
		N 189 
		C0 234 
		T0 127 
		P 125 
		N 190 
		C0 235 
		T0 71 
		P 179 
		N 191 
		C0 236 
		T0 128 
		P 180 
		N 189 
		C0 237 
		T0 129 
		P 181 
		N 192 
		C0 238 
		T0 130 
		P 182 
		N 193 
		C0 239 
		T0 131 
		P 178 
		N 194 
		C0 240 
		T0 127 
		P 183 
		N 151 
		C0 241 
		T0 132 
		P 184 
		N 189 
		C0 242 
		T0 133 
		P 185 
		N 195 
		C0 243 
		T0 134 
		P 186 
		N 195 
		C0 244 
		T0 135 
		P 187 
		N 196 
		C0 245 
		T0 136 
		P 188 
		N 197 
		C0 246 
		T0 136 
		P 71 
		N 197 
		C0 247 
		T0 136 
		P 82 
		N 196 
		C0 248 
		T0 136 
		P 168 
		N 198 
		C0 249 
		T0 136 
		P 117 
		N 199 
		C0 250 
		T0 137 
		P 189 
		N 200 
		C0 251 
		T0 138 
		P 165 
		N 201 
		C0 252 
		T0 113 
		P 172 
		N 200 
		C0 253 
		T0 113 
		P 116 
		N 202 
		C0 254 
		T0 139 
		P 190 
		N 203 
		C0 255 
		T0 140 
		P 191 
		N 203 
		C0 256 
		T0 118 
		P 169 
		N 204 
		C0 257 
		T0 141 
		P 185 
		N 195 
		C0 258 
		T0 142 
		P 170 
		N 205 
		C0 259 
		T0 143 
		P 192 
		N 205 
		C0 260 
		T0 144 
		P 191 
		N 203 
		C0 261 
		T0 145 
		P 127 
		N 206 
		C0 262 
		T0 73 
		P 145 
		N 207 
		C0 263 
		T0 90 
		P 193 
		N 207 
		C0 264 
		T0 146 
		P 194 
		N 206 
		C0 265 
		T0 147 
		P 122 
		N 208 
		C0 266 
		T0 68 
		P 124 
		N 209 
		C0 267 
		T0 70 
		P 195 
		N 209 
		C0 268 
		T0 148 
		P 196 
		N 208 
		C0 269 
		T0 149 
		P 103 
		N 210 
		C0 270 
		T0 59 
		P 102 
		N 211 
		C0 271 
		T0 59 
		P 186 
		N 212 
		C0 272 
		T0 59 
		P 192 
		N 213 
		C0 273 
		T0 59 
		P 191 
		N 214 
		C0 274 
		T0 59 
		P 197 
		N 215 
		C0 275 
		T0 59 
		P 109 
		N 216 
		C0 276 
		T0 59 
		P 197 
		N 217 
		C0 277 
		T0 59 
		P 182 
		N 218 
		C0 278 
		T0 131 
		P 181 
		N 219 
		C0 279 
		T0 130 
		P 179 
		N 220 
		C0 280 
		T0 128 
		P 180 
		N 221 
		C0 281 
		T0 129 
		P 184 
		N 221 
		C0 282 
		T0 133 
		P 144 
		N 180 
		C0 283 
		T0 150 
		P 176 
		N 180 
		C0 284 
		T0 125 
		P 144 
		N 222 
		C0 285 
		T0 150 
		P 173 
		N 223 
		C0 286 
		T0 151 
		P 177 
		N 224 
		C0 287 
		T0 126 
		P 176 
		N 222 
		C0 288 
		T0 125 
		P 171 
		N 225 
		C0 289 
		T0 112 
		P 164 
		N 226 
		C0 290 
		T0 112 
		P 126 
		N 227 
		C0 291 
		T0 72 
		P 125 
		N 228 
		C0 292 
		T0 71 
		P 198 
		N 229 
		C0 293 
		T0 152 
		P 163 
		N 230 
		C0 294 
		T0 153 
		P 168 
		N 231 
		C0 295 
		T0 154 
		P 82 
		N 231 
		C0 296 
		T0 45 
		P 186 
		N 232 
		C0 297 
		T0 59 
		P 192 
		N 232 
		C0 298 
		T0 59 
		P 109 
		N 232 
		C0 299 
		T0 59 
		P 103 
		N 232 
		C0 300 
		T0 59 
		P 199 
		N 233 
		C0 301 
		T0 155 
		P 200 
		N 234 
		C0 302 
		T0 155 
		P 201 
		N 235 
		C0 303 
		T0 155 
		P 202 
		N 236 
		C0 304 
		T0 155 
		P 100 
		N 237 
		C0 305 
		T0 57 
		P 97 
		N 238 
		C0 306 
		T0 57 
		P 203 
		N 239 
		C0 307 
		T0 63 
		P 204 
		N 240 
		C0 308 
		T0 63 
		P 205 
		N 241 
		C0 309 
		T0 156 
		P 206 
		N 242 
		C0 310 
		T0 157 
		P 76 
		N 243 
		C0 311 
		T0 39 
		P 75 
		N 241 
		C0 312 
		T0 38 
		P 207 
		N 244 
		C0 313 
		T0 63 
		P 208 
		N 245 
		C0 314 
		T0 63 
		P 209 
		N 246 
		C0 315 
		T0 57 
		P 210 
		N 247 
		C0 316 
		T0 57 
		P 211 
		N 248 
		C0 317 
		T0 85 
		P 212 
		N 249 
		C0 318 
		T0 85 
		P 213 
		N 250 
		C0 319 
		T0 85 
		P 214 
		N 251 
		C0 320 
		T0 85 
		P 215 
		N 252 
		C0 321 
		T0 105 
		P 216 
		N 163 
		C0 322 
		T0 105 
		P 217 
		N 253 
		C0 323 
		T0 106 
		P 218 
		N 254 
		C0 324 
		T0 56 
		P 96 
		N 255 
		C0 325 
		T0 56 
		P 219 
		N 256 
		C0 326 
		T0 105 
		P 220 
		N 257 
		C0 327 
		T0 56 
		P 221 
		N 258 
		C0 328 
		T0 56 
		P 222 
		N 259 
		C0 329 
		T0 105 
		P 223 
		N 260 
		C0 330 
		T0 105 
		P 224 
		N 261 
		C0 331 
		T0 105 
		P 225 
		N 262 
		C0 332 
		T0 106 
		P 226 
		N 263 
		C0 333 
		T0 107 
		P 227 
		N 264 
		C0 334 
		T0 136 
		P 72 
		N 264 
		C0 335 
		T0 136 
		P 71 
		N 265 
		C0 336 
		T0 136 
		P 188 
		N 265 
		C0 337 
		T0 136 
		P 77 
		N 266 
		C0 338 
		T0 136 
		P 77 
		N 267 
		C0 339 
		T0 116 
		P 228 
		N 268 
		C0 340 
		T0 117 
		P 229 
		N 269 
		C0 341 
		T0 85 
		P 230 
		N 270 
		C0 342 
		T0 117 
		P 231 
		N 271 
		C0 343 
		T0 158 
		P 232 
		N 272 
		C0 344 
		T0 111 
		P 233 
		N 273 
		C0 345 
		T0 159 
		P 201 
		N 274 
		C0 346 
		T0 155 
		P 234 
		N 275 
		C0 347 
		T0 155 
		P 202 
		N 276 
		C0 348 
		T0 155 
		P 235 
		N 277 
		C0 349 
		T0 155 
		P 236 
		N 278 
		C0 350 
		T0 155 
		P 237 
		N 279 
		C0 351 
		T0 155 
		P 238 
		N 280 
		C0 352 
		T0 155 
		P 239 
		N 281 
		C0 353 
		T0 155 
		P 237 
		N 282 
		C0 354 
		T0 155 
		P 240 
		N 283 
		C0 355 
		T0 155 
		P 241 
		N 284 
		C0 356 
		T0 160 
		P 242 
		N 285 
		C0 357 
		T0 161 
		P 243 
		N 286 
		C0 358 
		T0 118 
		P 244 
		N 287 
		C0 359 
		T0 67 
		P 242 
		N 285 
		C0 360 
		T0 66 
		P 241 
		N 284 
		C0 361 
		T0 65 
		P 212 
		N 249 
		C0 362 
		T0 64 
		P 211 
		N 248 
		C0 363 
		T0 120 
		P 245 
		N 288 
		C0 364 
		T0 119 
		P 246 
		N 289 
		C0 365 
		T0 121 
		P 214 
		N 251 
		C0 366 
		T0 87 
		P 247 
		N 290 
		C0 367 
		T0 122 
		P 248 
		N 291 
		C0 368 
		T0 88 
		P 249 
		N 292 
		C0 369 
		T0 89 
		P 213 
		N 250 
		C0 370 
		T0 86 
		P 250 
		N 293 
		C0 371 
		T0 155 
		P 200 
		N 294 
		C0 372 
		T0 60 
		P 250 
		N 295 
		C0 373 
		T0 60 
		P 201 
		N 295 
		C0 374 
		T0 60 
		P 235 
		N 296 
		C0 375 
		T0 60 
		P 238 
		N 296 
		C0 376 
		T0 60 
		P 234 
		N 297 
		C0 377 
		T0 155 
		P 201 
		N 297 
		C0 378 
		T0 155 
		P 238 
		N 297 
		C0 379 
		T0 155 
		P 251 
		N 297 
		C0 380 
		T0 155 
		P 251 
		N 298 
		C0 381 
		T0 155 
		P 238 
		N 299 
		C0 382 
		T0 155 
		P 161 
		N 300 
		C0 383 
		T0 108 
		P 162 
		N 19 
		C0 384 
		T0 109 
		P 87 
		N 19 
		C0 385 
		T0 50 
		P 83 
		N 300 
		C0 386 
		T0 46 
		P 174 
		N 180 
		C0 387 
		T0 123 
		P 192 
		N 205 
		C0 388 
		T0 162 
		P 186 
		N 301 
		C0 389 
		T0 135 
		P 184 
		N 302 
		C0 390 
		T0 133 
		P 166 
		N 303 
		C0 391 
		T0 114 
		P 196 
		N 146 
		C0 392 
		T0 149 
		P 175 
		N 304 
		C0 393 
		T0 124 
		P 181 
		N 305 
		C0 394 
		T0 130 
		P 193 
		N 305 
		C0 395 
		T0 146 
		P 194 
		N 306 
		C0 396 
		T0 147 
		P 195 
		N 307 
		C0 397 
		T0 148 
		P 176 
		N 307 
		C0 398 
		T0 125 
		P 185 
		N 308 
		C0 399 
		T0 134 
		P 180 
		N 190 
		C0 400 
		T0 129 
		P 179 
		N 190 
		C0 401 
		T0 128 
		P 241 
		N 284 
		C0 402 
		T0 85 
		P 252 
		N 309 
		C0 403 
		T0 85 
		P 115 
		N 117 
		C0 404 
		T0 85 
		P 126 
		N 148 
		C0 405 
		T0 159 
		P 109 
		N 310 
		C0 406 
		T0 59 
		P 168 
		N 181 
		C0 407 
		T0 154 
		P 128 
		N 311 
		C0 408 
		T0 163 
		P 185 
		N 312 
		C0 409 
		T0 85 
		P 168 
		N 181 
		C0 410 
		T0 117 
		P 128 
		N 311 
		C0 411 
		T0 116 
		P 143 
		N 144 
		C0 412 
		T0 164 
		P 170 
		N 205 
		C0 413 
		T0 165 
		P 116 
		N 118 
		C0 414 
		T0 161 
		P 115 
		N 117 
		C0 415 
		T0 160 
		P 82 
		N 313 
		C0 416 
		T0 45 
		P 160 
		N 314 
		C0 417 
		T0 166 
		P 253 
		N 315 
		C0 418 
		T0 8 
		P 254 
		N 316 
		C0 419 
		T0 10 
		P 255 
		N 317 
		C0 420 
		T0 9 
		P 256 
		N 318 
		C0 421 
		T0 11 
		P 257 
		N 319 
		C0 422 
		T0 12 
		P 13 
		N 12 
		C0 423 
		T0 13 
		P 14 
		N 13 
		C0 424 
		T0 14 
		P 258 
		N 13 
		C0 425 
		T0 15 
		P 77 
		N 267 
		C0 426 
		T0 40 
		P 230 
		N 270 
		C0 427 
		T0 167 
		P 128 
		N 320 
		C0 428 
		T0 74 
		P 259 
		N 4 
		C0 429 
		T0 168 
		P 21 
		N 5 
		C0 430 
		T0 169 
		P 260 
		N 3 
		C0 431 
		T0 170 
		P 261 
		N 321 
		C0 432 
		T0 171 
		P 58 
		N 322 
		C0 433 
		T0 172 
		P 61 
		N 323 
		C0 434 
		T0 173 
		P 262 
		N 324 
		C0 435 
		T0 174 
		P 263 
		N 325 
		C0 436 
		T0 175 
		P 264 
		N 326 
		C0 437 
		T0 176 
		P 265 
		N 327 
		C0 438 
		T0 177 
		P 66 
		N 327 
		C0 439 
		T0 178 
		P 266 
		N 328 
		C0 440 
		T0 179 
		P 267 
		N 329 
		C0 441 
		T0 180 
		P 268 
		N 330 
		C0 442 
		T0 181 
		P 269 
		N 331 
		C0 443 
		T0 182 
		P 270 
		N 332 
		C0 444 
		T0 183 
		P 153 
		N 156 
		C0 445 
		T0 184 
		P 150 
		N 153 
		C0 446 
		T0 185 
		P 271 
		N 333 
		C0 447 
		T0 186 
		P 272 
		N 334 
		C0 448 
		T0 186 
		P 261 
		N 334 
		C0 449 
		T0 186 
		P 267 
		N 333 
		C0 450 
		T0 186 
		P 134 
		N 135 
		C0 451 
		T0 187 
		P 133 
		N 134 
		C0 452 
		T0 188 
		P 198 
		N 229 
		C0 453 
		T0 189 
		P 273 
		N 335 
		C0 454 
		T0 190 
		P 274 
		N 336 
		C0 455 
		T0 191 
		P 275 
		N 337 
		C0 456 
		T0 192 
		P 276 
		N 338 
		C0 457 
		T0 193 
		P 263 
		N 339 
		C0 458 
		T0 175 
		P 277 
		N 340 
		C0 459 
		T0 194 
		P 278 
		N 341 
		C0 460 
		T0 195 
		P 279 
		N 342 
		C0 461 
		T0 196 
		P 280 
		N 343 
		C0 462 
		T0 197 
		P 281 
		N 344 
		C0 463 
		T0 198 
		P 271 
		N 345 
		C0 464 
		T0 199 
		P 282 
		N 345 
		C0 465 
		T0 200 
		P 283 
		N 345 
		C0 466 
		T0 175 
		P 272 
		N 345 
		C0 467 
		T0 171 
		P 282 
		N 346 
		C0 468 
		T0 186 
		P 275 
		N 346 
		C0 469 
		T0 186 
		P 263 
		N 347 
		C0 470 
		T0 186 
		P 283 
		N 347 
		C0 471 
		T0 186 
		P 284 
		N 348 
		C0 472 
		T0 201 
		P 265 
		N 349 
		C0 473 
		T0 177 
		P 285 
		N 350 
		C0 474 
		T0 202 
		P 286 
		N 351 
		C0 475 
		T0 203 
		P 287 
		N 352 
		C0 476 
		T0 204 
		P 288 
		N 353 
		C0 477 
		T0 205 
		P 289 
		N 354 
		C0 478 
		T0 206 
		P 163 
		N 230 
		C0 479 
		T0 207 
		P 272 
		N 355 
		C0 480 
		T0 208 
		P 283 
		N 355 
		C0 481 
		T0 208 
		P 263 
		N 355 
		C0 482 
		T0 208 
		P 264 
		N 355 
		C0 483 
		T0 208 
		P 261 
		N 355 
		C0 484 
		T0 208 
		P 232 
		N 356 
		C0 485 
		T0 209 
		P 142 
		N 357 
		C0 486 
		T0 210 
		P 143 
		N 358 
		C0 487 
		T0 211 
		P 63 
		N 358 
		C0 488 
		T0 212 
		P 62 
		N 357 
		C0 489 
		T0 213 
		P 213 
		N 359 
		C0 490 
		T0 214 
		P 65 
		N 359 
		C0 491 
		T0 215 
		P 285 
		N 360 
		C0 492 
		T0 186 
		P 274 
		N 361 
		C0 493 
		T0 186 
		P 258 
		N 13 
		C0 494 
		T0 169 
		P 290 
		N 11 
		C0 495 
		T0 168 
		P 291 
		N 8 
		C0 496 
		T0 170 
		P 25 
		N 20 
		C0 497 
		T0 216 
		P 24 
		N 20 
		C0 498 
		T0 217 
		P 292 
		N 362 
		C0 499 
		T0 218 
		P 293 
		N 362 
		C0 500 
		T0 219 
		P 294 
		N 363 
		C0 501 
		T0 220 
		P 295 
		N 363 
		C0 502 
		T0 221 
		P 29 
		N 22 
		C0 503 
		T0 217 
		P 28 
		N 22 
		C0 504 
		T0 216 
		P 271 
		N 364 
		C0 505 
		T0 222 
		P 274 
		N 364 
		C0 506 
		T0 223 
		P 285 
		N 364 
		C0 507 
		T0 224 
		P 282 
		N 364 
		C0 508 
		T0 225 
		P 296 
		N 365 
		C0 509 
		T0 226 
		P 297 
		N 366 
		C0 510 
		T0 227 
		P 298 
		N 367 
		C0 511 
		T0 228 
		P 299 
		N 368 
		C0 512 
		T0 229 
		P 96 
		N 369 
		C0 513 
		T0 230 
		P 98 
		N 370 
		C0 514 
		T0 231 
		P 300 
		N 371 
		C0 515 
		T0 232 
		P 301 
		N 372 
		C0 516 
		T0 233 
		P 302 
		N 373 
		C0 517 
		T0 234 
		P 303 
		N 374 
		C0 518 
		T0 235 
		P 304 
		N 375 
		C0 519 
		T0 236 
		P 305 
		N 376 
		C0 520 
		T0 237 
		P 233 
		N 273 
		C0 521 
		T0 238 
		P 306 
		N 377 
		C0 522 
		T0 239 
		P 206 
		N 242 
		C0 523 
		T0 240 
		P 205 
		N 378 
		C0 524 
		T0 241 
		P 307 
		N 379 
		C0 525 
		T0 242 
		P 308 
		N 380 
		C0 526 
		T0 243 
		P 231 
		N 271 
		C0 527 
		T0 244 
		P 309 
		N 381 
		C0 528 
		T0 245 
		P 223 
		N 382 
		C0 529 
		T0 246 
		P 225 
		N 383 
		C0 530 
		T0 247 
		P 226 
		N 384 
		C0 531 
		T0 248 
		P 310 
		N 385 
		C0 532 
		T0 249 
		P 219 
		N 386 
		C0 533 
		T0 250 
		P 217 
		N 387 
		C0 534 
		T0 251 
		P 311 
		N 388 
		C0 535 
		T0 252 
		P 312 
		N 389 
		C0 536 
		T0 253 
		P 313 
		N 385 
		C0 537 
		T0 254 
		P 229 
		N 390 
		C0 538 
		T0 255 
		P 314 
		N 391 
		C0 539 
		T0 256 
		P 315 
		N 391 
		C0 540 
		T0 257 
		P 316 
		N 392 
		C0 541 
		T0 258 
		P 317 
		N 393 
		C0 542 
		T0 259 
		P 318 
		N 394 
		C0 543 
		T0 260 
		P 319 
		N 394 
		C0 544 
		T0 261 
		P 312 
		N 394 
		C0 545 
		T0 253 
		P 229 
		N 395 
		C0 546 
		T0 255 
		P 234 
		N 395 
		C0 547 
		T0 262 
		P 320 
		N 396 
		C0 548 
		T0 263 
		P 321 
		N 396 
		C0 549 
		T0 264 
		P 319 
		N 397 
		C0 550 
		T0 261 
		P 318 
		N 397 
		C0 551 
		T0 260 
		P 322 
		N 398 
		C0 552 
		T0 265 
		P 323 
		N 398 
		C0 553 
		T0 266 
		P 244 
		N 399 
		C0 554 
		T0 267 
		P 246 
		N 400 
		C0 555 
		T0 268 
		P 322 
		N 401 
		C0 556 
		T0 265 
		P 324 
		N 400 
		C0 557 
		T0 269 
		P 242 
		N 402 
		C0 558 
		T0 270 
		P 325 
		N 403 
		C0 559 
		T0 271 
		P 229 
		N 404 
		C0 560 
		T0 142 
		P 228 
		N 395 
		C0 561 
		T0 141 
		P 239 
		N 395 
		C0 562 
		T0 118 
		P 243 
		N 405 
		C0 563 
		T0 272 
		P 251 
		N 403 
		C0 564 
		T0 273 
		P 326 
		N 406 
		C0 565 
		T0 274 
		P 216 
		N 406 
		C0 566 
		T0 275 
		P 215 
		N 407 
		C0 567 
		T0 276 
		P 327 
		N 408 
		C0 568 
		T0 277 
		P 230 
		N 409 
		C0 569 
		T0 278 
		P 239 
		N 410 
		C0 570 
		T0 279 
		P 314 
		N 411 
		C0 571 
		T0 256 
		P 323 
		N 412 
		C0 572 
		T0 266 
		P 245 
		N 413 
		C0 573 
		T0 280 
		P 247 
		N 414 
		C0 574 
		T0 256 
		P 304 
		N 415 
		C0 575 
		T0 236 
		P 328 
		N 416 
		C0 576 
		T0 281 
		P 329 
		N 417 
		C0 577 
		T0 282 
		P 330 
		N 418 
		C0 578 
		T0 283 
		P 329 
		N 419 
		C0 579 
		T0 282 
		P 331 
		N 420 
		C0 580 
		T0 284 
		P 305 
		N 420 
		C0 581 
		T0 237 
		P 329 
		N 421 
		C0 582 
		T0 282 
		P 330 
		N 422 
		C0 583 
		T0 283 
		P 328 
		N 418 
		C0 584 
		T0 281 
		P 248 
		N 423 
		C0 585 
		T0 285 
		P 315 
		N 423 
		C0 586 
		T0 257 
		P 249 
		N 292 
		C0 587 
		T0 286 
		P 65 
		N 60 
		C0 588 
		T0 244 
		P 332 
		N 424 
		C0 589 
		T0 287 
		P 333 
		N 425 
		C0 590 
		T0 288 
		P 308 
		N 425 
		C0 591 
		T0 243 
		P 334 
		N 426 
		C0 592 
		T0 289 
		P 332 
		N 426 
		C0 593 
		T0 287 
		P 335 
		N 427 
		C0 594 
		T0 290 
		P 249 
		N 427 
		C0 595 
		T0 286 
		P 248 
		N 396 
		C0 596 
		T0 285 
		P 315 
		N 396 
		C0 597 
		T0 257 
		P 304 
		N 428 
		C0 598 
		T0 236 
		P 233 
		N 429 
		C0 599 
		T0 238 
		P 288 
		N 353 
		C0 600 
		T0 291 
		P 287 
		N 352 
		C0 601 
		T0 292 
		P 289 
		N 354 
		C0 602 
		T0 293 
		P 232 
		N 356 
		C0 603 
		T0 294 
		P 336 
		N 430 
		C0 604 
		T0 295 
		P 337 
		N 431 
		C0 605 
		T0 296 
		P 337 
		N 432 
		C0 606 
		T0 296 
		P 302 
		N 432 
		C0 607 
		T0 234 
		P 303 
		N 433 
		C0 608 
		T0 235 
		P 336 
		N 433 
		C0 609 
		T0 295 
		P 96 
		N 434 
		C0 610 
		T0 230 
		P 302 
		N 435 
		C0 611 
		T0 234 
		P 321 
		N 436 
		C0 612 
		T0 264 
		P 317 
		N 436 
		C0 613 
		T0 259 
		P 328 
		N 397 
		C0 614 
		T0 297 
		P 320 
		N 437 
		C0 615 
		T0 263 
		P 318 
		N 438 
		C0 616 
		T0 260 
		P 234 
		N 402 
		C0 617 
		T0 262 
		P 329 
		N 439 
		C0 618 
		T0 282 
		P 316 
		N 440 
		C0 619 
		T0 258 
		P 334 
		N 441 
		C0 620 
		T0 289 
		P 333 
		N 439 
		C0 621 
		T0 288 
		P 331 
		N 442 
		C0 622 
		T0 284 
		P 335 
		N 273 
		C0 623 
		T0 290 
		P 315 
		N 443 
		C0 624 
		T0 257 
		P 218 
		N 444 
		C0 625 
		T0 298 
		P 323 
		N 445 
		C0 626 
		T0 266 
		P 314 
		N 445 
		C0 627 
		T0 256 
		P 281 
		N 344 
		C0 628 
		T0 299 
		P 222 
		N 446 
		C0 629 
		T0 300 
		P 99 
		N 447 
		C0 630 
		T0 301 
		P 280 
		N 343 
		C0 631 
		T0 302 
		P 224 
		N 448 
		C0 632 
		T0 303 
		P 213 
		N 250 
		C0 633 
		T0 304 
		P 243 
		N 405 
		C0 634 
		T0 143 
		P 251 
		N 403 
		C0 635 
		T0 144 
		P 220 
		N 449 
		C0 636 
		T0 305 
		P 304 
		N 394 
		C0 637 
		T0 236 
		P 221 
		N 450 
		C0 638 
		T0 306 
		P 230 
		N 451 
		C0 639 
		T0 278 
		P 338 
		N 452 
		C0 640 
		T0 307 
		P 339 
		N 453 
		C0 641 
		T0 308 
		P 340 
		N 454 
		C0 642 
		T0 309 
		P 341 
		N 454 
		C0 643 
		T0 310 
		P 342 
		N 455 
		C0 644 
		T0 311 
		P 343 
		N 456 
		C0 645 
		T0 312 
		P 338 
		N 452 
		C0 646 
		T0 313 
		P 341 
		N 457 
		C0 647 
		T0 314 
		P 341 
		N 457 
		C0 648 
		T0 310 
		P 344 
		N 458 
		C0 649 
		T0 315 
		P 345 
		N 459 
		C0 650 
		T0 316 
		P 346 
		N 460 
		C0 651 
		T0 317 
		P 347 
		N 460 
		C0 652 
		T0 318 
		P 339 
		N 453 
		C0 653 
		T0 319 
		P 346 
		N 461 
		C0 654 
		T0 317 
		P 346 
		N 461 
		C0 655 
		T0 320 
		P 86 
		N 80 
		C0 656 
		T0 321 
		P 87 
		N 81 
		C0 657 
		T0 322 
		P 348 
		N 462 
		C0 658 
		T0 216 
		P 349 
		N 463 
		C0 659 
		T0 323 
		P 92 
		N 86 
		C0 660 
		T0 324 
		P 350 
		N 464 
		C0 661 
		T0 325 
		P 351 
		N 465 
		C0 662 
		T0 326 
		P 95 
		N 92 
		C0 663 
		T0 327 
		P 352 
		N 466 
		C0 664 
		T0 328 
		P 353 
		N 467 
		C0 665 
		T0 329 
		P 298 
		N 367 
		C0 666 
		T0 330 
		P 297 
		N 366 
		C0 667 
		T0 331 
		P 354 
		N 468 
		C0 668 
		T0 332 
		P 303 
		N 374 
		C0 669 
		T0 333 
		P 355 
		N 469 
		C0 670 
		T0 334 
		P 301 
		N 372 
		C0 671 
		T0 335 
		P 356 
		N 470 
		C0 672 
		T0 336 
		P 344 
		N 471 
		C0 673 
		T0 315 
		P 342 
		N 472 
		C0 674 
		T0 311 
		P 347 
		N 473 
		C0 675 
		T0 318 
		P 162 
		N 177 
		C0 676 
		T0 337 
		P 340 
		N 474 
		C0 677 
		T0 309 
		P 336 
		N 430 
		C0 678 
		T0 338 
		P 348 
		N 475 
		C0 679 
		T0 216 
		P 347 
		N 475 
		C0 680 
		T0 339 
		P 346 
		N 362 
		C0 681 
		T0 320 
		P 344 
		N 362 
		C0 682 
		T0 315 
		P 87 
		N 19 
		C0 683 
		T0 322 
		P 162 
		N 19 
		C0 684 
		T0 340 
		P 354 
		N 476 
		C0 685 
		T0 332 
		P 340 
		N 476 
		C0 686 
		T0 18 
		P 336 
		N 433 
		C0 687 
		T0 341 
		P 303 
		N 433 
		C0 688 
		T0 333 
		P 342 
		N 363 
		C0 689 
		T0 311 
		P 341 
		N 363 
		C0 690 
		T0 314 
		P 188 
		N 477 
		C0 691 
		T0 342 
		P 187 
		N 478 
		C0 692 
		T0 343 
		P 252 
		N 477 
		C0 693 
		T0 344 
		P 227 
		N 479 
		C0 694 
		T0 345 
		P 168 
		N 478 
		C0 695 
		T0 346 
		P 115 
		N 478 
		C0 696 
		T0 347 
		P 241 
		N 479 
		C0 697 
		T0 348 
		P 77 
		N 479 
		C0 698 
		T0 349 
		P 357 
		N 480 
		C0 699 
		T0 350 
		P 358 
		N 480 
		C0 700 
		T0 350 
		P 359 
		N 481 
		C0 701 
		T0 350 
		P 360 
		N 481 
		C0 702 
		T0 350 
		P 361 
		N 482 
		C0 703 
		T0 350 
		P 362 
		N 482 
		C0 704 
		T0 350 
		P 362 
		N 483 
		C0 705 
		T0 350 
		P 361 
		N 483 
		C0 706 
		T0 350 
		P 363 
		N 483 
		C0 707 
		T0 350 
		P 364 
		N 483 
		C0 708 
		T0 350 
		P 365 
		N 364 
		C0 709 
		T0 350 
		P 366 
		N 364 
		C0 710 
		T0 350 
		P 367 
		N 364 
		C0 711 
		T0 350 
		P 368 
		N 364 
		C0 712 
		T0 350 
		P 358 
		N 484 
		C0 713 
		T0 350 
		P 367 
		N 484 
		C0 714 
		T0 350 
		P 366 
		N 484 
		C0 715 
		T0 350 
		P 359 
		N 484 
		C0 716 
		T0 350 
		P 369 
		N 484 
		C0 717 
		T0 350 
		P 363 
		N 484 
		C0 718 
		T0 350 
		P 361 
		N 484 
		C0 719 
		T0 350 
		P 368 
		N 485 
		C0 720 
		T0 350 
		P 357 
		N 485 
		C0 721 
		T0 350 
		P 360 
		N 485 
		C0 722 
		T0 350 
		P 365 
		N 485 
		C0 723 
		T0 350 
		P 362 
		N 485 
		C0 724 
		T0 350 
		P 364 
		N 485 
		C0 725 
		T0 350 
		P 364 
		N 486 
		C0 726 
		T0 350 
		P 363 
		N 486 
		C0 727 
		T0 350 
		P 370 
		N 487 
		C0 728 
		T0 350 
		P 371 
		N 487 
		C0 729 
		T0 350 
		P 372 
		N 488 
		C0 730 
		T0 350 
		P 373 
		N 488 
		C0 731 
		T0 350 
		P 369 
		N 489 
		C0 732 
		T0 350 
		P 374 
		N 489 
		C0 733 
		T0 350 
		P 372 
		N 484 
		C0 734 
		T0 350 
		P 370 
		N 484 
		C0 735 
		T0 350 
		P 364 
		N 490 
		C0 736 
		T0 350 
		P 371 
		N 491 
		C0 737 
		T0 350 
		P 373 
		N 491 
		C0 738 
		T0 350 
		P 374 
		N 490 
		C0 739 
		T0 350 
		P 365 
		N 492 
		C0 740 
		T0 350 
		P 369 
		N 493 
		C0 741 
		T0 350 
		P 366 
		N 493 
		C0 742 
		T0 350 
		P 365 
		N 493 
		C0 743 
		T0 350 
		P 374 
		N 493 
		C0 744 
		T0 350 
		P 375 
		N 140 
		C0 745 
		T0 350 
		P 376 
		N 140 
		C0 746 
		T0 350 
		P 377 
		N 140 
		C0 747 
		T0 350 
		P 378 
		N 140 
		C0 748 
		T0 350 
		P 379 
		N 493 
		C0 749 
		T0 350 
		P 375 
		N 493 
		C0 750 
		T0 350 
		P 378 
		N 493 
		C0 751 
		T0 350 
		P 380 
		N 493 
		C0 752 
		T0 350 
		P 381 
		N 494 
		C0 753 
		T0 350 
		P 379 
		N 494 
		C0 754 
		T0 350 
		P 380 
		N 494 
		C0 755 
		T0 350 
		P 382 
		N 494 
		C0 756 
		T0 350 
		P 376 
		N 482 
		C0 757 
		T0 350 
		P 381 
		N 482 
		C0 758 
		T0 350 
		P 382 
		N 482 
		C0 759 
		T0 350 
		P 377 
		N 482 
		C0 760 
		T0 350 
		P 383 
		N 480 
		C0 761 
		T0 350 
		P 384 
		N 481 
		C0 762 
		T0 350 
		P 385 
		N 481 
		C0 763 
		T0 350 
		P 386 
		N 480 
		C0 764 
		T0 350 
		P 387 
		N 482 
		C0 765 
		T0 350 
		P 388 
		N 482 
		C0 766 
		T0 350 
		P 387 
		N 483 
		C0 767 
		T0 350 
		P 389 
		N 483 
		C0 768 
		T0 350 
		P 390 
		N 483 
		C0 769 
		T0 350 
		P 388 
		N 483 
		C0 770 
		T0 350 
		P 391 
		N 364 
		C0 771 
		T0 350 
		P 392 
		N 364 
		C0 772 
		T0 350 
		P 393 
		N 364 
		C0 773 
		T0 350 
		P 394 
		N 364 
		C0 774 
		T0 350 
		P 386 
		N 485 
		C0 775 
		T0 350 
		P 385 
		N 485 
		C0 776 
		T0 350 
		P 394 
		N 485 
		C0 777 
		T0 350 
		P 393 
		N 485 
		C0 778 
		T0 350 
		P 395 
		N 485 
		C0 779 
		T0 350 
		P 390 
		N 485 
		C0 780 
		T0 350 
		P 388 
		N 485 
		C0 781 
		T0 350 
		P 392 
		N 484 
		C0 782 
		T0 350 
		P 391 
		N 484 
		C0 783 
		T0 350 
		P 384 
		N 484 
		C0 784 
		T0 350 
		P 383 
		N 484 
		C0 785 
		T0 350 
		P 389 
		N 484 
		C0 786 
		T0 350 
		P 387 
		N 484 
		C0 787 
		T0 350 
		P 389 
		N 486 
		C0 788 
		T0 350 
		P 396 
		N 487 
		C0 789 
		T0 350 
		P 397 
		N 487 
		C0 790 
		T0 350 
		P 390 
		N 486 
		C0 791 
		T0 350 
		P 398 
		N 488 
		C0 792 
		T0 350 
		P 399 
		N 488 
		C0 793 
		T0 350 
		P 400 
		N 489 
		C0 794 
		T0 350 
		P 395 
		N 489 
		C0 795 
		T0 350 
		P 399 
		N 485 
		C0 796 
		T0 350 
		P 397 
		N 485 
		C0 797 
		T0 350 
		P 389 
		N 495 
		C0 798 
		T0 350 
		P 400 
		N 495 
		C0 799 
		T0 350 
		P 398 
		N 496 
		C0 800 
		T0 350 
		P 396 
		N 496 
		C0 801 
		T0 350 
		P 391 
		N 497 
		C0 802 
		T0 350 
		P 395 
		N 493 
		C0 803 
		T0 350 
		P 400 
		N 493 
		C0 804 
		T0 350 
		P 391 
		N 493 
		C0 805 
		T0 350 
		P 394 
		N 493 
		C0 806 
		T0 350 
		P 401 
		N 140 
		C0 807 
		T0 350 
		P 402 
		N 140 
		C0 808 
		T0 350 
		P 403 
		N 493 
		C0 809 
		T0 350 
		P 401 
		N 493 
		C0 810 
		T0 350 
		P 404 
		N 494 
		C0 811 
		T0 350 
		P 403 
		N 494 
		C0 812 
		T0 350 
		P 402 
		N 482 
		C0 813 
		T0 350 
		P 404 
		N 482 
		C0 814 
		T0 350 
		P 95 
		N 498 
		C0 815 
		T0 351 
		P 351 
		N 499 
		C0 816 
		T0 352 
		P 94 
		N 499 
		C0 817 
		T0 353 
		P 91 
		N 498 
		C0 818 
		T0 354 
		P 91 
		N 498 
		C0 819 
		T0 355 
		P 88 
		N 500 
		C0 820 
		T0 356 
		P 95 
		N 498 
		C0 821 
		T0 357 
		P 100 
		N 501 
		C0 822 
		T0 358 
		P 355 
		N 501 
		C0 823 
		T0 359 
		P 301 
		N 502 
		C0 824 
		T0 360 
		P 99 
		N 502 
		C0 825 
		T0 361 
		P 99 
		N 502 
		C0 826 
		T0 362 
		P 301 
		N 502 
		C0 827 
		T0 363 
		P 300 
		N 503 
		C0 828 
		T0 364 
		P 405 
		N 504 
		C0 829 
		T0 365 
		P 356 
		N 504 
		C0 830 
		T0 366 
		P 156 
		N 505 
		C0 831 
		T0 367 
		P 155 
		N 505 
		C0 832 
		T0 368 
		P 112 
		N 505 
		C0 833 
		T0 369 
		P 278 
		N 506 
		C0 834 
		T0 370 
		P 268 
		N 506 
		C0 835 
		T0 371 
		P 121 
		N 507 
		C0 836 
		T0 372 
		P 406 
		N 507 
		C0 837 
		T0 373 
		P 120 
		N 508 
		C0 838 
		T0 374 
		P 407 
		N 508 
		C0 839 
		T0 375 
		P 153 
		N 509 
		C0 840 
		T0 376 
		P 152 
		N 509 
		C0 841 
		T0 377 
		P 407 
		N 505 
		C0 842 
		T0 375 
		P 408 
		N 505 
		C0 843 
		T0 378 
		P 204 
		N 505 
		C0 844 
		T0 379 
		P 209 
		N 505 
		C0 845 
		T0 380 
		P 326 
		N 505 
		C0 846 
		T0 381 
		P 221 
		N 505 
		C0 847 
		T0 382 
		P 280 
		N 510 
		C0 848 
		T0 383 
		P 284 
		N 506 
		C0 849 
		T0 384 
		P 208 
		N 507 
		C0 850 
		T0 385 
		P 224 
		N 510 
		C0 851 
		T0 386 
		P 405 
		N 505 
		C0 852 
		T0 365 
		P 100 
		N 505 
		C0 853 
		T0 358 
		P 216 
		N 505 
		C0 854 
		T0 387 
		P 160 
		N 505 
		C0 855 
		T0 388 
		P 120 
		N 505 
		C0 856 
		T0 374 
		P 209 
		N 508 
		C0 857 
		T0 380 
		P 94 
		N 505 
		C0 858 
		T0 353 
	}

	Mtl 7 { 
		{
			Name "#2" 
			Priority 32 
			Prim 2 { 
				{
					Type TRISTRIP
					Priority 32 
					Idx 9 { 10 11 9 8 15 12 15 13 14 }
				}
				{
					Type TRISTRIP2
					Priority 32 
					Idx 9 { 2 1 3 0 3 4 5 7 6 }
				}
			}

		}
		{
			Name "#3" 
			Priority 32 
			Prim 69 { 
				{
					Type TRISTRIP
					Priority 32 
					Idx 6 { 30 31 33 32 35 34 }
				}
				{
					Type TRISTRIP
					Priority 32 
					Idx 6 { 36 37 38 39 40 41 }
				}
				{
					Type TRISTRIP
					Priority 32 
					Idx 4 { 42 38 43 40 }
				}
				{
					Type TRISTRIP
					Priority 32 
					Idx 6 { 44 45 46 47 48 49 }
				}
				{
					Type TRISTRIP
					Priority 32 
					Idx 4 { 50 46 51 48 }
				}
				{
					Type TRISTRIP
					Priority 32 
					Idx 6 { 57 56 55 53 59 58 }
				}
				{
					Type TRISTRIP
					Priority 32 
					Idx 4 { 52 53 54 56 }
				}
				{
					Type TRISTRIP
					Priority 32 
					Idx 6 { 65 64 63 61 67 66 }
				}
				{
					Type TRISTRIP
					Priority 32 
					Idx 4 { 60 61 62 64 }
				}
				{
					Type TRISTRIP
					Priority 32 
					Idx 5 { 82 77 81 80 416 }
				}
				{
					Type TRISTRIP2
					Priority 32 
					Idx 4 { 79 78 80 77 }
				}
				{
					Type TRISTRIP2
					Priority 32 
					Idx 6 { 83 86 84 85 87 88 }
				}
				{
					Type TRISTRIP2
					Priority 32 
					Idx 5 { 90 89 91 92 93 }
				}
				{
					Type TRISTRIP
					Priority 32 
					Idx 5 { 102 100 99 101 98 }
				}
				{
					Type TRISTRIP2
					Priority 32 
					Idx 6 { 95 94 96 97 295 296 }
				}
				{
					Type TRISTRIP2
					Priority 32 
					Idx 5 { 113 115 114 117 116 }
				}
				{
					Type TRISTRIP
					Priority 32 
					Idx 5 { 119 120 121 123 122 }
				}
				{
					Type TRISTRIP2
					Priority 32 
					Idx 5 { 136 135 134 133 132 }
				}
				{
					Type TRISTRIP
					Priority 32 
					Idx 8 { 185 186 184 154 153 155 156 412 }
				}
				{
					Type TRISTRIP
					Priority 32 
					Idx 6 { 219 220 222 221 281 282 }
				}
				{
					Type TRISTRIP
					Priority 32 
					Idx 5 { 246 247 245 248 249 }
				}
				{
					Type TRISTRIP2
					Priority 32 
					Idx 6 { 139 138 140 137 408 407 }
				}
				{
					Type TRISTRIP2
					Priority 32 
					Idx 5 { 224 223 225 415 414 }
				}
				{
					Type TRISTRIP
					Priority 32 
					Idx 5 { 258 256 257 260 259 }
				}
				{
					Type TRISTRIP2
					Priority 32 
					Idx 7 { 235 189 240 241 399 163 428 }
				}
				{
					Type TRISTRIP
					Priority 32 
					Idx 15 { 187 200 163 195 198 196 198 197 198 417 198 199 198 241 163 }
				}
				{
					Type TRISTRIP2
					Priority 32 
					Idx 4 { 233 232 230 231 }
				}
				{
					Type TRISTRIP2
					Priority 32 
					Idx 17 { 194 193 191 192 293 166 167 166 168 166 169 188 169 190 189 199 241 }
				}
				{
					Type TRISTRIP
					Priority 32 
					Idx 4 { 297 298 300 299 }
				}
				{
					Type TRISTRIP
					Priority 32 
					Idx 7 { 294 291 168 291 169 292 189 }
				}
				{
					Type TRISTRIP2
					Priority 32 
					Idx 6 { 311 310 312 309 426 427 }
				}
				{
					Type TRISTRIP2
					Priority 32 
					Idx 5 { 376 375 374 373 372 }
				}
				{
					Type TRISTRIP
					Priority 32 
					Idx 7 { 346 347 348 353 354 381 382 }
				}
				{
					Type TRISTRIP2
					Priority 32 
					Idx 4 { 380 379 377 378 }
				}
				{
					Type TRISTRIP2
					Priority 32 
					Idx 4 { 385 384 386 383 }
				}
				{
					Type TRISTRIP2
					Priority 32 
					Idx 7 { 398 397 393 392 394 395 396 }
				}
				{
					Type TRISTRIP
					Priority 32 
					Idx 4 { 411 409 410 224 }
				}
				{
					Type TRISTRIP
					Priority 32 
					Idx 13 { 404 175 403 174 402 174 318 173 317 176 320 178 319 }
				}
				{
					Type TRISTRIP2
					Priority 32 
					Idx 8 { 175 174 172 173 177 176 179 178 }
				}
				{
					Type TRISTRIP2
					Priority 32 
					Idx 13 { 405 217 218 73 70 72 69 75 74 75 344 343 345 }
				}
				{
					Type TRISTRIP
					Priority 32 
					Idx 13 { 183 180 182 181 229 227 226 227 228 145 148 146 147 }
				}
				{
					Type TRISTRIP2
					Priority 32 
					Idx 8 { 344 76 74 68 69 71 70 218 }
				}
				{
					Type TRISTRIP2
					Priority 32 
					Idx 13 { 389 388 390 255 391 251 252 251 250 255 254 388 413 }
				}
				{
					Type TRISTRIP
					Priority 32 
					Idx 10 { 288 285 287 286 287 289 290 253 252 250 }
				}
				{
					Type TRISTRIP
					Priority 32 
					Idx 6 { 287 290 387 222 401 400 }
				}
				{
					Type TRISTRIP
					Priority 32 
					Idx 10 { 325 324 306 323 307 326 307 321 308 322 }
				}
				{
					Type TRISTRIP
					Priority 32 
					Idx 4 { 305 306 308 307 }
				}
				{
					Type TRISTRIP
					Priority 32 
					Idx 7 { 26 27 25 24 25 29 28 }
				}
				{
					Type TRISTRIP2
					Priority 32 
					Idx 10 { 205 204 144 203 143 206 143 201 142 202 }
				}
				{
					Type TRISTRIP2
					Priority 32 
					Idx 4 { 141 144 142 143 }
				}
				{
					Type TRISTRIP2
					Priority 32 
					Idx 8 { 342 341 339 340 339 358 356 357 }
				}
				{
					Type TRISTRIP2
					Priority 32 
					Idx 14 { 369 370 368 366 367 366 364 363 365 362 359 362 360 361 }
				}
				{
					Type TRISTRIP2
					Priority 32 
					Idx 10 { 422 420 421 418 425 418 424 418 419 420 }
				}
				{
					Type TRISTRIP2
					Priority 32 
					Idx 25 { 284 283 268 267 269 266 269 263 264 262 265 235 238 235 239 235 236 235 237 234 242 234 244 243 261 }
				}
				{
					Type TRISTRIP
					Priority 32 
					Idx 10 { 20 17 19 16 23 16 22 16 18 17 }
				}
				{
					Type TRISTRIP
					Priority 32 
					Idx 18 { 331 314 329 313 330 313 332 313 333 316 327 316 328 316 315 316 314 313 }
				}
				{
					Type TRISTRIP
					Priority 32 
					Idx 18 { 111 109 108 110 118 110 112 110 106 104 107 104 103 104 105 104 109 110 }
				}
				{
					Type TRISTRIP
					Priority 32 
					Idx 14 { 215 171 214 164 216 164 165 164 161 164 162 164 170 171 }
				}
				{
					Type TRISTRIP
					Priority 32 
					Idx 6 { 160 161 163 162 187 170 }
				}
				{
					Type TRISTRIP
					Priority 32 
					Idx 5 { 279 231 278 230 280 }
				}
				{
					Type TRISTRIP2
					Priority 32 
					Idx 7 { 270 272 271 274 275 273 406 }
				}
				{
					Type TRISTRIP
					Priority 32 
					Idx 5 { 336 337 335 334 338 }
				}
				{
					Type TRISTRIP2
					Priority 32 
					Idx 18 { 210 152 209 149 211 149 212 149 213 150 207 150 208 150 151 150 152 149 }
				}
				{
					Type TRISTRIP2
					Priority 32 
					Idx 15 { 302 371 355 349 350 352 350 351 355 304 301 303 301 302 355 }
				}
				{
					Type TRISTRIP
					Priority 32 
					Idx 7 { 276 277 130 131 130 129 276 }
				}
				{
					Type TRISTRIP2
					Priority 32 
					Idx 11 { 129 128 131 127 124 126 124 125 124 277 131 }
				}
				{
					Type TRISTRIP
					Priority 32 
					Idx 3 { 22 18 21 }
				}
				{
					Type TRISTRIP2
					Priority 32 
					Idx 3 { 157 159 158 }
				}
				{
					Type TRISTRIP
					Priority 32 
					Idx 3 { 419 424 423 }
				}
			}

		}
		{
			Name "#3" 
			Priority 32 
			Prim 11 { 
				{
					Type TRISTRIP
					Priority 32 
					Idx 4 { 464 465 467 466 }
				}
				{
					Type TRISTRIP
					Priority 32 
					Idx 5 { 470 471 469 468 492 }
				}
				{
					Type TRISTRIP2
					Priority 32 
					Idx 5 { 449 448 450 447 493 }
				}
				{
					Type TRISTRIP
					Priority 32 
					Idx 5 { 481 482 480 483 484 }
				}
				{
					Type TRISTRIP2
					Priority 32 
					Idx 8 { 6 430 5 429 5 431 3 2 }
				}
				{
					Type TRISTRIP2
					Priority 32 
					Idx 8 { 494 14 495 15 495 9 496 10 }
				}
				{
					Type TRISTRIP2
					Priority 32 
					Idx 7 { 491 489 490 489 486 488 487 }
				}
				{
					Type TRISTRIP
					Priority 32 
					Idx 46 { 485 439 478 439 438 439 436 433 437 433 432 435 440 451 440 452 440 453 454 444 443 442 443 460 459 472 459 462 461 463 461 476 475 457 474 457 456 457 458 457 473 457 478 457 477 476 }
				}
				{
					Type TRISTRIP
					Priority 32 
					Idx 5 { 433 434 435 479 451 }
				}
				{
					Type TRISTRIP2
					Priority 32 
					Idx 5 { 442 445 444 446 453 }
				}
				{
					Type TRISTRIP
					Priority 32 
					Idx 12 { 461 475 459 474 459 455 443 455 454 441 440 432 }
				}
			}

		}
		{
			Name "#4" 
			Priority 32 
			Prim 2 { 
				{
					Type TRISTRIP
					Priority 32 
					Idx 4 { 497 498 500 499 }
				}
				{
					Type TRISTRIP
					Priority 32 
					Idx 4 { 501 502 504 503 }
				}
			}

		}
		{
			Name "#3" 
			Priority 32 
			Prim 20 { 
				{
					Type TRISTRIP
					Priority 32 
					Idx 4 { 505 506 508 507 }
				}
				{
					Type TRISTRIP
					Priority 32 
					Idx 9 { 519 520 521 526 527 589 588 587 633 }
				}
				{
					Type TRISTRIP2
					Priority 32 
					Idx 6 { 551 550 548 549 552 553 }
				}
				{
					Type TRISTRIP2
					Priority 32 
					Idx 5 { 560 562 561 635 634 }
				}
				{
					Type TRISTRIP
					Priority 32 
					Idx 6 { 539 540 542 541 583 582 }
				}
				{
					Type TRISTRIP
					Priority 32 
					Idx 4 { 608 609 607 606 }
				}
				{
					Type TRISTRIP
					Priority 32 
					Idx 7 { 624 623 619 620 618 621 622 }
				}
				{
					Type TRISTRIP2
					Priority 32 
					Idx 3 { 542 584 583 }
				}
				{
					Type TRISTRIP
					Priority 32 
					Idx 13 { 631 632 628 629 601 529 600 529 602 528 599 532 598 }
				}
				{
					Type TRISTRIP2
					Priority 32 
					Idx 6 { 550 614 612 613 626 627 }
				}
				{
					Type TRISTRIP2
					Priority 32 
					Idx 7 { 569 535 538 537 536 532 637 }
				}
				{
					Type TRISTRIP
					Priority 32 
					Idx 14 { 529 530 528 531 532 636 537 636 568 638 568 565 567 566 }
				}
				{
					Type TRISTRIP
					Priority 32 
					Idx 21 { 563 558 564 559 617 559 616 559 615 557 556 554 556 555 572 573 572 574 571 585 586 }
				}
				{
					Type TRISTRIP2
					Priority 32 
					Idx 4 { 558 559 554 557 }
				}
				{
					Type TRISTRIP2
					Priority 32 
					Idx 12 { 577 578 575 576 575 544 545 543 545 547 546 570 }
				}
				{
					Type TRISTRIP2
					Priority 32 
					Idx 16 { 516 515 510 509 511 512 518 512 517 512 513 512 514 509 630 515 }
				}
				{
					Type TRISTRIP2
					Priority 32 
					Idx 17 { 604 605 523 522 524 525 639 525 535 534 535 533 535 567 535 568 537 }
				}
				{
					Type TRISTRIP
					Priority 32 
					Idx 9 { 534 625 525 625 522 610 522 611 605 }
				}
				{
					Type TRISTRIP2
					Priority 32 
					Idx 13 { 579 575 580 581 590 591 590 593 592 595 594 596 597 }
				}
				{
					Type TRISTRIP
					Priority 32 
					Idx 3 { 602 599 603 }
				}
			}

		}
		{
			Name "#3" 
			Priority 32 
			Prim 33 { 
				{
					Type TRISTRIP
					Priority 32 
					Idx 4 { 641 79 640 78 }
				}
				{
					Type TRISTRIP
					Priority 32 
					Idx 4 { 640 90 648 89 }
				}
				{
					Type TRISTRIP
					Priority 32 
					Idx 4 { 654 98 641 101 }
				}
				{
					Type TRISTRIP
					Priority 32 
					Idx 4 { 652 95 651 94 }
				}
				{
					Type TRISTRIP
					Priority 32 
					Idx 4 { 643 83 642 86 }
				}
				{
					Type TRISTRIP
					Priority 32 
					Idx 4 { 676 139 675 138 }
				}
				{
					Type TRISTRIP
					Priority 32 
					Idx 4 { 677 311 678 310 }
				}
				{
					Type TRISTRIP
					Priority 32 
					Idx 6 { 681 682 680 679 684 683 }
				}
				{
					Type TRISTRIP
					Priority 32 
					Idx 6 { 687 688 686 685 690 689 }
				}
				{
					Type TRISTRIP
					Priority 32 
					Idx 4 { 706 707 705 708 }
				}
				{
					Type TRISTRIP
					Priority 32 
					Idx 4 { 710 711 709 712 }
				}
				{
					Type TRISTRIP
					Priority 32 
					Idx 5 { 740 736 739 737 738 }
				}
				{
					Type TRISTRIP2
					Priority 32 
					Idx 4 { 742 741 743 744 }
				}
				{
					Type TRISTRIP2
					Priority 32 
					Idx 6 { 750 749 751 752 810 809 }
				}
				{
					Type TRISTRIP2
					Priority 32 
					Idx 6 { 754 753 755 756 812 811 }
				}
				{
					Type TRISTRIP2
					Priority 32 
					Idx 4 { 767 770 768 769 }
				}
				{
					Type TRISTRIP2
					Priority 32 
					Idx 4 { 771 774 772 773 }
				}
				{
					Type TRISTRIP2
					Priority 32 
					Idx 5 { 802 798 799 801 800 }
				}
				{
					Type TRISTRIP
					Priority 32 
					Idx 6 { 745 746 748 747 807 808 }
				}
				{
					Type TRISTRIP
					Priority 32 
					Idx 6 { 757 758 760 759 813 814 }
				}
				{
					Type TRISTRIP
					Priority 32 
					Idx 4 { 805 806 804 803 }
				}
				{
					Type TRISTRIP
					Priority 32 
					Idx 11 { 669 666 668 664 674 664 673 661 658 656 657 }
				}
				{
					Type TRISTRIP2
					Priority 32 
					Idx 9 { 788 791 789 790 792 793 792 795 794 }
				}
				{
					Type TRISTRIP
					Priority 32 
					Idx 9 { 732 733 730 731 730 729 728 726 727 }
				}
				{
					Type TRISTRIP2
					Priority 32 
					Idx 7 { 782 785 783 784 783 787 786 }
				}
				{
					Type TRISTRIP
					Priority 32 
					Idx 7 { 764 761 763 762 763 765 766 }
				}
				{
					Type TRISTRIP2
					Priority 32 
					Idx 7 { 725 724 723 722 723 721 720 }
				}
				{
					Type TRISTRIP
					Priority 32 
					Idx 7 { 699 700 702 701 702 703 704 }
				}
				{
					Type TRISTRIP2
					Priority 32 
					Idx 11 { 796 797 779 780 777 781 777 776 777 775 778 }
				}
				{
					Type TRISTRIP
					Priority 32 
					Idx 12 { 647 644 646 645 653 650 655 650 649 650 644 645 }
				}
				{
					Type TRISTRIP
					Priority 32 
					Idx 11 { 734 735 717 718 715 719 715 716 715 713 714 }
				}
				{
					Type TRISTRIP2
					Priority 32 
					Idx 11 { 697 693 698 693 694 693 691 693 692 696 695 }
				}
				{
					Type TRISTRIP
					Priority 32 
					Idx 20 { 666 667 664 665 661 659 656 659 660 659 663 659 662 665 672 665 670 665 671 667 }
				}
			}

		}
		{
			Name "#5" 
			Priority 32 
			Prim 9 { 
				{
					Type TRISTRIP
					Priority 32 
					Idx 5 { 832 833 831 856 855 }
				}
				{
					Type TRISTRIP2
					Priority 32 
					Idx 10 { 815 818 816 817 830 829 823 822 824 825 }
				}
				{
					Type TRISTRIP2
					Priority 32 
					Idx 10 { 841 840 836 835 837 834 850 849 851 848 }
				}
				{
					Type TRISTRIP2
					Priority 32 
					Idx 6 { 838 836 839 837 857 850 }
				}
				{
					Type TRISTRIP2
					Priority 32 
					Idx 5 { 854 844 846 845 847 }
				}
				{
					Type TRISTRIP
					Priority 32 
					Idx 9 { 858 852 833 843 856 843 842 844 845 }
				}
				{
					Type TRISTRIP2
					Priority 32 
					Idx 4 { 852 843 853 844 }
				}
				{
					Type TRISTRIP2
					Priority 32 
					Idx 3 { 819 821 820 }
				}
				{
					Type TRISTRIP
					Priority 32 
					Idx 3 { 828 826 827 }
				}
			}

		}
	}

	Offset 0 
}
