{
	Skinned 0 
	PosSkin 0 
	Pos 382 { 
		-0.583762	1.819755	3.243736 
		-0.526278	1.791013	3.186252 
		-0.526278	1.931238	3.186252 
		-0.583762	1.902496	3.243736 
		-0.583762	1.902496	3.186252 
		-0.583762	1.819755	3.186252 
		-0.475163	0.789171	3.169867 
		-0.475163	0.651495	3.212705 
		-0.585169	0.651495	3.212705 
		-0.585169	0.789171	3.169867 
		-0.475163	0.789171	3.212705 
		-0.585169	0.789171	3.212704 
		-0.867754	0.387066	-1.202874 
		-0.846715	0.403135	-0.030810 
		-0.896596	0.582552	-0.052291 
		-0.896567	0.568240	-1.235313 
		0.000000	1.132182	0.012782 
		0.000000	1.444881	0.009890 
		-0.772151	1.444571	-0.013235 
		-0.853215	1.132182	-0.009329 
		0.000000	1.674161	-0.068791 
		-0.699067	1.655931	-0.091661 
		0.000000	1.661241	-0.678772 
		-0.692307	1.643821	-0.642672 
		0.000000	1.601481	-0.828818 
		-0.706599	1.584301	-0.775593 
		0.000000	1.225823	-1.346238 
		-0.823727	1.194163	-1.275628 
		0.000000	1.159838	-2.264962 
		-0.797903	1.121888	-2.240209 
		0.000000	1.037760	-2.375212 
		-0.545609	1.016285	-2.338468 
		-0.780125	1.007054	-2.322674 
		-0.549430	0.853403	-2.377227 
		0.000000	0.859024	-2.423244 
		0.000000	0.733794	-2.438746 
		-0.781440	0.734711	-2.373080 
		-0.781183	0.851032	-2.357816 
		0.000000	0.675508	-2.490468 
		-0.781733	0.676383	-2.427773 
		0.000000	0.373407	-2.449249 
		-0.780101	0.373898	-2.413274 
		-0.862654	0.738426	-2.235251 
		-0.839422	0.735843	-2.319448 
		-0.833822	0.674912	-2.377071 
		-0.904252	0.674912	-2.167836 
		-0.913884	0.739969	-2.109191 
		-0.937642	0.702660	-1.460123 
		-0.932796	0.563545	-1.383519 
		-0.890118	0.795480	-1.362796 
		-0.884569	1.169853	-1.215051 
		-0.895063	1.131631	-0.052291 
		-0.809417	1.437652	-0.055653 
		-0.754368	1.547811	-0.755855 
		-0.738109	1.617151	-0.123330 
		-0.738455	1.605471	-0.639601 
		-0.924317	0.805516	-2.000882 
		-0.937398	0.838270	-1.824252 
		-0.862191	0.966184	-1.907364 
		-0.856602	0.889871	-2.103667 
		-0.834045	0.992528	-2.283041 
		-0.836512	0.839162	-2.303086 
		-0.882530	0.910711	-1.508909 
		-0.849609	1.084438	-2.227475 
		-0.874085	0.966380	-1.643050 
		-0.895638	0.849312	-0.052291 
		-0.833500	0.371191	-2.362184 
		-0.853843	0.849529	-0.009329 
		0.853843	0.849529	-0.009329 
		0.846715	0.403135	-0.030810 
		-0.884988	0.361880	-2.233024 
		-0.943276	0.805516	-1.587993 
		-0.907963	0.383934	-1.353849 
		-0.896566	1.447963	1.263007 
		-0.542154	1.447963	1.263007 
		-0.542154	1.447963	0.093498 
		-0.896566	1.447963	0.093498 
		0.000000	0.990586	0.093498 
		0.896566	0.330740	0.093498 
		-0.896566	0.330740	0.093498 
		-0.896566	0.990586	0.093498 
		-0.542154	0.990586	0.093498 
		-0.896566	0.788167	0.093498 
		-0.896566	0.330740	1.263007 
		-0.896566	0.788167	1.263007 
		-0.896566	0.990586	1.263007 
		-0.542154	0.990586	1.263007 
		-0.896566	0.990586	2.432517 
		-0.542154	0.990586	2.432517 
		-0.542154	1.447963	2.432517 
		-0.896566	1.447963	2.432517 
		-0.896566	0.990586	3.223233 
		-0.896566	0.788167	3.223233 
		0.000000	0.788167	3.223233 
		0.000000	0.990586	3.223233 
		0.000000	0.990586	2.432517 
		-0.925552	0.377500	3.243736 
		-0.868068	0.434984	3.243736 
		-0.868068	1.290533	3.243736 
		-0.917389	1.310747	3.243736 
		-0.925552	0.377500	3.186252 
		-0.917389	1.310747	3.186252 
		-0.583762	1.762271	3.186252 
		-0.511097	1.762271	3.243736 
		-0.583762	1.762271	3.243736 
		0.868068	0.434984	3.243736 
		0.925552	0.377500	3.186252 
		-0.925552	0.377500	0.068699 
		-0.868068	0.434984	0.039957 
		-0.868068	1.290533	0.039957 
		-0.925552	1.290533	0.068699 
		-0.925552	1.290533	0.011215 
		-0.925552	0.377500	0.011215 
		-0.583762	1.762271	0.011215 
		-0.495623	1.803385	0.039957 
		-0.583762	1.762271	0.068699 
		0.868068	0.434984	0.039957 
		0.925552	0.377500	0.011215 
		-0.394710	0.434984	3.243736 
		-0.337225	0.434984	3.243736 
		-0.337225	0.893463	3.243736 
		-0.394710	0.893463	3.243736 
		-0.365968	0.377500	3.186252 
		-0.365967	0.967231	3.186252 
		-0.526278	1.791013	-0.967130 
		-0.583762	1.820730	-0.592786 
		-0.583762	1.762271	-1.024614 
		0.526278	1.791013	3.186252 
		0.583762	1.762271	3.243736 
		-0.583762	1.902496	0.011215 
		-0.526278	1.931238	0.011215 
		-0.583762	1.959980	0.011215 
		-0.583762	1.819755	-1.024615 
		0.526278	1.791013	-0.967130 
		0.583762	1.819755	-1.024615 
		-0.583762	1.959980	3.243736 
		0.526278	1.931238	3.186252 
		0.583762	1.902496	3.243736 
		-0.575979	1.816552	1.586833 
		-0.526278	1.791013	1.644317 
		0.526278	1.791013	1.644317 
		0.575979	1.816552	1.586833 
		-0.577467	1.817243	0.013550 
		-0.526278	1.791013	0.071034 
		0.526278	1.791013	0.071034 
		0.577467	1.817243	0.013550 
		-0.510232	0.990586	2.458367 
		-0.700022	0.990586	2.407513 
		-0.700022	1.352119	2.407513 
		-0.510232	1.352119	2.458367 
		-0.838958	0.990586	2.546449 
		-0.838958	1.352119	2.546449 
		-0.788104	0.990586	2.736239 
		-0.788104	1.352119	2.736239 
		-0.598314	0.990586	2.787093 
		-0.598314	1.352119	2.787093 
		-0.459378	0.990586	2.648157 
		-0.459378	1.352119	2.648157 
		-1.270836	1.072837	-0.897517 
		-1.148240	1.072837	-0.952099 
		-1.148606	1.373744	-0.952921 
		-1.271201	1.373744	-0.898339 
		-1.258561	1.290672	-0.933705 
		-1.183345	1.290672	-0.967191 
		-1.203548	1.164180	-0.958765 
		-0.879255	1.123805	-1.101801 
		-0.860178	1.096609	-1.113288 
		-1.217663	1.145930	-0.988180 
		-1.236164	1.145922	-0.961252 
		-0.880180	1.093475	-1.090189 
		-1.199547	1.280634	-0.964579 
		-1.217600	1.305372	-0.988274 
		-1.236101	1.305427	-0.961346 
		-0.839213	1.280634	-1.046656 
		-0.832383	1.305372	-1.052877 
		-0.826965	1.305427	-1.031018 
		-0.381001	0.388932	-2.386736 
		-0.438485	0.388933	-2.386736 
		-0.438485	0.494234	-2.561422 
		-0.381001	0.494234	-2.561422 
		-0.409743	0.438715	-2.357994 
		-0.409743	0.522976	-2.511639 
		-0.333773	0.628104	-2.529708 
		-0.301327	0.603576	-2.653566 
		-0.421150	0.931124	-2.699904 
		-0.428715	0.936843	-2.671025 
		-0.410381	0.574355	-2.718749 
		-0.446578	0.924311	-2.715103 
		-0.510225	0.580824	-2.635176 
		-0.469858	0.925819	-2.695616 
		-0.462879	0.614042	-2.518342 
		-0.458818	0.933564	-2.668375 
		-0.490980	0.594800	-2.462703 
		-0.293035	0.616359	-2.480129 
		-0.563570	0.543869	-2.641832 
		-0.410489	0.533952	-2.769966 
		-0.243289	0.578753	-2.670028 
		-0.476427	0.494008	-2.441867 
		-0.281896	0.515195	-2.458992 
		-0.547764	0.443956	-2.617906 
		-0.397325	0.434210	-2.743830 
		-0.233009	0.478238	-2.645615 
		0.583762	1.819755	3.243736 
		0.583762	1.902496	3.186252 
		0.583762	1.819755	3.186252 
		0.475163	0.789171	3.169867 
		0.585169	0.789171	3.169867 
		0.585169	0.651495	3.212705 
		0.475163	0.651495	3.212705 
		0.475163	0.789171	3.212705 
		0.585169	0.789171	3.212704 
		0.867754	0.387066	-1.202874 
		0.896567	0.568240	-1.235313 
		0.896596	0.582552	-0.052291 
		0.853215	1.132182	-0.009329 
		0.772151	1.444571	-0.013235 
		0.699067	1.655931	-0.091661 
		0.692307	1.643821	-0.642672 
		0.706599	1.584301	-0.775593 
		0.823727	1.194163	-1.275628 
		0.797903	1.121888	-2.240209 
		0.545609	1.016285	-2.338468 
		0.780125	1.007054	-2.322674 
		0.549430	0.853403	-2.377227 
		0.781440	0.734711	-2.373080 
		0.781183	0.851032	-2.357816 
		0.781733	0.676383	-2.427773 
		0.780101	0.373898	-2.413274 
		0.862654	0.738426	-2.235251 
		0.904252	0.674912	-2.167836 
		0.833822	0.674912	-2.377071 
		0.839422	0.735843	-2.319448 
		0.913884	0.739969	-2.109191 
		0.937642	0.702660	-1.460123 
		0.890118	0.795480	-1.362796 
		0.932796	0.563545	-1.383519 
		0.754368	1.547811	-0.755855 
		0.809417	1.437652	-0.055653 
		0.895063	1.131631	-0.052291 
		0.884569	1.169853	-1.215051 
		0.738455	1.605471	-0.639601 
		0.738109	1.617151	-0.123330 
		0.924317	0.805516	-2.000882 
		0.856602	0.889871	-2.103667 
		0.862191	0.966184	-1.907364 
		0.937398	0.838270	-1.824252 
		0.836512	0.839162	-2.303086 
		0.834045	0.992528	-2.283041 
		0.882530	0.910711	-1.508909 
		0.874085	0.966380	-1.643050 
		0.849609	1.084438	-2.227475 
		0.895638	0.849312	-0.052291 
		0.833500	0.371191	-2.362184 
		0.884988	0.361880	-2.233024 
		0.943276	0.805516	-1.587993 
		0.907963	0.383934	-1.353849 
		0.896566	1.447963	1.263007 
		0.896566	1.447963	0.093498 
		0.542154	1.447963	0.093498 
		0.542154	1.447963	1.263007 
		0.542154	0.990586	0.093498 
		0.896566	0.788167	0.093498 
		0.896566	0.990586	0.093498 
		0.896566	0.788167	1.263007 
		0.896566	0.330740	1.263007 
		0.896566	0.990586	1.263007 
		0.542154	0.990586	1.263007 
		0.896566	0.990586	2.432517 
		0.896566	1.447963	2.432517 
		0.542154	1.447963	2.432517 
		0.542154	0.990586	2.432517 
		0.896566	0.990586	3.223233 
		0.896566	0.788167	3.223233 
		0.925552	0.377500	3.243736 
		0.917389	1.310747	3.243736 
		0.868068	1.290533	3.243736 
		0.917389	1.310747	3.186252 
		0.583762	1.762271	3.186252 
		0.511097	1.762271	3.243736 
		0.925552	0.377500	0.068699 
		0.925552	1.290533	0.068699 
		0.868068	1.290533	0.039957 
		0.925552	1.290533	0.011215 
		0.583762	1.762271	0.068699 
		0.495623	1.803385	0.039957 
		0.583762	1.762271	0.011215 
		0.394710	0.434984	3.243736 
		0.394710	0.893463	3.243736 
		0.337225	0.893463	3.243736 
		0.337225	0.434984	3.243736 
		0.365967	0.967231	3.186252 
		0.365968	0.377500	3.186252 
		0.583762	1.820730	-0.592786 
		0.583762	1.762271	-1.024614 
		0.583762	1.902496	0.011215 
		0.526278	1.931238	0.011215 
		0.583762	1.959980	0.011215 
		0.583762	1.959980	3.243736 
		-0.575979	1.765474	1.586833 
		0.575979	1.765474	1.586833 
		-0.577467	1.764783	0.013550 
		0.577467	1.764783	0.013550 
		0.317135	1.148069	2.023504 
		0.456911	1.019193	2.320418 
		0.442594	0.992384	2.320901 
		0.255733	1.033088	2.025573 
		0.419697	0.994319	2.340800 
		0.157534	1.041388	2.110914 
		0.419863	1.022325	2.352615 
		0.158245	1.161499	2.161589 
		0.442862	1.037698	2.340019 
		0.256884	1.227432	2.107567 
		0.347313	1.170399	1.970153 
		0.254937	1.292078	2.099039 
		0.103704	1.190990	2.181865 
		0.102613	1.006836	2.104171 
		0.253172	0.994110	1.973325 
		0.281795	1.202098	1.895941 
		0.191011	1.321677	2.022603 
		0.042387	1.222333	2.104001 
		0.041315	1.041356	2.027647 
		0.189277	1.028850	1.899058 
		1.270836	1.072837	-0.897517 
		1.271201	1.373744	-0.898339 
		1.148606	1.373744	-0.952921 
		1.148240	1.072837	-0.952099 
		1.183345	1.290672	-0.967191 
		1.258561	1.290672	-0.933705 
		1.203548	1.164180	-0.958765 
		1.217663	1.145930	-0.988180 
		0.860178	1.096609	-1.113288 
		0.879255	1.123805	-1.101801 
		1.236164	1.145922	-0.961252 
		0.880180	1.093475	-1.090189 
		1.199547	1.280634	-0.964579 
		1.217600	1.305372	-0.988274 
		1.236101	1.305427	-0.961346 
		0.839213	1.280634	-1.046656 
		0.832383	1.305372	-1.052877 
		0.826965	1.305427	-1.031018 
		0.381001	0.388932	-2.386736 
		0.381001	0.494234	-2.561422 
		0.438485	0.494234	-2.561422 
		0.438485	0.388933	-2.386736 
		0.409743	0.522976	-2.511639 
		0.409743	0.438715	-2.357994 
		0.317340	0.600180	-2.558891 
		0.371824	0.874556	-2.773493 
		0.364715	0.861178	-2.799845 
		0.286849	0.542804	-2.671911 
		0.390625	0.853930	-2.813990 
		0.397973	0.511716	-2.732577 
		0.413748	0.862828	-2.796380 
		0.497142	0.549879	-2.657051 
		0.402128	0.875576	-2.771351 
		0.447309	0.604553	-2.549707 
		0.278904	0.596066	-2.506343 
		0.478171	0.602770	-2.492262 
		0.554575	0.518944	-2.656840 
		0.402529	0.460432	-2.772637 
		0.232155	0.508096	-2.679624 
		0.280597	0.502424	-2.461249 
		0.476427	0.509013	-2.447411 
		0.551512	0.426633	-2.609150 
		0.402090	0.369130	-2.722950 
		0.234654	0.415972	-2.631541 
		-0.518019	0.383939	-1.353441 
		-0.518019	0.361886	-2.232615 
		-0.518019	0.798202	-2.048180 
		-0.518019	0.825207	-1.549705 
		0.518019	0.383939	-1.353441 
		-0.652830	0.330740	1.263007 
		-0.652830	0.788167	1.263007 
		0.652830	0.330740	1.263007 
		-0.652830	0.788167	2.432517 
		0.652830	0.788167	2.432517 
		-0.652830	0.476972	2.432517 
		0.652830	0.476972	2.432517 
		0.518019	0.361886	-2.232615 
		0.518019	0.825207	-1.549705 
		0.518019	0.798202	-2.048180 
		0.652830	0.788167	1.263007 
	}

	Nrm 304 { 
		0.703125	0.000000	0.703125 
		0.000000	0.000000	-1.000000 
		-1.000000	0.000000	0.000000 
		0.000000	-0.296875	-0.953125 
		1.000000	0.000000	0.000000 
		-0.984375	-0.218750	0.015625 
		-0.890625	-0.140625	0.453125 
		-0.953125	-0.078125	0.296875 
		-1.000000	-0.093750	0.000000 
		0.000000	-0.015625	1.000000 
		0.000000	0.187500	0.984375 
		-0.421875	0.281250	0.859375 
		-0.406250	0.062500	0.906250 
		0.000000	0.828125	0.562500 
		-0.453125	0.781250	0.421875 
		0.000000	0.984375	-0.203125 
		-0.375000	0.906250	-0.187500 
		0.000000	0.875000	-0.500000 
		-0.375000	0.828125	-0.421875 
		0.000000	0.937500	-0.343750 
		-0.343750	0.890625	-0.296875 
		0.000000	0.890625	-0.453125 
		-0.281250	0.781250	-0.562500 
		0.000000	0.640625	-0.765625 
		-0.078125	0.609375	-0.796875 
		-0.328125	0.500000	-0.796875 
		-0.078125	0.125000	-0.984375 
		0.000000	0.125000	-0.984375 
		-0.296875	0.125000	-0.937500 
		-0.406250	0.125000	-0.906250 
		0.000000	0.671875	-0.734375 
		-0.328125	0.640625	-0.703125 
		0.000000	-0.093750	-1.000000 
		-0.406250	-0.062500	-0.906250 
		-0.921875	0.218750	-0.328125 
		-0.781250	0.406250	-0.468750 
		-0.906250	0.203125	-0.375000 
		-0.937500	0.218750	0.250000 
		-0.968750	0.031250	0.265625 
		-0.953125	0.296875	-0.093750 
		-0.921875	0.140625	0.359375 
		-0.890625	0.343750	0.296875 
		-0.828125	0.531250	-0.171875 
		-0.828125	0.546875	0.156250 
		-0.781250	0.625000	-0.109375 
		-0.875000	0.390625	-0.250000 
		-0.890625	0.453125	-0.093750 
		-0.984375	0.078125	-0.187500 
		-1.000000	0.031250	-0.093750 
		-0.875000	0.171875	-0.453125 
		-0.875000	0.109375	-0.484375 
		-0.859375	0.093750	-0.500000 
		-1.000000	0.031250	-0.031250 
		-1.000000	0.015625	-0.015625 
		-0.890625	0.359375	-0.265625 
		-1.000000	0.000000	-0.062500 
		-1.000000	0.031250	-0.046875 
		-0.906250	0.000000	0.406250 
		-0.390625	0.187500	-0.906250 
		-0.843750	-0.015625	-0.546875 
		-0.296875	-0.031250	0.953125 
		0.296875	-0.031250	0.953125 
		0.000000	-0.046875	1.000000 
		-0.937500	0.000000	-0.343750 
		-0.875000	0.343750	-0.328125 
		-0.921875	0.359375	0.171875 
		-0.906250	0.390625	0.125000 
		-0.890625	0.437500	0.062500 
		-0.968750	-0.093750	0.250000 
		-0.078125	0.250000	-0.968750 
		0.000000	0.250000	-0.968750 
		0.000000	1.000000	0.000000 
		0.000000	0.000000	1.000000 
		0.734375	0.000000	-0.687500 
		0.671875	-0.218750	-0.703125 
		-1.000000	0.015625	0.000000 
		-0.953125	0.312500	0.000000 
		0.578125	-0.437500	-0.687500 
		-0.796875	0.593750	0.000000 
		0.000000	0.703125	-0.703125 
		0.453125	0.000000	0.890625 
		0.453125	0.000000	-0.890625 
		0.421875	-0.312500	-0.859375 
		-0.812500	0.593750	0.000000 
		0.421875	-0.312500	0.859375 
		0.000000	0.453125	-0.890625 
		0.890625	0.000000	-0.453125 
		-0.890625	0.000000	-0.453125 
		0.000000	0.609375	0.781250 
		0.453125	0.890625	0.000000 
		0.453125	-0.890625	0.000000 
		0.000000	-0.890625	-0.453125 
		0.406250	-0.906250	0.125000 
		0.484375	0.859375	-0.125000 
		0.000000	0.890625	0.453125 
		0.000000	0.906250	0.406250 
		0.000000	0.906250	0.421875 
		0.703125	0.000000	-0.703125 
		-0.265625	0.000000	-0.968750 
		-0.218750	0.500000	-0.843750 
		0.609375	0.500000	-0.609375 
		-0.968750	0.000000	-0.265625 
		-0.843750	0.500000	-0.218750 
		-0.703125	0.000000	0.703125 
		-0.609375	0.500000	0.609375 
		0.265625	0.000000	0.968750 
		0.218750	0.500000	0.843750 
		0.968750	0.000000	0.265625 
		0.843750	0.500000	0.218750 
		0.406250	0.000000	0.906250 
		-0.640625	0.062500	-0.765625 
		-0.734375	0.171875	-0.656250 
		0.000000	0.171875	-0.984375 
		-0.140625	0.062500	-0.984375 
		-0.734375	-0.078125	-0.671875 
		-0.015625	-0.078125	-1.000000 
		0.765625	0.421875	0.500000 
		0.250000	0.921875	0.312500 
		-0.390625	-0.281250	-0.875000 
		-0.187500	-0.156250	-0.968750 
		-0.406250	-0.609375	0.687500 
		0.109375	-0.812500	0.562500 
		0.656250	-0.609375	0.437500 
		-0.062500	0.218750	-0.968750 
		-0.375000	0.453125	0.812500 
		0.031250	-0.984375	0.140625 
		-0.171875	0.484375	-0.859375 
		0.156250	0.609375	0.781250 
		0.000000	-0.859375	-0.515625 
		-0.875000	0.406250	0.234375 
		0.875000	0.406250	0.234375 
		0.578125	0.484375	0.656250 
		0.875000	0.250000	-0.421875 
		-0.093750	0.000000	-1.000000 
		-0.968750	0.062500	-0.265625 
		-0.546875	0.359375	0.750000 
		0.156250	0.984375	0.109375 
		-0.343750	0.921875	0.156250 
		-0.515625	0.796875	-0.296875 
		-0.140625	0.781250	-0.609375 
		0.281250	0.890625	-0.359375 
		-0.125000	0.968750	-0.218750 
		0.640625	0.218750	0.734375 
		-0.531250	0.093750	0.843750 
		-0.953125	-0.203125	-0.203125 
		-0.062500	-0.265625	-0.968750 
		0.921875	0.000000	-0.375000 
		0.125000	-0.968750	0.218750 
		0.984375	-0.218750	0.015625 
		1.000000	-0.093750	0.000000 
		0.953125	-0.078125	0.296875 
		0.890625	-0.140625	0.453125 
		0.406250	0.062500	0.906250 
		0.421875	0.281250	0.859375 
		0.453125	0.781250	0.421875 
		0.375000	0.906250	-0.187500 
		0.375000	0.828125	-0.421875 
		0.343750	0.890625	-0.296875 
		0.281250	0.781250	-0.562500 
		0.078125	0.609375	-0.796875 
		0.328125	0.500000	-0.796875 
		0.078125	0.125000	-0.984375 
		0.296875	0.125000	-0.937500 
		0.406250	0.125000	-0.906250 
		0.328125	0.640625	-0.703125 
		0.406250	-0.062500	-0.906250 
		0.921875	0.218750	-0.328125 
		0.781250	0.406250	-0.468750 
		0.906250	0.203125	-0.375000 
		0.937500	0.218750	0.250000 
		0.968750	0.031250	0.265625 
		0.828125	0.531250	-0.171875 
		0.890625	0.343750	0.296875 
		0.921875	0.140625	0.359375 
		0.953125	0.296875	-0.093750 
		0.781250	0.625000	-0.109375 
		0.828125	0.546875	0.156250 
		0.875000	0.390625	-0.250000 
		0.890625	0.453125	-0.093750 
		0.984375	0.078125	-0.187500 
		0.875000	0.109375	-0.484375 
		0.875000	0.171875	-0.453125 
		1.000000	0.031250	-0.093750 
		0.859375	0.093750	-0.500000 
		1.000000	0.031250	-0.031250 
		1.000000	0.015625	-0.015625 
		1.000000	0.031250	-0.046875 
		1.000000	0.000000	-0.062500 
		0.890625	0.359375	-0.265625 
		0.906250	0.000000	0.406250 
		0.390625	0.187500	-0.906250 
		0.843750	-0.015625	-0.546875 
		0.937500	0.000000	-0.343750 
		0.875000	0.343750	-0.328125 
		0.906250	0.390625	0.125000 
		0.921875	0.359375	0.171875 
		0.890625	0.437500	0.062500 
		0.968750	-0.093750	0.250000 
		0.078125	0.250000	-0.968750 
		-0.734375	0.000000	-0.687500 
		1.000000	0.015625	0.000000 
		0.953125	0.312500	0.000000 
		-0.578125	-0.437500	-0.687500 
		0.796875	0.593750	0.000000 
		0.000000	-1.000000	0.000000 
		-0.453125	0.000000	0.890625 
		-0.453125	0.000000	-0.890625 
		-0.421875	-0.312500	0.859375 
		-0.421875	-0.312500	-0.859375 
		0.812500	0.593750	0.000000 
		0.000000	0.453125	0.890625 
		-0.453125	0.890625	0.000000 
		-0.453125	-0.890625	0.000000 
		-0.406250	-0.906250	0.125000 
		-0.484375	0.859375	-0.125000 
		0.000000	-0.890625	0.453125 
		0.000000	-0.906250	0.406250 
		0.000000	-0.906250	0.421875 
		0.921875	0.156250	-0.375000 
		0.375000	-0.859375	-0.359375 
		-0.484375	-0.781250	0.390625 
		-0.468750	0.265625	0.843750 
		0.390625	0.843750	0.375000 
		0.890625	-0.187500	0.421875 
		0.656250	0.125000	0.750000 
		0.281250	-0.140625	0.953125 
		0.281250	-0.593750	0.750000 
		0.656250	-0.625000	0.437500 
		0.609375	-0.312500	0.734375 
		0.781250	0.234375	-0.578125 
		0.234375	0.953125	0.171875 
		-0.656250	0.359375	0.656250 
		-0.656250	-0.718750	0.203125 
		0.218750	-0.796875	-0.562500 
		-0.609375	0.312500	-0.734375 
		-0.406250	0.000000	0.906250 
		0.140625	0.062500	-0.984375 
		0.640625	0.062500	-0.765625 
		0.734375	-0.078125	-0.671875 
		0.015625	-0.078125	-1.000000 
		0.734375	0.171875	-0.656250 
		-0.765625	0.421875	0.500000 
		0.187500	-0.156250	-0.968750 
		0.390625	-0.281250	-0.875000 
		-0.250000	0.921875	0.312500 
		0.406250	-0.609375	0.687500 
		-0.109375	-0.812500	0.562500 
		-0.656250	-0.609375	0.437500 
		0.062500	0.218750	-0.968750 
		0.375000	0.453125	0.812500 
		-0.031250	-0.984375	0.140625 
		0.171875	0.484375	-0.859375 
		-0.156250	0.609375	0.781250 
		-0.625000	0.546875	0.546875 
		-0.890625	0.046875	-0.437500 
		0.078125	-0.234375	-0.968750 
		0.937500	0.109375	-0.312500 
		0.500000	0.593750	0.625000 
		-0.265625	0.953125	-0.125000 
		0.218750	0.968750	-0.093750 
		0.406250	0.765625	-0.500000 
		0.031250	0.609375	-0.781250 
		-0.390625	0.734375	-0.562500 
		-0.656250	0.328125	0.687500 
		0.515625	0.359375	0.765625 
		0.968750	-0.140625	-0.187500 
		0.078125	-0.484375	-0.875000 
		-0.921875	-0.203125	-0.328125 
		-0.046875	-0.296875	-0.953125 
		-0.406250	-0.593750	-0.703125 
		0.000000	-0.765625	-0.640625 
		0.000000	-1.000000	0.015625 
		0.015625	-1.000000	-0.031250 
		0.000000	-1.000000	-0.078125 
		0.000000	-1.000000	-0.062500 
		0.000000	-1.000000	-0.015625 
		0.015625	-0.984375	-0.140625 
		0.000000	-0.953125	0.312500 
		-0.296875	-0.750000	0.593750 
		-0.375000	-0.828125	-0.406250 
		-0.015625	-0.734375	-0.671875 
		0.078125	-0.937500	-0.343750 
		0.015625	-0.765625	0.640625 
		-0.015625	-0.671875	0.734375 
		-0.734375	-0.218750	0.640625 
		0.015625	-1.000000	0.015625 
		-0.015625	-1.000000	0.015625 
		-0.093750	-0.312500	0.937500 
		0.000000	-1.000000	0.046875 
		0.000000	-1.000000	0.125000 
		0.046875	-0.296875	-0.953125 
		0.406250	-0.593750	-0.703125 
		-0.015625	-1.000000	-0.031250 
		-0.015625	-0.984375	-0.140625 
		0.375000	-0.828125	-0.406250 
		0.296875	-0.750000	0.593750 
		-0.078125	-0.937500	-0.343750 
		0.015625	-0.734375	-0.671875 
		-0.015625	-0.765625	0.640625 
		0.015625	-0.671875	0.734375 
		0.734375	-0.218750	0.640625 
		0.093750	-0.312500	0.937500 
		-0.078125	0.218750	-0.968750 
		0.078125	0.218750	-0.968750 
	}

	Cpv 908 { 
		0.500000	0.322764	0.359115	0.003922 
		0.500000	0.322764	0.359115	0.003922 
		0.500000	0.322764	0.359115	0.003922 
		0.500000	0.322764	0.359115	0.003922 
		0.500000	0.322764	0.359115	0.003922 
		0.500000	0.322764	0.359115	0.003922 
		0.500000	0.322764	0.359115	0.003922 
		0.500000	0.322764	0.359115	0.003922 
		0.500000	0.322764	0.359115	0.003922 
		0.500000	0.322764	0.359115	0.003922 
		0.500000	0.322764	0.359115	0.003922 
		0.500000	0.322764	0.359115	0.003922 
		0.471716	0.515127	0.500000	0.000000 
		0.520996	0.524249	0.500000	0.000000 
		0.528284	0.484873	0.500000	0.000000 
		0.479004	0.475751	0.500000	0.000000 
		0.520996	0.524249	0.500000	0.000000 
		0.471716	0.515127	0.500000	0.000000 
		0.471716	0.515127	0.500000	0.000000 
		0.479004	0.475751	0.500000	0.000000 
		0.528284	0.484873	0.500000	0.000000 
		0.479004	0.475751	0.500000	0.000000 
		0.500000	0.500000	0.500000	0.000000 
		0.500000	0.500000	0.500000	0.000000 
		0.500000	0.500000	0.500000	0.000000 
		0.500000	0.500000	0.500000	0.000000 
		0.500000	0.500000	0.500000	0.000000 
		0.500000	0.500000	0.500000	0.003922 
		0.500000	0.500000	0.500000	0.003922 
		0.500000	0.500000	0.500000	0.000000 
		0.500000	0.445756	0.500000	0.003922 
		0.500000	0.424428	0.500000	0.003922 
		0.500000	0.445756	0.500000	0.003922 
		0.500000	0.445756	0.500000	0.003922 
		0.500000	0.424428	0.500000	0.003922 
		0.500000	0.424428	0.500000	0.003922 
		0.500000	0.445756	0.500000	0.003922 
		0.500000	0.424428	0.500000	0.003922 
		0.500000	0.424428	0.500000	0.003922 
		0.500000	0.445756	0.500000	0.003922 
		0.500000	0.500000	0.500000	0.000000 
		0.500000	0.500000	0.500000	0.000000 
		0.500000	0.500000	0.602651	0.000000 
		0.500000	0.500000	0.500000	0.000000 
		0.500000	0.500000	0.602651	0.000000 
		0.500000	0.500000	0.500000	0.000000 
		0.500000	0.500000	0.500000	0.000000 
		0.500000	0.500000	0.500000	0.000000 
		0.500000	0.500000	0.602651	0.000000 
		0.500000	0.571247	0.602651	0.000000 
		0.500000	0.500000	0.500000	0.000000 
		0.500000	0.500000	0.500000	0.000000 
		0.500000	0.571247	0.602651	0.000000 
		0.500000	0.571247	0.602651	0.000000 
		0.500000	0.500000	0.500000	0.000000 
		0.500000	0.500000	0.500000	0.000000 
		0.500000	0.571247	0.602651	0.000000 
		0.500000	0.638383	0.602651	0.000000 
		0.500000	0.615817	0.500000	0.000000 
		0.500000	0.500000	0.500000	0.000000 
		0.500000	0.500000	0.500000	0.000000 
		0.500000	0.500000	0.500000	0.000000 
		0.500000	0.500000	0.500000	0.000000 
		0.500000	0.500000	0.500000	0.000000 
		0.500000	0.500000	0.500000	0.000000 
		0.500000	0.500000	0.500000	0.000000 
		0.500000	0.500000	0.500000	0.000000 
		0.500000	0.500000	0.500000	0.000000 
		0.500000	0.500000	0.500000	0.000000 
		0.500000	0.500000	0.500000	0.000000 
		0.500000	0.500000	0.500000	0.000000 
		0.500000	0.500000	0.500000	0.003922 
		0.500000	0.424428	0.500000	0.003922 
		0.500000	0.424428	0.500000	0.003922 
		0.500000	0.424428	0.500000	0.003922 
		0.500000	0.500000	0.500000	0.000000 
		0.560531	0.500000	0.500000	0.000000 
		0.560531	0.500000	0.500000	0.000000 
		0.500000	0.500000	0.500000	0.000000 
		0.500000	0.500000	0.500000	0.000000 
		0.500000	0.500000	0.500000	0.000000 
		0.500000	0.500000	0.500000	0.000000 
		0.500000	0.500000	0.500000	0.000000 
		0.500000	0.500000	0.500000	0.000000 
		0.560531	0.500000	0.500000	0.000000 
		0.500000	0.500000	0.500000	0.000000 
		0.500000	0.500000	0.500000	0.000000 
		0.560531	0.500000	0.500000	0.000000 
		0.560531	0.500000	0.500000	0.000000 
		0.590900	0.500000	0.500000	0.000000 
		0.500000	0.500000	0.500000	0.000000 
		0.500000	0.500000	0.500000	0.003922 
		0.500000	0.424428	0.500000	0.003922 
		0.500000	0.424428	0.500000	0.003922 
		0.500000	0.424428	0.500000	0.003922 
		0.500000	0.500000	0.500000	0.000000 
		0.500000	0.500000	0.500000	0.000000 
		0.500000	0.500000	0.500000	0.000000 
		0.500000	0.500000	0.500000	0.000000 
		0.500000	0.500000	0.500000	0.000000 
		0.500000	0.500000	0.500000	0.000000 
		0.500000	0.500000	0.500000	0.000000 
		0.500000	0.500000	0.500000	0.000000 
		0.500000	0.500000	0.500000	0.000000 
		0.500000	0.615817	0.500000	0.000000 
		0.500000	0.500000	0.500000	0.000000 
		0.500000	0.500000	0.500000	0.000000 
		0.500000	0.615817	0.500000	0.000000 
		0.590900	0.500000	0.500000	0.000000 
		0.590900	0.500000	0.500000	0.000000 
		0.590900	0.500000	0.500000	0.000000 
		0.500000	0.500000	0.500000	0.000000 
		0.500000	0.500000	0.500000	0.000000 
		0.500000	0.500000	0.500000	0.000000 
		0.590900	0.500000	0.500000	0.000000 
		0.500000	0.615817	0.500000	0.000000 
		0.500000	0.500000	0.500000	0.000000 
		0.500000	0.500000	0.500000	0.000000 
		0.500000	0.500000	0.500000	0.000000 
		0.560531	0.500000	0.500000	0.000000 
		0.560531	0.500000	0.500000	0.000000 
		0.560531	0.500000	0.500000	0.000000 
		0.500000	0.500000	0.500000	0.000000 
		0.500000	0.500000	0.500000	0.000000 
		0.500000	0.500000	0.500000	0.000000 
		0.500000	0.500000	0.602651	0.000000 
		0.500000	0.500000	0.602651	0.000000 
		0.500000	0.500000	0.500000	0.000000 
		0.553988	0.500000	0.500000	0.003922 
		0.500000	0.500000	0.500000	0.003922 
		0.500000	0.500000	0.500000	0.003922 
		0.553988	0.500000	0.500000	0.003922 
		0.500000	0.500000	0.500000	0.000000 
		0.500000	0.500000	0.500000	0.000000 
		0.500000	0.500000	0.500000	0.000000 
		0.573708	0.500000	0.500000	0.000000 
		0.500000	0.500000	0.500000	0.000000 
		0.500000	0.500000	0.500000	0.000000 
		0.500000	0.500000	0.500000	0.000000 
		0.500000	0.500000	0.500000	0.000000 
		0.500000	0.500000	0.500000	0.000000 
		0.500000	0.500000	0.500000	0.000000 
		0.573708	0.500000	0.500000	0.000000 
		0.573708	0.500000	0.500000	0.000000 
		0.553988	0.500000	0.500000	0.003922 
		0.553988	0.500000	0.500000	0.003922 
		0.553988	0.500000	0.500000	0.003922 
		0.500000	0.500000	0.500000	0.003922 
		0.500000	0.500000	0.500000	0.000000 
		0.573708	0.500000	0.500000	0.000000 
		0.500000	0.500000	0.500000	0.000000 
		0.500000	0.500000	0.500000	0.000000 
		0.500000	0.500000	0.500000	0.003922 
		0.500000	0.500000	0.500000	0.003922 
		0.500000	0.500000	0.500000	0.000000 
		0.500000	0.500000	0.500000	0.000000 
		0.500000	0.500000	0.500000	0.003922 
		0.500000	0.500000	0.500000	0.003922 
		0.500000	0.500000	0.500000	0.000000 
		0.500000	0.500000	0.500000	0.000000 
		0.573708	0.500000	0.500000	0.000000 
		0.573708	0.500000	0.500000	0.000000 
		0.500000	0.500000	0.500000	0.000000 
		0.500000	0.500000	0.500000	0.000000 
		0.500000	0.573884	0.500000	0.000000 
		0.500000	0.573884	0.500000	0.000000 
		0.500000	0.500000	0.500000	0.000000 
		0.500000	0.500000	0.500000	0.003922 
		0.500000	0.500000	0.500000	0.003922 
		0.500000	0.500000	0.500000	0.000000 
		0.500000	0.500000	0.500000	0.003922 
		0.553988	0.500000	0.500000	0.003922 
		0.500000	0.500000	0.500000	0.003922 
		0.500000	0.500000	0.500000	0.003922 
		0.553988	0.500000	0.500000	0.003922 
		0.573708	0.500000	0.500000	0.000000 
		0.500000	0.500000	0.500000	0.000000 
		0.500000	0.500000	0.500000	0.003922 
		0.500000	0.500000	0.500000	0.000000 
		0.500000	0.500000	0.500000	0.000000 
		0.500000	0.500000	0.500000	0.000000 
		0.500000	0.500000	0.500000	0.000000 
		0.500000	0.500000	0.500000	0.000000 
		0.500000	0.500000	0.500000	0.000000 
		0.500000	0.500000	0.500000	0.000000 
		0.500000	0.500000	0.500000	0.000000 
		0.500000	0.500000	0.500000	0.000000 
		0.500000	0.500000	0.500000	0.000000 
		0.500000	0.500000	0.500000	0.000000 
		0.500000	0.573884	0.500000	0.000000 
		0.500000	0.500000	0.500000	0.000000 
		0.500000	0.500000	0.500000	0.000000 
		0.500000	0.500000	0.500000	0.000000 
		0.500000	0.500000	0.500000	0.003922 
		0.500000	0.500000	0.500000	0.003922 
		0.500000	0.500000	0.500000	0.000000 
		0.500000	0.500000	0.500000	0.003922 
		0.500000	0.500000	0.500000	0.003922 
		0.500000	0.500000	0.500000	0.000000 
		0.500000	0.500000	0.500000	0.000000 
		0.500000	0.500000	0.500000	0.000000 
		0.500000	0.500000	0.500000	0.003922 
		0.500000	0.500000	0.500000	0.003922 
		0.500000	0.322764	0.359115	0.003922 
		0.500000	0.322764	0.359115	0.003922 
		0.500000	0.322764	0.359115	0.003922 
		0.500000	0.322764	0.359115	0.003922 
		0.500000	0.322764	0.359115	0.003922 
		0.500000	0.322764	0.359115	0.003922 
		0.500000	0.500000	0.500000	0.000000 
		0.500000	0.500000	0.500000	0.000000 
		0.500000	0.500000	0.500000	0.000000 
		0.500000	0.500000	0.500000	0.000000 
		0.500000	0.500000	0.500000	0.000000 
		0.500000	0.500000	0.500000	0.000000 
		0.500000	0.500000	0.500000	0.003922 
		0.500000	0.500000	0.500000	0.003922 
		0.500000	0.500000	0.500000	0.003922 
		0.500000	0.500000	0.500000	0.003922 
		0.500000	0.500000	0.500000	0.000000 
		0.500000	0.500000	0.500000	0.000000 
		0.500000	0.500000	0.500000	0.000000 
		0.500000	0.500000	0.500000	0.000000 
		0.500000	0.500000	0.500000	0.003922 
		0.500000	0.500000	0.500000	0.003922 
		0.500000	0.500000	0.500000	0.003922 
		0.500000	0.500000	0.500000	0.003922 
		0.500000	0.500000	0.500000	0.003922 
		0.500000	0.500000	0.500000	0.003922 
		0.500000	0.500000	0.500000	0.003922 
		0.500000	0.500000	0.500000	0.003922 
		0.500000	0.500000	0.500000	0.003922 
		0.500000	0.500000	0.500000	0.003922 
		0.500000	0.500000	0.500000	0.003922 
		0.500000	0.500000	0.500000	0.003922 
		0.500000	0.500000	0.500000	0.000000 
		0.500000	0.500000	0.500000	0.000000 
		0.500000	0.500000	0.500000	0.000000 
		0.500000	0.500000	0.500000	0.000000 
		0.500000	0.500000	0.500000	0.000000 
		0.500000	0.500000	0.500000	0.000000 
		0.588307	0.500000	0.500000	0.000000 
		0.588307	0.500000	0.500000	0.000000 
		0.500000	0.500000	0.500000	0.000000 
		0.500000	0.500000	0.500000	0.000000 
		0.500000	0.500000	0.500000	0.000000 
		0.588307	0.500000	0.500000	0.000000 
		0.500000	0.500000	0.500000	0.000000 
		0.500000	0.500000	0.500000	0.000000 
		0.588307	0.500000	0.500000	0.000000 
		0.500000	0.500000	0.500000	0.000000 
		0.500000	0.500000	0.500000	0.000000 
		0.588307	0.500000	0.500000	0.000000 
		0.588307	0.500000	0.500000	0.000000 
		0.500000	0.322764	0.359115	0.003922 
		0.500000	0.322764	0.359115	0.003922 
		0.500000	0.398734	0.500000	0.003922 
		0.500000	0.410799	0.500000	0.003922 
		0.500000	0.398734	0.500000	0.003922 
		0.500000	0.322764	0.359115	0.003922 
		0.500000	0.322764	0.359115	0.003922 
		0.500000	0.410799	0.500000	0.003922 
		0.500000	0.398734	0.500000	0.003922 
		0.500000	0.322764	0.359115	0.003922 
		0.500000	0.322764	0.359115	0.003922 
		0.500000	0.500000	0.500000	0.003922 
		0.500000	0.500000	0.500000	0.003922 
		0.500000	0.416341	0.500000	0.003922 
		0.500000	0.410799	0.500000	0.003922 
		0.500000	0.398734	0.500000	0.003922 
		0.500000	0.416341	0.500000	0.003922 
		0.500000	0.416341	0.500000	0.003922 
		0.500000	0.416341	0.500000	0.003922 
		0.500000	0.398734	0.500000	0.003922 
		0.500000	0.398734	0.500000	0.003922 
		0.500000	0.398734	0.500000	0.003922 
		0.500000	0.416341	0.500000	0.003922 
		0.500000	0.416341	0.500000	0.003922 
		0.500000	0.398734	0.500000	0.003922 
		0.500000	0.398734	0.500000	0.003922 
		0.500000	0.500000	0.500000	0.003922 
		0.500000	0.500000	0.500000	0.003922 
		0.500000	0.322764	0.359115	0.003922 
		0.500000	0.322764	0.359115	0.003922 
		0.500000	0.416341	0.500000	0.003922 
		0.500000	0.416341	0.500000	0.003922 
		0.500000	0.416341	0.500000	0.003922 
		0.500000	0.416341	0.500000	0.003922 
		0.500000	0.322764	0.359115	0.003922 
		0.500000	0.322764	0.359115	0.003922 
		0.500000	0.322764	0.359115	0.003922 
		0.500000	0.322764	0.359115	0.003922 
		0.500000	0.322764	0.359115	0.003922 
		0.432380	0.433943	0.500000	0.003922 
		0.432380	0.433943	0.500000	0.003922 
		0.500000	0.500000	0.500000	0.003922 
		0.500000	0.500000	0.500000	0.003922 
		0.500000	0.500000	0.265629	0.003922 
		0.500000	0.500000	0.265629	0.003922 
		0.500000	0.500000	0.500000	0.003922 
		0.500000	0.500000	0.500000	0.003922 
		0.500000	0.500000	0.500000	0.003922 
		0.500000	0.500000	0.500000	0.003922 
		0.500000	0.500000	0.500000	0.000000 
		0.500000	0.500000	0.500000	0.000000 
		0.500000	0.500000	0.500000	0.003922 
		0.500000	0.500000	0.500000	0.003922 
		0.500000	0.500000	0.500000	0.000000 
		0.500000	0.500000	0.500000	0.003922 
		0.500000	0.500000	0.500000	0.000000 
		0.500000	0.500000	0.500000	0.003922 
		0.500000	0.500000	0.500000	0.000000 
		0.500000	0.500000	0.500000	0.003922 
		0.500000	0.500000	0.500000	0.000000 
		0.500000	0.500000	0.500000	0.003922 
		0.500000	0.500000	0.500000	0.000000 
		0.500000	0.500000	0.500000	0.003922 
		0.552786	0.608994	0.500000	0.000000 
		0.538138	0.550883	0.500000	0.000000 
		0.680814	0.515104	0.500000	0.000000 
		0.695461	0.573215	0.500000	0.000000 
		0.654574	0.577149	0.500000	0.000000 
		0.695461	0.573215	0.500000	0.000000 
		0.680814	0.515104	0.500000	0.000000 
		0.645588	0.541496	0.500000	0.000000 
		0.552786	0.608994	0.500000	0.000000 
		0.538138	0.550883	0.500000	0.000000 
		0.588043	0.566185	0.500000	0.000000 
		0.500000	0.500000	0.500000	0.000000 
		0.500000	0.500000	0.500000	0.000000 
		0.581079	0.575057	0.500000	0.000000 
		0.583286	0.583827	0.500000	0.000000 
		0.500000	0.500000	0.500000	0.000000 
		0.642765	0.550375	0.500000	0.000000 
		0.656648	0.555977	0.500000	0.000000 
		0.658885	0.564740	0.500000	0.000000 
		0.500000	0.500000	0.500000	0.000000 
		0.500000	0.500000	0.500000	0.000000 
		0.500000	0.500000	0.500000	0.000000 
		0.500000	0.500000	0.500000	0.000000 
		0.500000	0.500000	0.500000	0.000000 
		0.500000	0.500000	0.500000	0.000000 
		0.500000	0.500000	0.500000	0.000000 
		0.500000	0.500000	0.500000	0.000000 
		0.500000	0.500000	0.500000	0.000000 
		0.500000	0.500000	0.500000	0.000000 
		0.500000	0.500000	0.500000	0.000000 
		0.500000	0.500000	0.500000	0.000000 
		0.500000	0.500000	0.500000	0.000000 
		0.500000	0.500000	0.500000	0.000000 
		0.500000	0.500000	0.500000	0.000000 
		0.500000	0.539400	0.403213	0.000000 
		0.500000	0.452422	0.467834	0.000000 
		0.642747	0.331534	0.352969	0.000000 
		0.642747	0.351814	0.337902	0.000000 
		0.500000	0.412655	0.514487	0.000000 
		0.642747	0.322262	0.363847	0.000000 
		0.500000	0.475055	0.478699	0.000000 
		0.642747	0.336812	0.355502	0.000000 
		0.500000	0.553388	0.409927	0.000000 
		0.642747	0.355076	0.339467	0.000000 
		0.500000	0.539400	0.403213	0.000000 
		0.500000	0.553388	0.409927	0.000000 
		0.500000	0.603602	0.404355	0.000000 
		0.500000	0.582156	0.394060	0.000000 
		0.500000	0.475055	0.478699	0.000000 
		0.500000	0.483503	0.509795	0.000000 
		0.500000	0.412655	0.514487	0.000000 
		0.500000	0.387831	0.564666	0.000000 
		0.500000	0.452422	0.467834	0.000000 
		0.500000	0.448802	0.493137	0.000000 
		0.642747	0.331534	0.352969	0.000000 
		0.642747	0.322262	0.363847	0.000000 
		0.642747	0.336812	0.355502	0.000000 
		0.642747	0.355076	0.339467	0.000000 
		0.642747	0.351814	0.337902	0.000000 
		0.500000	0.582156	0.394060	0.000000 
		0.500000	0.603602	0.404355	0.000000 
		0.500000	0.656868	0.474812	0.000000 
		0.500000	0.635792	0.464694	0.000000 
		0.500000	0.483503	0.509795	0.000000 
		0.500000	0.538841	0.578433	0.000000 
		0.500000	0.387831	0.564666	0.000000 
		0.500000	0.444819	0.632357	0.000000 
		0.500000	0.448802	0.493137	0.000000 
		0.500000	0.504739	0.562063	0.000000 
		0.500000	0.448802	0.493137	0.000000 
		0.500000	0.504739	0.562063	0.000000 
		0.500000	0.538841	0.578433	0.000000 
		0.500000	0.444819	0.632357	0.000000 
		0.500000	0.504739	0.562063	0.000000 
		0.500000	0.635792	0.464694	0.000000 
		0.500000	0.656868	0.474812	0.000000 
		0.500000	0.500000	0.500000	0.003922 
		0.432380	0.433943	0.500000	0.003922 
		0.432380	0.433943	0.500000	0.003922 
		0.500000	0.500000	0.500000	0.003922 
		0.432380	0.433943	0.500000	0.003922 
		0.500000	0.500000	0.500000	0.003922 
		0.500000	0.500000	0.500000	0.003922 
		0.432380	0.433943	0.500000	0.003922 
		0.500000	0.500000	0.500000	0.003922 
		0.432380	0.433943	0.500000	0.003922 
		0.432380	0.433943	0.500000	0.003922 
		0.500000	0.500000	0.500000	0.003922 
		0.500000	0.500000	0.500000	0.000000 
		0.500000	0.500000	0.500000	0.000000 
		0.500000	0.500000	0.500000	0.000000 
		0.500000	0.500000	0.500000	0.000000 
		0.500000	0.500000	0.500000	0.000000 
		0.500000	0.500000	0.500000	0.000000 
		0.500000	0.500000	0.500000	0.000000 
		0.500000	0.500000	0.500000	0.000000 
		0.500000	0.500000	0.500000	0.000000 
		0.500000	0.500000	0.500000	0.000000 
		0.500000	0.500000	0.500000	0.000000 
		0.500000	0.500000	0.500000	0.000000 
		0.416562	0.500000	0.500000	0.000000 
		0.500000	0.500000	0.500000	0.000000 
		0.500000	0.500000	0.500000	0.000000 
		0.500000	0.500000	0.500000	0.003922 
		0.500000	0.500000	0.500000	0.003922 
		0.500000	0.500000	0.500000	0.003922 
		0.500000	0.500000	0.500000	0.003922 
		0.500000	0.500000	0.500000	0.003922 
		0.500000	0.500000	0.500000	0.003922 
		0.500000	0.500000	0.500000	0.000000 
		0.500000	0.500000	0.500000	0.000000 
		0.500000	0.500000	0.500000	0.000000 
		0.500000	0.500000	0.500000	0.000000 
		0.500000	0.500000	0.500000	0.000000 
		0.500000	0.500000	0.500000	0.000000 
		0.500000	0.500000	0.500000	0.000000 
		0.500000	0.500000	0.500000	0.000000 
		0.500000	0.500000	0.500000	0.000000 
		0.500000	0.500000	0.500000	0.000000 
		0.500000	0.500000	0.500000	0.000000 
		0.500000	0.500000	0.500000	0.000000 
		0.500000	0.500000	0.500000	0.000000 
		0.500000	0.500000	0.500000	0.000000 
		0.500000	0.500000	0.500000	0.000000 
		0.500000	0.500000	0.500000	0.000000 
		0.416562	0.500000	0.500000	0.000000 
		0.416562	0.500000	0.500000	0.000000 
		0.500000	0.500000	0.500000	0.000000 
		0.416562	0.500000	0.500000	0.000000 
		0.500000	0.500000	0.500000	0.003922 
		0.500000	0.500000	0.500000	0.003922 
		0.500000	0.500000	0.500000	0.000000 
		0.500000	0.500000	0.500000	0.000000 
		0.500000	0.500000	0.500000	0.003922 
		0.500000	0.500000	0.500000	0.003922 
		0.454718	0.500000	0.500000	0.000000 
		0.454718	0.500000	0.500000	0.000000 
		0.500000	0.500000	0.500000	0.000000 
		0.454718	0.500000	0.500000	0.000000 
		0.500000	0.500000	0.500000	0.000000 
		0.500000	0.500000	0.500000	0.000000 
		0.500000	0.500000	0.500000	0.000000 
		0.454718	0.500000	0.500000	0.000000 
		0.500000	0.500000	0.500000	0.000000 
		0.500000	0.500000	0.500000	0.000000 
		0.416562	0.500000	0.500000	0.000000 
		0.500000	0.500000	0.500000	0.000000 
		0.500000	0.500000	0.500000	0.000000 
		0.500000	0.500000	0.500000	0.000000 
		0.500000	0.500000	0.500000	0.000000 
		0.500000	0.500000	0.500000	0.003922 
		0.500000	0.500000	0.500000	0.000000 
		0.500000	0.500000	0.500000	0.003922 
		0.500000	0.500000	0.500000	0.003922 
		0.500000	0.500000	0.500000	0.003922 
		0.500000	0.500000	0.500000	0.000000 
		0.500000	0.500000	0.500000	0.000000 
		0.500000	0.500000	0.500000	0.000000 
		0.500000	0.500000	0.500000	0.000000 
		0.500000	0.500000	0.500000	0.000000 
		0.500000	0.500000	0.500000	0.000000 
		0.500000	0.500000	0.500000	0.000000 
		0.500000	0.500000	0.500000	0.000000 
		0.500000	0.500000	0.500000	0.000000 
		0.500000	0.500000	0.500000	0.000000 
		0.500000	0.500000	0.500000	0.000000 
		0.500000	0.500000	0.500000	0.000000 
		0.500000	0.500000	0.500000	0.000000 
		0.500000	0.500000	0.500000	0.000000 
		0.500000	0.500000	0.500000	0.000000 
		0.500000	0.500000	0.500000	0.000000 
		0.500000	0.500000	0.500000	0.000000 
		0.500000	0.500000	0.500000	0.000000 
		0.500000	0.500000	0.500000	0.000000 
		0.500000	0.500000	0.500000	0.000000 
		0.500000	0.500000	0.500000	0.000000 
		0.500000	0.500000	0.500000	0.000000 
		0.500000	0.500000	0.500000	0.000000 
		0.500000	0.500000	0.500000	0.000000 
		0.500000	0.500000	0.500000	0.000000 
		0.500000	0.500000	0.500000	0.000000 
		0.500000	0.500000	0.500000	0.000000 
		0.465451	0.442840	0.500000	0.003922 
		0.465451	0.442840	0.500000	0.003922 
		0.500000	0.500000	0.500000	0.003922 
		0.500000	0.500000	0.500000	0.003922 
		0.500000	0.500000	0.500000	0.000000 
		0.430453	0.500000	0.500000	0.000000 
		0.500000	0.500000	0.500000	0.000000 
		0.500000	0.500000	0.500000	0.000000 
		0.430453	0.500000	0.500000	0.000000 
		0.430453	0.500000	0.500000	0.000000 
		0.500000	0.500000	0.500000	0.000000 
		0.500000	0.500000	0.500000	0.000000 
		0.465451	0.442840	0.500000	0.003922 
		0.465451	0.442840	0.500000	0.003922 
		0.500000	0.500000	0.500000	0.000000 
		0.465451	0.442840	0.500000	0.003922 
		0.500000	0.500000	0.500000	0.000000 
		0.500000	0.500000	0.500000	0.000000 
		0.500000	0.500000	0.500000	0.003922 
		0.500000	0.500000	0.500000	0.000000 
		0.500000	0.500000	0.500000	0.003922 
		0.500000	0.500000	0.500000	0.003922 
		0.500000	0.500000	0.500000	0.000000 
		0.500000	0.500000	0.500000	0.000000 
		0.465451	0.413849	0.500000	0.003922 
		0.500000	0.500000	0.500000	0.003922 
		0.500000	0.500000	0.500000	0.000000 
		0.430453	0.500000	0.500000	0.000000 
		0.500000	0.500000	0.500000	0.000000 
		0.500000	0.500000	0.500000	0.000000 
		0.430453	0.500000	0.500000	0.000000 
		0.500000	0.500000	0.500000	0.000000 
		0.500000	0.500000	0.500000	0.000000 
		0.500000	0.500000	0.500000	0.000000 
		0.500000	0.500000	0.500000	0.000000 
		0.500000	0.500000	0.500000	0.003922 
		0.500000	0.500000	0.500000	0.003922 
		0.500000	0.500000	0.500000	0.003922 
		0.500000	0.500000	0.500000	0.003922 
		0.465451	0.413849	0.500000	0.003922 
		0.465451	0.442840	0.500000	0.003922 
		0.465451	0.442840	0.500000	0.003922 
		0.465451	0.413849	0.500000	0.003922 
		0.500000	0.500000	0.500000	0.000000 
		0.500000	0.500000	0.500000	0.000000 
		0.500000	0.500000	0.500000	0.000000 
		0.500000	0.500000	0.500000	0.000000 
		0.500000	0.500000	0.500000	0.000000 
		0.500000	0.500000	0.500000	0.000000 
		0.500000	0.500000	0.500000	0.000000 
		0.500000	0.500000	0.500000	0.000000 
		0.500000	0.500000	0.500000	0.000000 
		0.500000	0.500000	0.500000	0.000000 
		0.500000	0.500000	0.500000	0.000000 
		0.500000	0.500000	0.500000	0.000000 
		0.500000	0.252581	0.500000	0.003922 
		0.500000	0.252581	0.500000	0.003922 
		0.500000	0.500000	0.500000	0.000000 
		0.500000	0.500000	0.500000	0.000000 
		0.500000	0.500000	0.500000	0.000000 
		0.500000	0.252581	0.500000	0.003922 
		0.500000	0.252581	0.500000	0.003922 
		0.500000	0.500000	0.500000	0.000000 
		0.500000	0.252581	0.500000	0.003922 
		0.500000	0.252581	0.500000	0.003922 
		0.500000	0.500000	0.500000	0.000000 
		0.500000	0.500000	0.500000	0.003922 
		0.500000	0.252581	0.500000	0.003922 
		0.500000	0.252581	0.500000	0.003922 
		0.500000	0.500000	0.500000	0.003922 
		0.500000	0.500000	0.500000	0.003922 
		0.500000	0.500000	0.500000	0.003922 
		0.500000	0.500000	0.500000	0.003922 
		0.500000	0.500000	0.500000	0.003922 
		0.500000	0.500000	0.500000	0.000000 
		0.500000	0.500000	0.500000	0.000000 
		0.500000	0.500000	0.500000	0.000000 
		0.500000	0.500000	0.500000	0.000000 
		0.500000	0.500000	0.500000	0.000000 
		0.500000	0.500000	0.500000	0.003922 
		0.500000	0.500000	0.500000	0.003922 
		0.500000	0.500000	0.500000	0.000000 
		0.500000	0.500000	0.500000	0.003922 
		0.500000	0.500000	0.500000	0.000000 
		0.500000	0.500000	0.500000	0.000000 
		0.500000	0.500000	0.500000	0.003922 
		0.500000	0.500000	0.500000	0.000000 
		0.500000	0.500000	0.500000	0.003922 
		0.500000	0.500000	0.500000	0.003922 
		0.500000	0.500000	0.500000	0.000000 
		0.500000	0.500000	0.500000	0.003922 
		0.500000	0.500000	0.500000	0.003922 
		0.500000	0.500000	0.500000	0.003922 
		0.500000	0.500000	0.500000	0.003922 
		0.500000	0.500000	0.500000	0.003922 
		0.500000	0.500000	0.500000	0.003922 
		0.500000	0.500000	0.500000	0.003922 
		0.500000	0.500000	0.500000	0.003922 
		0.500000	0.500000	0.500000	0.003922 
		0.500000	0.500000	0.500000	0.003922 
		0.500000	0.500000	0.500000	0.000000 
		0.500000	0.500000	0.500000	0.000000 
		0.500000	0.500000	0.500000	0.000000 
		0.500000	0.500000	0.500000	0.000000 
		0.500000	0.500000	0.500000	0.000000 
		0.500000	0.500000	0.500000	0.000000 
		0.500000	0.500000	0.500000	0.000000 
		0.500000	0.500000	0.500000	0.000000 
		0.500000	0.500000	0.500000	0.000000 
		0.500000	0.500000	0.500000	0.000000 
		0.500000	0.500000	0.500000	0.000000 
		0.500000	0.500000	0.500000	0.000000 
		0.500000	0.500000	0.500000	0.000000 
		0.500000	0.500000	0.500000	0.000000 
		0.500000	0.500000	0.500000	0.000000 
		0.500000	0.500000	0.500000	0.000000 
		0.500000	0.500000	0.500000	0.000000 
		0.500000	0.500000	0.500000	0.000000 
		0.500000	0.500000	0.500000	0.000000 
		0.500000	0.500000	0.500000	0.000000 
		0.500000	0.500000	0.500000	0.000000 
		0.500000	0.500000	0.500000	0.000000 
		0.500000	0.500000	0.500000	0.000000 
		0.500000	0.500000	0.500000	0.003922 
		0.500000	0.500000	0.500000	0.003922 
		0.500000	0.500000	0.500000	0.003922 
		0.500000	0.500000	0.500000	0.003922 
		0.500000	0.500000	0.500000	0.003922 
		0.500000	0.500000	0.500000	0.003922 
		0.500000	0.500000	0.500000	0.003922 
		0.500000	0.500000	0.500000	0.003922 
		0.500000	0.500000	0.500000	0.003922 
		0.500000	0.322764	0.359115	0.003922 
		0.500000	0.500000	0.500000	0.003922 
		0.500000	0.500000	0.500000	0.003922 
		0.500000	0.322764	0.359115	0.003922 
		0.500000	0.500000	0.500000	0.003922 
		0.500000	0.322764	0.359115	0.003922 
		0.500000	0.500000	0.500000	0.003922 
		0.500000	0.500000	0.500000	0.003922 
		0.500000	0.500000	0.500000	0.003922 
		0.500000	0.500000	0.500000	0.003922 
		0.500000	0.500000	0.500000	0.003922 
		0.500000	0.500000	0.500000	0.003922 
		0.500000	0.500000	0.500000	0.003922 
		0.500000	0.500000	0.500000	0.003922 
		0.500000	0.500000	0.500000	0.003922 
		0.500000	0.500000	0.500000	0.003922 
		0.500000	0.500000	0.500000	0.003922 
		0.500000	0.398734	0.500000	0.003922 
		0.500000	0.500000	0.500000	0.003922 
		0.500000	0.500000	0.500000	0.003922 
		0.500000	0.398734	0.500000	0.003922 
		0.500000	0.398734	0.500000	0.003922 
		0.500000	0.500000	0.500000	0.003922 
		0.500000	0.500000	0.500000	0.003922 
		0.500000	0.398734	0.500000	0.003922 
		0.432380	0.433943	0.500000	0.003922 
		0.500000	0.500000	0.500000	0.003922 
		0.500000	0.500000	0.500000	0.003922 
		0.432380	0.433943	0.500000	0.003922 
		0.500000	0.500000	0.500000	0.003922 
		0.432380	0.433943	0.500000	0.003922 
		0.432380	0.433943	0.500000	0.003922 
		0.500000	0.500000	0.500000	0.003922 
		0.432380	0.433943	0.500000	0.003922 
		0.500000	0.322764	0.359115	0.003922 
		0.432380	0.433943	0.500000	0.003922 
		0.432380	0.433943	0.500000	0.003922 
		0.500000	0.322764	0.359115	0.003922 
		0.500000	0.322764	0.359115	0.003922 
		0.432380	0.433943	0.500000	0.003922 
		0.432380	0.433943	0.500000	0.003922 
		0.500000	0.322764	0.359115	0.003922 
		0.500000	0.500000	0.500000	0.003922 
		0.500000	0.500000	0.265629	0.003922 
		0.500000	0.500000	0.265629	0.003922 
		0.500000	0.500000	0.500000	0.003922 
		0.500000	0.500000	0.500000	0.003922 
		0.500000	0.500000	0.265629	0.003922 
		0.500000	0.500000	0.265629	0.003922 
		0.500000	0.500000	0.500000	0.003922 
		0.500000	0.500000	0.500000	0.003922 
		0.500000	0.500000	0.500000	0.003922 
		0.500000	0.500000	0.500000	0.003922 
		0.500000	0.500000	0.500000	0.003922 
		0.500000	0.500000	0.500000	0.003922 
		0.500000	0.500000	0.500000	0.003922 
		0.500000	0.500000	0.500000	0.003922 
		0.500000	0.500000	0.500000	0.003922 
		0.500000	0.500000	0.500000	0.000000 
		0.500000	0.500000	0.500000	0.000000 
		0.500000	0.500000	0.500000	0.000000 
		0.500000	0.500000	0.500000	0.000000 
		0.500000	0.500000	0.500000	0.000000 
		0.500000	0.500000	0.500000	0.000000 
		0.500000	0.500000	0.500000	0.000000 
		0.500000	0.500000	0.500000	0.000000 
		0.500000	0.500000	0.500000	0.000000 
		0.500000	0.500000	0.500000	0.000000 
		0.500000	0.500000	0.500000	0.000000 
		0.500000	0.500000	0.500000	0.000000 
		0.500000	0.500000	0.500000	0.000000 
		0.500000	0.500000	0.500000	0.000000 
		0.500000	0.500000	0.500000	0.000000 
		0.500000	0.500000	0.500000	0.000000 
		0.500000	0.500000	0.500000	0.000000 
		0.500000	0.500000	0.500000	0.000000 
		0.500000	0.500000	0.500000	0.000000 
		0.500000	0.500000	0.500000	0.000000 
		0.500000	0.500000	0.500000	0.000000 
		0.500000	0.500000	0.500000	0.000000 
		0.500000	0.500000	0.500000	0.000000 
		0.500000	0.500000	0.500000	0.000000 
		0.500000	0.500000	0.500000	0.000000 
		0.500000	0.500000	0.500000	0.000000 
		0.500000	0.500000	0.500000	0.000000 
		0.500000	0.500000	0.500000	0.000000 
		0.500000	0.500000	0.500000	0.000000 
		0.500000	0.500000	0.500000	0.000000 
		0.500000	0.500000	0.500000	0.000000 
		0.500000	0.500000	0.500000	0.000000 
		0.500000	0.500000	0.500000	0.000000 
		0.500000	0.500000	0.500000	0.000000 
		0.500000	0.500000	0.500000	0.000000 
		0.500000	0.500000	0.500000	0.000000 
		0.500000	0.500000	0.500000	0.000000 
		0.500000	0.500000	0.500000	0.000000 
		0.500000	0.500000	0.500000	0.000000 
		0.500000	0.500000	0.500000	0.000000 
		0.500000	0.500000	0.500000	0.000000 
		0.500000	0.500000	0.500000	0.000000 
		0.196632	0.500000	0.674042	0.000000 
		0.196632	0.500000	0.674042	0.000000 
		0.271387	0.500000	0.603923	0.000000 
		0.271387	0.500000	0.603923	0.000000 
		0.271329	0.500000	0.632606	0.000000 
		0.225755	0.500000	0.675932	0.000000 
		0.196632	0.500000	0.674042	0.000000 
		0.271387	0.500000	0.603923	0.000000 
		0.271387	0.500000	0.603923	0.000000 
		0.196632	0.500000	0.674042	0.000000 
		0.259489	0.500000	0.644409	0.000000 
		0.276135	0.500000	0.662951	0.000000 
		0.500000	0.500000	0.500000	0.000000 
		0.500000	0.500000	0.500000	0.000000 
		0.251732	0.500000	0.668157	0.000000 
		0.500000	0.500000	0.500000	0.000000 
		0.264759	0.500000	0.643280	0.000000 
		0.276135	0.500000	0.662951	0.000000 
		0.251732	0.500000	0.668157	0.000000 
		0.500000	0.500000	0.500000	0.000000 
		0.500000	0.500000	0.500000	0.000000 
		0.500000	0.500000	0.500000	0.000000 
		0.500000	0.500000	0.500000	0.000000 
		0.500000	0.500000	0.500000	0.000000 
		0.500000	0.500000	0.500000	0.000000 
		0.500000	0.500000	0.500000	0.000000 
		0.500000	0.500000	0.500000	0.000000 
		0.500000	0.500000	0.500000	0.000000 
		0.500000	0.500000	0.500000	0.000000 
		0.500000	0.500000	0.500000	0.000000 
		0.500000	0.500000	0.500000	0.000000 
		0.500000	0.500000	0.500000	0.000000 
		0.500000	0.500000	0.500000	0.000000 
		0.500000	0.500000	0.500000	0.000000 
		0.500000	0.500000	0.500000	0.000000 
		0.500000	0.500000	0.500000	0.000000 
		0.500000	0.500000	0.500000	0.000000 
		0.500000	0.500000	0.500000	0.000000 
		0.500000	0.500000	0.500000	0.000000 
		0.500000	0.500000	0.500000	0.000000 
		0.500000	0.500000	0.500000	0.000000 
		0.500000	0.500000	0.500000	0.000000 
		0.500000	0.500000	0.500000	0.000000 
		0.500000	0.500000	0.500000	0.000000 
		0.500000	0.500000	0.500000	0.000000 
		0.500000	0.500000	0.500000	0.000000 
		0.500000	0.500000	0.500000	0.000000 
		0.500000	0.500000	0.500000	0.000000 
		0.500000	0.500000	0.500000	0.000000 
		0.500000	0.500000	0.500000	0.000000 
		0.500000	0.500000	0.500000	0.000000 
		0.500000	0.500000	0.500000	0.000000 
		0.500000	0.500000	0.500000	0.000000 
		0.500000	0.500000	0.500000	0.000000 
		0.500000	0.500000	0.500000	0.000000 
		0.500000	0.500000	0.500000	0.000000 
		0.500000	0.500000	0.500000	0.000000 
		0.500000	0.500000	0.500000	0.000000 
		0.500000	0.500000	0.500000	0.000000 
		0.500000	0.500000	0.500000	0.000000 
		0.500000	0.500000	0.500000	0.000000 
		0.500000	0.500000	0.500000	0.000000 
		0.500000	0.500000	0.500000	0.000000 
		0.500000	0.500000	0.500000	0.000000 
		0.500000	0.500000	0.500000	0.000000 
		0.500000	0.500000	0.500000	0.000000 
		0.500000	0.500000	0.500000	0.000000 
		0.500000	0.500000	0.500000	0.000000 
		0.500000	0.500000	0.500000	0.000000 
		0.500000	0.500000	0.500000	0.000000 
		0.500000	0.500000	0.500000	0.000000 
		0.500000	0.500000	0.500000	0.000000 
		0.500000	0.500000	0.500000	0.000000 
		0.500000	0.500000	0.500000	0.000000 
		0.500000	0.500000	0.500000	0.000000 
		0.500000	0.500000	0.500000	0.000000 
		0.528284	0.484873	0.500000	0.000000 
		0.520996	0.524249	0.500000	0.000000 
		0.471716	0.515127	0.500000	0.000000 
		0.479004	0.475751	0.500000	0.000000 
		0.500000	0.500000	0.500000	0.000000 
		0.500000	0.500000	0.500000	0.000000 
		0.500000	0.500000	0.500000	0.000000 
		0.500000	0.500000	0.500000	0.000000 
		0.500000	0.500000	0.500000	0.000000 
		0.500000	0.500000	0.500000	0.000000 
		0.500000	0.500000	0.500000	0.000000 
		0.500000	0.500000	0.500000	0.000000 
		0.500000	0.500000	0.500000	0.000000 
		0.500000	0.500000	0.500000	0.000000 
		0.500000	0.598267	0.500000	0.000000 
		0.500000	0.615817	0.500000	0.000000 
		0.500000	0.615817	0.500000	0.000000 
		0.500000	0.615817	0.500000	0.000000 
		0.500000	0.638383	0.602651	0.000000 
		0.560531	0.500000	0.500000	0.000000 
		0.500000	0.500000	0.500000	0.000000 
		0.500000	0.500000	0.500000	0.000000 
		0.500000	0.500000	0.500000	0.000000 
		0.500000	0.500000	0.500000	0.000000 
		0.560531	0.500000	0.500000	0.000000 
		0.500000	0.500000	0.500000	0.000000 
		0.500000	0.500000	0.500000	0.000000 
		0.500000	0.598267	0.500000	0.000000 
		0.500000	0.500000	0.500000	0.000000 
		0.500000	0.500000	0.500000	0.000000 
		0.500000	0.500000	0.500000	0.000000 
		0.500000	0.500000	0.500000	0.000000 
		0.500000	0.500000	0.500000	0.000000 
		0.500000	0.500000	0.500000	0.000000 
		0.500000	0.615817	0.500000	0.000000 
		0.500000	0.500000	0.500000	0.000000 
		0.500000	0.500000	0.500000	0.000000 
		0.500000	0.500000	0.500000	0.000000 
		0.500000	0.500000	0.500000	0.000000 
		0.500000	0.500000	0.500000	0.000000 
		0.500000	0.500000	0.500000	0.000000 
		0.500000	0.500000	0.500000	0.000000 
		0.500000	0.500000	0.500000	0.000000 
		0.500000	0.500000	0.500000	0.000000 
		0.500000	0.500000	0.500000	0.000000 
		0.500000	0.500000	0.500000	0.000000 
		0.500000	0.500000	0.500000	0.000000 
		0.500000	0.500000	0.500000	0.000000 
		0.500000	0.573884	0.500000	0.000000 
		0.500000	0.500000	0.500000	0.000000 
		0.500000	0.500000	0.500000	0.000000 
		0.500000	0.500000	0.500000	0.000000 
		0.500000	0.500000	0.500000	0.000000 
		0.500000	0.500000	0.500000	0.000000 
		0.500000	0.500000	0.500000	0.000000 
		0.500000	0.500000	0.500000	0.000000 
		0.416562	0.500000	0.500000	0.000000 
		0.500000	0.500000	0.500000	0.000000 
		0.500000	0.500000	0.500000	0.000000 
		0.500000	0.500000	0.500000	0.000000 
		0.500000	0.500000	0.500000	0.000000 
		0.500000	0.500000	0.500000	0.000000 
		0.500000	0.500000	0.500000	0.000000 
		0.500000	0.500000	0.500000	0.000000 
		0.500000	0.638383	0.602651	0.000000 
		0.500000	0.500000	0.500000	0.000000 
		0.454718	0.500000	0.500000	0.000000 
		0.500000	0.500000	0.500000	0.000000 
		0.500000	0.500000	0.500000	0.000000 
		0.454718	0.500000	0.500000	0.000000 
		0.500000	0.500000	0.500000	0.000000 
		0.416562	0.500000	0.500000	0.000000 
		0.500000	0.500000	0.500000	0.000000 
		0.500000	0.500000	0.500000	0.000000 
		0.500000	0.500000	0.500000	0.000000 
		0.500000	0.500000	0.500000	0.000000 
		0.500000	0.500000	0.500000	0.000000 
		0.500000	0.500000	0.500000	0.000000 
		0.430453	0.500000	0.500000	0.000000 
		0.500000	0.500000	0.500000	0.000000 
		0.500000	0.500000	0.500000	0.000000 
		0.500000	0.500000	0.500000	0.000000 
		0.430453	0.500000	0.500000	0.000000 
		0.500000	0.500000	0.500000	0.000000 
		0.500000	0.500000	0.500000	0.000000 
		0.500000	0.500000	0.500000	0.000000 
		0.500000	0.500000	0.500000	0.000000 
		0.500000	0.500000	0.500000	0.000000 
		0.500000	0.500000	0.500000	0.000000 
		0.500000	0.500000	0.500000	0.000000 
		0.500000	0.500000	0.500000	0.000000 
		0.500000	0.500000	0.500000	0.000000 
		0.500000	0.500000	0.500000	0.000000 
		0.500000	0.500000	0.500000	0.000000 
		0.500000	0.500000	0.500000	0.000000 
		0.500000	0.500000	0.500000	0.000000 
		0.500000	0.500000	0.500000	0.000000 
		0.500000	0.500000	0.500000	0.000000 
		0.500000	0.500000	0.500000	0.000000 
		0.500000	0.500000	0.500000	0.000000 
		0.500000	0.500000	0.500000	0.000000 
	}

	Tex0 226 { 
		0.578125	0.806641 
		0.600586	0.893555 
		0.403320	0.063477 
		0.785156	0.068359 
		0.778320	0.123047 
		0.392578	0.118164 
		0.504883	0.849609 
		0.504883	0.927734 
		0.889648	0.927734 
		0.925781	0.849609 
		0.504883	0.986328 
		0.845703	0.981445 
		0.426758	0.417969 
		0.420898	0.417969 
		0.533203	0.952148 
		0.848633	0.953125 
		0.825195	0.975586 
		0.533203	0.982422 
		0.533203	0.820313 
		0.924805	0.808594 
		0.533203	0.795898 
		0.954102	0.781250 
		0.533203	0.750000 
		0.825195	0.742188 
		0.963867	0.739258 
		0.829102	0.681641 
		0.533203	0.683594 
		0.533203	0.637695 
		0.968750	0.637695 
		0.966797	0.680664 
		0.533203	0.615234 
		0.971680	0.616211 
		0.533203	0.502930 
		0.970703	0.503906 
		0.067383	0.169922 
		0.040039	0.169922 
		0.020508	0.151367 
		0.088867	0.151367 
		0.108398	0.170898 
		0.319336	0.159180 
		0.344727	0.117188 
		0.351563	0.187500 
		0.399414	0.301758 
		0.778320	0.290039 
		0.777344	0.382813 
		0.548828	0.416016 
		0.754883	0.437500 
		0.586914	0.433594 
		0.143555	0.190430 
		0.201172	0.200195 
		0.173828	0.239258 
		0.110352	0.215820 
		0.051758	0.247070 
		0.044922	0.201172 
		0.303711	0.222656 
		0.108398	0.275391 
		0.259766	0.239258 
		0.778320	0.204102 
		0.791992	0.290039 
		0.791016	0.384766 
		0.765625	0.449219 
		0.585938	0.445313 
		0.542969	0.427734 
		0.382813	0.305664 
		0.104492	0.284180 
		0.039063	0.251953 
		0.027344	0.204102 
		0.022461	0.168945 
		0.004883	0.151367 
		0.025391	0.058594 
		0.008789	0.059570 
		0.791992	0.204102 
		0.559570	0.259766 
		0.434570	0.218750 
		0.685547	0.218750 
		0.438477	0.153320 
		0.681641	0.153320 
		0.434570	0.259766 
		0.068359	0.055664 
		0.278320	0.190430 
		0.354492	0.062500 
		0.123047	0.484375 
		0.190430	0.484375 
		0.190430	0.706055 
		0.123047	0.706055 
		0.366211	0.955078 
		0.437500	0.857422 
		0.293945	0.857422 
		0.293945	0.955078 
		0.322266	0.955078 
		0.293945	0.924805 
		0.440430	0.849609 
		0.097656	0.849609 
		0.097656	0.990234 
		0.440430	0.990234 
		0.300781	0.990234 
		0.300781	0.849609 
		0.012695	0.995117 
		0.012695	0.762695 
		0.052734	0.762695 
		0.052734	0.995117 
		0.284180	0.367188 
		0.209961	0.367188 
		0.209961	0.796875 
		0.284180	0.796875 
		0.052734	0.529297 
		0.012695	0.372070 
		0.052734	0.372070 
		0.183594	0.488281 
		0.183594	0.708984 
		0.132813	0.708984 
		0.132813	0.598633 
		0.132813	0.488281 
		0.119141	0.571289 
		0.119141	0.506836 
		0.148438	0.571289 
		0.191406	0.506836 
		0.191406	0.571289 
		0.878906	0.346680 
		0.891602	0.346680 
		0.891602	0.458008 
		0.878906	0.458008 
		0.905273	0.346680 
		0.905273	0.458008 
		0.917969	0.346680 
		0.917969	0.458008 
		0.931641	0.346680 
		0.931641	0.458008 
		0.944336	0.346680 
		0.944336	0.458008 
		0.958008	0.346680 
		0.958008	0.458008 
		0.831055	0.639648 
		0.332031	0.139648 
		0.339844	0.151367 
		0.298828	0.151367 
		0.307617	0.139648 
		0.339844	0.108398 
		0.298828	0.108398 
		0.296875	0.154297 
		0.330078	0.154297 
		0.330078	0.157227 
		0.289063	0.157227 
		0.296875	0.103516 
		0.289063	0.099609 
		0.346680	0.103516 
		0.346680	0.099609 
		0.167969	0.125000 
		0.946289	0.201172 
		0.936523	0.201172 
		0.936523	0.297852 
		0.946289	0.297852 
		0.907227	0.201172 
		0.906250	0.297852 
		0.897461	0.201172 
		0.896484	0.297852 
		0.921875	0.201172 
		0.921875	0.297852 
		0.921875	0.192383 
		0.958984	0.192383 
		0.884766	0.192383 
		0.898438	0.192383 
		0.944336	0.192383 
		0.898438	0.164063 
		0.914063	0.164063 
		0.914063	0.125000 
		0.898438	0.125000 
		0.930664	0.164063 
		0.930664	0.125000 
		0.946289	0.164063 
		0.946289	0.125000 
		0.961914	0.164063 
		0.961914	0.125000 
		0.882813	0.164063 
		0.882813	0.125000 
		0.890625	0.191406 
		0.881836	0.186523 
		0.885742	0.198242 
		0.685547	0.259766 
		0.409180	0.955078 
		0.437500	0.924805 
		0.437500	0.955078 
		0.903320	0.190430 
		0.917969	0.195313 
		0.905273	0.200195 
		0.892578	0.193359 
		0.123047	0.745117 
		0.184570	0.745117 
		0.184570	0.822266 
		0.123047	0.822266 
		0.463867	0.701172 
		0.224609	0.072266 
		0.224609	0.257813 
		0.254883	0.091797 
		0.043945	0.257813 
		0.043945	0.083008 
		0.017578	0.107422 
		0.007813	0.132813 
		0.000000	0.504883 
		0.491211	0.091797 
		0.254883	0.908203 
		0.491211	0.908203 
		0.224609	0.742188 
		0.478516	0.708984 
		0.760742	0.078125 
		0.520508	0.078125 
		0.760742	0.194336 
		0.520508	0.921875 
		0.760742	0.805664 
		0.012695	0.243164 
		0.012695	0.582031 
		0.144531	0.582031 
		0.102539	0.243164 
		1.000000	0.194336 
		1.000000	0.805664 
		0.224609	0.927734 
		0.043945	0.742188 
		0.017578	0.892578 
		0.043945	0.916992 
		0.000000	0.495117 
		0.007813	0.867188 
		0.760742	0.921875 
		0.083008	0.683594 
		0.083008	0.316406 
		0.278320	0.316406 
		0.278320	0.683594 
	}

	Tex1 0 
	Adj 908 { 
		P 0 
		N 0 
		C0 0 
		T0 0 
		P 1 
		N 0 
		C0 1 
		T0 0 
		P 2 
		N 0 
		C0 2 
		T0 0 
		P 3 
		N 0 
		C0 3 
		T0 0 
		P 4 
		N 1 
		C0 4 
		T0 0 
		P 2 
		N 1 
		C0 5 
		T0 0 
		P 1 
		N 1 
		C0 6 
		T0 0 
		P 5 
		N 1 
		C0 7 
		T0 0 
		P 5 
		N 2 
		C0 8 
		T0 0 
		P 0 
		N 2 
		C0 9 
		T0 0 
		P 3 
		N 2 
		C0 10 
		T0 0 
		P 4 
		N 2 
		C0 11 
		T0 0 
		P 6 
		N 3 
		C0 12 
		T0 1 
		P 7 
		N 3 
		C0 13 
		T0 1 
		P 8 
		N 3 
		C0 14 
		T0 1 
		P 9 
		N 3 
		C0 15 
		T0 1 
		P 7 
		N 4 
		C0 16 
		T0 1 
		P 6 
		N 4 
		C0 17 
		T0 1 
		P 10 
		N 4 
		C0 18 
		T0 1 
		P 9 
		N 2 
		C0 19 
		T0 1 
		P 8 
		N 2 
		C0 20 
		T0 1 
		P 11 
		N 2 
		C0 21 
		T0 1 
		P 12 
		N 5 
		C0 22 
		T0 2 
		P 13 
		N 6 
		C0 23 
		T0 3 
		P 14 
		N 7 
		C0 24 
		T0 4 
		P 15 
		N 8 
		C0 25 
		T0 5 
		P 16 
		N 9 
		C0 26 
		T0 6 
		P 17 
		N 10 
		C0 27 
		T0 7 
		P 18 
		N 11 
		C0 28 
		T0 8 
		P 19 
		N 12 
		C0 29 
		T0 9 
		P 20 
		N 13 
		C0 30 
		T0 10 
		P 21 
		N 14 
		C0 31 
		T0 11 
		P 20 
		N 13 
		C0 32 
		T0 12 
		P 22 
		N 15 
		C0 33 
		T0 13 
		P 23 
		N 16 
		C0 34 
		T0 13 
		P 21 
		N 14 
		C0 35 
		T0 12 
		P 24 
		N 17 
		C0 36 
		T0 14 
		P 25 
		N 18 
		C0 37 
		T0 15 
		P 23 
		N 16 
		C0 38 
		T0 16 
		P 22 
		N 15 
		C0 39 
		T0 17 
		P 26 
		N 19 
		C0 40 
		T0 18 
		P 27 
		N 20 
		C0 41 
		T0 19 
		P 28 
		N 21 
		C0 42 
		T0 20 
		P 29 
		N 22 
		C0 43 
		T0 21 
		P 30 
		N 23 
		C0 44 
		T0 22 
		P 31 
		N 24 
		C0 45 
		T0 23 
		P 32 
		N 25 
		C0 46 
		T0 24 
		P 33 
		N 26 
		C0 47 
		T0 25 
		P 34 
		N 27 
		C0 48 
		T0 26 
		P 35 
		N 27 
		C0 49 
		T0 27 
		P 36 
		N 28 
		C0 50 
		T0 28 
		P 37 
		N 29 
		C0 51 
		T0 29 
		P 35 
		N 30 
		C0 52 
		T0 27 
		P 38 
		N 30 
		C0 53 
		T0 30 
		P 39 
		N 31 
		C0 54 
		T0 31 
		P 36 
		N 31 
		C0 55 
		T0 28 
		P 38 
		N 32 
		C0 56 
		T0 30 
		P 40 
		N 32 
		C0 57 
		T0 32 
		P 41 
		N 33 
		C0 58 
		T0 33 
		P 39 
		N 33 
		C0 59 
		T0 31 
		P 42 
		N 34 
		C0 60 
		T0 34 
		P 43 
		N 35 
		C0 61 
		T0 35 
		P 44 
		N 35 
		C0 62 
		T0 36 
		P 45 
		N 34 
		C0 63 
		T0 37 
		P 46 
		N 36 
		C0 64 
		T0 38 
		P 47 
		N 37 
		C0 65 
		T0 39 
		P 48 
		N 38 
		C0 66 
		T0 40 
		P 15 
		N 38 
		C0 67 
		T0 5 
		P 49 
		N 37 
		C0 68 
		T0 41 
		P 50 
		N 39 
		C0 69 
		T0 42 
		P 51 
		N 40 
		C0 70 
		T0 43 
		P 52 
		N 41 
		C0 71 
		T0 44 
		P 53 
		N 42 
		C0 72 
		T0 45 
		P 54 
		N 43 
		C0 73 
		T0 46 
		P 55 
		N 44 
		C0 74 
		T0 47 
		P 56 
		N 45 
		C0 75 
		T0 48 
		P 57 
		N 46 
		C0 76 
		T0 49 
		P 58 
		N 46 
		C0 77 
		T0 50 
		P 59 
		N 45 
		C0 78 
		T0 51 
		P 42 
		N 47 
		C0 79 
		T0 34 
		P 59 
		N 48 
		C0 80 
		T0 51 
		P 60 
		N 49 
		C0 81 
		T0 52 
		P 61 
		N 50 
		C0 82 
		T0 53 
		P 43 
		N 51 
		C0 83 
		T0 35 
		P 62 
		N 52 
		C0 84 
		T0 54 
		P 49 
		N 53 
		C0 85 
		T0 41 
		P 63 
		N 54 
		C0 86 
		T0 55 
		P 58 
		N 55 
		C0 87 
		T0 50 
		P 64 
		N 56 
		C0 88 
		T0 56 
		P 65 
		N 57 
		C0 89 
		T0 57 
		P 19 
		N 12 
		C0 90 
		T0 58 
		P 18 
		N 11 
		C0 91 
		T0 59 
		P 21 
		N 14 
		C0 92 
		T0 60 
		P 23 
		N 16 
		C0 93 
		T0 61 
		P 25 
		N 18 
		C0 94 
		T0 62 
		P 27 
		N 20 
		C0 95 
		T0 63 
		P 29 
		N 22 
		C0 96 
		T0 64 
		P 32 
		N 25 
		C0 97 
		T0 65 
		P 32 
		N 58 
		C0 98 
		T0 65 
		P 37 
		N 58 
		C0 99 
		T0 66 
		P 37 
		N 29 
		C0 100 
		T0 66 
		P 36 
		N 28 
		C0 101 
		T0 67 
		P 36 
		N 31 
		C0 102 
		T0 67 
		P 39 
		N 31 
		C0 103 
		T0 68 
		P 66 
		N 59 
		C0 104 
		T0 69 
		P 44 
		N 59 
		C0 105 
		T0 36 
		P 39 
		N 33 
		C0 106 
		T0 68 
		P 41 
		N 33 
		C0 107 
		T0 70 
		P 67 
		N 60 
		C0 108 
		T0 71 
		P 16 
		N 9 
		C0 109 
		T0 72 
		P 67 
		N 60 
		C0 110 
		T0 73 
		P 68 
		N 61 
		C0 111 
		T0 74 
		P 13 
		N 62 
		C0 112 
		T0 75 
		P 69 
		N 62 
		C0 113 
		T0 76 
		P 19 
		N 12 
		C0 114 
		T0 77 
		P 70 
		N 63 
		C0 115 
		T0 78 
		P 45 
		N 63 
		C0 116 
		T0 37 
		P 42 
		N 64 
		C0 117 
		T0 34 
		P 46 
		N 64 
		C0 118 
		T0 38 
		P 62 
		N 65 
		C0 119 
		T0 54 
		P 71 
		N 66 
		C0 120 
		T0 79 
		P 64 
		N 67 
		C0 121 
		T0 56 
		P 72 
		N 68 
		C0 122 
		T0 80 
		P 12 
		N 68 
		C0 123 
		T0 2 
		P 31 
		N 69 
		C0 124 
		T0 23 
		P 30 
		N 70 
		C0 125 
		T0 22 
		P 34 
		N 70 
		C0 126 
		T0 26 
		P 33 
		N 69 
		C0 127 
		T0 25 
		P 73 
		N 71 
		C0 128 
		T0 81 
		P 74 
		N 71 
		C0 129 
		T0 82 
		P 75 
		N 71 
		C0 130 
		T0 83 
		P 76 
		N 71 
		C0 131 
		T0 84 
		P 77 
		N 1 
		C0 132 
		T0 85 
		P 78 
		N 1 
		C0 133 
		T0 86 
		P 79 
		N 1 
		C0 134 
		T0 87 
		P 80 
		N 1 
		C0 135 
		T0 88 
		P 81 
		N 1 
		C0 136 
		T0 89 
		P 82 
		N 1 
		C0 137 
		T0 90 
		P 79 
		N 2 
		C0 138 
		T0 91 
		P 83 
		N 2 
		C0 139 
		T0 92 
		P 84 
		N 2 
		C0 140 
		T0 93 
		P 82 
		N 2 
		C0 141 
		T0 94 
		P 80 
		N 2 
		C0 142 
		T0 91 
		P 85 
		N 2 
		C0 143 
		T0 92 
		P 73 
		N 2 
		C0 144 
		T0 93 
		P 76 
		N 2 
		C0 145 
		T0 94 
		P 76 
		N 1 
		C0 146 
		T0 94 
		P 75 
		N 1 
		C0 147 
		T0 95 
		P 81 
		N 1 
		C0 148 
		T0 96 
		P 80 
		N 1 
		C0 149 
		T0 91 
		P 86 
		N 4 
		C0 150 
		T0 91 
		P 81 
		N 4 
		C0 151 
		T0 92 
		P 75 
		N 4 
		C0 152 
		T0 93 
		P 74 
		N 4 
		C0 153 
		T0 94 
		P 87 
		N 72 
		C0 154 
		T0 91 
		P 88 
		N 72 
		C0 155 
		T0 96 
		P 89 
		N 72 
		C0 156 
		T0 95 
		P 90 
		N 72 
		C0 157 
		T0 94 
		P 82 
		N 2 
		C0 158 
		T0 97 
		P 84 
		N 2 
		C0 159 
		T0 98 
		P 85 
		N 2 
		C0 160 
		T0 99 
		P 80 
		N 2 
		C0 161 
		T0 100 
		P 91 
		N 72 
		C0 162 
		T0 101 
		P 92 
		N 72 
		C0 163 
		T0 102 
		P 93 
		N 72 
		C0 164 
		T0 103 
		P 94 
		N 72 
		C0 165 
		T0 104 
		P 86 
		N 4 
		C0 166 
		T0 92 
		P 74 
		N 4 
		C0 167 
		T0 93 
		P 89 
		N 4 
		C0 168 
		T0 94 
		P 88 
		N 4 
		C0 169 
		T0 91 
		P 74 
		N 71 
		C0 170 
		T0 83 
		P 73 
		N 71 
		C0 171 
		T0 84 
		P 90 
		N 71 
		C0 172 
		T0 81 
		P 89 
		N 71 
		C0 173 
		T0 82 
		P 73 
		N 2 
		C0 174 
		T0 94 
		P 85 
		N 2 
		C0 175 
		T0 91 
		P 87 
		N 2 
		C0 176 
		T0 92 
		P 90 
		N 2 
		C0 177 
		T0 93 
		P 87 
		N 2 
		C0 178 
		T0 105 
		P 92 
		N 2 
		C0 179 
		T0 106 
		P 91 
		N 2 
		C0 180 
		T0 107 
		P 95 
		N 71 
		C0 181 
		T0 108 
		P 77 
		N 71 
		C0 182 
		T0 109 
		P 81 
		N 71 
		C0 183 
		T0 110 
		P 86 
		N 71 
		C0 184 
		T0 111 
		P 88 
		N 71 
		C0 185 
		T0 112 
		P 87 
		N 71 
		C0 186 
		T0 113 
		P 91 
		N 71 
		C0 187 
		T0 114 
		P 88 
		N 71 
		C0 188 
		T0 115 
		P 94 
		N 71 
		C0 189 
		T0 116 
		P 95 
		N 71 
		C0 190 
		T0 117 
		P 96 
		N 72 
		C0 191 
		T0 0 
		P 97 
		N 72 
		C0 192 
		T0 0 
		P 98 
		N 72 
		C0 193 
		T0 0 
		P 99 
		N 72 
		C0 194 
		T0 0 
		P 100 
		N 73 
		C0 195 
		T0 0 
		P 101 
		N 74 
		C0 196 
		T0 0 
		P 98 
		N 74 
		C0 197 
		T0 0 
		P 97 
		N 73 
		C0 198 
		T0 0 
		P 100 
		N 75 
		C0 199 
		T0 0 
		P 96 
		N 75 
		C0 200 
		T0 0 
		P 99 
		N 76 
		C0 201 
		T0 0 
		P 101 
		N 76 
		C0 202 
		T0 0 
		P 102 
		N 77 
		C0 203 
		T0 0 
		P 103 
		N 77 
		C0 204 
		T0 0 
		P 103 
		N 72 
		C0 205 
		T0 0 
		P 104 
		N 72 
		C0 206 
		T0 0 
		P 104 
		N 78 
		C0 207 
		T0 0 
		P 102 
		N 78 
		C0 208 
		T0 0 
		P 100 
		N 79 
		C0 209 
		T0 0 
		P 97 
		N 79 
		C0 210 
		T0 0 
		P 105 
		N 79 
		C0 211 
		T0 0 
		P 106 
		N 79 
		C0 212 
		T0 0 
		P 107 
		N 80 
		C0 213 
		T0 0 
		P 108 
		N 80 
		C0 214 
		T0 0 
		P 109 
		N 80 
		C0 215 
		T0 0 
		P 110 
		N 80 
		C0 216 
		T0 0 
		P 111 
		N 81 
		C0 217 
		T0 0 
		P 109 
		N 81 
		C0 218 
		T0 0 
		P 108 
		N 81 
		C0 219 
		T0 0 
		P 112 
		N 81 
		C0 220 
		T0 0 
		P 112 
		N 2 
		C0 221 
		T0 0 
		P 107 
		N 2 
		C0 222 
		T0 0 
		P 110 
		N 76 
		C0 223 
		T0 0 
		P 111 
		N 76 
		C0 224 
		T0 0 
		P 109 
		N 82 
		C0 225 
		T0 0 
		P 111 
		N 82 
		C0 226 
		T0 0 
		P 113 
		N 82 
		C0 227 
		T0 0 
		P 114 
		N 82 
		C0 228 
		T0 0 
		P 115 
		N 83 
		C0 229 
		T0 0 
		P 113 
		N 83 
		C0 230 
		T0 0 
		P 109 
		N 84 
		C0 231 
		T0 0 
		P 114 
		N 84 
		C0 232 
		T0 0 
		P 115 
		N 84 
		C0 233 
		T0 0 
		P 110 
		N 84 
		C0 234 
		T0 0 
		P 112 
		N 85 
		C0 235 
		T0 0 
		P 108 
		N 85 
		C0 236 
		T0 0 
		P 116 
		N 85 
		C0 237 
		T0 0 
		P 117 
		N 85 
		C0 238 
		T0 0 
		P 118 
		N 72 
		C0 239 
		T0 0 
		P 119 
		N 72 
		C0 240 
		T0 0 
		P 120 
		N 72 
		C0 241 
		T0 0 
		P 121 
		N 72 
		C0 242 
		T0 0 
		P 119 
		N 86 
		C0 243 
		T0 0 
		P 122 
		N 86 
		C0 244 
		T0 0 
		P 123 
		N 86 
		C0 245 
		T0 0 
		P 120 
		N 86 
		C0 246 
		T0 0 
		P 122 
		N 87 
		C0 247 
		T0 0 
		P 118 
		N 87 
		C0 248 
		T0 0 
		P 121 
		N 87 
		C0 249 
		T0 0 
		P 123 
		N 87 
		C0 250 
		T0 0 
		P 123 
		N 88 
		C0 251 
		T0 0 
		P 121 
		N 88 
		C0 252 
		T0 0 
		P 120 
		N 88 
		C0 253 
		T0 0 
		P 0 
		N 89 
		C0 254 
		T0 0 
		P 1 
		N 4 
		C0 255 
		T0 0 
		P 124 
		N 4 
		C0 256 
		T0 0 
		P 125 
		N 89 
		C0 257 
		T0 0 
		P 126 
		N 90 
		C0 258 
		T0 0 
		P 104 
		N 90 
		C0 259 
		T0 0 
		P 104 
		N 2 
		C0 260 
		T0 0 
		P 125 
		N 2 
		C0 261 
		T0 0 
		P 126 
		N 2 
		C0 262 
		T0 0 
		P 104 
		N 91 
		C0 263 
		T0 0 
		P 1 
		N 91 
		C0 264 
		T0 0 
		P 127 
		N 91 
		C0 265 
		T0 0 
		P 128 
		N 91 
		C0 266 
		T0 0 
		P 129 
		N 92 
		C0 267 
		T0 0 
		P 125 
		N 92 
		C0 268 
		T0 0 
		P 124 
		N 92 
		C0 269 
		T0 0 
		P 130 
		N 92 
		C0 270 
		T0 0 
		P 131 
		N 93 
		C0 271 
		T0 0 
		P 130 
		N 93 
		C0 272 
		T0 0 
		P 124 
		N 93 
		C0 273 
		T0 0 
		P 132 
		N 93 
		C0 274 
		T0 0 
		P 132 
		N 2 
		C0 275 
		T0 0 
		P 129 
		N 2 
		C0 276 
		T0 0 
		P 131 
		N 2 
		C0 277 
		T0 0 
		P 132 
		N 94 
		C0 278 
		T0 0 
		P 124 
		N 94 
		C0 279 
		T0 0 
		P 133 
		N 94 
		C0 280 
		T0 0 
		P 134 
		N 94 
		C0 281 
		T0 0 
		P 135 
		N 89 
		C0 282 
		T0 0 
		P 2 
		N 89 
		C0 283 
		T0 0 
		P 130 
		N 89 
		C0 284 
		T0 0 
		P 131 
		N 89 
		C0 285 
		T0 0 
		P 129 
		N 90 
		C0 286 
		T0 0 
		P 130 
		N 90 
		C0 287 
		T0 0 
		P 2 
		N 90 
		C0 288 
		T0 0 
		P 3 
		N 90 
		C0 289 
		T0 0 
		P 135 
		N 2 
		C0 290 
		T0 0 
		P 3 
		N 91 
		C0 291 
		T0 0 
		P 2 
		N 91 
		C0 292 
		T0 0 
		P 136 
		N 91 
		C0 293 
		T0 0 
		P 137 
		N 91 
		C0 294 
		T0 0 
		P 138 
		N 95 
		C0 295 
		T0 0 
		P 139 
		N 95 
		C0 296 
		T0 0 
		P 140 
		N 95 
		C0 297 
		T0 0 
		P 141 
		N 95 
		C0 298 
		T0 0 
		P 142 
		N 96 
		C0 299 
		T0 0 
		P 143 
		N 96 
		C0 300 
		T0 0 
		P 144 
		N 96 
		C0 301 
		T0 0 
		P 145 
		N 96 
		C0 302 
		T0 0 
		P 146 
		N 97 
		C0 303 
		T0 118 
		P 147 
		N 98 
		C0 304 
		T0 119 
		P 148 
		N 99 
		C0 305 
		T0 120 
		P 149 
		N 100 
		C0 306 
		T0 121 
		P 150 
		N 101 
		C0 307 
		T0 122 
		P 151 
		N 102 
		C0 308 
		T0 123 
		P 152 
		N 103 
		C0 309 
		T0 124 
		P 153 
		N 104 
		C0 310 
		T0 125 
		P 154 
		N 105 
		C0 311 
		T0 126 
		P 155 
		N 106 
		C0 312 
		T0 127 
		P 156 
		N 107 
		C0 313 
		T0 128 
		P 157 
		N 108 
		C0 314 
		T0 129 
		P 146 
		N 97 
		C0 315 
		T0 130 
		P 149 
		N 100 
		C0 316 
		T0 131 
		P 158 
		N 109 
		C0 317 
		T0 132 
		P 159 
		N 109 
		C0 318 
		T0 132 
		P 160 
		N 109 
		C0 319 
		T0 132 
		P 161 
		N 109 
		C0 320 
		T0 132 
		P 162 
		N 110 
		C0 321 
		T0 133 
		P 161 
		N 111 
		C0 322 
		T0 134 
		P 160 
		N 112 
		C0 323 
		T0 135 
		P 163 
		N 113 
		C0 324 
		T0 136 
		P 158 
		N 114 
		C0 325 
		T0 137 
		P 159 
		N 115 
		C0 326 
		T0 138 
		P 164 
		N 116 
		C0 327 
		T0 139 
		P 165 
		N 117 
		C0 328 
		T0 140 
		P 166 
		N 118 
		C0 329 
		T0 141 
		P 167 
		N 119 
		C0 330 
		T0 142 
		P 168 
		N 120 
		C0 331 
		T0 142 
		P 169 
		N 121 
		C0 332 
		T0 141 
		P 170 
		N 122 
		C0 333 
		T0 143 
		P 171 
		N 123 
		C0 334 
		T0 144 
		P 172 
		N 124 
		C0 335 
		T0 144 
		P 173 
		N 125 
		C0 336 
		T0 145 
		P 174 
		N 126 
		C0 337 
		T0 146 
		P 175 
		N 127 
		C0 338 
		T0 146 
		P 176 
		N 128 
		C0 339 
		T0 147 
		P 177 
		N 128 
		C0 340 
		T0 147 
		P 178 
		N 128 
		C0 341 
		T0 147 
		P 179 
		N 128 
		C0 342 
		T0 147 
		P 177 
		N 129 
		C0 343 
		T0 147 
		P 180 
		N 129 
		C0 344 
		T0 147 
		P 181 
		N 129 
		C0 345 
		T0 147 
		P 178 
		N 129 
		C0 346 
		T0 147 
		P 180 
		N 130 
		C0 347 
		T0 147 
		P 176 
		N 130 
		C0 348 
		T0 147 
		P 179 
		N 130 
		C0 349 
		T0 147 
		P 181 
		N 130 
		C0 350 
		T0 147 
		P 182 
		N 131 
		C0 351 
		T0 148 
		P 183 
		N 132 
		C0 352 
		T0 149 
		P 184 
		N 132 
		C0 353 
		T0 150 
		P 185 
		N 131 
		C0 354 
		T0 151 
		P 186 
		N 133 
		C0 355 
		T0 152 
		P 187 
		N 133 
		C0 356 
		T0 153 
		P 188 
		N 134 
		C0 357 
		T0 154 
		P 189 
		N 134 
		C0 358 
		T0 155 
		P 190 
		N 135 
		C0 359 
		T0 156 
		P 191 
		N 135 
		C0 360 
		T0 157 
		P 182 
		N 136 
		C0 361 
		T0 148 
		P 190 
		N 137 
		C0 362 
		T0 156 
		P 192 
		N 137 
		C0 363 
		T0 158 
		P 193 
		N 136 
		C0 364 
		T0 159 
		P 188 
		N 138 
		C0 365 
		T0 154 
		P 194 
		N 138 
		C0 366 
		T0 160 
		P 186 
		N 139 
		C0 367 
		T0 152 
		P 195 
		N 139 
		C0 368 
		T0 161 
		P 183 
		N 140 
		C0 369 
		T0 149 
		P 196 
		N 140 
		C0 370 
		T0 162 
		P 184 
		N 141 
		C0 371 
		T0 150 
		P 187 
		N 141 
		C0 372 
		T0 153 
		P 189 
		N 141 
		C0 373 
		T0 155 
		P 191 
		N 141 
		C0 374 
		T0 157 
		P 185 
		N 141 
		C0 375 
		T0 151 
		P 193 
		N 142 
		C0 376 
		T0 163 
		P 192 
		N 143 
		C0 377 
		T0 164 
		P 197 
		N 143 
		C0 378 
		T0 165 
		P 198 
		N 142 
		C0 379 
		T0 166 
		P 194 
		N 144 
		C0 380 
		T0 167 
		P 199 
		N 144 
		C0 381 
		T0 168 
		P 195 
		N 145 
		C0 382 
		T0 169 
		P 200 
		N 145 
		C0 383 
		T0 170 
		P 196 
		N 146 
		C0 384 
		T0 171 
		P 201 
		N 146 
		C0 385 
		T0 172 
		P 196 
		N 146 
		C0 386 
		T0 173 
		P 201 
		N 146 
		C0 387 
		T0 174 
		P 199 
		N 147 
		C0 388 
		T0 175 
		P 200 
		N 147 
		C0 389 
		T0 176 
		P 201 
		N 147 
		C0 390 
		T0 177 
		P 198 
		N 147 
		C0 391 
		T0 154 
		P 197 
		N 147 
		C0 392 
		T0 152 
		P 202 
		N 103 
		C0 393 
		T0 0 
		P 137 
		N 103 
		C0 394 
		T0 0 
		P 136 
		N 103 
		C0 395 
		T0 0 
		P 127 
		N 103 
		C0 396 
		T0 0 
		P 203 
		N 1 
		C0 397 
		T0 0 
		P 204 
		N 1 
		C0 398 
		T0 0 
		P 127 
		N 1 
		C0 399 
		T0 0 
		P 136 
		N 1 
		C0 400 
		T0 0 
		P 204 
		N 4 
		C0 401 
		T0 0 
		P 203 
		N 4 
		C0 402 
		T0 0 
		P 137 
		N 4 
		C0 403 
		T0 0 
		P 202 
		N 4 
		C0 404 
		T0 0 
		P 205 
		N 3 
		C0 405 
		T0 1 
		P 206 
		N 3 
		C0 406 
		T0 1 
		P 207 
		N 3 
		C0 407 
		T0 1 
		P 208 
		N 3 
		C0 408 
		T0 1 
		P 208 
		N 2 
		C0 409 
		T0 1 
		P 209 
		N 2 
		C0 410 
		T0 1 
		P 205 
		N 2 
		C0 411 
		T0 1 
		P 206 
		N 4 
		C0 412 
		T0 1 
		P 210 
		N 4 
		C0 413 
		T0 1 
		P 207 
		N 4 
		C0 414 
		T0 1 
		P 211 
		N 148 
		C0 415 
		T0 2 
		P 212 
		N 149 
		C0 416 
		T0 5 
		P 213 
		N 150 
		C0 417 
		T0 4 
		P 69 
		N 151 
		C0 418 
		T0 3 
		P 214 
		N 152 
		C0 419 
		T0 9 
		P 215 
		N 153 
		C0 420 
		T0 8 
		P 216 
		N 154 
		C0 421 
		T0 11 
		P 216 
		N 154 
		C0 422 
		T0 12 
		P 217 
		N 155 
		C0 423 
		T0 13 
		P 217 
		N 155 
		C0 424 
		T0 16 
		P 218 
		N 156 
		C0 425 
		T0 15 
		P 219 
		N 157 
		C0 426 
		T0 19 
		P 220 
		N 158 
		C0 427 
		T0 21 
		P 221 
		N 159 
		C0 428 
		T0 23 
		P 222 
		N 160 
		C0 429 
		T0 24 
		P 223 
		N 161 
		C0 430 
		T0 25 
		P 224 
		N 162 
		C0 431 
		T0 28 
		P 225 
		N 163 
		C0 432 
		T0 29 
		P 224 
		N 164 
		C0 433 
		T0 28 
		P 226 
		N 164 
		C0 434 
		T0 31 
		P 226 
		N 165 
		C0 435 
		T0 31 
		P 227 
		N 165 
		C0 436 
		T0 33 
		P 228 
		N 166 
		C0 437 
		T0 34 
		P 229 
		N 166 
		C0 438 
		T0 37 
		P 230 
		N 167 
		C0 439 
		T0 36 
		P 231 
		N 167 
		C0 440 
		T0 35 
		P 232 
		N 168 
		C0 441 
		T0 38 
		P 233 
		N 169 
		C0 442 
		T0 39 
		P 234 
		N 169 
		C0 443 
		T0 41 
		P 212 
		N 170 
		C0 444 
		T0 5 
		P 235 
		N 170 
		C0 445 
		T0 40 
		P 236 
		N 171 
		C0 446 
		T0 45 
		P 237 
		N 172 
		C0 447 
		T0 44 
		P 238 
		N 173 
		C0 448 
		T0 43 
		P 239 
		N 174 
		C0 449 
		T0 42 
		P 240 
		N 175 
		C0 450 
		T0 47 
		P 241 
		N 176 
		C0 451 
		T0 46 
		P 242 
		N 177 
		C0 452 
		T0 48 
		P 243 
		N 177 
		C0 453 
		T0 51 
		P 244 
		N 178 
		C0 454 
		T0 50 
		P 245 
		N 178 
		C0 455 
		T0 49 
		P 228 
		N 179 
		C0 456 
		T0 34 
		P 246 
		N 180 
		C0 457 
		T0 53 
		P 247 
		N 181 
		C0 458 
		T0 52 
		P 243 
		N 182 
		C0 459 
		T0 51 
		P 231 
		N 183 
		C0 460 
		T0 35 
		P 248 
		N 184 
		C0 461 
		T0 54 
		P 234 
		N 185 
		C0 462 
		T0 41 
		P 249 
		N 186 
		C0 463 
		T0 56 
		P 244 
		N 187 
		C0 464 
		T0 50 
		P 250 
		N 188 
		C0 465 
		T0 55 
		P 251 
		N 189 
		C0 466 
		T0 57 
		P 215 
		N 153 
		C0 467 
		T0 59 
		P 214 
		N 152 
		C0 468 
		T0 58 
		P 216 
		N 154 
		C0 469 
		T0 60 
		P 217 
		N 155 
		C0 470 
		T0 61 
		P 218 
		N 156 
		C0 471 
		T0 62 
		P 219 
		N 157 
		C0 472 
		T0 63 
		P 220 
		N 158 
		C0 473 
		T0 64 
		P 222 
		N 160 
		C0 474 
		T0 65 
		P 225 
		N 190 
		C0 475 
		T0 66 
		P 222 
		N 190 
		C0 476 
		T0 65 
		P 224 
		N 162 
		C0 477 
		T0 67 
		P 225 
		N 163 
		C0 478 
		T0 66 
		P 226 
		N 164 
		C0 479 
		T0 68 
		P 224 
		N 164 
		C0 480 
		T0 67 
		P 252 
		N 191 
		C0 481 
		T0 69 
		P 227 
		N 165 
		C0 482 
		T0 70 
		P 226 
		N 165 
		C0 483 
		T0 68 
		P 230 
		N 191 
		C0 484 
		T0 36 
		P 68 
		N 61 
		C0 485 
		T0 71 
		P 16 
		N 9 
		C0 486 
		T0 72 
		P 214 
		N 152 
		C0 487 
		T0 178 
		P 229 
		N 192 
		C0 488 
		T0 37 
		P 253 
		N 192 
		C0 489 
		T0 78 
		P 232 
		N 193 
		C0 490 
		T0 38 
		P 228 
		N 193 
		C0 491 
		T0 34 
		P 254 
		N 194 
		C0 492 
		T0 79 
		P 248 
		N 195 
		C0 493 
		T0 54 
		P 249 
		N 196 
		C0 494 
		T0 56 
		P 255 
		N 197 
		C0 495 
		T0 80 
		P 211 
		N 197 
		C0 496 
		T0 2 
		P 221 
		N 198 
		C0 497 
		T0 23 
		P 223 
		N 198 
		C0 498 
		T0 25 
		P 256 
		N 71 
		C0 499 
		T0 81 
		P 257 
		N 71 
		C0 500 
		T0 84 
		P 258 
		N 71 
		C0 501 
		T0 83 
		P 259 
		N 71 
		C0 502 
		T0 82 
		P 260 
		N 1 
		C0 503 
		T0 179 
		P 261 
		N 1 
		C0 504 
		T0 180 
		P 262 
		N 1 
		C0 505 
		T0 181 
		P 78 
		N 4 
		C0 506 
		T0 91 
		P 261 
		N 4 
		C0 507 
		T0 94 
		P 263 
		N 4 
		C0 508 
		T0 93 
		P 264 
		N 4 
		C0 509 
		T0 92 
		P 262 
		N 4 
		C0 510 
		T0 91 
		P 257 
		N 4 
		C0 511 
		T0 94 
		P 256 
		N 4 
		C0 512 
		T0 93 
		P 265 
		N 4 
		C0 513 
		T0 92 
		P 257 
		N 1 
		C0 514 
		T0 94 
		P 262 
		N 1 
		C0 515 
		T0 91 
		P 260 
		N 1 
		C0 516 
		T0 96 
		P 258 
		N 1 
		C0 517 
		T0 95 
		P 266 
		N 2 
		C0 518 
		T0 91 
		P 259 
		N 2 
		C0 519 
		T0 94 
		P 258 
		N 2 
		C0 520 
		T0 93 
		P 260 
		N 2 
		C0 521 
		T0 92 
		P 267 
		N 72 
		C0 522 
		T0 91 
		P 268 
		N 72 
		C0 523 
		T0 94 
		P 269 
		N 72 
		C0 524 
		T0 95 
		P 270 
		N 72 
		C0 525 
		T0 96 
		P 261 
		N 4 
		C0 526 
		T0 97 
		P 262 
		N 4 
		C0 527 
		T0 100 
		P 265 
		N 4 
		C0 528 
		T0 99 
		P 263 
		N 4 
		C0 529 
		T0 98 
		P 271 
		N 72 
		C0 530 
		T0 101 
		P 272 
		N 72 
		C0 531 
		T0 102 
		P 266 
		N 2 
		C0 532 
		T0 92 
		P 270 
		N 2 
		C0 533 
		T0 91 
		P 269 
		N 2 
		C0 534 
		T0 94 
		P 259 
		N 2 
		C0 535 
		T0 93 
		P 259 
		N 71 
		C0 536 
		T0 83 
		P 269 
		N 71 
		C0 537 
		T0 82 
		P 268 
		N 71 
		C0 538 
		T0 81 
		P 256 
		N 71 
		C0 539 
		T0 84 
		P 256 
		N 4 
		C0 540 
		T0 94 
		P 268 
		N 4 
		C0 541 
		T0 93 
		P 267 
		N 4 
		C0 542 
		T0 92 
		P 265 
		N 4 
		C0 543 
		T0 91 
		P 267 
		N 4 
		C0 544 
		T0 105 
		P 272 
		N 4 
		C0 545 
		T0 106 
		P 271 
		N 4 
		C0 546 
		T0 107 
		P 266 
		N 71 
		C0 547 
		T0 111 
		P 260 
		N 71 
		C0 548 
		T0 110 
		P 270 
		N 71 
		C0 549 
		T0 112 
		P 267 
		N 71 
		C0 550 
		T0 113 
		P 270 
		N 71 
		C0 551 
		T0 115 
		P 271 
		N 71 
		C0 552 
		T0 114 
		P 273 
		N 72 
		C0 553 
		T0 0 
		P 274 
		N 72 
		C0 554 
		T0 0 
		P 275 
		N 72 
		C0 555 
		T0 0 
		P 105 
		N 72 
		C0 556 
		T0 0 
		P 106 
		N 199 
		C0 557 
		T0 0 
		P 105 
		N 199 
		C0 558 
		T0 0 
		P 275 
		N 199 
		C0 559 
		T0 0 
		P 276 
		N 199 
		C0 560 
		T0 0 
		P 106 
		N 200 
		C0 561 
		T0 0 
		P 276 
		N 201 
		C0 562 
		T0 0 
		P 274 
		N 201 
		C0 563 
		T0 0 
		P 273 
		N 200 
		C0 564 
		T0 0 
		P 277 
		N 202 
		C0 565 
		T0 0 
		P 276 
		N 202 
		C0 566 
		T0 0 
		P 275 
		N 202 
		C0 567 
		T0 0 
		P 278 
		N 202 
		C0 568 
		T0 0 
		P 128 
		N 72 
		C0 569 
		T0 0 
		P 278 
		N 72 
		C0 570 
		T0 0 
		P 277 
		N 203 
		C0 571 
		T0 0 
		P 128 
		N 203 
		C0 572 
		T0 0 
		P 100 
		N 204 
		C0 573 
		T0 0 
		P 106 
		N 204 
		C0 574 
		T0 0 
		P 273 
		N 204 
		C0 575 
		T0 0 
		P 96 
		N 204 
		C0 576 
		T0 0 
		P 279 
		N 205 
		C0 577 
		T0 0 
		P 280 
		N 205 
		C0 578 
		T0 0 
		P 281 
		N 205 
		C0 579 
		T0 0 
		P 116 
		N 205 
		C0 580 
		T0 0 
		P 282 
		N 206 
		C0 581 
		T0 0 
		P 117 
		N 206 
		C0 582 
		T0 0 
		P 116 
		N 206 
		C0 583 
		T0 0 
		P 281 
		N 206 
		C0 584 
		T0 0 
		P 117 
		N 4 
		C0 585 
		T0 0 
		P 282 
		N 201 
		C0 586 
		T0 0 
		P 280 
		N 201 
		C0 587 
		T0 0 
		P 279 
		N 4 
		C0 588 
		T0 0 
		P 281 
		N 207 
		C0 589 
		T0 0 
		P 280 
		N 207 
		C0 590 
		T0 0 
		P 283 
		N 207 
		C0 591 
		T0 0 
		P 284 
		N 207 
		C0 592 
		T0 0 
		P 281 
		N 208 
		C0 593 
		T0 0 
		P 284 
		N 208 
		C0 594 
		T0 0 
		P 285 
		N 208 
		C0 595 
		T0 0 
		P 282 
		N 208 
		C0 596 
		T0 0 
		P 285 
		N 209 
		C0 597 
		T0 0 
		P 283 
		N 209 
		C0 598 
		T0 0 
		P 107 
		N 210 
		C0 599 
		T0 0 
		P 279 
		N 210 
		C0 600 
		T0 0 
		P 116 
		N 210 
		C0 601 
		T0 0 
		P 108 
		N 210 
		C0 602 
		T0 0 
		P 112 
		N 204 
		C0 603 
		T0 0 
		P 117 
		N 204 
		C0 604 
		T0 0 
		P 279 
		N 204 
		C0 605 
		T0 0 
		P 107 
		N 204 
		C0 606 
		T0 0 
		P 286 
		N 72 
		C0 607 
		T0 0 
		P 287 
		N 72 
		C0 608 
		T0 0 
		P 288 
		N 72 
		C0 609 
		T0 0 
		P 289 
		N 72 
		C0 610 
		T0 0 
		P 289 
		N 87 
		C0 611 
		T0 0 
		P 288 
		N 87 
		C0 612 
		T0 0 
		P 290 
		N 87 
		C0 613 
		T0 0 
		P 291 
		N 87 
		C0 614 
		T0 0 
		P 291 
		N 86 
		C0 615 
		T0 0 
		P 290 
		N 86 
		C0 616 
		T0 0 
		P 287 
		N 86 
		C0 617 
		T0 0 
		P 286 
		N 86 
		C0 618 
		T0 0 
		P 290 
		N 88 
		C0 619 
		T0 0 
		P 288 
		N 88 
		C0 620 
		T0 0 
		P 287 
		N 88 
		C0 621 
		T0 0 
		P 202 
		N 211 
		C0 622 
		T0 0 
		P 292 
		N 211 
		C0 623 
		T0 0 
		P 133 
		N 2 
		C0 624 
		T0 0 
		P 127 
		N 2 
		C0 625 
		T0 0 
		P 293 
		N 212 
		C0 626 
		T0 0 
		P 128 
		N 212 
		C0 627 
		T0 0 
		P 128 
		N 4 
		C0 628 
		T0 0 
		P 293 
		N 4 
		C0 629 
		T0 0 
		P 292 
		N 4 
		C0 630 
		T0 0 
		P 0 
		N 21 
		C0 631 
		T0 0 
		P 202 
		N 21 
		C0 632 
		T0 0 
		P 127 
		N 21 
		C0 633 
		T0 0 
		P 1 
		N 21 
		C0 634 
		T0 0 
		P 202 
		N 72 
		C0 635 
		T0 0 
		P 0 
		N 72 
		C0 636 
		T0 0 
		P 294 
		N 213 
		C0 637 
		T0 0 
		P 295 
		N 213 
		C0 638 
		T0 0 
		P 133 
		N 213 
		C0 639 
		T0 0 
		P 292 
		N 213 
		C0 640 
		T0 0 
		P 296 
		N 214 
		C0 641 
		T0 0 
		P 134 
		N 214 
		C0 642 
		T0 0 
		P 133 
		N 214 
		C0 643 
		T0 0 
		P 295 
		N 214 
		C0 644 
		T0 0 
		P 134 
		N 4 
		C0 645 
		T0 0 
		P 296 
		N 4 
		C0 646 
		T0 0 
		P 294 
		N 4 
		C0 647 
		T0 0 
		P 126 
		N 215 
		C0 648 
		T0 0 
		P 293 
		N 215 
		C0 649 
		T0 0 
		P 133 
		N 215 
		C0 650 
		T0 0 
		P 124 
		N 215 
		C0 651 
		T0 0 
		P 132 
		N 1 
		C0 652 
		T0 0 
		P 134 
		N 1 
		C0 653 
		T0 0 
		P 293 
		N 1 
		C0 654 
		T0 0 
		P 126 
		N 1 
		C0 655 
		T0 0 
		P 297 
		N 211 
		C0 656 
		T0 0 
		P 296 
		N 211 
		C0 657 
		T0 0 
		P 295 
		N 211 
		C0 658 
		T0 0 
		P 136 
		N 211 
		C0 659 
		T0 0 
		P 294 
		N 212 
		C0 660 
		T0 0 
		P 137 
		N 212 
		C0 661 
		T0 0 
		P 136 
		N 212 
		C0 662 
		T0 0 
		P 295 
		N 212 
		C0 663 
		T0 0 
		P 297 
		N 4 
		C0 664 
		T0 0 
		P 135 
		N 21 
		C0 665 
		T0 0 
		P 297 
		N 21 
		C0 666 
		T0 0 
		P 136 
		N 21 
		C0 667 
		T0 0 
		P 2 
		N 21 
		C0 668 
		T0 0 
		P 3 
		N 72 
		C0 669 
		T0 0 
		P 137 
		N 72 
		C0 670 
		T0 0 
		P 297 
		N 72 
		C0 671 
		T0 0 
		P 135 
		N 72 
		C0 672 
		T0 0 
		P 298 
		N 216 
		C0 673 
		T0 0 
		P 299 
		N 216 
		C0 674 
		T0 0 
		P 140 
		N 216 
		C0 675 
		T0 0 
		P 139 
		N 216 
		C0 676 
		T0 0 
		P 138 
		N 1 
		C0 677 
		T0 0 
		P 141 
		N 1 
		C0 678 
		T0 0 
		P 299 
		N 1 
		C0 679 
		T0 0 
		P 298 
		N 1 
		C0 680 
		T0 0 
		P 300 
		N 217 
		C0 681 
		T0 0 
		P 301 
		N 217 
		C0 682 
		T0 0 
		P 144 
		N 217 
		C0 683 
		T0 0 
		P 143 
		N 217 
		C0 684 
		T0 0 
		P 142 
		N 1 
		C0 685 
		T0 0 
		P 145 
		N 1 
		C0 686 
		T0 0 
		P 301 
		N 1 
		C0 687 
		T0 0 
		P 300 
		N 1 
		C0 688 
		T0 0 
		P 302 
		N 218 
		C0 689 
		T0 148 
		P 303 
		N 218 
		C0 690 
		T0 151 
		P 304 
		N 219 
		C0 691 
		T0 150 
		P 305 
		N 219 
		C0 692 
		T0 149 
		P 306 
		N 220 
		C0 693 
		T0 153 
		P 307 
		N 220 
		C0 694 
		T0 152 
		P 308 
		N 221 
		C0 695 
		T0 155 
		P 309 
		N 221 
		C0 696 
		T0 154 
		P 310 
		N 222 
		C0 697 
		T0 157 
		P 311 
		N 222 
		C0 698 
		T0 156 
		P 302 
		N 223 
		C0 699 
		T0 148 
		P 312 
		N 223 
		C0 700 
		T0 159 
		P 313 
		N 224 
		C0 701 
		T0 158 
		P 311 
		N 224 
		C0 702 
		T0 156 
		P 314 
		N 225 
		C0 703 
		T0 160 
		P 309 
		N 225 
		C0 704 
		T0 154 
		P 315 
		N 226 
		C0 705 
		T0 161 
		P 307 
		N 226 
		C0 706 
		T0 152 
		P 316 
		N 227 
		C0 707 
		T0 162 
		P 305 
		N 227 
		C0 708 
		T0 149 
		P 304 
		N 228 
		C0 709 
		T0 150 
		P 310 
		N 228 
		C0 710 
		T0 157 
		P 308 
		N 228 
		C0 711 
		T0 155 
		P 306 
		N 228 
		C0 712 
		T0 153 
		P 303 
		N 228 
		C0 713 
		T0 151 
		P 312 
		N 229 
		C0 714 
		T0 163 
		P 317 
		N 229 
		C0 715 
		T0 166 
		P 318 
		N 230 
		C0 716 
		T0 165 
		P 313 
		N 230 
		C0 717 
		T0 164 
		P 319 
		N 231 
		C0 718 
		T0 168 
		P 314 
		N 231 
		C0 719 
		T0 167 
		P 320 
		N 232 
		C0 720 
		T0 170 
		P 315 
		N 232 
		C0 721 
		T0 169 
		P 321 
		N 233 
		C0 722 
		T0 172 
		P 316 
		N 233 
		C0 723 
		T0 171 
		P 316 
		N 233 
		C0 724 
		T0 173 
		P 321 
		N 233 
		C0 725 
		T0 174 
		P 318 
		N 234 
		C0 726 
		T0 182 
		P 317 
		N 234 
		C0 727 
		T0 183 
		P 321 
		N 234 
		C0 728 
		T0 184 
		P 319 
		N 234 
		C0 729 
		T0 185 
		P 320 
		N 234 
		C0 730 
		T0 154 
		P 322 
		N 235 
		C0 731 
		T0 132 
		P 323 
		N 235 
		C0 732 
		T0 132 
		P 324 
		N 235 
		C0 733 
		T0 132 
		P 325 
		N 235 
		C0 734 
		T0 132 
		P 326 
		N 236 
		C0 735 
		T0 136 
		P 327 
		N 237 
		C0 736 
		T0 133 
		P 322 
		N 238 
		C0 737 
		T0 137 
		P 325 
		N 239 
		C0 738 
		T0 138 
		P 324 
		N 112 
		C0 739 
		T0 135 
		P 323 
		N 240 
		C0 740 
		T0 134 
		P 328 
		N 241 
		C0 741 
		T0 139 
		P 329 
		N 242 
		C0 742 
		T0 142 
		P 330 
		N 243 
		C0 743 
		T0 141 
		P 331 
		N 244 
		C0 744 
		T0 140 
		P 332 
		N 245 
		C0 745 
		T0 142 
		P 333 
		N 246 
		C0 746 
		T0 141 
		P 334 
		N 247 
		C0 747 
		T0 143 
		P 335 
		N 248 
		C0 748 
		T0 144 
		P 336 
		N 249 
		C0 749 
		T0 144 
		P 337 
		N 250 
		C0 750 
		T0 145 
		P 338 
		N 251 
		C0 751 
		T0 146 
		P 339 
		N 252 
		C0 752 
		T0 146 
		P 340 
		N 128 
		C0 753 
		T0 147 
		P 341 
		N 128 
		C0 754 
		T0 147 
		P 342 
		N 128 
		C0 755 
		T0 147 
		P 343 
		N 128 
		C0 756 
		T0 147 
		P 343 
		N 130 
		C0 757 
		T0 147 
		P 342 
		N 130 
		C0 758 
		T0 147 
		P 344 
		N 130 
		C0 759 
		T0 147 
		P 345 
		N 130 
		C0 760 
		T0 147 
		P 345 
		N 129 
		C0 761 
		T0 147 
		P 344 
		N 129 
		C0 762 
		T0 147 
		P 341 
		N 129 
		C0 763 
		T0 147 
		P 340 
		N 129 
		C0 764 
		T0 147 
		P 346 
		N 253 
		C0 765 
		T0 148 
		P 347 
		N 253 
		C0 766 
		T0 151 
		P 348 
		N 254 
		C0 767 
		T0 150 
		P 349 
		N 254 
		C0 768 
		T0 149 
		P 350 
		N 255 
		C0 769 
		T0 153 
		P 351 
		N 255 
		C0 770 
		T0 152 
		P 352 
		N 256 
		C0 771 
		T0 155 
		P 353 
		N 256 
		C0 772 
		T0 154 
		P 354 
		N 257 
		C0 773 
		T0 157 
		P 355 
		N 257 
		C0 774 
		T0 156 
		P 346 
		N 258 
		C0 775 
		T0 148 
		P 356 
		N 258 
		C0 776 
		T0 159 
		P 357 
		N 259 
		C0 777 
		T0 158 
		P 355 
		N 259 
		C0 778 
		T0 156 
		P 358 
		N 260 
		C0 779 
		T0 160 
		P 353 
		N 260 
		C0 780 
		T0 154 
		P 359 
		N 261 
		C0 781 
		T0 161 
		P 351 
		N 261 
		C0 782 
		T0 152 
		P 360 
		N 262 
		C0 783 
		T0 162 
		P 349 
		N 262 
		C0 784 
		T0 149 
		P 348 
		N 21 
		C0 785 
		T0 150 
		P 354 
		N 21 
		C0 786 
		T0 157 
		P 352 
		N 21 
		C0 787 
		T0 155 
		P 350 
		N 21 
		C0 788 
		T0 153 
		P 347 
		N 21 
		C0 789 
		T0 151 
		P 356 
		N 263 
		C0 790 
		T0 163 
		P 361 
		N 263 
		C0 791 
		T0 166 
		P 362 
		N 264 
		C0 792 
		T0 165 
		P 357 
		N 264 
		C0 793 
		T0 164 
		P 363 
		N 265 
		C0 794 
		T0 168 
		P 358 
		N 265 
		C0 795 
		T0 167 
		P 364 
		N 266 
		C0 796 
		T0 170 
		P 359 
		N 266 
		C0 797 
		T0 169 
		P 365 
		N 267 
		C0 798 
		T0 172 
		P 360 
		N 267 
		C0 799 
		T0 171 
		P 360 
		N 267 
		C0 800 
		T0 173 
		P 365 
		N 267 
		C0 801 
		T0 174 
		P 363 
		N 215 
		C0 802 
		T0 175 
		P 361 
		N 215 
		C0 803 
		T0 154 
		P 365 
		N 215 
		C0 804 
		T0 177 
		P 364 
		N 215 
		C0 805 
		T0 176 
		P 362 
		N 215 
		C0 806 
		T0 152 
		P 8 
		N 72 
		C0 807 
		T0 186 
		P 7 
		N 72 
		C0 808 
		T0 187 
		P 10 
		N 72 
		C0 809 
		T0 188 
		P 11 
		N 72 
		C0 810 
		T0 189 
		P 207 
		N 72 
		C0 811 
		T0 186 
		P 210 
		N 72 
		C0 812 
		T0 189 
		P 209 
		N 72 
		C0 813 
		T0 188 
		P 208 
		N 72 
		C0 814 
		T0 187 
		P 48 
		N 268 
		C0 815 
		T0 190 
		P 366 
		N 269 
		C0 816 
		T0 190 
		P 72 
		N 270 
		C0 817 
		T0 190 
		P 72 
		N 270 
		C0 818 
		T0 191 
		P 366 
		N 269 
		C0 819 
		T0 192 
		P 12 
		N 271 
		C0 820 
		T0 193 
		P 367 
		N 272 
		C0 821 
		T0 194 
		P 70 
		N 273 
		C0 822 
		T0 195 
		P 66 
		N 274 
		C0 823 
		T0 196 
		P 41 
		N 274 
		C0 824 
		T0 197 
		P 40 
		N 275 
		C0 825 
		T0 198 
		P 57 
		N 276 
		C0 826 
		T0 190 
		P 56 
		N 277 
		C0 827 
		T0 190 
		P 368 
		N 278 
		C0 828 
		T0 190 
		P 369 
		N 279 
		C0 829 
		T0 190 
		P 47 
		N 280 
		C0 830 
		T0 190 
		P 71 
		N 281 
		C0 831 
		T0 190 
		P 46 
		N 282 
		C0 832 
		T0 190 
		P 45 
		N 283 
		C0 833 
		T0 190 
		P 367 
		N 284 
		C0 834 
		T0 190 
		P 13 
		N 271 
		C0 835 
		T0 199 
		P 211 
		N 271 
		C0 836 
		T0 200 
		P 69 
		N 271 
		C0 837 
		T0 201 
		P 366 
		N 285 
		C0 838 
		T0 192 
		P 370 
		N 286 
		C0 839 
		T0 202 
		P 45 
		N 287 
		C0 840 
		T0 190 
		P 70 
		N 287 
		C0 841 
		T0 190 
		P 83 
		N 72 
		C0 842 
		T0 203 
		P 371 
		N 72 
		C0 843 
		T0 203 
		P 372 
		N 72 
		C0 844 
		T0 203 
		P 84 
		N 72 
		C0 845 
		T0 203 
		P 83 
		N 204 
		C0 846 
		T0 204 
		P 79 
		N 204 
		C0 847 
		T0 205 
		P 371 
		N 288 
		C0 848 
		T0 206 
		P 78 
		N 204 
		C0 849 
		T0 207 
		P 373 
		N 288 
		C0 850 
		T0 208 
		P 84 
		N 204 
		C0 851 
		T0 203 
		P 372 
		N 204 
		C0 852 
		T0 203 
		P 374 
		N 204 
		C0 853 
		T0 203 
		P 92 
		N 204 
		C0 854 
		T0 203 
		P 93 
		N 204 
		C0 855 
		T0 203 
		P 375 
		N 204 
		C0 856 
		T0 203 
		P 374 
		N 2 
		C0 857 
		T0 209 
		P 372 
		N 2 
		C0 858 
		T0 210 
		P 371 
		N 2 
		C0 859 
		T0 211 
		P 376 
		N 2 
		C0 860 
		T0 212 
		P 376 
		N 289 
		C0 861 
		T0 213 
		P 377 
		N 289 
		C0 862 
		T0 214 
		P 235 
		N 290 
		C0 863 
		T0 190 
		P 255 
		N 270 
		C0 864 
		T0 190 
		P 370 
		N 291 
		C0 865 
		T0 190 
		P 255 
		N 270 
		C0 866 
		T0 215 
		P 370 
		N 291 
		C0 867 
		T0 202 
		P 378 
		N 292 
		C0 868 
		T0 216 
		P 252 
		N 274 
		C0 869 
		T0 217 
		P 253 
		N 273 
		C0 870 
		T0 218 
		P 40 
		N 275 
		C0 871 
		T0 219 
		P 227 
		N 274 
		C0 872 
		T0 220 
		P 245 
		N 293 
		C0 873 
		T0 190 
		P 379 
		N 294 
		C0 874 
		T0 190 
		P 380 
		N 295 
		C0 875 
		T0 190 
		P 242 
		N 277 
		C0 876 
		T0 190 
		P 254 
		N 296 
		C0 877 
		T0 190 
		P 233 
		N 297 
		C0 878 
		T0 190 
		P 232 
		N 298 
		C0 879 
		T0 190 
		P 229 
		N 299 
		C0 880 
		T0 190 
		P 378 
		N 300 
		C0 881 
		T0 190 
		P 253 
		N 301 
		C0 882 
		T0 190 
		P 229 
		N 301 
		C0 883 
		T0 190 
		P 264 
		N 72 
		C0 884 
		T0 203 
		P 263 
		N 72 
		C0 885 
		T0 203 
		P 381 
		N 72 
		C0 886 
		T0 203 
		P 373 
		N 72 
		C0 887 
		T0 203 
		P 264 
		N 204 
		C0 888 
		T0 221 
		P 263 
		N 204 
		C0 889 
		T0 203 
		P 272 
		N 204 
		C0 890 
		T0 203 
		P 381 
		N 204 
		C0 891 
		T0 203 
		P 375 
		N 4 
		C0 892 
		T0 209 
		P 377 
		N 4 
		C0 893 
		T0 212 
		P 373 
		N 4 
		C0 894 
		T0 211 
		P 381 
		N 4 
		C0 895 
		T0 210 
		P 376 
		N 72 
		C0 896 
		T0 222 
		P 377 
		N 72 
		C0 897 
		T0 223 
		P 375 
		N 72 
		C0 898 
		T0 224 
		P 374 
		N 72 
		C0 899 
		T0 225 
		P 37 
		N 58 
		C0 900 
		T0 29 
		P 32 
		N 58 
		C0 901 
		T0 24 
		P 31 
		N 302 
		C0 902 
		T0 23 
		P 33 
		N 302 
		C0 903 
		T0 25 
		P 225 
		N 190 
		C0 904 
		T0 29 
		P 223 
		N 303 
		C0 905 
		T0 25 
		P 221 
		N 303 
		C0 906 
		T0 23 
		P 222 
		N 190 
		C0 907 
		T0 24 
	}

	Mtl 4 { 
		{
			Name "#2" 
			Priority 32 
			Prim 148 { 
				{
					Type TRISTRIP
					Priority 32 
					Idx 4 { 1 2 0 3 }
				}
				{
					Type TRISTRIP
					Priority 32 
					Idx 4 { 6 7 5 4 }
				}
				{
					Type TRISTRIP
					Priority 32 
					Idx 4 { 8 9 11 10 }
				}
				{
					Type TRISTRIP
					Priority 32 
					Idx 4 { 15 12 14 13 }
				}
				{
					Type TRISTRIP
					Priority 32 
					Idx 6 { 34 35 33 32 423 422 }
				}
				{
					Type TRISTRIP
					Priority 32 
					Idx 6 { 54 55 53 52 434 433 }
				}
				{
					Type TRISTRIP
					Priority 32 
					Idx 6 { 58 59 57 56 436 435 }
				}
				{
					Type TRISTRIP
					Priority 32 
					Idx 6 { 127 124 126 125 498 497 }
				}
				{
					Type TRISTRIP
					Priority 32 
					Idx 4 { 131 128 130 129 }
				}
				{
					Type TRISTRIP
					Priority 32 
					Idx 4 { 138 139 141 140 }
				}
				{
					Type TRISTRIP
					Priority 32 
					Idx 4 { 142 143 145 144 }
				}
				{
					Type TRISTRIP
					Priority 32 
					Idx 4 { 149 146 148 147 }
				}
				{
					Type TRISTRIP
					Priority 32 
					Idx 4 { 151 152 150 153 }
				}
				{
					Type TRISTRIP
					Priority 32 
					Idx 4 { 154 155 157 156 }
				}
				{
					Type TRISTRIP
					Priority 32 
					Idx 4 { 166 167 169 168 }
				}
				{
					Type TRISTRIP
					Priority 32 
					Idx 4 { 171 172 170 173 }
				}
				{
					Type TRISTRIP
					Priority 32 
					Idx 4 { 175 176 174 177 }
				}
				{
					Type TRISTRIP
					Priority 32 
					Idx 7 { 180 178 179 160 159 161 158 }
				}
				{
					Type TRISTRIP2
					Priority 32 
					Idx 8 { 51 50 47 49 48 431 430 432 }
				}
				{
					Type TRISTRIP2
					Priority 32 
					Idx 6 { 163 162 164 165 531 530 }
				}
				{
					Type TRISTRIP2
					Priority 32 
					Idx 5 { 183 182 184 181 185 }
				}
				{
					Type TRISTRIP
					Priority 32 
					Idx 6 { 199 200 202 201 208 207 }
				}
				{
					Type TRISTRIP
					Priority 32 
					Idx 4 { 209 210 212 211 }
				}
				{
					Type TRISTRIP
					Priority 32 
					Idx 4 { 214 215 213 216 }
				}
				{
					Type TRISTRIP
					Priority 32 
					Idx 4 { 220 217 219 218 }
				}
				{
					Type TRISTRIP
					Priority 32 
					Idx 6 { 221 222 224 223 230 229 }
				}
				{
					Type TRISTRIP
					Priority 32 
					Idx 4 { 226 227 225 228 }
				}
				{
					Type TRISTRIP
					Priority 32 
					Idx 4 { 231 232 234 233 }
				}
				{
					Type TRISTRIP
					Priority 32 
					Idx 4 { 235 236 238 237 }
				}
				{
					Type TRISTRIP
					Priority 32 
					Idx 4 { 239 240 242 241 }
				}
				{
					Type TRISTRIP
					Priority 32 
					Idx 4 { 244 245 243 246 }
				}
				{
					Type TRISTRIP
					Priority 32 
					Idx 4 { 247 248 250 249 }
				}
				{
					Type TRISTRIP
					Priority 32 
					Idx 4 { 264 265 263 266 }
				}
				{
					Type TRISTRIP
					Priority 32 
					Idx 4 { 269 270 268 267 }
				}
				{
					Type TRISTRIP
					Priority 32 
					Idx 4 { 274 271 273 272 }
				}
				{
					Type TRISTRIP
					Priority 32 
					Idx 4 { 278 279 281 280 }
				}
				{
					Type TRISTRIP
					Priority 32 
					Idx 4 { 284 285 283 282 }
				}
				{
					Type TRISTRIP
					Priority 32 
					Idx 4 { 286 287 289 288 }
				}
				{
					Type TRISTRIP
					Priority 32 
					Idx 4 { 292 293 291 294 }
				}
				{
					Type TRISTRIP
					Priority 32 
					Idx 4 { 295 296 298 297 }
				}
				{
					Type TRISTRIP
					Priority 32 
					Idx 4 { 299 300 302 301 }
				}
				{
					Type TRISTRIP
					Priority 32 
					Idx 4 { 318 319 317 320 }
				}
				{
					Type TRISTRIP
					Priority 32 
					Idx 4 { 341 342 340 339 }
				}
				{
					Type TRISTRIP
					Priority 32 
					Idx 4 { 346 343 345 344 }
				}
				{
					Type TRISTRIP
					Priority 32 
					Idx 4 { 350 347 349 348 }
				}
				{
					Type TRISTRIP
					Priority 32 
					Idx 5 { 375 371 374 372 373 }
				}
				{
					Type TRISTRIP2
					Priority 32 
					Idx 8 { 186 188 187 190 189 551 552 550 }
				}
				{
					Type TRISTRIP2
					Priority 32 
					Idx 6 { 195 198 196 197 203 204 }
				}
				{
					Type TRISTRIP2
					Priority 32 
					Idx 6 { 254 257 255 256 259 258 }
				}
				{
					Type TRISTRIP2
					Priority 32 
					Idx 5 { 390 389 391 388 392 }
				}
				{
					Type TRISTRIP
					Priority 32 
					Idx 4 { 396 393 395 394 }
				}
				{
					Type TRISTRIP
					Priority 32 
					Idx 4 { 399 400 398 397 }
				}
				{
					Type TRISTRIP
					Priority 32 
					Idx 4 { 401 402 404 403 }
				}
				{
					Type TRISTRIP
					Priority 32 
					Idx 4 { 405 406 408 407 }
				}
				{
					Type TRISTRIP
					Priority 32 
					Idx 7 { 479 480 439 440 438 437 441 }
				}
				{
					Type TRISTRIP2
					Priority 32 
					Idx 4 { 501 500 502 499 }
				}
				{
					Type TRISTRIP2
					Priority 32 
					Idx 4 { 506 509 507 508 }
				}
				{
					Type TRISTRIP2
					Priority 32 
					Idx 4 { 510 513 511 512 }
				}
				{
					Type TRISTRIP2
					Priority 32 
					Idx 4 { 516 515 517 514 }
				}
				{
					Type TRISTRIP2
					Priority 32 
					Idx 4 { 521 520 518 519 }
				}
				{
					Type TRISTRIP2
					Priority 32 
					Idx 4 { 525 524 522 523 }
				}
				{
					Type TRISTRIP2
					Priority 32 
					Idx 4 { 532 535 533 534 }
				}
				{
					Type TRISTRIP2
					Priority 32 
					Idx 4 { 536 539 537 538 }
				}
				{
					Type TRISTRIP2
					Priority 32 
					Idx 4 { 543 542 540 541 }
				}
				{
					Type TRISTRIP2
					Priority 32 
					Idx 7 { 546 544 545 528 529 527 526 }
				}
				{
					Type TRISTRIP
					Priority 32 
					Idx 6 { 482 483 481 484 489 488 }
				}
				{
					Type TRISTRIP
					Priority 32 
					Idx 5 { 549 547 181 548 182 }
				}
				{
					Type TRISTRIP2
					Priority 32 
					Idx 4 { 557 560 558 559 }
				}
				{
					Type TRISTRIP2
					Priority 32 
					Idx 4 { 565 568 566 567 }
				}
				{
					Type TRISTRIP2
					Priority 32 
					Idx 4 { 573 576 574 575 }
				}
				{
					Type TRISTRIP2
					Priority 32 
					Idx 4 { 580 579 577 578 }
				}
				{
					Type TRISTRIP2
					Priority 32 
					Idx 4 { 583 582 584 581 }
				}
				{
					Type TRISTRIP2
					Priority 32 
					Idx 4 { 592 591 589 590 }
				}
				{
					Type TRISTRIP2
					Priority 32 
					Idx 4 { 594 593 595 596 }
				}
				{
					Type TRISTRIP2
					Priority 32 
					Idx 4 { 602 601 599 600 }
				}
				{
					Type TRISTRIP2
					Priority 32 
					Idx 4 { 603 606 604 605 }
				}
				{
					Type TRISTRIP2
					Priority 32 
					Idx 4 { 610 609 607 608 }
				}
				{
					Type TRISTRIP2
					Priority 32 
					Idx 4 { 614 613 611 612 }
				}
				{
					Type TRISTRIP2
					Priority 32 
					Idx 4 { 615 618 616 617 }
				}
				{
					Type TRISTRIP2
					Priority 32 
					Idx 4 { 634 633 631 632 }
				}
				{
					Type TRISTRIP2
					Priority 32 
					Idx 4 { 206 636 569 635 }
				}
				{
					Type TRISTRIP2
					Priority 32 
					Idx 16 { 206 205 194 193 194 192 191 192 553 556 553 555 554 555 569 570 }
				}
				{
					Type TRISTRIP2
					Priority 32 
					Idx 4 { 643 642 644 641 }
				}
				{
					Type TRISTRIP2
					Priority 32 
					Idx 4 { 648 651 649 650 }
				}
				{
					Type TRISTRIP2
					Priority 32 
					Idx 4 { 655 654 652 653 }
				}
				{
					Type TRISTRIP2
					Priority 32 
					Idx 4 { 658 657 659 656 }
				}
				{
					Type TRISTRIP2
					Priority 32 
					Idx 4 { 663 662 660 661 }
				}
				{
					Type TRISTRIP2
					Priority 32 
					Idx 4 { 668 667 665 666 }
				}
				{
					Type TRISTRIP2
					Priority 32 
					Idx 4 { 669 672 670 671 }
				}
				{
					Type TRISTRIP2
					Priority 32 
					Idx 4 { 673 676 674 675 }
				}
				{
					Type TRISTRIP2
					Priority 32 
					Idx 4 { 680 679 677 678 }
				}
				{
					Type TRISTRIP2
					Priority 32 
					Idx 4 { 681 684 682 683 }
				}
				{
					Type TRISTRIP2
					Priority 32 
					Idx 4 { 688 687 685 686 }
				}
				{
					Type TRISTRIP2
					Priority 32 
					Idx 5 { 713 709 710 712 711 }
				}
				{
					Type TRISTRIP
					Priority 32 
					Idx 6 { 622 623 625 624 627 626 }
				}
				{
					Type TRISTRIP
					Priority 32 
					Idx 5 { 726 727 729 728 730 }
				}
				{
					Type TRISTRIP2
					Priority 32 
					Idx 4 { 734 733 731 732 }
				}
				{
					Type TRISTRIP2
					Priority 32 
					Idx 4 { 754 753 755 756 }
				}
				{
					Type TRISTRIP2
					Priority 32 
					Idx 4 { 759 758 760 757 }
				}
				{
					Type TRISTRIP2
					Priority 32 
					Idx 4 { 763 762 764 761 }
				}
				{
					Type TRISTRIP2
					Priority 32 
					Idx 5 { 789 785 786 788 787 }
				}
				{
					Type TRISTRIP
					Priority 32 
					Idx 5 { 804 805 803 802 806 }
				}
				{
					Type TRISTRIP2
					Priority 32 
					Idx 16 { 491 490 453 452 454 455 494 492 493 442 443 445 444 445 496 495 }
				}
				{
					Type TRISTRIP2
					Priority 32 
					Idx 13 { 801 800 791 790 792 793 794 795 794 797 796 799 798 }
				}
				{
					Type TRISTRIP
					Priority 32 
					Idx 13 { 722 723 720 721 718 719 718 717 716 714 715 724 725 }
				}
				{
					Type TRISTRIP2
					Priority 32 
					Idx 9 { 429 427 428 42 44 42 45 43 46 }
				}
				{
					Type TRISTRIP
					Priority 32 
					Idx 11 { 424 425 39 36 38 36 37 40 41 42 43 }
				}
				{
					Type TRISTRIP2
					Priority 32 
					Idx 6 { 425 36 426 40 427 42 }
				}
				{
					Type TRISTRIP2
					Priority 32 
					Idx 9 { 421 420 30 27 31 27 28 26 29 }
				}
				{
					Type TRISTRIP
					Priority 32 
					Idx 4 { 26 419 27 420 }
				}
				{
					Type TRISTRIP
					Priority 32 
					Idx 10 { 505 504 503 133 132 134 132 137 136 135 }
				}
				{
					Type TRISTRIP
					Priority 32 
					Idx 17 { 117 118 78 75 77 76 77 120 121 120 119 65 68 66 67 122 123 }
				}
				{
					Type TRISTRIP2
					Priority 32 
					Idx 7 { 585 588 586 587 586 598 597 }
				}
				{
					Type TRISTRIP
					Priority 32 
					Idx 8 { 64 60 63 61 62 61 103 102 }
				}
				{
					Type TRISTRIP
					Priority 32 
					Idx 7 { 571 572 562 563 562 564 561 }
				}
				{
					Type TRISTRIP2
					Priority 32 
					Idx 7 { 116 115 105 104 105 107 106 }
				}
				{
					Type TRISTRIP
					Priority 32 
					Idx 21 { 477 478 460 457 456 458 459 465 464 449 463 449 461 449 462 466 416 417 416 418 415 }
				}
				{
					Type TRISTRIP2
					Priority 32 
					Idx 4 { 475 457 476 458 }
				}
				{
					Type TRISTRIP2
					Priority 32 
					Idx 23 { 474 458 473 465 472 449 471 446 470 450 469 451 447 450 447 446 448 449 448 466 485 417 418 }
				}
				{
					Type TRISTRIP
					Priority 32 
					Idx 6 { 469 467 447 468 448 485 }
				}
				{
					Type TRISTRIP
					Priority 32 
					Idx 14 { 387 386 379 376 379 377 378 380 381 380 383 382 385 384 }
				}
				{
					Type TRISTRIP
					Priority 32 
					Idx 7 { 112 113 110 111 110 109 114 }
				}
				{
					Type TRISTRIP2
					Priority 32 
					Idx 4 { 639 638 640 637 }
				}
				{
					Type TRISTRIP2
					Priority 32 
					Idx 12 { 9 260 261 262 261 275 261 277 276 277 10 290 }
				}
				{
					Type TRISTRIP2
					Priority 32 
					Idx 24 { 315 313 316 313 314 311 314 312 306 312 310 311 310 309 308 307 305 304 305 303 305 306 308 310 }
				}
				{
					Type TRISTRIP2
					Priority 32 
					Idx 13 { 664 646 403 646 647 646 630 645 630 629 630 628 404 }
				}
				{
					Type TRISTRIP
					Priority 32 
					Idx 12 { 98 99 81 82 80 82 79 82 83 82 101 100 }
				}
				{
					Type TRISTRIP
					Priority 32 
					Idx 13 { 784 776 775 777 778 777 780 779 782 781 784 783 776 }
				}
				{
					Type TRISTRIP2
					Priority 32 
					Idx 13 { 773 771 772 769 770 767 768 767 765 766 774 773 772 }
				}
				{
					Type TRISTRIP
					Priority 32 
					Idx 13 { 708 700 699 701 702 701 704 703 706 705 708 707 700 }
				}
				{
					Type TRISTRIP2
					Priority 32 
					Idx 13 { 697 695 696 693 694 691 692 691 689 690 698 697 696 }
				}
				{
					Type TRISTRIP
					Priority 32 
					Idx 13 { 370 361 364 362 363 365 366 365 368 367 370 369 361 }
				}
				{
					Type TRISTRIP2
					Priority 32 
					Idx 13 { 360 354 351 353 352 356 355 358 357 358 359 360 351 }
				}
				{
					Type TRISTRIP
					Priority 32 
					Idx 22 { 337 336 333 338 335 338 334 337 334 333 327 335 331 334 330 327 328 331 332 330 329 328 }
				}
				{
					Type TRISTRIP
					Priority 32 
					Idx 9 { 751 748 750 747 752 749 752 748 751 }
				}
				{
					Type TRISTRIP2
					Priority 32 
					Idx 15 { 744 743 742 746 745 744 741 742 748 745 749 745 747 741 748 }
				}
				{
					Type TRISTRIP
					Priority 32 
					Idx 9 { 740 736 739 735 738 735 737 736 740 }
				}
				{
					Type TRISTRIP2
					Priority 32 
					Idx 9 { 326 324 325 321 322 321 323 324 326 }
				}
				{
					Type TRISTRIP
					Priority 32 
					Idx 27 { 88 84 69 85 89 25 24 22 24 23 89 108 70 90 71 91 73 92 73 93 74 94 74 72 74 71 73 }
				}
				{
					Type TRISTRIP2
					Priority 32 
					Idx 5 { 89 69 70 72 71 }
				}
				{
					Type TRISTRIP
					Priority 32 
					Idx 16 { 72 94 69 95 69 96 86 97 86 81 86 80 86 87 69 88 }
				}
				{
					Type TRISTRIP
					Priority 32 
					Idx 3 { 18 16 17 }
				}
				{
					Type TRISTRIP2
					Priority 32 
					Idx 3 { 19 21 20 }
				}
				{
					Type TRISTRIP
					Priority 32 
					Idx 3 { 253 251 252 }
				}
				{
					Type TRISTRIP2
					Priority 32 
					Idx 3 { 409 411 410 }
				}
				{
					Type TRISTRIP
					Priority 32 
					Idx 3 { 414 412 413 }
				}
				{
					Type TRISTRIP2
					Priority 32 
					Idx 3 { 486 487 111 }
				}
				{
					Type TRISTRIP
					Priority 32 
					Idx 3 { 621 619 620 }
				}
			}

		}
		{
			Name "#3" 
			Priority 32 
			Prim 2 { 
				{
					Type TRISTRIP
					Priority 32 
					Idx 4 { 807 808 810 809 }
				}
				{
					Type TRISTRIP
					Priority 32 
					Idx 4 { 814 811 813 812 }
				}
			}

		}
		{
			Name "#4" 
			Priority 32 
			Prim 17 { 
				{
					Type TRISTRIP
					Priority 32 
					Idx 5 { 822 823 821 824 825 }
				}
				{
					Type TRISTRIP2
					Priority 32 
					Idx 4 { 842 845 843 844 }
				}
				{
					Type TRISTRIP2
					Priority 32 
					Idx 4 { 859 858 860 857 }
				}
				{
					Type TRISTRIP2
					Priority 32 
					Idx 4 { 887 886 884 885 }
				}
				{
					Type TRISTRIP2
					Priority 32 
					Idx 4 { 894 893 895 892 }
				}
				{
					Type TRISTRIP2
					Priority 32 
					Idx 4 { 896 899 897 898 }
				}
				{
					Type TRISTRIP2
					Priority 32 
					Idx 9 { 821 838 871 838 839 820 836 835 837 }
				}
				{
					Type TRISTRIP
					Priority 32 
					Idx 6 { 846 847 848 849 850 888 }
				}
				{
					Type TRISTRIP
					Priority 32 
					Idx 4 { 848 850 861 862 }
				}
				{
					Type TRISTRIP
					Priority 32 
					Idx 8 { 877 878 873 874 876 875 879 880 }
				}
				{
					Type TRISTRIP
					Priority 32 
					Idx 10 { 891 889 856 890 856 855 853 854 852 851 }
				}
				{
					Type TRISTRIP
					Priority 32 
					Idx 7 { 839 871 868 872 868 869 870 }
				}
				{
					Type TRISTRIP2
					Priority 32 
					Idx 9 { 841 840 834 828 816 829 816 815 817 }
				}
				{
					Type TRISTRIP
					Priority 32 
					Idx 11 { 815 830 829 831 829 826 828 827 828 832 833 }
				}
				{
					Type TRISTRIP2
					Priority 32 
					Idx 12 { 864 863 865 878 865 874 865 875 881 875 882 883 }
				}
				{
					Type TRISTRIP2
					Priority 32 
					Idx 3 { 818 820 819 }
				}
				{
					Type TRISTRIP
					Priority 32 
					Idx 3 { 867 866 836 }
				}
			}

		}
		{
			Name "#5" 
			Priority 32 
			Prim 2 { 
				{
					Type TRISTRIP
					Priority 32 
					Idx 4 { 900 901 903 902 }
				}
				{
					Type TRISTRIP
					Priority 32 
					Idx 4 { 905 906 904 907 }
				}
			}

		}
	}

	Offset 0 
}
