{
	Skinned 0 
	PosSkin 0 
	Pos 429 { 
		0.000000	1.603505	0.013649 
		-0.058916	1.555063	0.029671 
		-0.058916	1.605413	0.173899 
		0.000000	1.653855	0.157878 
		0.000000	1.506620	0.045692 
		0.000000	1.556970	0.189921 
		0.058916	1.555063	0.029671 
		0.058916	1.605413	0.173899 
		-0.157031	1.687025	0.144745 
		-0.155046	1.515494	0.200444 
		-0.155318	1.626896	0.543528 
		-0.157303	1.798427	0.487829 
		0.002133	1.431400	0.227875 
		0.001861	1.542802	0.570958 
		0.157326	1.518837	0.199606 
		0.157054	1.630239	0.542690 
		0.155340	1.690368	0.143907 
		0.155068	1.801770	0.486991 
		-0.001838	1.774462	0.116476 
		-0.002110	1.885864	0.459560 
		0.643498	2.180418	0.611717 
		0.371524	2.446266	0.554314 
		0.475315	2.884187	1.735938 
		0.823269	2.548965	1.829206 
		0.000000	2.543573	0.533302 
		0.000000	3.006886	1.701800 
		-0.371524	2.446266	0.554314 
		-0.475315	2.884187	1.735938 
		-0.643498	2.180418	0.611717 
		-0.823269	2.548965	1.829206 
		-0.743048	1.817264	0.690133 
		-0.950630	2.091044	1.956612 
		-0.643498	1.454109	0.768548 
		-0.823269	1.633123	2.084018 
		-0.371524	1.188262	0.825952 
		-0.475315	1.297902	2.177287 
		-0.000000	1.090955	0.846963 
		-0.000000	1.175202	2.211425 
		0.371524	1.188262	0.825952 
		0.475315	1.297902	2.177287 
		0.643499	1.454109	0.768548 
		0.823269	1.633123	2.084018 
		0.743048	1.817264	0.690133 
		0.950630	2.091044	1.956612 
		0.185762	2.084385	0.461131 
		0.321749	1.951461	0.489833 
		0.000000	1.738748	0.454586 
		0.000000	2.133038	0.450626 
		-0.185762	2.084385	0.461131 
		-0.321749	1.951461	0.489833 
		-0.371524	1.769884	0.529041 
		-0.321749	1.588306	0.568248 
		-0.185762	1.455383	0.596950 
		0.000000	1.406729	0.607456 
		0.185762	1.455383	0.596950 
		0.321749	1.588306	0.568248 
		0.371524	1.769884	0.529041 
		0.305964	2.966470	4.302535 
		0.176648	3.091054	4.267872 
		-0.305964	2.966470	4.302535 
		-0.000000	3.136655	4.255184 
		-0.176648	3.091054	4.267872 
		-0.353297	2.796286	4.349885 
		-0.305964	2.626102	4.397235 
		-0.176648	2.501519	4.431897 
		-0.000000	2.455918	4.444584 
		0.176648	2.501518	4.431897 
		0.305964	2.626102	4.397235 
		0.353297	2.796286	4.349885 
		0.000000	2.796286	4.596318 
		-0.410627	2.313747	4.358757 
		-0.302848	2.313747	4.620438 
		0.000000	2.313747	4.710712 
		0.302848	2.313747	4.620438 
		0.410627	2.313747	4.358757 
		-0.185530	2.852916	4.332322 
		-0.170626	3.055760	4.453620 
		-0.241302	3.011386	4.288581 
		0.000000	2.827058	4.514182 
		0.000000	3.078104	4.584801 
		0.185530	2.852916	4.332322 
		0.170626	3.055759	4.453620 
		0.241302	3.011386	4.288581 
		0.224460	3.253348	4.553887 
		0.000000	3.063141	4.459708 
		0.000000	3.275693	4.685068 
		0.317435	3.199403	4.237189 
		-0.224460	3.253348	4.553887 
		-0.317435	3.184037	4.273980 
		0.000000	2.711873	4.372939 
		0.101509	1.624843	5.477365 
		-0.101509	1.624843	5.477365 
		-0.075000	2.317271	4.358330 
		0.075000	2.317271	4.358330 
		-0.203019	1.777956	5.563787 
		-0.178869	2.019583	5.119453 
		-0.150000	2.387455	4.495875 
		-0.101509	1.931069	5.650209 
		-0.089434	2.154483	5.195595 
		0.101509	1.931069	5.650209 
		0.089434	2.154483	5.195595 
		0.203019	1.777956	5.563787 
		0.178869	2.019583	5.119453 
		0.150000	2.387455	4.495875 
		0.000000	1.777956	5.563787 
		-0.978964	0.643503	-1.221935 
		-0.454706	0.586134	-1.221935 
		-0.454706	0.986782	-1.221935 
		-0.978964	0.986782	-1.221935 
		-0.454706	0.986782	-1.962645 
		-0.978964	0.986782	-1.962645 
		-0.454706	0.586134	-1.962645 
		-0.978964	0.644420	-1.962645 
		-1.192065	0.586134	-1.962645 
		-1.192065	0.586134	-1.221935 
		-1.192065	0.643503	-1.221935 
		-1.192065	0.644420	-1.962645 
		-0.455236	0.791682	3.654884 
		-0.459718	0.858436	3.724221 
		-1.251052	0.858436	3.724221 
		-1.255533	0.791682	3.654884 
		-0.611034	1.250237	3.606310 
		-0.611107	1.250332	0.783047 
		-1.251052	1.250332	0.783047 
		-1.251052	1.250332	3.605703 
		-0.459718	0.852012	0.631566 
		-0.455236	0.786036	0.693684 
		-1.255533	0.786036	0.693684 
		-1.251052	0.852012	0.631566 
		-0.459718	1.131311	0.783047 
		-0.459513	1.131122	3.606917 
		-1.255533	1.166684	3.552512 
		-1.255533	1.166684	0.846881 
		-0.554635	1.030141	0.743314 
		-1.240191	1.028142	0.785959 
		-0.482795	1.051557	3.628600 
		-0.766184	1.132082	-3.617660 
		-0.650723	1.293590	-3.617504 
		-0.592623	1.104511	-3.617504 
		-0.592623	1.293023	-3.617504 
		-0.867490	1.325302	-3.684220 
		-0.838530	1.314996	-3.617504 
		-0.669198	1.314996	-3.617504 
		-0.642556	1.325302	-3.684220 
		-0.867490	1.298627	-3.710895 
		-0.887620	1.298627	-3.684220 
		-0.857000	1.293590	-3.617504 
		-0.838530	1.293590	-3.599034 
		-0.669198	1.293590	-3.599034 
		-0.622426	1.298627	-3.684220 
		-0.642556	1.298627	-3.710895 
		-0.867490	1.149112	-3.710895 
		-0.887620	1.149112	-3.684220 
		-0.857000	1.161413	-3.617504 
		-0.838530	1.161413	-3.599034 
		-0.669198	1.161413	-3.599034 
		-0.650723	1.161413	-3.617504 
		-0.622426	1.149112	-3.684220 
		-0.642556	1.149112	-3.710895 
		-0.867490	1.122437	-3.684220 
		-0.838530	1.140007	-3.617504 
		-0.669198	1.140007	-3.617504 
		-0.642556	1.122437	-3.684220 
		0.766184	1.132082	-3.617660 
		0.592623	1.104511	-3.617504 
		0.650723	1.293590	-3.617504 
		0.592623	1.293023	-3.617504 
		0.867490	1.325302	-3.684220 
		0.642556	1.325302	-3.684220 
		0.669198	1.314996	-3.617504 
		0.838530	1.314996	-3.617504 
		0.887620	1.298627	-3.684220 
		0.867490	1.298627	-3.710895 
		0.857000	1.293590	-3.617504 
		0.838530	1.293590	-3.599034 
		0.669198	1.293590	-3.599034 
		0.622426	1.298627	-3.684220 
		0.642556	1.298627	-3.710895 
		0.887620	1.149112	-3.684220 
		0.867490	1.149112	-3.710895 
		0.857000	1.161413	-3.617504 
		0.838530	1.161413	-3.599034 
		0.669198	1.161413	-3.599034 
		0.650723	1.161413	-3.617504 
		0.622426	1.149112	-3.684220 
		0.642556	1.149112	-3.710895 
		0.867490	1.122437	-3.684220 
		0.838530	1.140007	-3.617504 
		0.669198	1.140007	-3.617504 
		0.642556	1.122437	-3.684220 
		-1.135976	1.132746	-3.464961 
		-1.133947	0.925260	-3.648087 
		-1.161520	0.874633	-3.609855 
		-1.172398	1.074175	-3.428244 
		-1.126669	0.637729	-3.697829 
		-1.172398	1.226808	-3.116155 
		-1.143438	1.295852	-3.120336 
		-0.674870	1.172073	-3.563163 
		-0.784505	1.352966	-3.155240 
		-0.674870	1.609050	-3.581225 
		-0.902302	1.328524	-2.613024 
		-0.881975	1.879764	-2.252522 
		-1.147423	1.269768	-2.655915 
		-1.163612	1.206043	-2.674236 
		-1.135666	1.030160	-2.390583 
		-1.145980	1.001467	-2.444372 
		-1.098160	0.523578	-2.375850 
		-1.124208	0.530282	-2.310217 
		-0.781566	2.564000	-2.173136 
		-0.011538	2.585332	-2.384440 
		-0.011538	1.978083	-2.634686 
		-0.781566	1.970960	-2.385948 
		-0.011538	1.710358	-3.763439 
		-0.011538	0.953389	-3.754705 
		-0.597006	0.946650	-3.712206 
		-0.596331	1.683770	-3.704523 
		-0.902302	2.607727	-1.953060 
		-0.902302	1.086414	-2.350385 
		-0.459719	0.862313	4.248057 
		-0.459718	1.131310	4.248057 
		-0.902302	2.606843	-1.072281 
		-0.495875	0.663005	-3.390050 
		-0.548964	1.131813	-3.279251 
		-0.548964	1.131772	-2.556840 
		-0.471030	0.721016	-2.275733 
		-0.457315	1.119480	-2.314947 
		-0.457315	1.119480	-1.068872 
		-0.902302	1.119480	-1.068872 
		1.149380	1.226808	-3.116155 
		1.149380	1.074175	-3.428244 
		1.112911	1.120543	-3.463736 
		1.120272	1.281426	-3.128104 
		0.651793	1.172073	-3.563163 
		0.651793	1.609050	-3.581225 
		0.761389	1.352966	-3.155240 
		0.879225	1.328524	-2.633007 
		0.858898	1.879764	-2.252522 
		1.125013	1.255441	-2.665717 
		1.147125	1.206043	-2.674236 
		1.075080	0.523578	-2.375850 
		1.123324	1.001467	-2.444372 
		1.108100	1.043330	-2.404001 
		1.101294	0.526290	-2.324730 
		0.758489	2.564000	-2.173136 
		0.758489	1.970960	-2.385939 
		-0.011539	2.663712	-1.072281 
		-0.011539	2.669408	-1.943257 
		0.573929	0.946650	-3.712206 
		0.573254	1.683770	-3.704523 
		0.879225	2.607727	-1.953060 
		0.879225	1.086414	-2.350385 
		1.102327	0.915885	-3.644366 
		0.436640	1.131311	0.783047 
		0.436434	1.131121	3.605302 
		0.436640	1.131310	4.248057 
		0.436640	0.862313	4.248057 
		0.432158	0.786036	0.693684 
		0.879225	1.863162	-1.070577 
		0.878740	1.818248	-1.429012 
		0.879225	2.606843	-1.072281 
		0.525887	0.663005	-3.390050 
		1.130699	0.874633	-3.609855 
		0.525887	1.131813	-3.279251 
		0.525887	1.131772	-2.556840 
		0.467789	0.721016	-2.275733 
		0.434237	1.119480	-1.068872 
		0.434237	1.114722	-2.314947 
		0.879225	1.119480	-1.068872 
		0.767942	0.778483	-1.062303 
		0.535897	0.890230	-1.110723 
		0.535897	0.666735	-1.110723 
		0.710633	1.029577	-1.110723 
		0.928525	0.979845	-1.110723 
		1.025495	0.778483	-1.110723 
		0.928525	0.577121	-1.110723 
		0.710633	0.527388	-1.110723 
		0.928525	0.979845	-2.151483 
		0.710633	1.029577	-2.151483 
		1.025495	0.778483	-2.151483 
		0.928525	0.577120	-2.151483 
		0.710633	0.527388	-2.151483 
		0.535897	0.666735	-2.151483 
		0.607363	0.577120	-2.151483 
		-0.902302	1.863161	-1.070577 
		-0.479789	2.886293	4.243865 
		-0.479990	2.783471	4.387012 
		-0.398035	2.783471	4.387012 
		-0.399986	2.886293	4.243690 
		-0.369962	1.131310	4.248057 
		1.073922	0.637729	-3.697829 
		-0.011538	0.637534	-3.749995 
		0.567456	0.637631	-3.723912 
		-0.596370	0.637631	-3.723912 
		-0.481784	0.375764	-3.752895 
		-0.583075	0.616054	-3.771378 
		-0.011375	0.615336	-3.798907 
		-0.012716	0.375667	-3.774329 
		1.044506	0.619998	-3.746490 
		1.073922	0.442222	-3.697829 
		0.443872	0.375764	-3.752895 
		0.550468	0.617817	-3.771016 
		-1.099492	0.616702	-3.746511 
		-1.126669	0.442222	-3.697829 
		-0.401739	1.126189	0.773473 
		0.375778	1.126189	0.773473 
		0.181613	1.537190	0.520507 
		-0.207573	1.537190	0.520507 
		-0.401739	1.121154	-0.114251 
		-0.207573	1.537190	0.291402 
		-0.161942	1.404552	0.139604 
		-0.159979	1.121154	-0.114251 
		0.375778	1.121154	-0.114251 
		0.181613	1.537190	0.291402 
		0.135418	1.404552	0.139604 
		0.133085	1.121154	-0.114251 
		-0.159979	1.118387	-0.255721 
		-0.161942	1.404552	-0.241609 
		0.135418	1.404552	-0.241609 
		0.133085	1.118387	-0.255721 
		0.432158	0.791682	3.654884 
		1.232455	0.791682	3.654884 
		1.227974	0.858436	3.724221 
		0.436640	0.858436	3.724221 
		0.587955	1.250237	3.605503 
		0.588029	1.250332	0.783047 
		0.436640	0.852012	0.631566 
		1.227974	0.852012	0.631566 
		1.232455	0.786036	0.693684 
		1.232455	1.166684	0.846881 
		1.232455	1.166684	3.552512 
		1.227974	1.250332	0.783047 
		1.227974	1.250332	3.605703 
		0.460330	1.037000	3.628256 
		-0.343294	1.131122	3.606708 
		-1.255533	0.221623	3.654884 
		-0.455236	0.221623	3.654884 
		0.432158	0.221623	3.654884 
		1.232455	0.221623	3.654884 
		1.222135	1.025402	0.753384 
		0.515322	1.028233	0.748683 
		1.204325	1.042089	3.614072 
		-1.228788	1.051328	3.607107 
		-0.211978	1.512032	3.817323 
		0.187454	1.512032	3.816787 
		0.322371	1.131121	3.605508 
		0.429275	1.728453	3.935848 
		0.429478	1.796688	4.248057 
		0.336419	1.131310	4.248057 
		-0.210280	1.580266	4.248057 
		0.188194	1.580266	4.248057 
		0.376124	2.886292	4.242996 
		0.376357	2.783470	4.387012 
		0.457397	2.783470	4.387012 
		0.457195	2.886292	4.242819 
		-0.452349	1.728454	3.937463 
		-0.452550	1.796688	4.248057 
		-0.463780	2.148073	4.247891 
		-0.463578	2.147884	4.011325 
		-0.369476	1.796688	4.248057 
		-0.381024	2.148073	4.247891 
		-0.371434	1.728454	3.937192 
		-0.382983	2.147884	4.011054 
		0.347057	1.728453	3.936121 
		0.347292	1.796688	4.248057 
		0.358854	2.148072	4.247891 
		0.358620	2.147883	4.009983 
		0.440721	2.148072	4.247891 
		0.440518	2.147883	4.009710 
		-0.706707	0.482467	-0.844107 
		-0.441760	0.678148	-0.844107 
		-0.441760	0.678148	0.246031 
		-0.706707	0.482467	0.246031 
		-0.478751	1.005438	-0.844107 
		-0.478751	1.005438	0.246031 
		-0.780689	1.137048	-0.844106 
		-0.780689	1.137048	0.246031 
		-1.045635	0.941368	-0.844107 
		-1.045635	0.941368	0.246031 
		-1.008644	0.614078	-0.844107 
		-1.008644	0.614078	0.246031 
		-0.743698	0.809758	-0.921295 
		-0.743698	0.809758	0.332194 
		0.569874	1.307709	-1.006223 
		0.529156	1.307709	-0.813902 
		0.529156	2.592089	-0.813902 
		0.569874	2.592089	-1.006223 
		0.675351	1.307709	-0.682478 
		0.675351	2.592089	-0.682478 
		0.862265	1.307709	-0.743375 
		0.862265	2.592089	-0.743375 
		0.902983	1.307709	-0.935696 
		0.902983	2.592089	-0.935696 
		0.756788	1.307709	-1.067120 
		0.756788	2.592089	-1.067120 
		0.668598	3.145916	-0.792577 
		0.763541	3.145916	-0.792577 
		0.621127	3.234065	-0.874799 
		0.811012	3.234065	-0.874799 
		0.668598	3.309213	-0.957022 
		0.763541	3.309213	-0.957022 
		-0.028664	1.075868	3.502931 
		0.874313	1.298838	-2.106300 
		0.879346	1.301588	-1.441896 
		0.874000	1.799672	-2.103029 
		0.767944	0.778483	-2.199913 
		0.510392	0.778483	-2.151483 
		0.607363	0.979845	-2.151483 
		0.787276	1.128585	-0.915910 
		0.668598	1.128585	-0.957022 
		0.668598	1.359489	-0.957022 
		0.787276	1.359489	-0.915910 
		0.644863	1.128585	-0.833688 
		0.644863	1.359489	-0.833688 
		0.746081	1.128585	-0.817338 
		0.748247	1.359489	-0.817214 
		0.763541	2.484415	-0.957022 
		0.668598	2.484415	-0.957022 
		0.621127	2.484415	-0.874799 
		0.668598	2.484415	-0.792577 
		0.763541	2.484415	-0.792577 
		0.811012	2.484415	-0.874799 
		0.775656	0.878835	-0.961537 
		0.673725	0.914883	-1.015535 
		0.637488	0.864149	-0.906505 
		0.733713	0.826367	-0.902990 
		0.761097	0.763497	-1.105459 
		0.667727	0.815123	-1.107978 
		0.618596	0.698803	-1.110571 
		0.698965	0.647176	-1.108060 
	}

	Nrm 432 { 
		0.000000	0.609375	-0.796875 
		-0.796875	-0.187500	-0.578125 
		-1.000000	0.000000	0.000000 
		0.000000	0.937500	-0.328125 
		0.000000	-0.968750	-0.250000 
		0.000000	-0.937500	0.328125 
		0.796875	-0.187500	-0.578125 
		1.000000	0.000000	0.000000 
		-0.750000	0.250000	-0.609375 
		-0.750000	-0.578125	-0.343750 
		-0.859375	-0.484375	0.156250 
		-0.875000	0.468750	-0.156250 
		0.000000	-0.859375	-0.515625 
		0.015625	-0.953125	0.312500 
		0.750000	-0.562500	-0.343750 
		0.875000	-0.468750	0.156250 
		0.750000	0.265625	-0.609375 
		0.859375	0.484375	-0.156250 
		0.000000	0.390625	-0.921875 
		-0.015625	0.953125	-0.312500 
		0.687500	0.250000	-0.687500 
		0.390625	0.531250	-0.750000 
		0.500000	0.843750	-0.171875 
		0.859375	0.500000	-0.093750 
		0.000000	0.640625	-0.765625 
		0.000000	0.984375	-0.218750 
		-0.390625	0.531250	-0.750000 
		-0.500000	0.843750	-0.171875 
		-0.687500	0.250000	-0.687500 
		-0.859375	0.500000	-0.093750 
		-0.796875	-0.125000	-0.593750 
		-1.000000	0.015625	0.031250 
		-0.687500	-0.515625	-0.515625 
		-0.859375	-0.468750	0.156250 
		-0.390625	-0.796875	-0.453125 
		-0.500000	-0.828125	0.250000 
		0.000000	-0.906250	-0.421875 
		0.000000	-0.953125	0.281250 
		0.390625	-0.796875	-0.453125 
		0.500000	-0.828125	0.250000 
		0.687500	-0.515625	-0.515625 
		0.859375	-0.468750	0.156250 
		0.796875	-0.125000	-0.593750 
		1.000000	0.015625	0.031250 
		0.156250	0.062500	-0.984375 
		0.265625	-0.046875	-0.968750 
		0.000000	-0.218750	-0.968750 
		0.000000	0.093750	-1.000000 
		-0.156250	0.062500	-0.984375 
		-0.265625	-0.046875	-0.968750 
		-0.312500	-0.203125	-0.921875 
		-0.281250	-0.359375	-0.890625 
		-0.156250	-0.468750	-0.875000 
		0.000000	-0.515625	-0.859375 
		0.156250	-0.468750	-0.875000 
		0.281250	-0.359375	-0.890625 
		0.312500	-0.203125	-0.921875 
		0.000000	0.265625	0.968750 
		0.484375	0.875000	-0.015625 
		0.843750	0.531250	0.093750 
		0.000000	1.000000	-0.046875 
		-0.484375	0.875000	-0.015625 
		-0.843750	0.531250	0.093750 
		-0.968750	0.062500	0.218750 
		-0.843750	-0.406250	0.359375 
		-0.484375	-0.750000	0.468750 
		0.000000	-0.875000	0.500000 
		0.484375	-0.750000	0.468750 
		0.843750	-0.406250	0.359375 
		0.968750	0.062500	0.218750 
		0.000000	0.312500	0.953125 
		-0.703125	0.281250	0.640625 
		-0.515625	0.265625	0.812500 
		0.000000	0.234375	0.968750 
		0.515625	0.265625	0.812500 
		0.703125	0.281250	0.640625 
		-0.718750	-0.375000	0.578125 
		-0.718750	-0.343750	0.593750 
		-0.859375	-0.296875	0.421875 
		0.000000	-0.593750	0.796875 
		0.000000	-0.437500	0.890625 
		0.718750	-0.375000	0.578125 
		0.734375	-0.328125	0.593750 
		0.875000	-0.265625	0.390625 
		-0.437500	0.750000	-0.484375 
		0.000000	0.937500	-0.359375 
		0.000000	0.734375	-0.687500 
		0.875000	-0.343750	0.359375 
		0.687500	-0.406250	0.593750 
		0.000000	-0.500000	0.859375 
		-0.671875	-0.437500	0.609375 
		-0.828125	-0.390625	0.406250 
		0.000000	-0.781250	0.625000 
		-0.031250	-0.187500	-0.984375 
		-0.312500	0.937500	0.140625 
		0.296875	0.953125	0.093750 
		0.421875	0.750000	-0.515625 
		0.328125	-0.875000	0.359375 
		-0.328125	-0.875000	0.359375 
		-0.500000	-0.734375	-0.468750 
		0.500000	-0.734375	-0.468750 
		-0.671875	-0.359375	0.640625 
		-0.859375	-0.421875	-0.281250 
		-0.343750	0.140625	0.937500 
		-0.500000	0.781250	0.375000 
		-0.859375	0.453125	0.203125 
		0.343750	0.140625	0.937500 
		0.500000	0.781250	0.375000 
		0.671875	-0.359375	0.640625 
		0.859375	0.453125	0.203125 
		0.859375	-0.421875	-0.281250 
		0.000000	-0.484375	0.875000 
		0.000000	0.484375	-0.875000 
		0.000000	0.859375	0.515625 
		-0.296875	0.296875	0.906250 
		0.406250	-0.406250	0.812500 
		0.578125	0.578125	0.578125 
		-0.578125	0.578125	0.578125 
		0.578125	0.578125	-0.578125 
		-0.578125	0.578125	-0.578125 
		0.406250	-0.406250	-0.812500 
		-0.296875	0.296875	-0.906250 
		-0.406250	-0.406250	-0.812500 
		-0.406250	-0.406250	0.812500 
		0.000000	-0.718750	0.687500 
		0.000000	1.000000	0.000000 
		0.000000	-0.687500	-0.734375 
		-0.015625	-0.812500	0.578125 
		-0.015625	-0.781250	-0.625000 
		-1.000000	0.031250	0.031250 
		-1.000000	0.031250	-0.031250 
		-0.031250	0.078125	-1.000000 
		-1.000000	0.015625	-0.046875 
		0.031250	-0.312500	0.953125 
		0.031250	-0.203125	-0.984375 
		-1.000000	0.015625	0.046875 
		0.078125	0.140625	0.984375 
		0.171875	0.218750	0.968750 
		0.000000	0.000000	-1.000000 
		-0.390625	0.859375	0.296875 
		-0.375000	0.765625	0.531250 
		0.375000	0.765625	0.531250 
		0.406250	0.875000	0.281250 
		-0.375000	0.656250	-0.656250 
		-0.437500	0.359375	-0.828125 
		-0.765625	0.265625	-0.578125 
		-0.859375	0.296875	0.421875 
		-0.781250	0.296875	0.562500 
		-0.375000	0.328125	0.875000 
		0.375000	0.328125	0.875000 
		0.781250	0.296875	0.546875 
		0.859375	0.312500	0.390625 
		0.375000	0.656250	-0.656250 
		0.765625	0.265625	-0.578125 
		0.437500	0.359375	-0.828125 
		-0.437500	-0.359375	-0.828125 
		-0.765625	-0.265625	-0.578125 
		-0.843750	-0.296875	0.453125 
		-0.765625	-0.281250	0.578125 
		-0.375000	-0.328125	0.875000 
		0.375000	-0.328125	0.875000 
		0.781250	-0.281250	0.562500 
		0.859375	-0.296875	0.421875 
		0.765625	-0.265625	-0.578125 
		0.437500	-0.359375	-0.828125 
		-0.375000	-0.656250	-0.656250 
		-0.390625	-0.843750	0.375000 
		-0.359375	-0.750000	0.562500 
		0.359375	-0.750000	0.562500 
		0.390625	-0.843750	0.375000 
		0.375000	-0.656250	-0.656250 
		0.390625	0.859375	0.296875 
		-0.406250	0.875000	0.281250 
		0.781250	0.296875	0.562500 
		0.859375	0.296875	0.421875 
		-0.781250	0.296875	0.546875 
		-0.859375	0.312500	0.390625 
		0.765625	-0.281250	0.578125 
		0.843750	-0.296875	0.453125 
		-0.781250	-0.281250	0.562500 
		-0.609375	0.609375	-0.500000 
		-0.578125	0.296875	-0.765625 
		-0.875000	0.171875	-0.437500 
		-0.906250	0.343750	-0.281250 
		-0.843750	0.062500	-0.515625 
		-0.921875	0.359375	-0.093750 
		-0.640625	0.750000	-0.171875 
		-0.921875	0.000000	-0.375000 
		-0.968750	0.062500	-0.218750 
		-0.937500	0.171875	-0.296875 
		-1.000000	0.078125	-0.078125 
		-0.984375	0.125000	-0.140625 
		-0.718750	0.640625	0.265625 
		-0.968750	0.234375	0.109375 
		-0.984375	-0.078125	-0.109375 
		-0.781250	0.031250	0.625000 
		-0.484375	0.609375	-0.640625 
		0.000000	0.765625	-0.640625 
		0.000000	0.765625	-0.656250 
		-0.593750	0.593750	-0.546875 
		0.000000	0.625000	-0.781250 
		-0.281250	0.156250	-0.953125 
		-0.609375	0.484375	-0.640625 
		-0.656250	0.718750	-0.234375 
		-1.000000	0.015625	0.000000 
		-0.187500	0.953125	-0.203125 
		-0.171875	0.750000	-0.625000 
		-0.250000	0.906250	0.359375 
		-0.171875	0.328125	0.921875 
		-0.453125	0.000000	0.890625 
		-0.703125	0.000000	0.703125 
		-0.906250	0.421875	0.000000 
		-0.171875	-0.703125	0.703125 
		-0.343750	-0.390625	0.859375 
		-0.656250	-0.359375	0.671875 
		-0.468750	-0.781250	0.421875 
		-0.078125	-0.968750	0.218750 
		-0.046875	-0.921875	-0.359375 
		-0.359375	-0.796875	-0.484375 
		0.062500	-0.500000	-0.859375 
		-0.390625	-0.390625	-0.828125 
		0.031250	-1.000000	0.015625 
		-1.000000	0.031250	0.000000 
		0.265625	-0.937500	0.203125 
		0.890625	0.453125	-0.109375 
		0.859375	0.375000	-0.328125 
		0.593750	0.625000	-0.515625 
		0.609375	0.765625	-0.171875 
		0.921875	0.000000	-0.375000 
		0.937500	0.171875	-0.296875 
		0.968750	0.062500	-0.218750 
		1.000000	0.078125	-0.078125 
		0.968750	0.156250	-0.171875 
		0.671875	0.687500	0.265625 
		0.921875	0.343750	0.156250 
		1.000000	-0.062500	-0.093750 
		0.984375	0.078125	0.093750 
		0.750000	0.312500	0.578125 
		0.781250	0.031250	0.625000 
		0.484375	0.609375	-0.640625 
		0.593750	0.593750	-0.546875 
		0.000000	1.000000	-0.093750 
		0.281250	0.156250	-0.953125 
		0.609375	0.484375	-0.640625 
		0.796875	0.578125	-0.187500 
		1.000000	0.015625	0.000000 
		0.203125	0.750000	-0.640625 
		0.218750	0.953125	-0.218750 
		0.281250	0.906250	0.343750 
		0.546875	0.281250	-0.796875 
		0.187500	0.328125	0.921875 
		0.703125	0.000000	0.703125 
		0.453125	0.000000	0.890625 
		0.906250	0.437500	0.000000 
		0.671875	-0.328125	0.656250 
		0.375000	-0.390625	0.843750 
		0.171875	-0.687500	0.703125 
		0.484375	-0.765625	0.437500 
		0.078125	-0.968750	0.218750 
		0.046875	-0.921875	-0.359375 
		0.375000	-0.781250	-0.484375 
		0.390625	-0.359375	-0.843750 
		-0.078125	-0.500000	-0.859375 
		-0.203125	-0.125000	-0.968750 
		0.109375	0.109375	0.984375 
		-0.031250	-1.000000	0.015625 
		-0.281250	-0.937500	0.187500 
		0.000000	0.000000	1.000000 
		-0.171875	0.078125	0.984375 
		-0.406250	-0.390625	0.828125 
		0.062500	0.562500	0.828125 
		0.468750	0.578125	0.671875 
		0.750000	0.000000	0.671875 
		0.468750	-0.578125	0.671875 
		-0.171875	-0.718750	0.671875 
		0.468750	0.578125	-0.671875 
		0.078125	0.562500	-0.828125 
		0.750000	0.000000	-0.671875 
		0.468750	-0.578125	-0.671875 
		-0.156250	-0.734375	-0.671875 
		-0.515625	-0.562500	-0.640625 
		-0.375000	-0.437500	-0.828125 
		0.000000	0.812500	0.578125 
		0.843750	0.171875	-0.515625 
		0.796875	0.031250	-0.609375 
		-0.031250	1.000000	0.000000 
		0.046875	1.000000	0.000000 
		0.078125	0.109375	0.984375 
		1.000000	0.062500	0.000000 
		1.000000	0.078125	0.000000 
		1.000000	0.031250	0.000000 
		-0.093750	0.109375	0.984375 
		-0.093750	0.093750	0.984375 
		-0.390625	-0.375000	0.843750 
		0.437500	-0.406250	0.812500 
		0.000000	0.015625	-1.000000 
		0.078125	0.062500	-1.000000 
		-0.078125	0.093750	-0.984375 
		-0.078125	0.062500	-1.000000 
		-0.062500	-0.140625	-0.984375 
		-0.046875	0.484375	-0.875000 
		0.000000	0.500000	-0.859375 
		0.000000	-0.093750	-1.000000 
		0.421875	0.343750	-0.843750 
		0.531250	-0.093750	-0.843750 
		0.062500	-0.140625	-0.984375 
		0.046875	0.500000	-0.859375 
		-0.015625	0.906250	-0.406250 
		0.000000	0.906250	-0.406250 
		0.562500	0.593750	-0.578125 
		0.015625	0.921875	-0.390625 
		-0.437500	0.328125	-0.843750 
		-0.546875	-0.093750	-0.828125 
		0.093750	0.109375	-0.984375 
		-1.000000	0.000000	-0.015625 
		0.187500	-0.125000	-0.968750 
		-0.578125	0.609375	0.546875 
		0.578125	0.609375	0.546875 
		0.390625	0.843750	0.375000 
		-0.390625	0.843750	0.375000 
		-0.593750	0.687500	-0.437500 
		-0.296875	0.859375	-0.406250 
		-0.031250	0.718750	-0.687500 
		-0.062500	0.687500	-0.718750 
		0.593750	0.687500	-0.437500 
		0.296875	0.859375	-0.421875 
		0.031250	0.718750	-0.687500 
		0.062500	0.687500	-0.718750 
		-0.703125	0.031250	-0.703125 
		-0.562500	0.593750	-0.562500 
		0.562500	0.593750	-0.562500 
		0.703125	0.031250	-0.703125 
		-0.703125	0.703125	0.000000 
		0.703125	0.703125	0.000000 
		1.000000	-0.015625	0.000000 
		-0.625000	0.781250	0.000000 
		-0.546875	0.703125	-0.468750 
		0.015625	-0.812500	0.578125 
		0.015625	-0.781250	-0.625000 
		1.000000	0.031250	0.031250 
		1.000000	0.031250	-0.031250 
		-0.343750	0.453125	-0.828125 
		1.000000	0.015625	-0.046875 
		-0.031250	-0.312500	0.953125 
		-0.031250	-0.203125	-0.984375 
		1.000000	0.015625	0.046875 
		-0.078125	0.140625	0.984375 
		-0.156250	0.203125	0.968750 
		0.062500	0.984375	-0.171875 
		0.625000	0.781250	0.000000 
		0.546875	0.703125	-0.468750 
		-1.000000	0.046875	-0.109375 
		0.343750	0.453125	-0.828125 
		-0.031250	0.593750	-0.796875 
		0.984375	0.046875	-0.125000 
		-0.843750	-0.125000	-0.515625 
		0.937500	-0.265625	-0.218750 
		0.000000	0.140625	-0.984375 
		0.000000	0.562500	-0.828125 
		-0.906250	0.125000	0.390625 
		0.000000	0.500000	0.875000 
		0.578125	0.328125	0.750000 
		0.015625	0.062500	1.000000 
		-0.437500	0.359375	0.828125 
		0.937500	0.109375	0.359375 
		-0.015625	0.484375	0.875000 
		-0.015625	0.046875	1.000000 
		0.984375	-0.156250	0.000000 
		0.000000	0.984375	-0.156250 
		-1.000000	-0.031250	0.000000 
		0.000000	-0.109375	1.000000 
		1.000000	0.031250	-0.015625 
		0.000000	0.328125	-0.937500 
		0.000000	0.234375	-0.968750 
		1.000000	-0.031250	0.000000 
		-1.000000	-0.015625	0.000000 
		0.000000	-0.218750	0.984375 
		0.000000	0.296875	-0.953125 
		0.078125	-0.750000	-0.656250 
		0.687500	-0.296875	-0.656250 
		0.703125	-0.296875	0.656250 
		0.078125	-0.750000	0.656250 
		0.609375	0.437500	-0.656250 
		0.609375	0.453125	0.656250 
		-0.078125	0.750000	-0.656250 
		-0.078125	0.750000	0.656250 
		-0.687500	0.296875	-0.656250 
		-0.703125	0.296875	0.656250 
		-0.609375	-0.437500	-0.656250 
		-0.609375	-0.453125	0.656250 
		-0.750000	0.000000	-0.671875 
		-0.953125	0.000000	0.312500 
		-0.203125	0.000000	0.984375 
		0.953125	0.000000	-0.312500 
		0.203125	0.000000	-0.984375 
		0.000000	0.687500	0.734375 
		0.000000	0.703125	0.718750 
		0.000000	0.718750	0.687500 
		0.000000	0.734375	0.671875 
		0.781250	0.609375	-0.109375 
		-0.781250	0.609375	-0.109375 
		-0.046875	0.984375	-0.125000 
		-0.984375	-0.140625	-0.015625 
		0.000000	1.000000	-0.125000 
		1.000000	0.015625	-0.015625 
		1.000000	0.000000	-0.015625 
		-1.000000	0.015625	-0.015625 
		0.000000	-1.000000	0.000000 
		-0.171875	0.000000	-0.984375 
		-0.140625	0.125000	-0.984375 
		0.000000	-1.000000	0.046875 
		0.000000	-1.000000	0.015625 
		0.000000	-1.000000	0.078125 
		0.921875	0.015625	-0.375000 
		-0.468750	0.109375	-0.875000 
		-0.500000	0.000000	-0.859375 
		0.906250	0.000000	-0.406250 
		-0.828125	-0.078125	0.562500 
		-0.812500	0.000000	0.578125 
		0.484375	-0.125000	0.875000 
		0.484375	0.000000	0.875000 
		0.500000	0.000000	-0.859375 
		-0.500000	0.000000	0.859375 
		0.500000	0.000000	0.859375 
		0.953125	0.093750	-0.296875 
		-0.406250	0.484375	-0.781250 
		-0.890625	-0.203125	0.421875 
		0.406250	-0.515625	0.750000 
		0.953125	0.140625	-0.265625 
		-0.328125	0.718750	-0.609375 
		-0.921875	-0.250000	0.296875 
		0.328125	-0.750000	0.578125 
	}

	Cpv 921 { 
		0.500000	0.500000	0.500000	0.000000 
		0.500000	0.500000	0.500000	0.000000 
		0.500000	0.500000	0.500000	0.000000 
		0.500000	0.500000	0.500000	0.000000 
		0.500000	0.500000	0.500000	0.000000 
		0.500000	0.500000	0.500000	0.000000 
		0.500000	0.500000	0.500000	0.000000 
		0.500000	0.500000	0.500000	0.000000 
		0.500000	0.500000	0.500000	0.000000 
		0.500000	0.500000	0.500000	0.000000 
		0.500000	0.500000	0.500000	0.000000 
		0.500000	0.500000	0.500000	0.000000 
		0.500000	0.500000	0.500000	0.000000 
		0.500000	0.500000	0.500000	0.000000 
		0.500000	0.500000	0.500000	0.000000 
		0.500000	0.500000	0.500000	0.000000 
		0.500000	0.500000	0.500000	0.000000 
		0.500000	0.500000	0.500000	0.000000 
		0.500000	0.500000	0.500000	0.000000 
		0.500000	0.500000	0.500000	0.000000 
		0.500000	0.500000	0.500000	0.000000 
		0.500000	0.500000	0.500000	0.000000 
		0.500000	0.500000	0.500000	0.000000 
		0.500000	0.500000	0.500000	0.000000 
		0.500000	0.500000	0.500000	0.000000 
		0.500000	0.500000	0.500000	0.000000 
		0.500000	0.500000	0.500000	0.000000 
		0.500000	0.500000	0.500000	0.000000 
		0.500000	0.500000	0.500000	0.000000 
		0.500000	0.500000	0.500000	0.000000 
		0.500000	0.500000	0.500000	0.003922 
		0.500000	0.500000	0.500000	0.003922 
		0.500000	0.500000	0.500000	0.003922 
		0.500000	0.500000	0.500000	0.003922 
		0.500000	0.500000	0.500000	0.003922 
		0.500000	0.500000	0.500000	0.003922 
		0.500000	0.500000	0.500000	0.003922 
		0.500000	0.500000	0.500000	0.003922 
		0.500000	0.500000	0.500000	0.003922 
		0.500000	0.500000	0.500000	0.003922 
		0.500000	0.500000	0.500000	0.000000 
		0.500000	0.500000	0.500000	0.003922 
		0.500000	0.500000	0.500000	0.000000 
		0.500000	0.500000	0.500000	0.000000 
		0.500000	0.500000	0.500000	0.000000 
		0.500000	0.500000	0.500000	0.000000 
		0.500000	0.500000	0.500000	0.000000 
		0.500000	0.500000	0.500000	0.000000 
		0.500000	0.500000	0.500000	0.000000 
		0.500000	0.500000	0.500000	0.000000 
		0.500000	0.500000	0.500000	0.000000 
		0.500000	0.500000	0.500000	0.000000 
		0.500000	0.500000	0.500000	0.000000 
		0.500000	0.500000	0.500000	0.003922 
		0.500000	0.500000	0.500000	0.003922 
		0.500000	0.500000	0.500000	0.003922 
		0.500000	0.500000	0.500000	0.000000 
		0.500000	0.500000	0.500000	0.003922 
		0.500000	0.500000	0.500000	0.003922 
		0.500000	0.500000	0.500000	0.003922 
		0.500000	0.500000	0.500000	0.000000 
		0.500000	0.500000	0.500000	0.000000 
		0.500000	0.500000	0.500000	0.000000 
		0.500000	0.500000	0.500000	0.000000 
		0.500000	0.500000	0.500000	0.000000 
		0.500000	0.500000	0.500000	0.000000 
		0.500000	0.500000	0.500000	0.000000 
		0.500000	0.500000	0.500000	0.003922 
		0.500000	0.500000	0.500000	0.003922 
		0.500000	0.500000	0.500000	0.003922 
		0.500000	0.500000	0.500000	0.003922 
		0.500000	0.500000	0.500000	0.003922 
		0.500000	0.500000	0.500000	0.003922 
		0.500000	0.500000	0.500000	0.003922 
		0.500000	0.500000	0.500000	0.003922 
		0.500000	0.500000	0.500000	0.003922 
		0.500000	0.500000	0.500000	0.003922 
		0.500000	0.500000	0.500000	0.003922 
		0.500000	0.500000	0.500000	0.003922 
		0.500000	0.500000	0.500000	0.003922 
		0.500000	0.500000	0.500000	0.000000 
		0.500000	0.500000	0.500000	0.000000 
		0.500000	0.500000	0.500000	0.000000 
		0.500000	0.500000	0.500000	0.000000 
		0.500000	0.500000	0.500000	0.000000 
		0.500000	0.500000	0.500000	0.000000 
		0.500000	0.500000	0.500000	0.000000 
		0.500000	0.500000	0.500000	0.003922 
		0.500000	0.500000	0.500000	0.003922 
		0.500000	0.500000	0.500000	0.003922 
		0.500000	0.500000	0.500000	0.003922 
		0.500000	0.500000	0.500000	0.003922 
		0.500000	0.500000	0.500000	0.003922 
		0.500000	0.500000	0.500000	0.003922 
		0.500000	0.500000	0.500000	0.003922 
		0.500000	0.500000	0.500000	0.003922 
		0.500000	0.500000	0.500000	0.003922 
		0.500000	0.500000	0.500000	0.003922 
		0.500000	0.500000	0.500000	0.003922 
		0.500000	0.500000	0.500000	0.003922 
		0.500000	0.500000	0.500000	0.003922 
		0.500000	0.500000	0.500000	0.003922 
		0.500000	0.500000	0.500000	0.003922 
		0.500000	0.500000	0.500000	0.003922 
		0.500000	0.500000	0.500000	0.003922 
		0.500000	0.500000	0.500000	0.003922 
		0.500000	0.500000	0.500000	0.003922 
		0.500000	0.500000	0.500000	0.003922 
		0.500000	0.500000	0.500000	0.003922 
		0.500000	0.500000	0.500000	0.003922 
		0.500000	0.500000	0.500000	0.003922 
		0.500000	0.500000	0.500000	0.003922 
		0.500000	0.500000	0.500000	0.003922 
		0.500000	0.500000	0.500000	0.003922 
		0.500000	0.500000	0.500000	0.003922 
		0.500000	0.500000	0.500000	0.003922 
		0.500000	0.500000	0.500000	0.003922 
		0.500000	0.500000	0.500000	0.003922 
		0.500000	0.500000	0.500000	0.003922 
		0.500000	0.404533	0.502412	0.003922 
		0.500000	0.500000	0.500000	0.003922 
		0.500000	0.340458	0.497588	0.003922 
		0.500000	0.500000	0.500000	0.003922 
		0.500000	0.404533	0.502412	0.003922 
		0.500000	0.340458	0.497588	0.003922 
		0.500000	0.404533	0.502412	0.003922 
		0.500000	0.500000	0.500000	0.003922 
		0.500000	0.500000	0.500000	0.003922 
		0.500000	0.500000	0.500000	0.003922 
		0.500000	0.500000	0.500000	0.003922 
		0.500000	0.500000	0.500000	0.003922 
		0.500000	0.500000	0.500000	0.003922 
		0.500000	0.500000	0.500000	0.003922 
		0.500000	0.500000	0.500000	0.003922 
		0.500000	0.404533	0.502412	0.003922 
		0.500000	0.500000	0.500000	0.003922 
		0.500000	0.500000	0.500000	0.003922 
		0.500000	0.500000	0.500000	0.003922 
		0.500000	0.500000	0.500000	0.003922 
		0.500000	0.500000	0.500000	0.003922 
		0.500000	0.500000	0.500000	0.003922 
		0.500000	0.500000	0.500000	0.003922 
		0.500000	0.500000	0.500000	0.003922 
		0.500000	0.500000	0.420135	0.003922 
		0.500000	0.500000	0.500000	0.003922 
		0.500000	0.500000	0.500000	0.003922 
		0.500000	0.500000	0.420135	0.003922 
		0.500000	0.500000	0.500000	0.003922 
		0.500000	0.500000	0.500000	0.003922 
		0.500000	0.500000	0.500000	0.003922 
		0.500000	0.500000	0.500000	0.003922 
		0.500000	0.500000	0.500000	0.003922 
		0.500000	0.500000	0.500000	0.003922 
		0.500000	0.500000	0.500000	0.003922 
		0.500000	0.500000	0.500000	0.003922 
		0.500000	0.500000	0.500000	0.003922 
		0.500000	0.500000	0.500000	0.003922 
		0.500000	0.500000	0.420135	0.003922 
		0.500000	0.500000	0.420135	0.003922 
		0.500000	0.500000	0.500000	0.003922 
		0.500000	0.500000	0.500000	0.003922 
		0.500000	0.500000	0.500000	0.003922 
		0.500000	0.500000	0.500000	0.003922 
		0.500000	0.500000	0.500000	0.003922 
		0.500000	0.500000	0.500000	0.003922 
		0.500000	0.500000	0.500000	0.003922 
		0.500000	0.500000	0.500000	0.003922 
		0.500000	0.500000	0.500000	0.003922 
		0.500000	0.500000	0.500000	0.000000 
		0.500000	0.500000	0.500000	0.000000 
		0.500000	0.500000	0.500000	0.000000 
		0.500000	0.500000	0.500000	0.000000 
		0.500000	0.500000	0.500000	0.000000 
		0.500000	0.500000	0.500000	0.000000 
		0.500000	0.500000	0.500000	0.000000 
		0.500000	0.500000	0.500000	0.000000 
		0.500000	0.500000	0.500000	0.000000 
		0.500000	0.500000	0.500000	0.000000 
		0.500000	0.500000	0.500000	0.000000 
		0.500000	0.500000	0.500000	0.000000 
		0.582265	0.500000	0.500000	0.000000 
		0.500000	0.500000	0.500000	0.000000 
		0.500000	0.500000	0.500000	0.000000 
		0.500000	0.500000	0.500000	0.000000 
		0.500000	0.500000	0.500000	0.000000 
		0.500000	0.500000	0.500000	0.000000 
		0.500000	0.500000	0.500000	0.000000 
		0.500000	0.500000	0.500000	0.000000 
		0.500000	0.500000	0.500000	0.000000 
		0.500000	0.500000	0.500000	0.000000 
		0.500000	0.500000	0.500000	0.000000 
		0.500000	0.500000	0.500000	0.000000 
		0.582265	0.500000	0.500000	0.000000 
		0.582265	0.500000	0.500000	0.000000 
		0.500000	0.500000	0.500000	0.000000 
		0.500000	0.500000	0.500000	0.000000 
		0.582265	0.500000	0.500000	0.000000 
		0.500000	0.500000	0.500000	0.000000 
		0.500000	0.500000	0.500000	0.000000 
		0.500000	0.500000	0.500000	0.000000 
		0.500000	0.500000	0.500000	0.000000 
		0.582265	0.500000	0.500000	0.000000 
		0.500000	0.500000	0.500000	0.000000 
		0.582265	0.500000	0.500000	0.000000 
		0.500000	0.500000	0.500000	0.000000 
		0.500000	0.500000	0.500000	0.000000 
		0.689607	0.611434	0.500000	0.000000 
		0.689607	0.611434	0.500000	0.000000 
		0.500000	0.500000	0.500000	0.000000 
		0.500000	0.500000	0.500000	0.000000 
		0.702349	0.500000	0.500000	0.000000 
		0.689607	0.500000	0.500000	0.000000 
		0.500000	0.500000	0.500000	0.000000 
		0.500000	0.500000	0.500000	0.000000 
		0.702349	0.611233	0.500000	0.000000 
		0.702349	0.611233	0.500000	0.000000 
		0.500000	0.500000	0.500000	0.000000 
		0.500000	0.500000	0.500000	0.000000 
		0.689607	0.500000	0.500000	0.000000 
		0.702349	0.500000	0.500000	0.000000 
		0.689607	0.500000	0.500000	0.000000 
		0.689607	0.500000	0.500000	0.000000 
		0.702349	0.500000	0.500000	0.000000 
		0.702349	0.500000	0.500000	0.000000 
		0.500000	0.500000	0.500000	0.000000 
		0.500000	0.500000	0.500000	0.000000 
		0.702349	0.500000	0.500000	0.000000 
		0.702349	0.500000	0.500000	0.000000 
		0.702349	0.500000	0.500000	0.000000 
		0.702349	0.611233	0.500000	0.000000 
		0.702349	0.611233	0.500000	0.000000 
		0.702349	0.500000	0.500000	0.000000 
		0.702349	0.611233	0.500000	0.000000 
		0.500000	0.500000	0.500000	0.000000 
		0.500000	0.500000	0.500000	0.000000 
		0.689607	0.611434	0.500000	0.000000 
		0.689607	0.500000	0.500000	0.000000 
		0.689607	0.611434	0.500000	0.000000 
		0.689607	0.611434	0.500000	0.000000 
		0.689607	0.500000	0.500000	0.000000 
		0.500000	0.500000	0.500000	0.000000 
		0.500000	0.500000	0.500000	0.000000 
		0.500000	0.500000	0.500000	0.000000 
		0.500000	0.500000	0.500000	0.000000 
		0.500000	0.500000	0.500000	0.000000 
		0.500000	0.500000	0.500000	0.000000 
		0.500000	0.500000	0.500000	0.000000 
		0.500000	0.500000	0.500000	0.000000 
		0.500000	0.500000	0.500000	0.000000 
		0.500000	0.500000	0.500000	0.000000 
		0.500000	0.500000	0.500000	0.000000 
		0.500000	0.500000	0.500000	0.000000 
		0.500000	0.500000	0.500000	0.000000 
		0.500000	0.500000	0.500000	0.000000 
		0.500000	0.500000	0.500000	0.000000 
		0.500000	0.500000	0.500000	0.000000 
		0.500000	0.500000	0.500000	0.000000 
		0.500000	0.500000	0.500000	0.000000 
		0.500000	0.500000	0.500000	0.000000 
		0.500000	0.500000	0.500000	0.000000 
		0.500000	0.500000	0.500000	0.000000 
		0.500000	0.500000	0.500000	0.000000 
		0.500000	0.500000	0.500000	0.000000 
		0.500000	0.500000	0.500000	0.000000 
		0.500000	0.500000	0.500000	0.000000 
		0.500000	0.500000	0.500000	0.000000 
		0.500000	0.500000	0.500000	0.000000 
		0.500000	0.500000	0.500000	0.000000 
		0.500000	0.500000	0.500000	0.000000 
		0.500000	0.500000	0.500000	0.000000 
		0.500000	0.500000	0.500000	0.000000 
		0.500000	0.500000	0.500000	0.000000 
		0.500000	0.500000	0.500000	0.000000 
		0.500000	0.500000	0.500000	0.000000 
		0.500000	0.500000	0.500000	0.000000 
		0.500000	0.500000	0.500000	0.000000 
		0.500000	0.500000	0.500000	0.000000 
		0.500000	0.500000	0.500000	0.000000 
		0.500000	0.500000	0.500000	0.000000 
		0.500000	0.500000	0.500000	0.000000 
		0.500000	0.500000	0.500000	0.000000 
		0.500000	0.500000	0.500000	0.000000 
		0.500000	0.500000	0.500000	0.000000 
		0.500000	0.500000	0.500000	0.000000 
		0.500000	0.500000	0.500000	0.000000 
		0.500000	0.500000	0.500000	0.000000 
		0.500000	0.500000	0.500000	0.000000 
		0.500000	0.500000	0.500000	0.000000 
		0.500000	0.500000	0.500000	0.000000 
		0.500000	0.500000	0.500000	0.000000 
		0.500000	0.500000	0.500000	0.000000 
		0.500000	0.500000	0.500000	0.000000 
		0.500000	0.500000	0.500000	0.000000 
		0.500000	0.500000	0.500000	0.000000 
		0.500000	0.500000	0.500000	0.000000 
		0.500000	0.500000	0.500000	0.000000 
		0.500000	0.500000	0.500000	0.000000 
		0.500000	0.500000	0.500000	0.000000 
		0.500000	0.500000	0.500000	0.000000 
		0.500000	0.500000	0.500000	0.000000 
		0.500000	0.500000	0.500000	0.000000 
		0.500000	0.500000	0.500000	0.000000 
		0.500000	0.500000	0.500000	0.000000 
		0.500000	0.500000	0.500000	0.000000 
		0.500000	0.500000	0.500000	0.000000 
		0.500000	0.500000	0.500000	0.000000 
		0.500000	0.500000	0.500000	0.000000 
		0.500000	0.500000	0.500000	0.000000 
		0.500000	0.500000	0.500000	0.000000 
		0.500000	0.500000	0.500000	0.000000 
		0.500000	0.500000	0.500000	0.000000 
		0.500000	0.500000	0.500000	0.000000 
		0.500000	0.500000	0.500000	0.000000 
		0.500000	0.500000	0.500000	0.000000 
		0.500000	0.500000	0.500000	0.000000 
		0.704958	0.500000	0.500000	0.000000 
		0.704958	0.500000	0.500000	0.000000 
		0.704958	0.500000	0.500000	0.000000 
		0.704958	0.500000	0.500000	0.000000 
		0.635876	0.500000	0.500000	0.000000 
		0.681061	0.500000	0.500000	0.000000 
		0.681061	0.500000	0.500000	0.000000 
		0.500000	0.500000	0.500000	0.000000 
		0.500000	0.500000	0.500000	0.000000 
		0.500000	0.500000	0.500000	0.000000 
		0.500000	0.500000	0.500000	0.000000 
		0.500000	0.500000	0.500000	0.003922 
		0.578389	0.500000	0.500000	0.000000 
		0.578389	0.500000	0.500000	0.000000 
		0.530635	0.500000	0.500000	0.000000 
		0.530635	0.500000	0.500000	0.000000 
		0.500000	0.500000	0.500000	0.000000 
		0.500000	0.500000	0.500000	0.000000 
		0.547267	0.340902	0.500000	0.003922 
		0.500000	0.392601	0.500000	0.003922 
		0.500000	0.500000	0.500000	0.003922 
		0.500000	0.500000	0.500000	0.003922 
		0.500000	0.500000	0.601598	0.000000 
		0.500000	0.500000	0.601598	0.000000 
		0.500000	0.500000	0.500000	0.000000 
		0.500000	0.500000	0.500000	0.000000 
		0.500000	0.500000	0.500000	0.000000 
		0.500000	0.500000	0.500000	0.000000 
		0.500000	0.500000	0.500000	0.000000 
		0.500000	0.500000	0.500000	0.003922 
		0.500000	0.500000	0.500000	0.003922 
		0.500000	0.500000	0.601598	0.000000 
		0.500000	0.500000	0.500000	0.003922 
		0.547267	0.340902	0.500000	0.003922 
		0.547267	0.340902	0.500000	0.003922 
		0.500000	0.500000	0.500000	0.000000 
		0.500000	0.500000	0.500000	0.000000 
		0.500000	0.500000	0.500000	0.000000 
		0.704958	0.500000	0.500000	0.000000 
		0.681061	0.500000	0.500000	0.000000 
		0.500000	0.500000	0.500000	0.000000 
		0.578389	0.500000	0.500000	0.000000 
		0.500000	0.500000	0.500000	0.000000 
		0.704958	0.500000	0.500000	0.000000 
		0.500000	0.500000	0.500000	0.000000 
		0.530635	0.500000	0.500000	0.000000 
		0.500000	0.500000	0.395963	0.000000 
		0.500000	0.500000	0.395963	0.000000 
		0.500000	0.500000	0.500000	0.000000 
		0.500000	0.500000	0.500000	0.000000 
		0.500000	0.500000	0.500000	0.000000 
		0.547267	0.340902	0.500000	0.003922 
		0.704958	0.500000	0.500000	0.000000 
		0.704958	0.500000	0.500000	0.000000 
		0.500000	0.500000	0.500000	0.000000 
		0.500000	0.500000	0.500000	0.000000 
		0.681061	0.500000	0.500000	0.000000 
		0.578389	0.500000	0.500000	0.000000 
		0.500000	0.500000	0.500000	0.000000 
		0.530635	0.500000	0.500000	0.000000 
		0.500000	0.500000	0.500000	0.000000 
		0.500000	0.500000	0.500000	0.000000 
		0.500000	0.500000	0.500000	0.000000 
		0.500000	0.500000	0.500000	0.000000 
		0.500000	0.500000	0.500000	0.000000 
		0.500000	0.500000	0.500000	0.000000 
		0.500000	0.500000	0.500000	0.000000 
		0.500000	0.500000	0.500000	0.000000 
		0.500000	0.500000	0.500000	0.000000 
		0.500000	0.500000	0.500000	0.000000 
		0.500000	0.500000	0.500000	0.000000 
		0.500000	0.500000	0.500000	0.000000 
		0.500000	0.500000	0.500000	0.000000 
		0.500000	0.500000	0.500000	0.000000 
		0.500000	0.500000	0.500000	0.000000 
		0.500000	0.500000	0.500000	0.000000 
		0.500000	0.500000	0.500000	0.000000 
		0.500000	0.500000	0.500000	0.000000 
		0.500000	0.500000	0.500000	0.000000 
		0.500000	0.500000	0.500000	0.003922 
		0.500000	0.500000	0.500000	0.000000 
		0.500000	0.500000	0.500000	0.000000 
		0.500000	0.500000	0.500000	0.000000 
		0.500000	0.500000	0.500000	0.000000 
		0.500000	0.500000	0.500000	0.000000 
		0.500000	0.500000	0.500000	0.000000 
		0.500000	0.500000	0.500000	0.003922 
		0.500000	0.500000	0.500000	0.003922 
		0.500000	0.392601	0.500000	0.003922 
		0.500000	0.392601	0.500000	0.003922 
		0.547267	0.340902	0.500000	0.003922 
		0.547267	0.340902	0.500000	0.003922 
		0.500000	0.500000	0.500000	0.000000 
		0.500000	0.500000	0.500000	0.000000 
		0.500000	0.500000	0.500000	0.000000 
		0.500000	0.500000	0.500000	0.000000 
		0.500000	0.500000	0.500000	0.003922 
		0.500000	0.500000	0.500000	0.000000 
		0.500000	0.500000	0.500000	0.003922 
		0.500000	0.500000	0.500000	0.003922 
		0.500000	0.500000	0.500000	0.003922 
		0.500000	0.500000	0.500000	0.000000 
		0.500000	0.500000	0.500000	0.000000 
		0.500000	0.500000	0.500000	0.000000 
		0.500000	0.500000	0.500000	0.000000 
		0.500000	0.500000	0.500000	0.000000 
		0.500000	0.500000	0.500000	0.000000 
		0.500000	0.500000	0.500000	0.000000 
		0.500000	0.500000	0.500000	0.000000 
		0.500000	0.500000	0.500000	0.000000 
		0.500000	0.500000	0.500000	0.000000 
		0.500000	0.500000	0.500000	0.000000 
		0.500000	0.500000	0.500000	0.000000 
		0.500000	0.500000	0.500000	0.000000 
		0.500000	0.500000	0.500000	0.000000 
		0.500000	0.500000	0.500000	0.000000 
		0.500000	0.500000	0.500000	0.000000 
		0.500000	0.500000	0.500000	0.000000 
		0.500000	0.500000	0.500000	0.000000 
		0.500000	0.500000	0.500000	0.003922 
		0.500000	0.500000	0.500000	0.003922 
		0.500000	0.500000	0.500000	0.003922 
		0.500000	0.500000	0.500000	0.000000 
		0.500000	0.500000	0.500000	0.000000 
		0.500000	0.500000	0.500000	0.000000 
		0.500000	0.500000	0.500000	0.000000 
		0.500000	0.500000	0.500000	0.000000 
		0.500000	0.500000	0.500000	0.000000 
		0.500000	0.500000	0.500000	0.000000 
		0.500000	0.500000	0.500000	0.000000 
		0.500000	0.500000	0.500000	0.000000 
		0.500000	0.500000	0.500000	0.000000 
		0.500000	0.500000	0.500000	0.000000 
		0.500000	0.500000	0.500000	0.000000 
		0.500000	0.500000	0.500000	0.000000 
		0.500000	0.500000	0.500000	0.000000 
		0.500000	0.500000	0.500000	0.000000 
		0.500000	0.500000	0.500000	0.000000 
		0.500000	0.500000	0.500000	0.000000 
		0.500000	0.500000	0.500000	0.000000 
		0.500000	0.500000	0.500000	0.000000 
		0.500000	0.500000	0.500000	0.000000 
		0.500000	0.500000	0.500000	0.000000 
		0.500000	0.500000	0.500000	0.000000 
		0.500000	0.500000	0.500000	0.000000 
		0.500000	0.500000	0.500000	0.000000 
		0.500000	0.500000	0.500000	0.000000 
		0.500000	0.500000	0.500000	0.000000 
		0.500000	0.500000	0.500000	0.000000 
		0.500000	0.500000	0.500000	0.000000 
		0.500000	0.500000	0.500000	0.000000 
		0.500000	0.500000	0.500000	0.000000 
		0.500000	0.500000	0.500000	0.000000 
		0.500000	0.500000	0.500000	0.000000 
		0.500000	0.500000	0.500000	0.000000 
		0.500000	0.500000	0.500000	0.000000 
		0.500000	0.500000	0.500000	0.000000 
		0.500000	0.500000	0.500000	0.000000 
		0.500000	0.500000	0.500000	0.000000 
		0.500000	0.500000	0.500000	0.000000 
		0.500000	0.500000	0.500000	0.000000 
		0.500000	0.500000	0.500000	0.000000 
		0.500000	0.500000	0.500000	0.000000 
		0.547267	0.340902	0.500000	0.003922 
		0.500000	0.500000	0.500000	0.003922 
		0.500000	0.500000	0.500000	0.003922 
		0.500000	0.500000	0.500000	0.003922 
		0.500000	0.392601	0.500000	0.003922 
		0.500000	0.500000	0.500000	0.003922 
		0.500000	0.500000	0.500000	0.003922 
		0.500000	0.500000	0.500000	0.003922 
		0.500000	0.500000	0.500000	0.003922 
		0.500000	0.500000	0.395963	0.000000 
		0.500000	0.500000	0.395963	0.000000 
		0.500000	0.500000	0.500000	0.000000 
		0.500000	0.500000	0.500000	0.000000 
		0.500000	0.500000	0.500000	0.000000 
		0.500000	0.500000	0.500000	0.000000 
		0.500000	0.500000	0.500000	0.000000 
		0.500000	0.500000	0.500000	0.000000 
		0.500000	0.500000	0.500000	0.000000 
		0.500000	0.500000	0.500000	0.000000 
		0.500000	0.500000	0.500000	0.000000 
		0.500000	0.500000	0.500000	0.000000 
		0.500000	0.500000	0.500000	0.000000 
		0.500000	0.500000	0.500000	0.000000 
		0.500000	0.500000	0.500000	0.000000 
		0.500000	0.500000	0.500000	0.000000 
		0.500000	0.500000	0.500000	0.003922 
		0.500000	0.500000	0.500000	0.003922 
		0.500000	0.500000	0.500000	0.003922 
		0.500000	0.392601	0.500000	0.003922 
		0.547267	0.340902	0.500000	0.003922 
		0.530635	0.500000	0.500000	0.000000 
		0.500000	0.500000	0.500000	0.000000 
		0.500000	0.500000	0.500000	0.000000 
		0.500000	0.500000	0.500000	0.000000 
		0.500000	0.500000	0.500000	0.000000 
		0.500000	0.500000	0.500000	0.000000 
		0.500000	0.500000	0.500000	0.000000 
		0.635876	0.500000	0.500000	0.000000 
		0.500000	0.500000	0.500000	0.000000 
		0.500000	0.500000	0.601598	0.000000 
		0.500000	0.500000	0.500000	0.000000 
		0.635876	0.500000	0.500000	0.000000 
		0.500000	0.500000	0.500000	0.000000 
		0.500000	0.500000	0.500000	0.000000 
		0.500000	0.500000	0.500000	0.000000 
		0.500000	0.500000	0.563332	0.000000 
		0.500000	0.500000	0.563332	0.000000 
		0.500000	0.500000	0.500000	0.000000 
		0.500000	0.500000	0.500000	0.000000 
		0.500000	0.500000	0.500000	0.000000 
		0.500000	0.500000	0.500000	0.000000 
		0.500000	0.500000	0.500000	0.000000 
		0.500000	0.500000	0.601598	0.000000 
		0.500000	0.500000	0.500000	0.000000 
		0.500000	0.500000	0.500000	0.000000 
		0.635876	0.500000	0.500000	0.000000 
		0.635876	0.500000	0.500000	0.000000 
		0.635876	0.500000	0.500000	0.000000 
		0.500000	0.500000	0.500000	0.000000 
		0.500000	0.500000	0.500000	0.000000 
		0.500000	0.500000	0.500000	0.000000 
		0.635876	0.500000	0.500000	0.000000 
		0.635876	0.500000	0.500000	0.000000 
		0.500000	0.500000	0.500000	0.000000 
		0.500000	0.500000	0.500000	0.000000 
		0.500000	0.500000	0.500000	0.003922 
		0.500000	0.500000	0.500000	0.000000 
		0.500000	0.500000	0.500000	0.000000 
		0.500000	0.500000	0.500000	0.000000 
		0.500000	0.500000	0.500000	0.000000 
		0.500000	0.500000	0.500000	0.000000 
		0.500000	0.500000	0.500000	0.000000 
		0.500000	0.500000	0.500000	0.000000 
		0.500000	0.500000	0.500000	0.000000 
		0.500000	0.500000	0.500000	0.000000 
		0.500000	0.500000	0.500000	0.000000 
		0.500000	0.500000	0.500000	0.000000 
		0.500000	0.500000	0.500000	0.000000 
		0.500000	0.500000	0.500000	0.000000 
		0.500000	0.500000	0.500000	0.000000 
		0.500000	0.500000	0.500000	0.000000 
		0.500000	0.500000	0.500000	0.000000 
		0.500000	0.500000	0.500000	0.000000 
		0.500000	0.500000	0.500000	0.000000 
		0.500000	0.500000	0.500000	0.000000 
		0.500000	0.500000	0.500000	0.000000 
		0.500000	0.500000	0.500000	0.000000 
		0.500000	0.500000	0.500000	0.000000 
		0.500000	0.500000	0.500000	0.000000 
		0.500000	0.500000	0.500000	0.000000 
		0.500000	0.500000	0.500000	0.000000 
		0.500000	0.500000	0.500000	0.000000 
		0.500000	0.500000	0.500000	0.000000 
		0.500000	0.500000	0.500000	0.000000 
		0.500000	0.500000	0.500000	0.000000 
		0.500000	0.500000	0.500000	0.000000 
		0.500000	0.500000	0.500000	0.000000 
		0.500000	0.500000	0.500000	0.000000 
		0.500000	0.500000	0.500000	0.000000 
		0.500000	0.500000	0.500000	0.000000 
		0.500000	0.500000	0.500000	0.000000 
		0.500000	0.500000	0.500000	0.000000 
		0.500000	0.500000	0.500000	0.000000 
		0.500000	0.500000	0.500000	0.000000 
		0.500000	0.500000	0.500000	0.000000 
		0.500000	0.500000	0.500000	0.000000 
		0.500000	0.500000	0.500000	0.000000 
		0.500000	0.500000	0.500000	0.000000 
		0.500000	0.500000	0.500000	0.000000 
		0.500000	0.500000	0.500000	0.000000 
		0.500000	0.500000	0.500000	0.000000 
		0.500000	0.500000	0.500000	0.000000 
		0.500000	0.500000	0.500000	0.000000 
		0.500000	0.500000	0.500000	0.000000 
		0.500000	0.500000	0.500000	0.000000 
		0.500000	0.500000	0.500000	0.000000 
		0.500000	0.500000	0.500000	0.000000 
		0.500000	0.500000	0.500000	0.000000 
		0.500000	0.500000	0.500000	0.000000 
		0.500000	0.500000	0.500000	0.000000 
		0.500000	0.500000	0.500000	0.000000 
		0.500000	0.500000	0.500000	0.000000 
		0.500000	0.500000	0.500000	0.000000 
		0.500000	0.500000	0.500000	0.000000 
		0.500000	0.500000	0.500000	0.000000 
		0.500000	0.500000	0.500000	0.000000 
		0.500000	0.500000	0.500000	0.000000 
		0.500000	0.500000	0.500000	0.000000 
		0.500000	0.500000	0.500000	0.000000 
		0.500000	0.500000	0.500000	0.000000 
		0.500000	0.500000	0.500000	0.000000 
		0.500000	0.500000	0.500000	0.000000 
		0.500000	0.500000	0.500000	0.000000 
		0.500000	0.500000	0.500000	0.000000 
		0.500000	0.500000	0.500000	0.000000 
		0.500000	0.500000	0.500000	0.000000 
		0.500000	0.500000	0.500000	0.000000 
		0.500000	0.500000	0.500000	0.000000 
		0.500000	0.500000	0.500000	0.000000 
		0.500000	0.500000	0.500000	0.000000 
		0.500000	0.500000	0.500000	0.000000 
		0.500000	0.500000	0.500000	0.000000 
		0.500000	0.500000	0.500000	0.000000 
		0.500000	0.500000	0.500000	0.000000 
		0.500000	0.500000	0.500000	0.000000 
		0.500000	0.500000	0.500000	0.000000 
		0.689607	0.611434	0.500000	0.000000 
		0.689607	0.664820	0.500000	0.000000 
		0.500000	0.500000	0.500000	0.000000 
		0.500000	0.500000	0.500000	0.000000 
		0.500000	0.500000	0.500000	0.000000 
		0.500000	0.500000	0.500000	0.000000 
		0.500000	0.500000	0.500000	0.000000 
		0.500000	0.500000	0.500000	0.000000 
		0.500000	0.500000	0.500000	0.000000 
		0.500000	0.500000	0.500000	0.000000 
		0.500000	0.500000	0.500000	0.000000 
		0.500000	0.500000	0.500000	0.000000 
		0.500000	0.500000	0.500000	0.000000 
		0.500000	0.500000	0.500000	0.000000 
		0.500000	0.500000	0.500000	0.000000 
		0.500000	0.500000	0.500000	0.000000 
		0.403944	0.500000	0.500000	0.000000 
		0.500000	0.500000	0.500000	0.000000 
		0.500000	0.500000	0.500000	0.000000 
		0.500000	0.500000	0.500000	0.000000 
		0.500000	0.500000	0.500000	0.000000 
		0.500000	0.500000	0.500000	0.000000 
		0.500000	0.500000	0.500000	0.000000 
		0.702349	0.611233	0.500000	0.000000 
		0.702349	0.500000	0.500000	0.000000 
		0.702349	0.500000	0.500000	0.000000 
		0.702349	0.500000	0.500000	0.000000 
		0.702349	0.611233	0.500000	0.000000 
		0.500000	0.500000	0.500000	0.000000 
		0.500000	0.500000	0.500000	0.000000 
		0.500000	0.500000	0.500000	0.000000 
		0.500000	0.500000	0.500000	0.000000 
		0.500000	0.500000	0.500000	0.000000 
		0.500000	0.500000	0.500000	0.000000 
		0.500000	0.500000	0.500000	0.000000 
		0.403944	0.500000	0.500000	0.000000 
		0.500000	0.500000	0.500000	0.000000 
		0.500000	0.500000	0.500000	0.000000 
		0.500000	0.500000	0.500000	0.000000 
		0.500000	0.500000	0.500000	0.000000 
		0.403944	0.500000	0.500000	0.000000 
		0.500000	0.500000	0.500000	0.000000 
		0.500000	0.500000	0.500000	0.000000 
		0.500000	0.500000	0.500000	0.000000 
		0.500000	0.500000	0.500000	0.000000 
		0.500000	0.500000	0.500000	0.000000 
		0.500000	0.500000	0.500000	0.000000 
		0.500000	0.500000	0.500000	0.000000 
		0.500000	0.500000	0.500000	0.000000 
		0.500000	0.500000	0.500000	0.000000 
		0.500000	0.500000	0.500000	0.000000 
		0.500000	0.500000	0.500000	0.000000 
		0.500000	0.500000	0.500000	0.000000 
		0.500000	0.500000	0.500000	0.000000 
		0.500000	0.500000	0.500000	0.000000 
		0.500000	0.500000	0.500000	0.000000 
		0.500000	0.500000	0.500000	0.000000 
		0.500000	0.500000	0.500000	0.000000 
		0.500000	0.500000	0.500000	0.000000 
		0.689607	0.500000	0.500000	0.000000 
		0.689607	0.611434	0.500000	0.000000 
		0.689607	0.500000	0.500000	0.000000 
		0.500000	0.500000	0.500000	0.000000 
		0.500000	0.500000	0.500000	0.000000 
		0.689607	0.500000	0.500000	0.000000 
		0.689607	0.611434	0.500000	0.000000 
		0.689607	0.500000	0.500000	0.000000 
		0.689607	0.500000	0.500000	0.000000 
		0.500000	0.500000	0.500000	0.000000 
		0.500000	0.500000	0.500000	0.000000 
		0.500000	0.500000	0.500000	0.000000 
		0.500000	0.500000	0.500000	0.000000 
		0.500000	0.500000	0.500000	0.000000 
		0.500000	0.500000	0.500000	0.000000 
		0.500000	0.500000	0.500000	0.000000 
		0.500000	0.500000	0.500000	0.000000 
		0.500000	0.500000	0.500000	0.000000 
		0.500000	0.500000	0.500000	0.000000 
		0.500000	0.500000	0.384826	0.000000 
		0.500000	0.500000	0.500000	0.000000 
		0.500000	0.500000	0.500000	0.000000 
		0.500000	0.500000	0.500000	0.000000 
		0.500000	0.500000	0.500000	0.003922 
		0.500000	0.500000	0.500000	0.003922 
		0.500000	0.500000	0.500000	0.003922 
		0.500000	0.500000	0.500000	0.003922 
		0.500000	0.500000	0.500000	0.000000 
		0.500000	0.500000	0.500000	0.000000 
		0.614411	0.500000	0.500000	0.003922 
		0.614411	0.500000	0.500000	0.003922 
		0.500000	0.500000	0.500000	0.000000 
		0.500000	0.500000	0.500000	0.000000 
		0.614411	0.500000	0.500000	0.003922 
		0.614411	0.500000	0.500000	0.003922 
		0.500000	0.500000	0.500000	0.000000 
		0.500000	0.500000	0.500000	0.000000 
		0.614411	0.500000	0.500000	0.003922 
		0.614411	0.500000	0.500000	0.003922 
		0.500000	0.500000	0.500000	0.000000 
		0.500000	0.500000	0.500000	0.000000 
		0.614411	0.500000	0.500000	0.003922 
		0.614411	0.500000	0.500000	0.003922 
		0.500000	0.500000	0.500000	0.000000 
		0.500000	0.500000	0.500000	0.000000 
		0.500000	0.500000	0.500000	0.003922 
		0.500000	0.500000	0.500000	0.003922 
		0.500000	0.500000	0.500000	0.000000 
		0.500000	0.500000	0.500000	0.000000 
		0.500000	0.500000	0.500000	0.003922 
		0.500000	0.500000	0.500000	0.003922 
		0.500000	0.500000	0.500000	0.000000 
		0.500000	0.500000	0.500000	0.000000 
		0.500000	0.500000	0.500000	0.003922 
		0.500000	0.500000	0.500000	0.003922 
		0.500000	0.500000	0.500000	0.000000 
		0.500000	0.500000	0.500000	0.000000 
		0.500000	0.500000	0.500000	0.003922 
		0.500000	0.500000	0.500000	0.003922 
		0.614411	0.500000	0.500000	0.003922 
		0.614411	0.500000	0.500000	0.003922 
		0.500000	0.500000	0.500000	0.003922 
		0.500000	0.500000	0.500000	0.003922 
		0.500000	0.500000	0.500000	0.003922 
		0.500000	0.500000	0.500000	0.003922 
		0.614411	0.500000	0.500000	0.003922 
		0.614411	0.500000	0.500000	0.003922 
		0.500000	0.500000	0.500000	0.003922 
		0.500000	0.500000	0.500000	0.003922 
		0.500000	0.500000	0.500000	0.003922 
		0.500000	0.500000	0.500000	0.003922 
		0.500000	0.500000	0.500000	0.003922 
		0.500000	0.500000	0.500000	0.003922 
		0.500000	0.500000	0.500000	0.003922 
		0.500000	0.500000	0.500000	0.003922 
		0.500000	0.500000	0.500000	0.003922 
		0.500000	0.500000	0.500000	0.003922 
		0.500000	0.500000	0.500000	0.003922 
		0.500000	0.500000	0.500000	0.003922 
		0.500000	0.500000	0.500000	0.003922 
		0.500000	0.500000	0.500000	0.003922 
		0.500000	0.500000	0.500000	0.003922 
		0.500000	0.500000	0.500000	0.003922 
		0.500000	0.486061	0.472310	0.000000 
		0.500000	0.485237	0.490249	0.000000 
		0.500000	0.385301	0.485659	0.000000 
		0.500000	0.386125	0.467720	0.000000 
		0.500000	0.483859	0.520253	0.000000 
		0.500000	0.383922	0.515662	0.000000 
		0.500000	0.483304	0.532318	0.000000 
		0.500000	0.383368	0.527727	0.000000 
		0.500000	0.484128	0.514379	0.000000 
		0.500000	0.384192	0.509789	0.000000 
		0.500000	0.485507	0.484375	0.000000 
		0.500000	0.385570	0.479785	0.000000 
		0.500000	0.485237	0.490249	0.000000 
		0.500000	0.486061	0.472310	0.000000 
		0.500000	0.491759	0.502639	0.000000 
		0.500000	0.483859	0.520253	0.000000 
		0.500000	0.483304	0.532318	0.000000 
		0.500000	0.484128	0.514379	0.000000 
		0.500000	0.485507	0.484375	0.000000 
		0.500000	0.386125	0.467720	0.000000 
		0.500000	0.385301	0.485659	0.000000 
		0.500000	0.376848	0.497361	0.000000 
		0.500000	0.383922	0.515662	0.000000 
		0.500000	0.383368	0.527727	0.000000 
		0.500000	0.384192	0.509789	0.000000 
		0.500000	0.385570	0.479785	0.000000 
		0.500000	0.500000	0.500000	0.000000 
		0.500000	0.500000	0.500000	0.000000 
		0.500000	0.500000	0.500000	0.003922 
		0.500000	0.500000	0.500000	0.003922 
		0.500000	0.500000	0.500000	0.000000 
		0.500000	0.500000	0.500000	0.003922 
		0.500000	0.500000	0.500000	0.000000 
		0.500000	0.500000	0.500000	0.003922 
		0.500000	0.500000	0.500000	0.000000 
		0.500000	0.500000	0.500000	0.003922 
		0.500000	0.500000	0.500000	0.000000 
		0.500000	0.500000	0.500000	0.003922 
		0.467960	0.251212	0.417473	0.003922 
		0.461555	0.257181	0.417473	0.003922 
		0.456922	0.166483	0.408240	0.003922 
		0.444113	0.178423	0.408240	0.003922 
		0.443629	0.098859	0.403891	0.003922 
		0.437224	0.104829	0.403891	0.003922 
		0.500000	0.500000	0.500000	0.000000 
		0.500000	0.500000	0.500000	0.000000 
		0.500000	0.500000	0.384826	0.000000 
		0.500000	0.500000	0.500000	0.000000 
		0.500000	0.500000	0.500000	0.000000 
		0.500000	0.500000	0.500000	0.000000 
		0.500000	0.500000	0.500000	0.000000 
		0.500000	0.500000	0.500000	0.000000 
		0.500000	0.500000	0.500000	0.000000 
		0.500000	0.500000	0.500000	0.000000 
		0.500000	0.500000	0.500000	0.000000 
		0.500000	0.500000	0.500000	0.000000 
		0.500000	0.500000	0.500000	0.000000 
		0.500000	0.500000	0.500000	0.000000 
		0.500000	0.500000	0.384826	0.000000 
		0.500000	0.500000	0.500000	0.000000 
		0.500000	0.500000	0.500000	0.000000 
		0.500000	0.500000	0.500000	0.000000 
		0.500000	0.500000	0.500000	0.000000 
		0.500000	0.500000	0.500000	0.000000 
		0.500000	0.500000	0.500000	0.000000 
		0.500000	0.500000	0.384826	0.000000 
		0.500000	0.500000	0.500000	0.000000 
		0.500000	0.500000	0.500000	0.000000 
		0.500000	0.500000	0.500000	0.000000 
		0.500000	0.500000	0.500000	0.000000 
		0.500000	0.500000	0.500000	0.000000 
		0.500000	0.500000	0.500000	0.000000 
		0.500000	0.500000	0.500000	0.000000 
		0.500000	0.500000	0.500000	0.000000 
		0.500000	0.500000	0.500000	0.000000 
		0.500000	0.500000	0.500000	0.000000 
		0.500000	0.500000	0.500000	0.000000 
		0.500000	0.500000	0.500000	0.000000 
		0.500000	0.500000	0.395963	0.000000 
		0.500000	0.500000	0.500000	0.000000 
		0.500000	0.500000	0.500000	0.000000 
		0.500000	0.500000	0.500000	0.000000 
		0.500000	0.500000	0.500000	0.000000 
		0.500000	0.500000	0.500000	0.003922 
		0.500000	0.500000	0.500000	0.003922 
		0.500000	0.500000	0.500000	0.000000 
		0.500000	0.500000	0.500000	0.000000 
		0.500000	0.500000	0.500000	0.003922 
		0.500000	0.500000	0.500000	0.000000 
		0.500000	0.500000	0.500000	0.000000 
		0.500000	0.500000	0.500000	0.000000 
		0.500000	0.500000	0.500000	0.000000 
		0.500000	0.500000	0.500000	0.000000 
		0.500000	0.500000	0.500000	0.003922 
		0.500000	0.500000	0.500000	0.003922 
		0.500000	0.500000	0.500000	0.003922 
		0.500000	0.500000	0.500000	0.003922 
		0.500000	0.500000	0.500000	0.003922 
		0.500000	0.500000	0.500000	0.000000 
		0.500000	0.500000	0.500000	0.000000 
		0.500000	0.500000	0.500000	0.000000 
		0.500000	0.500000	0.500000	0.000000 
		0.500000	0.500000	0.500000	0.000000 
		0.500000	0.500000	0.500000	0.000000 
		0.500000	0.500000	0.500000	0.000000 
		0.500000	0.500000	0.500000	0.000000 
		0.500000	0.500000	0.500000	0.000000 
		0.500000	0.500000	0.500000	0.000000 
		0.500000	0.500000	0.500000	0.000000 
		0.500000	0.500000	0.500000	0.000000 
		0.500000	0.500000	0.500000	0.000000 
		0.500000	0.500000	0.500000	0.000000 
		0.500000	0.500000	0.500000	0.000000 
		0.500000	0.500000	0.500000	0.000000 
		0.500000	0.500000	0.500000	0.000000 
		0.500000	0.500000	0.500000	0.000000 
		0.500000	0.500000	0.500000	0.000000 
		0.500000	0.500000	0.500000	0.000000 
		0.500000	0.500000	0.395963	0.000000 
		0.500000	0.500000	0.500000	0.000000 
		0.500000	0.500000	0.500000	0.000000 
		0.500000	0.500000	0.500000	0.000000 
		0.635876	0.500000	0.500000	0.000000 
		0.500000	0.500000	0.500000	0.000000 
		0.500000	0.500000	0.601598	0.000000 
		0.500000	0.500000	0.500000	0.000000 
		0.500000	0.500000	0.500000	0.000000 
		0.500000	0.500000	0.500000	0.000000 
		0.500000	0.500000	0.500000	0.000000 
		0.500000	0.500000	0.500000	0.000000 
		0.500000	0.500000	0.500000	0.000000 
		0.500000	0.500000	0.500000	0.000000 
		0.500000	0.500000	0.500000	0.000000 
		0.500000	0.500000	0.500000	0.000000 
		0.500000	0.500000	0.500000	0.000000 
		0.500000	0.500000	0.500000	0.003922 
		0.500000	0.500000	0.500000	0.003922 
		0.443629	0.098859	0.403891	0.003922 
		0.437224	0.104829	0.403891	0.003922 
		0.500000	0.500000	0.500000	0.003922 
		0.456922	0.166483	0.408240	0.003922 
		0.500000	0.500000	0.500000	0.003922 
		0.467960	0.251212	0.417473	0.003922 
		0.500000	0.500000	0.500000	0.003922 
		0.461555	0.257181	0.417473	0.003922 
		0.500000	0.500000	0.500000	0.003922 
		0.444113	0.178423	0.408240	0.003922 
		0.500000	0.500000	0.500000	0.000000 
		0.500000	0.500000	0.500000	0.000000 
		0.500000	0.500000	0.500000	0.000000 
		0.500000	0.500000	0.500000	0.000000 
		0.500000	0.500000	0.500000	0.000000 
		0.500000	0.500000	0.500000	0.000000 
		0.500000	0.500000	0.500000	0.000000 
		0.500000	0.500000	0.500000	0.000000 
	}

	Tex0 473 { 
		0.200195	0.841797 
		0.191406	0.841797 
		0.191406	0.871094 
		0.200195	0.871094 
		0.181641	0.840820 
		0.181641	0.871094 
		0.212891	0.925781 
		0.298828	0.925781 
		0.298828	0.839844 
		0.212891	0.839844 
		0.198242	0.871094 
		0.179688	0.871094 
		0.179688	0.925781 
		0.198242	0.925781 
		0.169922	0.871094 
		0.168945	0.925781 
		0.207031	0.871094 
		0.207031	0.925781 
		0.179688	0.882813 
		0.200195	0.882813 
		0.207031	0.880859 
		0.168945	0.880859 
		0.179688	0.878906 
		0.201172	0.878906 
		1.000000	0.355469 
		1.000000	0.422852 
		0.613281	0.454102 
		0.613281	0.367188 
		1.000000	0.448242 
		0.613281	0.486328 
		1.000000	0.262695 
		0.613281	0.248047 
		1.000000	0.168945 
		0.613281	0.128906 
		1.000000	0.101563 
		0.613281	0.041992 
		1.000000	0.076172 
		0.613281	0.009766 
		0.664063	0.354492 
		0.664063	0.308594 
		0.702148	0.242188 
		0.664063	0.371094 
		0.664063	0.247070 
		0.663086	0.184570 
		0.663086	0.139648 
		0.663086	0.123047 
		0.292969	0.903320 
		0.277344	0.917969 
		0.220703	0.903320 
		0.256836	0.923828 
		0.235352	0.917969 
		0.214844	0.881836 
		0.220703	0.861328 
		0.235352	0.846680 
		0.256836	0.840820 
		0.277344	0.846680 
		0.292969	0.861328 
		0.297852	0.881836 
		0.589844	0.375000 
		0.588867	0.250977 
		0.588867	0.126953 
		0.588867	0.036133 
		0.587891	0.002930 
		0.589844	0.466797 
		0.589844	0.500000 
		0.010742	0.459961 
		0.009766	0.377930 
		0.010742	0.490234 
		0.009766	0.266602 
		0.008789	0.155273 
		0.008789	0.073242 
		0.008789	0.042969 
		0.437500	0.373047 
		0.437500	0.441406 
		0.367188	0.453125 
		0.367188	0.431641 
		0.367188	0.373047 
		0.367188	0.314453 
		0.367188	0.292969 
		0.437500	0.304688 
		0.378906	0.354492 
		0.420898	0.357422 
		0.412109	0.343750 
		0.373047	0.390625 
		0.424805	0.391602 
		0.377930	0.426758 
		0.418945	0.424805 
		0.410156	0.438477 
		0.242188	0.860352 
		0.447266	0.454102 
		0.458984	0.435547 
		0.464844	0.392578 
		0.460938	0.348633 
		0.447266	0.330078 
		0.349609	0.389648 
		0.507813	0.389648 
		0.580078	0.398438 
		0.585938	0.319336 
		0.507813	0.329102 
		0.190430	0.292969 
		0.190430	0.326172 
		0.003906	0.322266 
		0.003906	0.296875 
		0.190430	0.342773 
		0.119141	0.338867 
		0.015625	0.333984 
		0.140625	0.256836 
		0.140625	0.283203 
		0.218750	0.286133 
		0.217773	0.262695 
		0.140625	0.335938 
		0.218750	0.333008 
		0.140625	0.363281 
		0.217773	0.356445 
		0.190430	0.275391 
		0.015625	0.284180 
		0.119141	0.279297 
		0.203125	0.063477 
		0.203125	0.033203 
		0.178711	0.047852 
		0.178711	0.079102 
		0.154297	0.063477 
		0.154297	0.033203 
		0.178711	0.017578 
		0.312500	0.903320 
		0.349609	0.969727 
		0.349609	0.997070 
		0.299805	0.999023 
		0.299805	0.967773 
		0.478516	0.562500 
		0.530273	0.553711 
		0.530273	0.615234 
		0.478516	0.615234 
		0.426758	0.614258 
		0.426758	0.552734 
		0.561523	0.552734 
		0.561523	0.614258 
		0.678711	0.897461 
		0.678711	0.791992 
		0.614258	0.791992 
		0.614258	0.897461 
		0.429688	0.559570 
		0.556641	0.559570 
		0.556641	0.608398 
		0.429688	0.608398 
		0.570313	0.554688 
		0.412109	0.552734 
		0.412109	0.629883 
		0.570313	0.630859 
		0.457031	0.553711 
		0.574219	0.540039 
		0.416992	0.540039 
		0.416992	0.545898 
		0.574219	0.545898 
		0.457031	0.562500 
		0.424805	0.562500 
		0.555664	0.562500 
		0.424805	0.608398 
		0.986328	0.720703 
		0.997070	0.720703 
		0.997070	0.594727 
		0.986328	0.593750 
		0.671875	0.743164 
		0.671875	0.977539 
		0.620117	0.977539 
		0.620117	0.743164 
		0.678711	0.775391 
		0.678711	0.764648 
		0.619141	0.764648 
		0.619141	0.775391 
		0.431641	0.161133 
		0.431641	0.064453 
		0.398438	0.066406 
		0.398438	0.159180 
		0.036133	0.503906 
		0.023438	0.527344 
		0.662109	0.527344 
		0.647461	0.503906 
		0.667969	0.840820 
		0.671875	0.804688 
		0.620117	0.804688 
		0.619141	0.840820 
		0.348633	0.380859 
		0.338867	0.445313 
		0.326172	0.452148 
		0.333984	0.381836 
		0.398438	0.176758 
		0.431641	0.176758 
		0.431641	0.043945 
		0.398438	0.043945 
		0.352539	0.397461 
		0.314453	0.449219 
		0.310547	0.434570 
		0.351563	0.381836 
		0.155273	0.672852 
		0.143555	0.617188 
		0.155273	0.639648 
		0.023438	0.856445 
		0.008789	0.884766 
		0.000977	0.851563 
		0.000977	0.884766 
		0.827148	0.666016 
		0.827148	0.672852 
		0.208008	0.997070 
		0.208008	0.990234 
		0.202148	0.991211 
		0.827148	0.674805 
		0.270508	0.996094 
		0.276367	0.990234 
		0.270508	0.990234 
		0.208008	0.954102 
		0.202148	0.954102 
		0.275391	0.953125 
		0.269531	0.953125 
		0.208008	0.947266 
		0.269531	0.946289 
		0.409180	0.565430 
		0.086914	0.681641 
		0.179688	0.716797 
		0.083008	0.766602 
		0.291992	0.711914 
		0.369141	0.810547 
		0.854492	0.974609 
		0.690430	0.981445 
		0.690430	0.839844 
		0.854492	0.837891 
		0.691406	0.810547 
		0.691406	0.669922 
		0.842773	0.667969 
		0.842773	0.806641 
		0.057617	0.780273 
		0.055664	0.638672 
		0.857422	0.818359 
		0.341797	0.827148 
		0.365234	0.948242 
		0.414063	0.957031 
		0.346680	0.667969 
		0.840820	0.820313 
		0.031250	0.931641 
		0.031250	1.000000 
		0.040039	1.000000 
		0.082031	1.000000 
		0.083008	0.931641 
		0.611328	0.957031 
		0.337891	0.880859 
		0.163086	0.811523 
		0.112305	1.000000 
		0.130859	1.000000 
		0.129883	0.931641 
		0.745117	0.918945 
		0.289063	0.711914 
		0.514648	0.950195 
		0.074219	0.699219 
		0.004883	0.699219 
		0.015625	0.751953 
		0.076172	0.750000 
		0.612305	0.805664 
		0.535156	0.798828 
		0.031250	0.699219 
		0.064453	0.669922 
		0.013672	0.654297 
		0.013672	0.695313 
		0.189453	0.907227 
		0.199219	0.891602 
		0.180664	0.891602 
		0.209961	0.903320 
		0.206055	0.916992 
		0.189453	0.923828 
		0.173828	0.916992 
		0.169922	0.903320 
		0.209961	0.924805 
		0.206055	0.888672 
		0.209961	0.888672 
		0.189453	0.888672 
		0.173828	0.924805 
		0.173828	0.888672 
		0.169922	0.888672 
		0.180664	0.888672 
		0.593750	0.954102 
		0.593750	0.806641 
		0.601563	0.806641 
		0.601563	0.954102 
		0.597656	0.963867 
		0.258789	0.204102 
		0.258789	0.166016 
		0.277344	0.166016 
		0.277344	0.204102 
		0.067383	1.000000 
		0.067383	0.931641 
		0.072266	1.000000 
		0.349609	1.000000 
		0.349609	0.967773 
		0.067383	0.701172 
		0.009766	0.691406 
		0.010742	0.629883 
		0.065430	0.653320 
		0.029297	0.698242 
		0.691406	0.592773 
		0.842773	0.592773 
		0.816406	0.533203 
		0.842773	0.581055 
		0.691406	0.581055 
		0.691406	0.533203 
		0.980469	0.582031 
		0.987305	0.546875 
		0.846680	0.584961 
		0.691406	0.584961 
		0.987305	0.584961 
		0.070313	0.645508 
		0.003906	0.643555 
		0.144531	0.871094 
		0.082031	0.900391 
		0.173828	0.845703 
		0.032227	0.846680 
		0.096680	0.919922 
		0.132813	0.918945 
		0.088867	0.851563 
		0.087891	0.910156 
		0.137695	0.910156 
		0.137695	0.851563 
		0.079102	0.912109 
		0.010742	0.912109 
		0.012695	0.845703 
		0.128906	0.916992 
		0.301758	0.137695 
		0.332031	0.137695 
		0.332031	0.356445 
		0.301758	0.356445 
		0.613281	0.786133 
		0.675781	0.786133 
		0.676758	0.775391 
		0.613281	0.775391 
		0.043945	0.527344 
		0.143555	0.613281 
		0.299805	0.971680 
		0.998047	0.871094 
		0.929688	0.871094 
		0.929688	0.805664 
		0.998047	0.805664 
		0.930664	0.958008 
		0.930664	0.900391 
		0.989258	0.900391 
		0.989258	0.958008 
		0.557617	0.384766 
		0.536133	0.405273 
		0.530273	0.432617 
		0.530273	0.406250 
		0.538086	0.406250 
		0.675781	0.855469 
		0.675781	0.816406 
		0.620117	0.816406 
		0.625000	0.855469 
		0.151367	0.614258 
		0.090820	0.562500 
		0.094727	0.617188 
		0.099609	0.651367 
		0.267578	0.650391 
		0.272461	0.617188 
		0.281250	0.624023 
		0.087891	0.624023 
		0.050781	0.557617 
		0.271484	0.559570 
		0.155273	0.617188 
		0.040039	0.558594 
		0.077148	0.625000 
		0.869141	0.641602 
		0.877930	0.678711 
		0.903320	0.678711 
		0.912109	0.641602 
		0.919922	0.750977 
		0.883789	0.769531 
		0.845703	0.642578 
		0.935547	0.616211 
		0.876953	0.694336 
		0.860352	0.649414 
		0.907227	0.631836 
		0.923828	0.676758 
		0.900391	0.824219 
		0.927734	0.814453 
		0.908203	0.703125 
		0.897461	0.703125 
		0.898438	0.743164 
		0.909180	0.743164 
		0.882813	0.748047 
		0.910156	0.733398 
		0.925781	0.815430 
		0.897461	0.695313 
		0.908203	0.695313 
		0.897461	0.916992 
		0.919922	0.926758 
		0.901367	0.815430 
		0.911133	0.815430 
		0.917969	0.917969 
		0.899414	0.899414 
		0.911133	0.807617 
		0.900391	0.807617 
		0.202148	0.924805 
		0.202148	0.888672 
		0.198242	0.888672 
		0.177734	0.924805 
		0.177734	0.888672 
		0.189453	0.905273 
		0.202148	0.893555 
		0.209961	0.907227 
		0.198242	0.917969 
		0.177734	0.916016 
		0.168945	0.907227 
		0.181641	0.917969 
		0.202148	0.916016 
		0.177734	0.893555 
		0.663086	0.724609 
		0.630859	0.724609 
		0.630859	0.994141 
		0.663086	0.994141 
		0.619141	0.727539 
		0.619141	0.994141 
		0.676758	0.727539 
		0.676758	0.994141 
		0.501953	0.914063 
		0.865234	0.693359 
		0.908203	0.665039 
		0.893555	0.627930 
		0.875977	0.670898 
		0.114258	1.000000 
		0.120117	0.931641 
		0.120117	1.000000 
		0.897461	0.627930 
		0.875977	0.678711 
		0.895508	0.627930 
		0.300781	0.995117 
		0.349609	0.995117 
		0.877930	0.685547 
		0.903320	0.685547 
		0.301758	0.982422 
		0.399414	0.706055 
		0.537109	0.707031 
		0.612305	0.671875 
		0.539063	0.794922 
		0.397461	0.797852 
		0.400391	0.708008 
		0.539063	0.708008 
		0.400391	0.794922 
		0.593750	0.671875 
		0.595703	0.671875 
		0.599609	0.671875 
		0.601563	0.671875 
		0.000000	0.000000 
		0.412109	0.964844 
		0.373047	0.000000 
		0.634766	0.323242 
		0.676758	0.737305 
		0.082031	0.970703 
		0.081055	0.961914 
		0.081055	0.959961 
		0.082031	0.978516 
		0.081055	0.980469 
		0.081055	0.974609 
		0.352539	0.659180 
		0.352539	0.335938 
		0.102539	0.328125 
		0.102539	0.678711 
		0.774414	0.646484 
		0.774414	0.341797 
		0.764648	0.647461 
		0.603516	0.649414 
		0.603516	0.339844 
		0.764648	0.340820 
		0.033203	0.110352 
		0.027344	0.292969 
		0.021484	0.494141 
		0.027344	0.693359 
		0.033203	0.867188 
		0.652344	0.798828 
	}

	Tex1 0 
	Adj 921 { 
		P 0 
		N 0 
		C0 0 
		T0 0 
		P 1 
		N 1 
		C0 1 
		T0 1 
		P 2 
		N 2 
		C0 2 
		T0 2 
		P 3 
		N 3 
		C0 3 
		T0 3 
		P 4 
		N 4 
		C0 4 
		T0 4 
		P 5 
		N 5 
		C0 5 
		T0 5 
		P 6 
		N 6 
		C0 6 
		T0 1 
		P 7 
		N 7 
		C0 7 
		T0 2 
		P 1 
		N 1 
		C0 8 
		T0 6 
		P 0 
		N 0 
		C0 9 
		T0 7 
		P 6 
		N 6 
		C0 10 
		T0 8 
		P 4 
		N 4 
		C0 11 
		T0 9 
		P 8 
		N 8 
		C0 12 
		T0 10 
		P 9 
		N 9 
		C0 13 
		T0 11 
		P 10 
		N 10 
		C0 14 
		T0 12 
		P 11 
		N 11 
		C0 15 
		T0 13 
		P 12 
		N 12 
		C0 16 
		T0 14 
		P 13 
		N 13 
		C0 17 
		T0 15 
		P 14 
		N 14 
		C0 18 
		T0 11 
		P 15 
		N 15 
		C0 19 
		T0 12 
		P 16 
		N 16 
		C0 20 
		T0 10 
		P 17 
		N 17 
		C0 21 
		T0 13 
		P 18 
		N 18 
		C0 22 
		T0 16 
		P 19 
		N 19 
		C0 23 
		T0 17 
		P 9 
		N 9 
		C0 24 
		T0 18 
		P 8 
		N 8 
		C0 25 
		T0 19 
		P 18 
		N 18 
		C0 26 
		T0 20 
		P 12 
		N 12 
		C0 27 
		T0 21 
		P 14 
		N 14 
		C0 28 
		T0 22 
		P 16 
		N 16 
		C0 29 
		T0 23 
		P 20 
		N 20 
		C0 30 
		T0 24 
		P 21 
		N 21 
		C0 31 
		T0 25 
		P 22 
		N 22 
		C0 32 
		T0 26 
		P 23 
		N 23 
		C0 33 
		T0 27 
		P 24 
		N 24 
		C0 34 
		T0 28 
		P 25 
		N 25 
		C0 35 
		T0 29 
		P 26 
		N 26 
		C0 36 
		T0 25 
		P 27 
		N 27 
		C0 37 
		T0 26 
		P 28 
		N 28 
		C0 38 
		T0 24 
		P 29 
		N 29 
		C0 39 
		T0 27 
		P 30 
		N 30 
		C0 40 
		T0 30 
		P 31 
		N 31 
		C0 41 
		T0 31 
		P 32 
		N 32 
		C0 42 
		T0 32 
		P 33 
		N 33 
		C0 43 
		T0 33 
		P 34 
		N 34 
		C0 44 
		T0 34 
		P 35 
		N 35 
		C0 45 
		T0 35 
		P 36 
		N 36 
		C0 46 
		T0 36 
		P 37 
		N 37 
		C0 47 
		T0 37 
		P 38 
		N 38 
		C0 48 
		T0 34 
		P 39 
		N 39 
		C0 49 
		T0 35 
		P 40 
		N 40 
		C0 50 
		T0 32 
		P 41 
		N 41 
		C0 51 
		T0 33 
		P 42 
		N 42 
		C0 52 
		T0 30 
		P 43 
		N 43 
		C0 53 
		T0 31 
		P 44 
		N 44 
		C0 54 
		T0 38 
		P 45 
		N 45 
		C0 55 
		T0 39 
		P 46 
		N 46 
		C0 56 
		T0 40 
		P 47 
		N 47 
		C0 57 
		T0 41 
		P 48 
		N 48 
		C0 58 
		T0 38 
		P 49 
		N 49 
		C0 59 
		T0 39 
		P 50 
		N 50 
		C0 60 
		T0 42 
		P 51 
		N 51 
		C0 61 
		T0 43 
		P 52 
		N 52 
		C0 62 
		T0 44 
		P 53 
		N 53 
		C0 63 
		T0 45 
		P 54 
		N 54 
		C0 64 
		T0 44 
		P 55 
		N 55 
		C0 65 
		T0 43 
		P 56 
		N 56 
		C0 66 
		T0 42 
		P 57 
		N 57 
		C0 67 
		T0 46 
		P 58 
		N 57 
		C0 68 
		T0 47 
		P 59 
		N 57 
		C0 69 
		T0 48 
		P 60 
		N 57 
		C0 70 
		T0 49 
		P 61 
		N 57 
		C0 71 
		T0 50 
		P 62 
		N 57 
		C0 72 
		T0 51 
		P 63 
		N 57 
		C0 73 
		T0 52 
		P 64 
		N 57 
		C0 74 
		T0 53 
		P 65 
		N 57 
		C0 75 
		T0 54 
		P 66 
		N 57 
		C0 76 
		T0 55 
		P 67 
		N 57 
		C0 77 
		T0 56 
		P 68 
		N 57 
		C0 78 
		T0 57 
		P 20 
		N 20 
		C0 79 
		T0 58 
		P 42 
		N 42 
		C0 80 
		T0 59 
		P 40 
		N 40 
		C0 81 
		T0 60 
		P 38 
		N 38 
		C0 82 
		T0 61 
		P 36 
		N 36 
		C0 83 
		T0 62 
		P 34 
		N 34 
		C0 84 
		T0 61 
		P 32 
		N 32 
		C0 85 
		T0 60 
		P 30 
		N 30 
		C0 86 
		T0 59 
		P 28 
		N 28 
		C0 87 
		T0 58 
		P 26 
		N 26 
		C0 88 
		T0 63 
		P 24 
		N 24 
		C0 89 
		T0 64 
		P 21 
		N 21 
		C0 90 
		T0 63 
		P 58 
		N 58 
		C0 91 
		T0 65 
		P 57 
		N 59 
		C0 92 
		T0 66 
		P 60 
		N 60 
		C0 93 
		T0 67 
		P 61 
		N 61 
		C0 94 
		T0 65 
		P 59 
		N 62 
		C0 95 
		T0 66 
		P 62 
		N 63 
		C0 96 
		T0 68 
		P 63 
		N 64 
		C0 97 
		T0 69 
		P 64 
		N 65 
		C0 98 
		T0 70 
		P 65 
		N 66 
		C0 99 
		T0 71 
		P 66 
		N 67 
		C0 100 
		T0 70 
		P 67 
		N 68 
		C0 101 
		T0 69 
		P 68 
		N 69 
		C0 102 
		T0 68 
		P 69 
		N 70 
		C0 103 
		T0 72 
		P 62 
		N 71 
		C0 104 
		T0 73 
		P 70 
		N 71 
		C0 105 
		T0 74 
		P 71 
		N 72 
		C0 106 
		T0 75 
		P 72 
		N 73 
		C0 107 
		T0 76 
		P 73 
		N 74 
		C0 108 
		T0 77 
		P 74 
		N 75 
		C0 109 
		T0 78 
		P 68 
		N 75 
		C0 110 
		T0 79 
		P 75 
		N 76 
		C0 111 
		T0 80 
		P 76 
		N 77 
		C0 112 
		T0 81 
		P 77 
		N 78 
		C0 113 
		T0 82 
		P 78 
		N 79 
		C0 114 
		T0 83 
		P 79 
		N 80 
		C0 115 
		T0 84 
		P 80 
		N 81 
		C0 116 
		T0 85 
		P 81 
		N 82 
		C0 117 
		T0 86 
		P 82 
		N 83 
		C0 118 
		T0 87 
		P 83 
		N 84 
		C0 119 
		T0 88 
		P 84 
		N 85 
		C0 120 
		T0 88 
		P 85 
		N 86 
		C0 121 
		T0 88 
		P 86 
		N 87 
		C0 122 
		T0 89 
		P 83 
		N 88 
		C0 123 
		T0 90 
		P 85 
		N 89 
		C0 124 
		T0 91 
		P 87 
		N 90 
		C0 125 
		T0 92 
		P 88 
		N 91 
		C0 126 
		T0 93 
		P 89 
		N 92 
		C0 127 
		T0 94 
		P 77 
		N 93 
		C0 128 
		T0 95 
		P 88 
		N 93 
		C0 129 
		T0 96 
		P 86 
		N 93 
		C0 130 
		T0 97 
		P 82 
		N 93 
		C0 131 
		T0 98 
		P 86 
		N 94 
		C0 132 
		T0 88 
		P 88 
		N 95 
		C0 133 
		T0 88 
		P 87 
		N 96 
		C0 134 
		T0 88 
		P 90 
		N 97 
		C0 135 
		T0 99 
		P 91 
		N 98 
		C0 136 
		T0 100 
		P 92 
		N 99 
		C0 137 
		T0 101 
		P 93 
		N 100 
		C0 138 
		T0 102 
		P 94 
		N 101 
		C0 139 
		T0 103 
		P 95 
		N 102 
		C0 140 
		T0 104 
		P 96 
		N 102 
		C0 141 
		T0 105 
		P 94 
		N 101 
		C0 142 
		T0 106 
		P 97 
		N 103 
		C0 143 
		T0 107 
		P 98 
		N 104 
		C0 144 
		T0 108 
		P 95 
		N 105 
		C0 145 
		T0 109 
		P 99 
		N 106 
		C0 146 
		T0 110 
		P 100 
		N 107 
		C0 147 
		T0 111 
		P 101 
		N 108 
		C0 148 
		T0 112 
		P 102 
		N 109 
		C0 149 
		T0 113 
		P 101 
		N 108 
		C0 150 
		T0 114 
		P 103 
		N 110 
		C0 151 
		T0 115 
		P 102 
		N 110 
		C0 152 
		T0 116 
		P 91 
		N 98 
		C0 153 
		T0 117 
		P 90 
		N 97 
		C0 154 
		T0 118 
		P 104 
		N 111 
		C0 155 
		T0 119 
		P 94 
		N 101 
		C0 156 
		T0 120 
		P 97 
		N 103 
		C0 157 
		T0 121 
		P 99 
		N 106 
		C0 158 
		T0 122 
		P 101 
		N 108 
		C0 159 
		T0 123 
		P 102 
		N 112 
		C0 160 
		T0 124 
		P 95 
		N 112 
		C0 161 
		T0 124 
		P 98 
		N 112 
		C0 162 
		T0 124 
		P 100 
		N 112 
		C0 163 
		T0 124 
		P 103 
		N 113 
		C0 164 
		T0 125 
		P 96 
		N 113 
		C0 165 
		T0 126 
		P 95 
		N 113 
		C0 166 
		T0 127 
		P 102 
		N 113 
		C0 167 
		T0 128 
		P 105 
		N 114 
		C0 168 
		T0 129 
		P 106 
		N 115 
		C0 169 
		T0 130 
		P 107 
		N 116 
		C0 170 
		T0 131 
		P 108 
		N 117 
		C0 171 
		T0 132 
		P 108 
		N 117 
		C0 172 
		T0 133 
		P 107 
		N 116 
		C0 173 
		T0 134 
		P 109 
		N 118 
		C0 174 
		T0 135 
		P 110 
		N 119 
		C0 175 
		T0 136 
		P 110 
		N 119 
		C0 176 
		T0 132 
		P 109 
		N 118 
		C0 177 
		T0 131 
		P 111 
		N 120 
		C0 178 
		T0 130 
		P 112 
		N 121 
		C0 179 
		T0 129 
		P 113 
		N 122 
		C0 180 
		T0 137 
		P 111 
		N 120 
		C0 181 
		T0 138 
		P 106 
		N 115 
		C0 182 
		T0 139 
		P 114 
		N 123 
		C0 183 
		T0 140 
		P 106 
		N 115 
		C0 184 
		T0 141 
		P 111 
		N 120 
		C0 185 
		T0 142 
		P 109 
		N 118 
		C0 186 
		T0 143 
		P 107 
		N 116 
		C0 187 
		T0 144 
		P 112 
		N 121 
		C0 188 
		T0 145 
		P 105 
		N 114 
		C0 189 
		T0 146 
		P 108 
		N 117 
		C0 190 
		T0 147 
		P 110 
		N 119 
		C0 191 
		T0 148 
		P 113 
		N 122 
		C0 192 
		T0 149 
		P 113 
		N 122 
		C0 193 
		T0 150 
		P 114 
		N 123 
		C0 194 
		T0 151 
		P 115 
		N 117 
		C0 195 
		T0 152 
		P 116 
		N 119 
		C0 196 
		T0 153 
		P 114 
		N 123 
		C0 197 
		T0 149 
		P 115 
		N 117 
		C0 198 
		T0 154 
		P 105 
		N 114 
		C0 199 
		T0 155 
		P 112 
		N 121 
		C0 200 
		T0 156 
		P 116 
		N 119 
		C0 201 
		T0 143 
		P 115 
		N 117 
		C0 202 
		T0 157 
		P 116 
		N 119 
		C0 203 
		T0 154 
		P 117 
		N 124 
		C0 204 
		T0 158 
		P 118 
		N 124 
		C0 205 
		T0 159 
		P 119 
		N 124 
		C0 206 
		T0 160 
		P 120 
		N 124 
		C0 207 
		T0 161 
		P 121 
		N 125 
		C0 208 
		T0 162 
		P 122 
		N 125 
		C0 209 
		T0 163 
		P 123 
		N 125 
		C0 210 
		T0 164 
		P 124 
		N 125 
		C0 211 
		T0 165 
		P 125 
		N 126 
		C0 212 
		T0 166 
		P 126 
		N 126 
		C0 213 
		T0 167 
		P 127 
		N 126 
		C0 214 
		T0 168 
		P 128 
		N 126 
		C0 215 
		T0 169 
		P 129 
		N 127 
		C0 216 
		T0 170 
		P 130 
		N 128 
		C0 217 
		T0 171 
		P 131 
		N 128 
		C0 218 
		T0 172 
		P 132 
		N 127 
		C0 219 
		T0 173 
		P 131 
		N 129 
		C0 220 
		T0 174 
		P 124 
		N 129 
		C0 221 
		T0 175 
		P 123 
		N 130 
		C0 222 
		T0 176 
		P 132 
		N 130 
		C0 223 
		T0 177 
		P 122 
		N 131 
		C0 224 
		T0 178 
		P 133 
		N 131 
		C0 225 
		T0 179 
		P 134 
		N 131 
		C0 226 
		T0 180 
		P 123 
		N 131 
		C0 227 
		T0 181 
		P 123 
		N 130 
		C0 228 
		T0 182 
		P 128 
		N 132 
		C0 229 
		T0 183 
		P 127 
		N 132 
		C0 230 
		T0 184 
		P 132 
		N 130 
		C0 231 
		T0 185 
		P 127 
		N 133 
		C0 232 
		T0 186 
		P 126 
		N 133 
		C0 233 
		T0 187 
		P 117 
		N 134 
		C0 234 
		T0 188 
		P 120 
		N 134 
		C0 235 
		T0 189 
		P 131 
		N 129 
		C0 236 
		T0 190 
		P 120 
		N 135 
		C0 237 
		T0 191 
		P 119 
		N 135 
		C0 238 
		T0 192 
		P 124 
		N 129 
		C0 239 
		T0 193 
		P 121 
		N 136 
		C0 240 
		T0 194 
		P 135 
		N 136 
		C0 241 
		T0 195 
		P 130 
		N 137 
		C0 242 
		T0 196 
		P 136 
		N 138 
		C0 243 
		T0 197 
		P 137 
		N 138 
		C0 244 
		T0 198 
		P 138 
		N 138 
		C0 245 
		T0 199 
		P 139 
		N 138 
		C0 246 
		T0 200 
		P 140 
		N 139 
		C0 247 
		T0 201 
		P 141 
		N 140 
		C0 248 
		T0 201 
		P 142 
		N 141 
		C0 249 
		T0 202 
		P 143 
		N 142 
		C0 250 
		T0 202 
		P 140 
		N 143 
		C0 251 
		T0 203 
		P 144 
		N 144 
		C0 252 
		T0 204 
		P 145 
		N 145 
		C0 253 
		T0 205 
		P 145 
		N 146 
		C0 254 
		T0 201 
		P 146 
		N 147 
		C0 255 
		T0 201 
		P 147 
		N 148 
		C0 256 
		T0 201 
		P 148 
		N 149 
		C0 257 
		T0 202 
		P 137 
		N 150 
		C0 258 
		T0 202 
		P 149 
		N 151 
		C0 259 
		T0 206 
		P 143 
		N 152 
		C0 260 
		T0 207 
		P 149 
		N 153 
		C0 261 
		T0 208 
		P 150 
		N 154 
		C0 262 
		T0 209 
		P 151 
		N 155 
		C0 263 
		T0 210 
		P 152 
		N 156 
		C0 264 
		T0 211 
		P 152 
		N 157 
		C0 265 
		T0 201 
		P 153 
		N 158 
		C0 266 
		T0 201 
		P 154 
		N 159 
		C0 267 
		T0 201 
		P 155 
		N 160 
		C0 268 
		T0 202 
		P 156 
		N 161 
		C0 269 
		T0 202 
		P 157 
		N 162 
		C0 270 
		T0 206 
		P 157 
		N 163 
		C0 271 
		T0 212 
		P 158 
		N 164 
		C0 272 
		T0 213 
		P 159 
		N 165 
		C0 273 
		T0 214 
		P 159 
		N 166 
		C0 274 
		T0 201 
		P 160 
		N 167 
		C0 275 
		T0 201 
		P 161 
		N 168 
		C0 276 
		T0 202 
		P 162 
		N 169 
		C0 277 
		T0 202 
		P 162 
		N 170 
		C0 278 
		T0 215 
		P 163 
		N 138 
		C0 279 
		T0 197 
		P 164 
		N 138 
		C0 280 
		T0 199 
		P 165 
		N 138 
		C0 281 
		T0 198 
		P 166 
		N 138 
		C0 282 
		T0 200 
		P 167 
		N 171 
		C0 283 
		T0 202 
		P 168 
		N 172 
		C0 284 
		T0 201 
		P 169 
		N 140 
		C0 285 
		T0 201 
		P 170 
		N 141 
		C0 286 
		T0 202 
		P 167 
		N 152 
		C0 287 
		T0 203 
		P 171 
		N 153 
		C0 288 
		T0 205 
		P 172 
		N 154 
		C0 289 
		T0 204 
		P 173 
		N 173 
		C0 290 
		T0 202 
		P 171 
		N 174 
		C0 291 
		T0 206 
		P 174 
		N 149 
		C0 292 
		T0 202 
		P 175 
		N 148 
		C0 293 
		T0 201 
		P 165 
		N 175 
		C0 294 
		T0 201 
		P 176 
		N 176 
		C0 295 
		T0 201 
		P 168 
		N 143 
		C0 296 
		T0 207 
		P 177 
		N 144 
		C0 297 
		T0 209 
		P 176 
		N 145 
		C0 298 
		T0 208 
		P 178 
		N 163 
		C0 299 
		T0 211 
		P 179 
		N 164 
		C0 300 
		T0 210 
		P 180 
		N 177 
		C0 301 
		T0 202 
		P 178 
		N 178 
		C0 302 
		T0 206 
		P 181 
		N 160 
		C0 303 
		T0 202 
		P 182 
		N 159 
		C0 304 
		T0 201 
		P 183 
		N 179 
		C0 305 
		T0 201 
		P 184 
		N 78 
		C0 306 
		T0 201 
		P 185 
		N 155 
		C0 307 
		T0 213 
		P 184 
		N 156 
		C0 308 
		T0 212 
		P 186 
		N 170 
		C0 309 
		T0 214 
		P 187 
		N 168 
		C0 310 
		T0 202 
		P 186 
		N 169 
		C0 311 
		T0 202 
		P 188 
		N 167 
		C0 312 
		T0 201 
		P 189 
		N 166 
		C0 313 
		T0 201 
		P 189 
		N 165 
		C0 314 
		T0 215 
		P 190 
		N 180 
		C0 315 
		T0 216 
		P 191 
		N 181 
		C0 316 
		T0 216 
		P 192 
		N 182 
		C0 317 
		T0 216 
		P 193 
		N 183 
		C0 318 
		T0 216 
		P 194 
		N 184 
		C0 319 
		T0 216 
		P 195 
		N 185 
		C0 320 
		T0 216 
		P 196 
		N 186 
		C0 321 
		T0 216 
		P 197 
		N 187 
		C0 322 
		T0 217 
		P 198 
		N 188 
		C0 323 
		T0 218 
		P 199 
		N 189 
		C0 324 
		T0 219 
		P 200 
		N 190 
		C0 325 
		T0 220 
		P 201 
		N 191 
		C0 326 
		T0 221 
		P 202 
		N 192 
		C0 327 
		T0 216 
		P 203 
		N 193 
		C0 328 
		T0 216 
		P 204 
		N 147 
		C0 329 
		T0 216 
		P 205 
		N 129 
		C0 330 
		T0 216 
		P 206 
		N 194 
		C0 331 
		T0 216 
		P 207 
		N 195 
		C0 332 
		T0 216 
		P 208 
		N 196 
		C0 333 
		T0 222 
		P 209 
		N 197 
		C0 334 
		T0 223 
		P 210 
		N 198 
		C0 335 
		T0 224 
		P 211 
		N 199 
		C0 336 
		T0 225 
		P 212 
		N 200 
		C0 337 
		T0 226 
		P 213 
		N 138 
		C0 338 
		T0 227 
		P 214 
		N 201 
		C0 339 
		T0 228 
		P 215 
		N 202 
		C0 340 
		T0 229 
		P 215 
		N 202 
		C0 341 
		T0 230 
		P 214 
		N 201 
		C0 342 
		T0 231 
		P 215 
		N 202 
		C0 343 
		T0 232 
		P 211 
		N 199 
		C0 344 
		T0 232 
		P 210 
		N 198 
		C0 345 
		T0 232 
		P 212 
		N 200 
		C0 346 
		T0 232 
		P 211 
		N 199 
		C0 347 
		T0 233 
		P 208 
		N 196 
		C0 348 
		T0 234 
		P 216 
		N 203 
		C0 349 
		T0 235 
		P 217 
		N 204 
		C0 350 
		T0 236 
		P 198 
		N 205 
		C0 351 
		T0 237 
		P 197 
		N 206 
		C0 352 
		T0 237 
		P 190 
		N 180 
		C0 353 
		T0 237 
		P 196 
		N 186 
		C0 354 
		T0 237 
		P 200 
		N 207 
		C0 355 
		T0 237 
		P 202 
		N 192 
		C0 356 
		T0 237 
		P 214 
		N 201 
		C0 357 
		T0 237 
		P 191 
		N 181 
		C0 358 
		T0 237 
		P 217 
		N 208 
		C0 359 
		T0 237 
		P 204 
		N 147 
		C0 360 
		T0 237 
		P 218 
		N 209 
		C0 361 
		T0 238 
		P 219 
		N 210 
		C0 362 
		T0 239 
		P 130 
		N 2 
		C0 363 
		T0 240 
		P 129 
		N 2 
		C0 364 
		T0 241 
		P 126 
		N 2 
		C0 365 
		T0 242 
		P 220 
		N 211 
		C0 366 
		T0 243 
		P 193 
		N 212 
		C0 367 
		T0 244 
		P 192 
		N 213 
		C0 368 
		T0 244 
		P 221 
		N 214 
		C0 369 
		T0 244 
		P 222 
		N 215 
		C0 370 
		T0 244 
		P 195 
		N 216 
		C0 371 
		T0 244 
		P 203 
		N 217 
		C0 372 
		T0 244 
		P 223 
		N 218 
		C0 373 
		T0 244 
		P 205 
		N 219 
		C0 374 
		T0 244 
		P 224 
		N 220 
		C0 375 
		T0 244 
		P 217 
		N 221 
		C0 376 
		T0 245 
		P 225 
		N 221 
		C0 377 
		T0 245 
		P 226 
		N 221 
		C0 378 
		T0 245 
		P 227 
		N 221 
		C0 379 
		T0 245 
		P 226 
		N 222 
		C0 380 
		T0 246 
		P 225 
		N 222 
		C0 381 
		T0 247 
		P 224 
		N 222 
		C0 382 
		T0 248 
		P 207 
		N 223 
		C0 383 
		T0 249 
		P 206 
		N 223 
		C0 384 
		T0 249 
		P 224 
		N 223 
		C0 385 
		T0 249 
		P 228 
		N 224 
		C0 386 
		T0 216 
		P 229 
		N 225 
		C0 387 
		T0 216 
		P 230 
		N 226 
		C0 388 
		T0 216 
		P 231 
		N 227 
		C0 389 
		T0 216 
		P 232 
		N 228 
		C0 390 
		T0 217 
		P 233 
		N 229 
		C0 391 
		T0 219 
		P 234 
		N 230 
		C0 392 
		T0 218 
		P 235 
		N 231 
		C0 393 
		T0 250 
		P 236 
		N 232 
		C0 394 
		T0 221 
		P 237 
		N 233 
		C0 395 
		T0 216 
		P 238 
		N 234 
		C0 396 
		T0 216 
		P 239 
		N 235 
		C0 397 
		T0 216 
		P 240 
		N 236 
		C0 398 
		T0 216 
		P 241 
		N 237 
		C0 399 
		T0 216 
		P 242 
		N 238 
		C0 400 
		T0 216 
		P 243 
		N 239 
		C0 401 
		T0 222 
		P 244 
		N 240 
		C0 402 
		T0 225 
		P 245 
		N 125 
		C0 403 
		T0 251 
		P 246 
		N 241 
		C0 404 
		T0 251 
		P 216 
		N 203 
		C0 405 
		T0 251 
		P 220 
		N 211 
		C0 406 
		T0 251 
		P 247 
		N 242 
		C0 407 
		T0 228 
		P 248 
		N 243 
		C0 408 
		T0 229 
		P 247 
		N 242 
		C0 409 
		T0 231 
		P 248 
		N 243 
		C0 410 
		T0 230 
		P 244 
		N 240 
		C0 411 
		T0 232 
		P 248 
		N 243 
		C0 412 
		T0 232 
		P 244 
		N 240 
		C0 413 
		T0 233 
		P 243 
		N 239 
		C0 414 
		T0 234 
		P 249 
		N 244 
		C0 415 
		T0 235 
		P 250 
		N 245 
		C0 416 
		T0 236 
		P 230 
		N 226 
		C0 417 
		T0 237 
		P 232 
		N 246 
		C0 418 
		T0 237 
		P 234 
		N 247 
		C0 419 
		T0 237 
		P 231 
		N 227 
		C0 420 
		T0 237 
		P 235 
		N 248 
		C0 421 
		T0 237 
		P 237 
		N 233 
		C0 422 
		T0 237 
		P 251 
		N 249 
		C0 423 
		T0 252 
		P 247 
		N 242 
		C0 424 
		T0 253 
		P 232 
		N 246 
		C0 425 
		T0 254 
		P 230 
		N 226 
		C0 426 
		T0 255 
		P 250 
		N 250 
		C0 427 
		T0 237 
		P 241 
		N 237 
		C0 428 
		T0 237 
		P 252 
		N 7 
		C0 429 
		T0 241 
		P 253 
		N 7 
		C0 430 
		T0 240 
		P 254 
		N 251 
		C0 431 
		T0 239 
		P 255 
		N 252 
		C0 432 
		T0 238 
		P 256 
		N 7 
		C0 433 
		T0 242 
		P 257 
		N 7 
		C0 434 
		T0 256 
		P 258 
		N 7 
		C0 435 
		T0 257 
		P 259 
		N 253 
		C0 436 
		T0 243 
		P 260 
		N 254 
		C0 437 
		T0 244 
		P 261 
		N 255 
		C0 438 
		T0 244 
		P 229 
		N 256 
		C0 439 
		T0 244 
		P 262 
		N 257 
		C0 440 
		T0 244 
		P 228 
		N 258 
		C0 441 
		T0 244 
		P 238 
		N 259 
		C0 442 
		T0 244 
		P 263 
		N 260 
		C0 443 
		T0 244 
		P 264 
		N 261 
		C0 444 
		T0 244 
		P 240 
		N 262 
		C0 445 
		T0 244 
		P 239 
		N 263 
		C0 446 
		T0 244 
		P 250 
		N 250 
		C0 447 
		T0 258 
		P 264 
		N 264 
		C0 448 
		T0 259 
		P 242 
		N 238 
		C0 449 
		T0 260 
		P 241 
		N 237 
		C0 450 
		T0 261 
		P 265 
		N 265 
		C0 451 
		T0 245 
		P 266 
		N 265 
		C0 452 
		T0 245 
		P 250 
		N 265 
		C0 453 
		T0 245 
		P 267 
		N 265 
		C0 454 
		T0 245 
		P 242 
		N 266 
		C0 455 
		T0 249 
		P 264 
		N 266 
		C0 456 
		T0 249 
		P 239 
		N 266 
		C0 457 
		T0 249 
		P 268 
		N 267 
		C0 458 
		T0 262 
		P 269 
		N 268 
		C0 459 
		T0 263 
		P 270 
		N 269 
		C0 460 
		T0 264 
		P 271 
		N 270 
		C0 461 
		T0 265 
		P 272 
		N 271 
		C0 462 
		T0 266 
		P 273 
		N 272 
		C0 463 
		T0 267 
		P 274 
		N 273 
		C0 464 
		T0 268 
		P 275 
		N 274 
		C0 465 
		T0 269 
		P 271 
		N 270 
		C0 466 
		T0 270 
		P 272 
		N 271 
		C0 467 
		T0 17 
		P 276 
		N 275 
		C0 468 
		T0 271 
		P 277 
		N 276 
		C0 469 
		T0 272 
		P 278 
		N 277 
		C0 470 
		T0 273 
		P 274 
		N 273 
		C0 471 
		T0 274 
		P 279 
		N 278 
		C0 472 
		T0 275 
		P 275 
		N 274 
		C0 473 
		T0 15 
		P 280 
		N 279 
		C0 474 
		T0 276 
		P 270 
		N 269 
		C0 475 
		T0 12 
		P 281 
		N 280 
		C0 476 
		T0 277 
		P 282 
		N 281 
		C0 477 
		T0 275 
		P 220 
		N 267 
		C0 478 
		T0 278 
		P 283 
		N 267 
		C0 479 
		T0 279 
		P 257 
		N 267 
		C0 480 
		T0 280 
		P 259 
		N 267 
		C0 481 
		T0 281 
		P 245 
		N 267 
		C0 482 
		T0 282 
		P 284 
		N 282 
		C0 483 
		T0 283 
		P 285 
		N 282 
		C0 484 
		T0 284 
		P 286 
		N 282 
		C0 485 
		T0 285 
		P 287 
		N 282 
		C0 486 
		T0 286 
		P 219 
		N 210 
		C0 487 
		T0 287 
		P 218 
		N 209 
		C0 488 
		T0 288 
		P 288 
		N 267 
		C0 489 
		T0 289 
		P 261 
		N 283 
		C0 490 
		T0 216 
		P 289 
		N 284 
		C0 491 
		T0 216 
		P 251 
		N 249 
		C0 492 
		T0 216 
		P 252 
		N 285 
		C0 493 
		T0 290 
		P 265 
		N 125 
		C0 494 
		T0 127 
		P 226 
		N 125 
		C0 495 
		T0 128 
		P 129 
		N 286 
		C0 496 
		T0 291 
		P 266 
		N 287 
		C0 497 
		T0 292 
		P 264 
		N 288 
		C0 498 
		T0 248 
		P 266 
		N 289 
		C0 499 
		T0 247 
		P 265 
		N 288 
		C0 500 
		T0 246 
		P 252 
		N 290 
		C0 501 
		T0 241 
		P 256 
		N 290 
		C0 502 
		T0 242 
		P 259 
		N 253 
		C0 503 
		T0 251 
		P 249 
		N 244 
		C0 504 
		T0 251 
		P 243 
		N 239 
		C0 505 
		T0 251 
		P 209 
		N 197 
		C0 506 
		T0 251 
		P 208 
		N 196 
		C0 507 
		T0 251 
		P 204 
		N 147 
		C0 508 
		T0 293 
		P 207 
		N 195 
		C0 509 
		T0 294 
		P 224 
		N 291 
		C0 510 
		T0 295 
		P 217 
		N 208 
		C0 511 
		T0 296 
		P 225 
		N 292 
		C0 512 
		T0 292 
		P 226 
		N 2 
		C0 513 
		T0 246 
		P 224 
		N 2 
		C0 514 
		T0 248 
		P 194 
		N 293 
		C0 515 
		T0 244 
		P 289 
		N 294 
		C0 516 
		T0 244 
		P 290 
		N 295 
		C0 517 
		T0 297 
		P 291 
		N 296 
		C0 518 
		T0 298 
		P 194 
		N 297 
		C0 519 
		T0 237 
		P 292 
		N 298 
		C0 520 
		T0 237 
		P 293 
		N 299 
		C0 521 
		T0 299 
		P 294 
		N 300 
		C0 522 
		T0 300 
		P 295 
		N 301 
		C0 523 
		T0 301 
		P 296 
		N 302 
		C0 524 
		T0 302 
		P 297 
		N 303 
		C0 525 
		T0 303 
		P 298 
		N 304 
		C0 526 
		T0 304 
		P 299 
		N 305 
		C0 527 
		T0 299 
		P 300 
		N 306 
		C0 528 
		T0 300 
		P 292 
		N 307 
		C0 529 
		T0 305 
		P 290 
		N 308 
		C0 530 
		T0 306 
		P 289 
		N 309 
		C0 531 
		T0 307 
		P 291 
		N 310 
		C0 532 
		T0 305 
		P 194 
		N 119 
		C0 533 
		T0 307 
		P 301 
		N 311 
		C0 534 
		T0 303 
		P 302 
		N 312 
		C0 535 
		T0 304 
		P 289 
		N 313 
		C0 536 
		T0 308 
		P 291 
		N 296 
		C0 537 
		T0 309 
		P 292 
		N 298 
		C0 538 
		T0 298 
		P 194 
		N 267 
		C0 539 
		T0 307 
		P 302 
		N 267 
		C0 540 
		T0 304 
		P 298 
		N 267 
		C0 541 
		T0 304 
		P 289 
		N 267 
		C0 542 
		T0 307 
		P 283 
		N 314 
		C0 543 
		T0 256 
		P 206 
		N 315 
		C0 544 
		T0 244 
		P 303 
		N 316 
		C0 545 
		T0 310 
		P 304 
		N 317 
		C0 546 
		T0 310 
		P 305 
		N 318 
		C0 547 
		T0 310 
		P 306 
		N 319 
		C0 548 
		T0 310 
		P 307 
		N 320 
		C0 549 
		T0 311 
		P 308 
		N 321 
		C0 550 
		T0 311 
		P 309 
		N 322 
		C0 551 
		T0 311 
		P 310 
		N 323 
		C0 552 
		T0 311 
		P 304 
		N 317 
		C0 553 
		T0 312 
		P 311 
		N 324 
		C0 554 
		T0 313 
		P 312 
		N 325 
		C0 555 
		T0 314 
		P 305 
		N 318 
		C0 556 
		T0 315 
		P 307 
		N 320 
		C0 557 
		T0 313 
		P 303 
		N 316 
		C0 558 
		T0 312 
		P 306 
		N 319 
		C0 559 
		T0 315 
		P 308 
		N 321 
		C0 560 
		T0 314 
		P 313 
		N 326 
		C0 561 
		T0 311 
		P 312 
		N 325 
		C0 562 
		T0 311 
		P 311 
		N 324 
		C0 563 
		T0 311 
		P 314 
		N 327 
		C0 564 
		T0 311 
		P 315 
		N 328 
		C0 565 
		T0 316 
		P 316 
		N 329 
		C0 566 
		T0 317 
		P 317 
		N 330 
		C0 567 
		T0 318 
		P 318 
		N 331 
		C0 568 
		T0 319 
		P 310 
		N 2 
		C0 569 
		T0 313 
		P 309 
		N 332 
		C0 570 
		T0 320 
		P 316 
		N 329 
		C0 571 
		T0 321 
		P 315 
		N 328 
		C0 572 
		T0 322 
		P 309 
		N 332 
		C0 573 
		T0 316 
		P 313 
		N 333 
		C0 574 
		T0 319 
		P 313 
		N 333 
		C0 575 
		T0 320 
		P 314 
		N 334 
		C0 576 
		T0 313 
		P 318 
		N 331 
		C0 577 
		T0 322 
		P 317 
		N 330 
		C0 578 
		T0 321 
		P 306 
		N 319 
		C0 579 
		T0 323 
		P 305 
		N 318 
		C0 580 
		T0 323 
		P 312 
		N 325 
		C0 581 
		T0 323 
		P 308 
		N 321 
		C0 582 
		T0 323 
		P 319 
		N 124 
		C0 583 
		T0 158 
		P 320 
		N 124 
		C0 584 
		T0 161 
		P 321 
		N 124 
		C0 585 
		T0 160 
		P 322 
		N 124 
		C0 586 
		T0 159 
		P 253 
		N 335 
		C0 587 
		T0 324 
		P 323 
		N 335 
		C0 588 
		T0 325 
		P 324 
		N 336 
		C0 589 
		T0 326 
		P 252 
		N 336 
		C0 590 
		T0 327 
		P 325 
		N 126 
		C0 591 
		T0 328 
		P 326 
		N 126 
		C0 592 
		T0 329 
		P 327 
		N 126 
		C0 593 
		T0 330 
		P 256 
		N 126 
		C0 594 
		T0 331 
		P 252 
		N 337 
		C0 595 
		T0 170 
		P 328 
		N 337 
		C0 596 
		T0 173 
		P 329 
		N 338 
		C0 597 
		T0 172 
		P 253 
		N 338 
		C0 598 
		T0 171 
		P 329 
		N 339 
		C0 599 
		T0 174 
		P 328 
		N 340 
		C0 600 
		T0 177 
		P 330 
		N 340 
		C0 601 
		T0 176 
		P 331 
		N 339 
		C0 602 
		T0 175 
		P 252 
		N 336 
		C0 603 
		T0 332 
		P 324 
		N 336 
		C0 604 
		T0 332 
		P 325 
		N 341 
		C0 605 
		T0 332 
		P 330 
		N 340 
		C0 606 
		T0 182 
		P 328 
		N 340 
		C0 607 
		T0 185 
		P 327 
		N 342 
		C0 608 
		T0 184 
		P 326 
		N 342 
		C0 609 
		T0 183 
		P 256 
		N 343 
		C0 610 
		T0 187 
		P 327 
		N 343 
		C0 611 
		T0 186 
		P 320 
		N 344 
		C0 612 
		T0 189 
		P 319 
		N 344 
		C0 613 
		T0 188 
		P 329 
		N 339 
		C0 614 
		T0 190 
		P 331 
		N 339 
		C0 615 
		T0 193 
		P 321 
		N 345 
		C0 616 
		T0 192 
		P 320 
		N 345 
		C0 617 
		T0 191 
		P 332 
		N 346 
		C0 618 
		T0 333 
		P 323 
		N 346 
		C0 619 
		T0 194 
		P 253 
		N 347 
		C0 620 
		T0 196 
		P 130 
		N 125 
		C0 621 
		T0 128 
		P 333 
		N 348 
		C0 622 
		T0 334 
		P 117 
		N 267 
		C0 623 
		T0 335 
		P 120 
		N 267 
		C0 624 
		T0 336 
		P 334 
		N 267 
		C0 625 
		T0 337 
		P 335 
		N 267 
		C0 626 
		T0 338 
		P 319 
		N 267 
		C0 627 
		T0 339 
		P 336 
		N 267 
		C0 628 
		T0 340 
		P 337 
		N 267 
		C0 629 
		T0 341 
		P 320 
		N 267 
		C0 630 
		T0 342 
		P 323 
		N 125 
		C0 631 
		T0 162 
		P 331 
		N 125 
		C0 632 
		T0 165 
		P 330 
		N 125 
		C0 633 
		T0 164 
		P 324 
		N 125 
		C0 634 
		T0 163 
		P 130 
		N 349 
		C0 635 
		T0 324 
		P 129 
		N 350 
		C0 636 
		T0 327 
		P 122 
		N 350 
		C0 637 
		T0 326 
		P 121 
		N 349 
		C0 638 
		T0 325 
		P 326 
		N 351 
		C0 639 
		T0 343 
		P 338 
		N 351 
		C0 640 
		T0 344 
		P 330 
		N 351 
		C0 641 
		T0 345 
		P 129 
		N 350 
		C0 642 
		T0 332 
		P 125 
		N 352 
		C0 643 
		T0 332 
		P 122 
		N 350 
		C0 644 
		T0 332 
		P 133 
		N 353 
		C0 645 
		T0 179 
		P 125 
		N 353 
		C0 646 
		T0 166 
		P 128 
		N 353 
		C0 647 
		T0 169 
		P 134 
		N 353 
		C0 648 
		T0 180 
		P 123 
		N 354 
		C0 649 
		T0 345 
		P 134 
		N 354 
		C0 650 
		T0 346 
		P 128 
		N 354 
		C0 651 
		T0 343 
		P 122 
		N 355 
		C0 652 
		T0 345 
		P 125 
		N 355 
		C0 653 
		T0 343 
		P 133 
		N 355 
		C0 654 
		T0 347 
		P 325 
		N 356 
		C0 655 
		T0 343 
		P 324 
		N 356 
		C0 656 
		T0 345 
		P 339 
		N 356 
		C0 657 
		T0 344 
		P 330 
		N 357 
		C0 658 
		T0 348 
		P 338 
		N 357 
		C0 659 
		T0 349 
		P 339 
		N 357 
		C0 660 
		T0 350 
		P 324 
		N 357 
		C0 661 
		T0 351 
		P 325 
		N 358 
		C0 662 
		T0 328 
		P 339 
		N 358 
		C0 663 
		T0 350 
		P 338 
		N 358 
		C0 664 
		T0 349 
		P 326 
		N 358 
		C0 665 
		T0 329 
		P 331 
		N 359 
		C0 666 
		T0 194 
		P 340 
		N 359 
		C0 667 
		T0 352 
		P 321 
		N 359 
		C0 668 
		T0 353 
		P 321 
		N 360 
		C0 669 
		T0 354 
		P 340 
		N 360 
		C0 670 
		T0 355 
		P 332 
		N 360 
		C0 671 
		T0 356 
		P 322 
		N 360 
		C0 672 
		T0 357 
		P 332 
		N 361 
		C0 673 
		T0 333 
		P 253 
		N 361 
		C0 674 
		T0 196 
		P 322 
		N 361 
		C0 675 
		T0 353 
		P 331 
		N 362 
		C0 676 
		T0 358 
		P 323 
		N 346 
		C0 677 
		T0 359 
		P 332 
		N 346 
		C0 678 
		T0 360 
		P 340 
		N 362 
		C0 679 
		T0 361 
		P 130 
		N 363 
		C0 680 
		T0 196 
		P 135 
		N 363 
		C0 681 
		T0 195 
		P 118 
		N 363 
		C0 682 
		T0 353 
		P 124 
		N 364 
		C0 683 
		T0 194 
		P 119 
		N 364 
		C0 684 
		T0 353 
		P 341 
		N 364 
		C0 685 
		T0 362 
		P 118 
		N 365 
		C0 686 
		T0 357 
		P 135 
		N 365 
		C0 687 
		T0 356 
		P 341 
		N 365 
		C0 688 
		T0 355 
		P 119 
		N 365 
		C0 689 
		T0 354 
		P 124 
		N 366 
		C0 690 
		T0 358 
		P 341 
		N 366 
		C0 691 
		T0 361 
		P 135 
		N 136 
		C0 692 
		T0 363 
		P 121 
		N 136 
		C0 693 
		T0 364 
		P 333 
		N 112 
		C0 694 
		T0 365 
		P 342 
		N 112 
		C0 695 
		T0 366 
		P 343 
		N 112 
		C0 696 
		T0 367 
		P 344 
		N 112 
		C0 697 
		T0 368 
		P 345 
		N 367 
		C0 698 
		T0 369 
		P 346 
		N 367 
		C0 699 
		T0 370 
		P 347 
		N 367 
		C0 700 
		T0 371 
		P 344 
		N 367 
		C0 701 
		T0 372 
		P 348 
		N 368 
		C0 702 
		T0 373 
		P 349 
		N 368 
		C0 703 
		T0 374 
		P 343 
		N 368 
		C0 704 
		T0 375 
		P 342 
		N 368 
		C0 705 
		T0 376 
		P 350 
		N 282 
		C0 706 
		T0 283 
		P 351 
		N 282 
		C0 707 
		T0 284 
		P 352 
		N 282 
		C0 708 
		T0 285 
		P 353 
		N 282 
		C0 709 
		T0 286 
		P 354 
		N 369 
		C0 710 
		T0 369 
		P 355 
		N 369 
		C0 711 
		T0 370 
		P 356 
		N 369 
		C0 712 
		T0 377 
		P 357 
		N 369 
		C0 713 
		T0 378 
		P 355 
		N 267 
		C0 714 
		T0 379 
		P 358 
		N 267 
		C0 715 
		T0 380 
		P 359 
		N 370 
		C0 716 
		T0 381 
		P 356 
		N 370 
		C0 717 
		T0 382 
		P 358 
		N 371 
		C0 718 
		T0 383 
		P 360 
		N 371 
		C0 719 
		T0 384 
		P 361 
		N 371 
		C0 720 
		T0 385 
		P 359 
		N 371 
		C0 721 
		T0 377 
		P 360 
		N 18 
		C0 722 
		T0 386 
		P 354 
		N 372 
		C0 723 
		T0 387 
		P 357 
		N 373 
		C0 724 
		T0 382 
		P 361 
		N 373 
		C0 725 
		T0 381 
		P 362 
		N 222 
		C0 726 
		T0 384 
		P 363 
		N 222 
		C0 727 
		T0 383 
		P 364 
		N 222 
		C0 728 
		T0 377 
		P 365 
		N 222 
		C0 729 
		T0 385 
		P 363 
		N 267 
		C0 730 
		T0 380 
		P 346 
		N 267 
		C0 731 
		T0 379 
		P 366 
		N 370 
		C0 732 
		T0 382 
		P 364 
		N 370 
		C0 733 
		T0 381 
		P 346 
		N 374 
		C0 734 
		T0 370 
		P 345 
		N 374 
		C0 735 
		T0 369 
		P 367 
		N 374 
		C0 736 
		T0 378 
		P 366 
		N 374 
		C0 737 
		T0 377 
		P 345 
		N 372 
		C0 738 
		T0 387 
		P 362 
		N 18 
		C0 739 
		T0 386 
		P 365 
		N 373 
		C0 740 
		T0 381 
		P 367 
		N 373 
		C0 741 
		T0 382 
		P 357 
		N 375 
		C0 742 
		T0 378 
		P 356 
		N 375 
		C0 743 
		T0 377 
		P 285 
		N 375 
		C0 744 
		T0 388 
		P 284 
		N 375 
		C0 745 
		T0 389 
		P 286 
		N 376 
		C0 746 
		T0 390 
		P 285 
		N 376 
		C0 747 
		T0 391 
		P 359 
		N 290 
		C0 748 
		T0 377 
		P 361 
		N 290 
		C0 749 
		T0 385 
		P 287 
		N 290 
		C0 750 
		T0 392 
		P 286 
		N 290 
		C0 751 
		T0 393 
		P 284 
		N 377 
		C0 752 
		T0 394 
		P 287 
		N 377 
		C0 753 
		T0 395 
		P 365 
		N 204 
		C0 754 
		T0 385 
		P 364 
		N 204 
		C0 755 
		T0 377 
		P 351 
		N 204 
		C0 756 
		T0 393 
		P 350 
		N 204 
		C0 757 
		T0 392 
		P 352 
		N 376 
		C0 758 
		T0 391 
		P 351 
		N 376 
		C0 759 
		T0 390 
		P 366 
		N 334 
		C0 760 
		T0 377 
		P 367 
		N 334 
		C0 761 
		T0 378 
		P 353 
		N 334 
		C0 762 
		T0 389 
		P 352 
		N 334 
		C0 763 
		T0 388 
		P 350 
		N 377 
		C0 764 
		T0 395 
		P 353 
		N 377 
		C0 765 
		T0 394 
		P 368 
		N 378 
		C0 766 
		T0 15 
		P 369 
		N 379 
		C0 767 
		T0 12 
		P 370 
		N 380 
		C0 768 
		T0 277 
		P 371 
		N 381 
		C0 769 
		T0 276 
		P 372 
		N 382 
		C0 770 
		T0 396 
		P 373 
		N 383 
		C0 771 
		T0 397 
		P 374 
		N 384 
		C0 772 
		T0 270 
		P 375 
		N 385 
		C0 773 
		T0 272 
		P 376 
		N 386 
		C0 774 
		T0 13 
		P 377 
		N 387 
		C0 775 
		T0 398 
		P 378 
		N 388 
		C0 776 
		T0 399 
		P 379 
		N 389 
		C0 777 
		T0 400 
		P 369 
		N 379 
		C0 778 
		T0 264 
		P 368 
		N 378 
		C0 779 
		T0 269 
		P 380 
		N 138 
		C0 780 
		T0 401 
		P 372 
		N 382 
		C0 781 
		T0 402 
		P 374 
		N 384 
		C0 782 
		T0 403 
		P 376 
		N 386 
		C0 783 
		T0 404 
		P 378 
		N 388 
		C0 784 
		T0 405 
		P 371 
		N 381 
		C0 785 
		T0 406 
		P 370 
		N 380 
		C0 786 
		T0 407 
		P 381 
		N 267 
		C0 787 
		T0 401 
		P 373 
		N 383 
		C0 788 
		T0 408 
		P 375 
		N 385 
		C0 789 
		T0 265 
		P 377 
		N 387 
		C0 790 
		T0 263 
		P 379 
		N 389 
		C0 791 
		T0 409 
		P 382 
		N 390 
		C0 792 
		T0 410 
		P 383 
		N 391 
		C0 793 
		T0 411 
		P 384 
		N 391 
		C0 794 
		T0 412 
		P 385 
		N 390 
		C0 795 
		T0 413 
		P 386 
		N 392 
		C0 796 
		T0 414 
		P 387 
		N 392 
		C0 797 
		T0 415 
		P 388 
		N 272 
		C0 798 
		T0 411 
		P 389 
		N 272 
		C0 799 
		T0 412 
		P 390 
		N 393 
		C0 800 
		T0 410 
		P 391 
		N 393 
		C0 801 
		T0 413 
		P 392 
		N 394 
		C0 802 
		T0 416 
		P 393 
		N 394 
		C0 803 
		T0 417 
		P 394 
		N 395 
		C0 804 
		T0 418 
		P 395 
		N 395 
		C0 805 
		T0 418 
		P 396 
		N 396 
		C0 806 
		T0 418 
		P 397 
		N 397 
		C0 807 
		T0 418 
		P 398 
		N 398 
		C0 808 
		T0 418 
		P 399 
		N 398 
		C0 809 
		T0 418 
		P 360 
		N 399 
		C0 810 
		T0 384 
		P 358 
		N 399 
		C0 811 
		T0 383 
		P 348 
		N 399 
		C0 812 
		T0 419 
		P 342 
		N 399 
		C0 813 
		T0 420 
		P 343 
		N 400 
		C0 814 
		T0 420 
		P 349 
		N 400 
		C0 815 
		T0 419 
		P 363 
		N 400 
		C0 816 
		T0 383 
		P 362 
		N 400 
		C0 817 
		T0 384 
		P 344 
		N 112 
		C0 818 
		T0 421 
		P 343 
		N 112 
		C0 819 
		T0 422 
		P 347 
		N 267 
		C0 820 
		T0 423 
		P 255 
		N 252 
		C0 821 
		T0 424 
		P 254 
		N 251 
		C0 822 
		T0 425 
		P 288 
		N 267 
		C0 823 
		T0 426 
		P 348 
		N 267 
		C0 824 
		T0 427 
		P 347 
		N 267 
		C0 825 
		T0 428 
		P 349 
		N 267 
		C0 826 
		T0 427 
		P 344 
		N 401 
		C0 827 
		T0 429 
		P 347 
		N 125 
		C0 828 
		T0 430 
		P 254 
		N 125 
		C0 829 
		T0 290 
		P 253 
		N 125 
		C0 830 
		T0 127 
		P 348 
		N 267 
		C0 831 
		T0 431 
		P 288 
		N 267 
		C0 832 
		T0 365 
		P 347 
		N 267 
		C0 833 
		T0 368 
		P 349 
		N 267 
		C0 834 
		T0 432 
		P 333 
		N 112 
		C0 835 
		T0 421 
		P 342 
		N 112 
		C0 836 
		T0 422 
		P 354 
		N 402 
		C0 837 
		T0 369 
		P 333 
		N 402 
		C0 838 
		T0 372 
		P 288 
		N 402 
		C0 839 
		T0 371 
		P 355 
		N 402 
		C0 840 
		T0 370 
		P 288 
		N 125 
		C0 841 
		T0 126 
		P 333 
		N 125 
		C0 842 
		T0 429 
		P 130 
		N 125 
		C0 843 
		T0 127 
		P 219 
		N 125 
		C0 844 
		T0 290 
		P 400 
		N 403 
		C0 845 
		T0 433 
		P 401 
		N 404 
		C0 846 
		T0 434 
		P 402 
		N 7 
		C0 847 
		T0 435 
		P 267 
		N 7 
		C0 848 
		T0 436 
		P 403 
		N 405 
		C0 849 
		T0 437 
		P 258 
		N 7 
		C0 850 
		T0 438 
		P 402 
		N 7 
		C0 851 
		T0 439 
		P 401 
		N 404 
		C0 852 
		T0 440 
		P 403 
		N 405 
		C0 853 
		T0 441 
		P 227 
		N 406 
		C0 854 
		T0 436 
		P 227 
		N 267 
		C0 855 
		T0 442 
		P 226 
		N 267 
		C0 856 
		T0 443 
		P 265 
		N 267 
		C0 857 
		T0 444 
		P 267 
		N 267 
		C0 858 
		T0 445 
		P 70 
		N 407 
		C0 859 
		T0 446 
		P 74 
		N 407 
		C0 860 
		T0 447 
		P 71 
		N 407 
		C0 861 
		T0 448 
		P 72 
		N 407 
		C0 862 
		T0 449 
		P 73 
		N 407 
		C0 863 
		T0 450 
		P 404 
		N 138 
		C0 864 
		T0 451 
		P 405 
		N 408 
		C0 865 
		T0 451 
		P 406 
		N 409 
		C0 866 
		T0 452 
		P 277 
		N 276 
		C0 867 
		T0 453 
		P 276 
		N 275 
		C0 868 
		T0 452 
		P 278 
		N 277 
		C0 869 
		T0 451 
		P 279 
		N 278 
		C0 870 
		T0 454 
		P 280 
		N 279 
		C0 871 
		T0 455 
		P 282 
		N 281 
		C0 872 
		T0 454 
		P 281 
		N 280 
		C0 873 
		T0 456 
		P 264 
		N 410 
		C0 874 
		T0 457 
		P 224 
		N 410 
		C0 875 
		T0 458 
		P 221 
		N 410 
		C0 876 
		T0 459 
		P 260 
		N 410 
		C0 877 
		T0 460 
		P 256 
		N 411 
		C0 878 
		T0 461 
		P 126 
		N 411 
		C0 879 
		T0 462 
		P 224 
		N 411 
		C0 880 
		T0 458 
		P 264 
		N 411 
		C0 881 
		T0 457 
		P 256 
		N 411 
		C0 882 
		T0 463 
		P 255 
		N 411 
		C0 883 
		T0 464 
		P 218 
		N 411 
		C0 884 
		T0 465 
		P 126 
		N 411 
		C0 885 
		T0 466 
		P 260 
		N 412 
		C0 886 
		T0 460 
		P 221 
		N 412 
		C0 887 
		T0 459 
		P 194 
		N 412 
		C0 888 
		T0 467 
		P 292 
		N 412 
		C0 889 
		T0 468 
		P 290 
		N 412 
		C0 890 
		T0 469 
		P 291 
		N 412 
		C0 891 
		T0 470 
		P 289 
		N 412 
		C0 892 
		T0 471 
		P 407 
		N 413 
		C0 893 
		T0 472 
		P 408 
		N 414 
		C0 894 
		T0 472 
		P 409 
		N 415 
		C0 895 
		T0 472 
		P 410 
		N 416 
		C0 896 
		T0 472 
		P 411 
		N 417 
		C0 897 
		T0 472 
		P 412 
		N 418 
		C0 898 
		T0 472 
		P 413 
		N 419 
		C0 899 
		T0 472 
		P 414 
		N 420 
		C0 900 
		T0 472 
		P 415 
		N 421 
		C0 901 
		T0 472 
		P 416 
		N 415 
		C0 902 
		T0 472 
		P 398 
		N 415 
		C0 903 
		T0 472 
		P 399 
		N 421 
		C0 904 
		T0 472 
		P 417 
		N 2 
		C0 905 
		T0 472 
		P 396 
		N 2 
		C0 906 
		T0 472 
		P 418 
		N 422 
		C0 907 
		T0 472 
		P 394 
		N 422 
		C0 908 
		T0 472 
		P 419 
		N 423 
		C0 909 
		T0 472 
		P 395 
		N 423 
		C0 910 
		T0 472 
		P 420 
		N 7 
		C0 911 
		T0 472 
		P 397 
		N 7 
		C0 912 
		T0 472 
		P 421 
		N 424 
		C0 913 
		T0 472 
		P 422 
		N 425 
		C0 914 
		T0 472 
		P 423 
		N 426 
		C0 915 
		T0 472 
		P 424 
		N 427 
		C0 916 
		T0 472 
		P 425 
		N 428 
		C0 917 
		T0 472 
		P 426 
		N 429 
		C0 918 
		T0 472 
		P 427 
		N 430 
		C0 919 
		T0 472 
		P 428 
		N 431 
		C0 920 
		T0 472 
	}

	Mtl 5 { 
		{
			Name "#2" 
			Priority 32 
			Prim 145 { 
				{
					Type TRISTRIP
					Priority 32 
					Idx 4 { 8 9 11 10 }
				}
				{
					Type TRISTRIP
					Priority 32 
					Idx 6 { 24 25 27 26 28 29 }
				}
				{
					Type TRISTRIP
					Priority 32 
					Idx 4 { 128 129 131 130 }
				}
				{
					Type TRISTRIP
					Priority 32 
					Idx 4 { 161 162 160 163 }
				}
				{
					Type TRISTRIP
					Priority 32 
					Idx 4 { 165 166 164 167 }
				}
				{
					Type TRISTRIP
					Priority 32 
					Idx 6 { 170 171 169 168 197 198 }
				}
				{
					Type TRISTRIP
					Priority 32 
					Idx 4 { 175 172 174 173 }
				}
				{
					Type TRISTRIP
					Priority 32 
					Idx 4 { 180 181 183 182 }
				}
				{
					Type TRISTRIP
					Priority 32 
					Idx 4 { 185 186 184 187 }
				}
				{
					Type TRISTRIP
					Priority 32 
					Idx 4 { 188 189 191 190 }
				}
				{
					Type TRISTRIP
					Priority 32 
					Idx 4 { 193 194 196 195 }
				}
				{
					Type TRISTRIP
					Priority 32 
					Idx 4 { 201 202 200 199 }
				}
				{
					Type TRISTRIP
					Priority 32 
					Idx 4 { 207 204 206 205 }
				}
				{
					Type TRISTRIP
					Priority 32 
					Idx 4 { 210 211 209 208 }
				}
				{
					Type TRISTRIP
					Priority 32 
					Idx 4 { 215 212 214 213 }
				}
				{
					Type TRISTRIP
					Priority 32 
					Idx 4 { 222 223 221 220 }
				}
				{
					Type TRISTRIP
					Priority 32 
					Idx 4 { 226 227 225 224 }
				}
				{
					Type TRISTRIP
					Priority 32 
					Idx 4 { 229 230 228 231 }
				}
				{
					Type TRISTRIP
					Priority 32 
					Idx 4 { 236 237 239 238 }
				}
				{
					Type TRISTRIP
					Priority 32 
					Idx 4 { 243 244 245 246 }
				}
				{
					Type TRISTRIP
					Priority 32 
					Idx 4 { 279 280 281 282 }
				}
				{
					Type TRISTRIP
					Priority 32 
					Idx 6 { 336 333 335 334 402 401 }
				}
				{
					Type TRISTRIP
					Priority 32 
					Idx 6 { 343 344 346 345 412 411 }
				}
				{
					Type TRISTRIP
					Priority 32 
					Idx 7 { 362 363 361 364 365 513 514 }
				}
				{
					Type TRISTRIP2
					Priority 32 
					Idx 6 { 177 176 178 179 192 203 }
				}
				{
					Type TRISTRIP2
					Priority 32 
					Idx 12 { 359 360 355 356 351 354 352 353 357 358 520 519 }
				}
				{
					Type TRISTRIP2
					Priority 32 
					Idx 4 { 376 379 377 378 }
				}
				{
					Type TRISTRIP2
					Priority 32 
					Idx 8 { 418 417 419 420 421 422 427 428 }
				}
				{
					Type TRISTRIP2
					Priority 32 
					Idx 6 { 426 425 423 424 536 537 }
				}
				{
					Type TRISTRIP2
					Priority 32 
					Idx 5 { 433 432 429 431 430 }
				}
				{
					Type TRISTRIP
					Priority 32 
					Idx 4 { 452 453 451 454 }
				}
				{
					Type TRISTRIP
					Priority 32 
					Idx 4 { 483 484 486 485 }
				}
				{
					Type TRISTRIP
					Priority 32 
					Idx 6 { 487 488 489 821 820 822 }
				}
				{
					Type TRISTRIP
					Priority 32 
					Idx 5 { 497 448 447 449 450 }
				}
				{
					Type TRISTRIP2
					Priority 32 
					Idx 5 { 499 498 500 502 501 }
				}
				{
					Type TRISTRIP
					Priority 32 
					Idx 5 { 512 511 510 508 509 }
				}
				{
					Type TRISTRIP2
					Priority 32 
					Idx 4 { 540 539 541 542 }
				}
				{
					Type TRISTRIP2
					Priority 32 
					Idx 4 { 548 547 545 546 }
				}
				{
					Type TRISTRIP2
					Priority 32 
					Idx 4 { 554 553 555 556 }
				}
				{
					Type TRISTRIP2
					Priority 32 
					Idx 4 { 557 560 558 559 }
				}
				{
					Type TRISTRIP2
					Priority 32 
					Idx 6 { 565 568 566 567 573 574 }
				}
				{
					Type TRISTRIP2
					Priority 32 
					Idx 4 { 572 571 569 570 }
				}
				{
					Type TRISTRIP2
					Priority 32 
					Idx 4 { 577 576 578 575 }
				}
				{
					Type TRISTRIP2
					Priority 32 
					Idx 4 { 582 581 579 580 }
				}
				{
					Type TRISTRIP2
					Priority 32 
					Idx 4 { 583 586 584 585 }
				}
				{
					Type TRISTRIP2
					Priority 32 
					Idx 4 { 590 589 587 588 }
				}
				{
					Type TRISTRIP2
					Priority 32 
					Idx 4 { 591 594 592 593 }
				}
				{
					Type TRISTRIP2
					Priority 32 
					Idx 4 { 601 600 602 599 }
				}
				{
					Type TRISTRIP2
					Priority 32 
					Idx 4 { 609 608 606 607 }
				}
				{
					Type TRISTRIP2
					Priority 32 
					Idx 4 { 614 617 615 616 }
				}
				{
					Type TRISTRIP2
					Priority 32 
					Idx 4 { 625 624 626 623 }
				}
				{
					Type TRISTRIP2
					Priority 32 
					Idx 4 { 628 627 629 630 }
				}
				{
					Type TRISTRIP2
					Priority 32 
					Idx 4 { 634 633 631 632 }
				}
				{
					Type TRISTRIP2
					Priority 32 
					Idx 4 { 636 635 637 638 }
				}
				{
					Type TRISTRIP2
					Priority 32 
					Idx 4 { 647 646 648 645 }
				}
				{
					Type TRISTRIP2
					Priority 32 
					Idx 4 { 660 659 661 658 }
				}
				{
					Type TRISTRIP2
					Priority 32 
					Idx 4 { 662 665 663 664 }
				}
				{
					Type TRISTRIP2
					Priority 32 
					Idx 4 { 671 670 672 669 }
				}
				{
					Type TRISTRIP2
					Priority 32 
					Idx 4 { 678 677 679 676 }
				}
				{
					Type TRISTRIP2
					Priority 32 
					Idx 4 { 688 687 689 686 }
				}
				{
					Type TRISTRIP2
					Priority 32 
					Idx 4 { 691 690 692 693 }
				}
				{
					Type TRISTRIP2
					Priority 32 
					Idx 4 { 694 697 695 696 }
				}
				{
					Type TRISTRIP2
					Priority 32 
					Idx 4 { 701 700 698 699 }
				}
				{
					Type TRISTRIP2
					Priority 32 
					Idx 4 { 705 704 702 703 }
				}
				{
					Type TRISTRIP2
					Priority 32 
					Idx 4 { 706 709 707 708 }
				}
				{
					Type TRISTRIP2
					Priority 32 
					Idx 4 { 710 713 711 712 }
				}
				{
					Type TRISTRIP2
					Priority 32 
					Idx 4 { 719 718 720 721 }
				}
				{
					Type TRISTRIP2
					Priority 32 
					Idx 4 { 726 729 727 728 }
				}
				{
					Type TRISTRIP2
					Priority 32 
					Idx 4 { 735 734 736 737 }
				}
				{
					Type TRISTRIP2
					Priority 32 
					Idx 4 { 742 745 743 744 }
				}
				{
					Type TRISTRIP2
					Priority 32 
					Idx 4 { 749 748 750 751 }
				}
				{
					Type TRISTRIP2
					Priority 32 
					Idx 4 { 754 757 755 756 }
				}
				{
					Type TRISTRIP2
					Priority 32 
					Idx 4 { 761 760 762 763 }
				}
				{
					Type TRISTRIP2
					Priority 32 
					Idx 8 { 765 764 741 740 738 739 818 819 }
				}
				{
					Type TRISTRIP2
					Priority 32 
					Idx 4 { 813 812 810 811 }
				}
				{
					Type TRISTRIP2
					Priority 32 
					Idx 4 { 814 817 815 816 }
				}
				{
					Type TRISTRIP2
					Priority 32 
					Idx 4 { 832 831 833 834 }
				}
				{
					Type TRISTRIP2
					Priority 32 
					Idx 4 { 838 837 839 840 }
				}
				{
					Type TRISTRIP2
					Priority 32 
					Idx 4 { 843 842 844 841 }
				}
				{
					Type TRISTRIP2
					Priority 32 
					Idx 4 { 852 851 849 850 }
				}
				{
					Type TRISTRIP2
					Priority 32 
					Idx 12 { 544 375 374 373 372 370 371 370 367 369 368 515 }
				}
				{
					Type TRISTRIP2
					Priority 32 
					Idx 4 { 369 370 375 373 }
				}
				{
					Type TRISTRIP2
					Priority 32 
					Idx 10 { 829 828 830 827 493 827 845 622 496 621 }
				}
				{
					Type TRISTRIP2
					Priority 32 
					Idx 5 { 495 494 496 493 845 }
				}
				{
					Type TRISTRIP
					Priority 32 
					Idx 8 { 610 611 595 596 598 597 613 612 }
				}
				{
					Type TRISTRIP
					Priority 32 
					Idx 8 { 758 759 732 733 731 730 825 826 }
				}
				{
					Type TRISTRIP
					Priority 32 
					Idx 6 { 804 805 806 807 808 809 }
				}
				{
					Type TRISTRIP
					Priority 32 
					Idx 14 { 331 332 330 329 330 327 328 321 320 315 318 316 317 319 }
				}
				{
					Type TRISTRIP
					Priority 32 
					Idx 9 { 836 835 722 723 722 724 725 752 753 }
				}
				{
					Type TRISTRIP2
					Priority 32 
					Idx 9 { 824 823 715 714 715 717 716 747 746 }
				}
				{
					Type TRISTRIP
					Priority 32 
					Idx 9 { 538 339 517 338 518 338 407 337 408 }
				}
				{
					Type TRISTRIP2
					Priority 32 
					Idx 4 { 339 338 340 337 }
				}
				{
					Type TRISTRIP2
					Priority 32 
					Idx 9 { 507 506 405 404 406 404 403 504 503 }
				}
				{
					Type TRISTRIP
					Priority 32 
					Idx 4 { 506 404 505 504 }
				}
				{
					Type TRISTRIP
					Priority 32 
					Idx 9 { 145 142 144 143 147 146 147 148 149 }
				}
				{
					Type TRISTRIP2
					Priority 32 
					Idx 9 { 105 104 106 103 107 103 108 110 109 }
				}
				{
					Type TRISTRIP
					Priority 32 
					Idx 15 { 491 492 490 388 387 389 386 395 396 395 398 399 398 400 397 }
				}
				{
					Type TRISTRIP2
					Priority 32 
					Idx 13 { 516 437 438 440 439 440 441 443 442 443 445 444 446 }
				}
				{
					Type TRISTRIP
					Priority 32 
					Idx 4 { 437 440 444 443 }
				}
				{
					Type TRISTRIP
					Priority 32 
					Idx 22 { 409 410 390 391 392 394 393 394 416 846 848 847 848 435 434 435 436 435 415 853 394 846 }
				}
				{
					Type TRISTRIP
					Priority 32 
					Idx 7 { 415 394 414 394 413 391 410 }
				}
				{
					Type TRISTRIP2
					Priority 32 
					Idx 10 { 564 563 561 562 561 550 551 550 552 549 }
				}
				{
					Type TRISTRIP2
					Priority 32 
					Idx 13 { 152 151 150 138 135 138 136 137 136 141 136 140 139 }
				}
				{
					Type TRISTRIP
					Priority 32 
					Idx 16 { 469 466 468 467 470 463 470 471 472 473 474 473 477 473 476 475 }
				}
				{
					Type TRISTRIP
					Priority 32 
					Idx 10 { 234 235 217 218 217 219 216 219 233 232 }
				}
				{
					Type TRISTRIP
					Priority 32 
					Idx 19 { 348 347 349 326 366 326 543 326 854 326 350 326 325 324 323 324 322 341 342 }
				}
				{
					Type TRISTRIP2
					Priority 32 
					Idx 4 { 324 341 326 347 }
				}
				{
					Type TRISTRIP2
					Priority 32 
					Idx 12 { 482 481 478 480 479 480 855 480 856 480 857 858 }
				}
				{
					Type TRISTRIP2
					Priority 32 
					Idx 19 { 71 70 69 68 69 67 69 78 69 77 69 76 69 75 69 74 69 73 72 }
				}
				{
					Type TRISTRIP
					Priority 32 
					Idx 27 { 79 55 90 54 89 57 88 58 87 59 86 60 85 61 85 62 84 63 83 64 82 65 81 66 80 55 79 }
				}
				{
					Type TRISTRIP2
					Priority 32 
					Idx 23 { 55 54 56 57 56 58 56 59 56 60 56 61 56 62 56 63 56 64 56 65 56 66 55 }
				}
				{
					Type TRISTRIP
					Priority 32 
					Idx 15 { 802 792 795 793 794 796 797 798 799 798 801 800 803 802 795 }
				}
				{
					Type TRISTRIP2
					Priority 32 
					Idx 15 { 776 777 766 769 767 768 770 771 770 773 772 775 774 777 776 }
				}
				{
					Type TRISTRIP
					Priority 32 
					Idx 15 { 21 20 23 22 15 12 14 13 14 16 17 18 19 20 21 }
				}
				{
					Type TRISTRIP2
					Priority 32 
					Idx 22 { 521 524 523 527 528 526 525 531 525 532 528 530 523 529 522 533 534 535 534 521 522 523 }
				}
				{
					Type TRISTRIP2
					Priority 32 
					Idx 55 { 96 97 43 97 45 98 47 99 49 100 51 101 53 102 53 92 33 91 32 93 35 94 37 95 39 96 41 43 41 40 41 38 39 36 37 34 35 31 32 30 33 30 53 52 51 50 49 48 47 46 45 44 43 42 40 }
				}
				{
					Type TRISTRIP
					Priority 32 
					Idx 11 { 7 6 3 0 2 1 2 4 5 6 7 }
				}
				{
					Type TRISTRIP2
					Priority 32 
					Idx 16 { 261 260 262 251 252 253 263 264 263 273 263 278 272 271 262 261 }
				}
				{
					Type TRISTRIP2
					Priority 32 
					Idx 16 { 288 287 289 296 297 298 307 308 307 314 307 309 300 299 289 288 }
				}
				{
					Type TRISTRIP2
					Priority 32 
					Idx 21 { 306 305 313 312 311 310 311 301 302 290 291 290 283 286 283 285 284 294 295 305 306 }
				}
				{
					Type TRISTRIP
					Priority 32 
					Idx 20 { 126 112 125 115 124 115 123 117 122 117 118 117 116 114 127 114 111 112 113 126 }
				}
				{
					Type TRISTRIP
					Priority 32 
					Idx 4 { 112 114 115 117 }
				}
				{
					Type TRISTRIP
					Priority 32 
					Idx 9 { 119 132 120 133 120 134 120 121 119 }
				}
				{
					Type TRISTRIP2
					Priority 32 
					Idx 21 { 310 312 304 305 304 294 293 285 292 286 292 290 292 301 303 310 303 304 303 293 292 }
				}
				{
					Type TRISTRIP
					Priority 32 
					Idx 21 { 269 268 276 267 275 267 266 267 255 256 248 257 249 257 258 257 269 257 268 256 267 }
				}
				{
					Type TRISTRIP2
					Priority 32 
					Idx 19 { 274 275 277 276 270 269 259 258 259 249 250 248 247 255 254 266 265 275 274 }
				}
				{
					Type TRISTRIP
					Priority 32 
					Idx 11 { 779 784 780 783 780 782 780 781 780 778 779 }
				}
				{
					Type TRISTRIP2
					Priority 32 
					Idx 11 { 159 154 155 153 155 156 155 157 155 158 159 }
				}
				{
					Type TRISTRIP
					Priority 32 
					Idx 13 { 460 465 458 464 458 463 458 462 458 461 458 459 460 }
				}
				{
					Type TRISTRIP2
					Priority 32 
					Idx 11 { 785 791 787 790 787 789 787 788 787 786 785 }
				}
				{
					Type TRISTRIP
					Priority 32 
					Idx 3 { 242 240 241 }
				}
				{
					Type TRISTRIP2
					Priority 32 
					Idx 3 { 380 382 381 }
				}
				{
					Type TRISTRIP
					Priority 32 
					Idx 3 { 385 383 384 }
				}
				{
					Type TRISTRIP2
					Priority 32 
					Idx 3 { 455 457 456 }
				}
				{
					Type TRISTRIP
					Priority 32 
					Idx 3 { 605 603 604 }
				}
				{
					Type TRISTRIP2
					Priority 32 
					Idx 3 { 618 620 619 }
				}
				{
					Type TRISTRIP
					Priority 32 
					Idx 3 { 641 639 640 }
				}
				{
					Type TRISTRIP2
					Priority 32 
					Idx 3 { 642 644 643 }
				}
				{
					Type TRISTRIP
					Priority 32 
					Idx 3 { 651 649 650 }
				}
				{
					Type TRISTRIP2
					Priority 32 
					Idx 3 { 652 654 653 }
				}
				{
					Type TRISTRIP
					Priority 32 
					Idx 3 { 657 655 656 }
				}
				{
					Type TRISTRIP2
					Priority 32 
					Idx 3 { 666 668 667 }
				}
				{
					Type TRISTRIP
					Priority 32 
					Idx 3 { 675 673 674 }
				}
				{
					Type TRISTRIP2
					Priority 32 
					Idx 3 { 680 682 681 }
				}
				{
					Type TRISTRIP
					Priority 32 
					Idx 3 { 685 683 684 }
				}
			}

		}
		{
			Name "#3" 
			Priority 32 
			Prim 2 { 
				{
					Type TRISTRIP
					Priority 32 
					Idx 5 { 863 862 860 861 859 }
				}
				{
					Type TRISTRIP2
					Priority 32 
					Idx 16 { 873 872 865 864 866 864 867 864 868 864 869 864 870 864 871 872 }
				}
			}

		}
		{
			Name "#4" 
			Priority 32 
			Prim 2 { 
				{
					Type TRISTRIP
					Priority 32 
					Idx 4 { 263 252 272 262 }
				}
				{
					Type TRISTRIP
					Priority 32 
					Idx 4 { 307 297 300 289 }
				}
			}

		}
		{
			Name "#5" 
			Priority 32 
			Prim 4 { 
				{
					Type TRISTRIP
					Priority 32 
					Idx 4 { 876 877 875 874 }
				}
				{
					Type TRISTRIP
					Priority 32 
					Idx 4 { 880 881 879 878 }
				}
				{
					Type TRISTRIP
					Priority 32 
					Idx 4 { 885 882 884 883 }
				}
				{
					Type TRISTRIP
					Priority 32 
					Idx 9 { 887 888 886 889 886 890 886 891 892 }
				}
			}

		}
		{
			Name "#6" 
			Priority 32 
			Prim 3 { 
				{
					Type TRISTRIP
					Priority 32 
					Idx 19 { 895 896 893 899 916 897 915 894 914 913 917 916 920 915 919 915 918 914 917 }
				}
				{
					Type TRISTRIP2
					Priority 32 
					Idx 11 { 916 893 913 893 894 895 897 898 899 900 896 }
				}
				{
					Type TRISTRIP
					Priority 32 
					Idx 15 { 910 909 912 911 904 901 903 902 903 905 906 907 908 909 910 }
				}
			}

		}
	}

	Offset 0 
}
