{
	Skinned 0 
	PosSkin 0 
	Pos 374 { 
		-1.667028	1.486289	6.171972 
		1.667027	1.486289	6.171972 
		1.667027	1.558876	-1.978966 
		-1.667028	1.558876	-1.978966 
		1.667027	1.458878	-1.979617 
		-1.667028	1.458878	-1.979617 
		1.667027	1.386291	6.171320 
		-1.667028	1.386291	6.171320 
		1.666163	1.479943	6.924469 
		-1.666164	1.479943	6.924469 
		1.326734	1.208815	-2.943058 
		1.326734	1.260632	-2.975806 
		1.051040	1.260632	-2.975806 
		1.051040	1.208815	-2.943058 
		1.326734	1.260632	-3.857605 
		1.051040	1.260632	-3.857605 
		1.326734	0.775951	-4.101474 
		1.051040	0.775951	-4.101474 
		1.326734	0.724134	-4.091240 
		1.051040	0.724134	-4.091240 
		1.326734	1.208815	-3.828950 
		1.051040	1.208815	-3.828950 
		-1.326734	1.208815	-2.943058 
		-1.051040	1.208815	-2.943058 
		-1.051040	1.260632	-2.975806 
		-1.326734	1.260632	-2.975806 
		-1.051040	1.260632	-3.857605 
		-1.326734	1.260632	-3.857605 
		-1.051040	0.775951	-4.101474 
		-1.326734	0.775951	-4.101474 
		-1.051040	0.724134	-4.091240 
		-1.326734	0.724134	-4.091240 
		-1.051040	1.208815	-3.828950 
		-1.326734	1.208815	-3.828950 
		-0.741257	1.206140	-2.939826 
		-0.714544	1.204020	-3.846355 
		-0.669353	0.534825	-4.087475 
		-0.756820	0.479874	-2.948586 
		-0.828832	2.493250	-3.001646 
		-0.765737	2.544910	-3.014465 
		-0.766347	2.538860	-4.180985 
		-0.828938	2.489430	-4.139946 
		0.000320	2.577780	-3.020425 
		0.000320	2.580650	-4.232265 
		-0.828981	2.441960	-4.221515 
		-1.007330	1.727120	-4.466526 
		-1.046490	1.729750	-2.994025 
		-1.016400	0.893639	-4.464285 
		-1.042890	0.851045	-4.031345 
		-1.056710	1.061870	-3.895795 
		-1.060890	1.204600	-3.589725 
		-1.050980	1.206050	-2.988415 
		-0.993659	0.731690	-4.480165 
		-1.039110	0.724041	-4.087475 
		-0.998308	0.857812	-4.483975 
		-0.907786	0.893614	-4.537045 
		-0.901604	0.857781	-4.573415 
		-0.770453	2.477820	-4.272525 
		0.000320	2.512100	-4.313535 
		0.000320	1.726860	-4.616305 
		-0.925102	1.727000	-4.533835 
		0.000320	1.127251	-4.623539 
		-0.568073	1.127251	-4.569129 
		-0.912641	1.127251	-4.536146 
		-0.909862	0.993539	-4.536661 
		0.000320	0.710427	-4.466185 
		-0.993659	0.421372	-4.480165 
		-0.907062	0.421201	-4.532995 
		0.000320	0.893059	-4.626365 
		0.000320	0.858264	-4.652325 
		-0.799156	2.472250	-2.946065 
		0.000320	2.500080	-2.949666 
		-1.012220	1.729840	-2.942286 
		-1.027790	1.206140	-2.939826 
		0.000320	1.206140	-2.939826 
		1.012860	1.729840	-2.942286 
		0.000320	0.400408	-4.601725 
		0.669993	0.534825	-4.087475 
		0.757460	0.479874	-2.948586 
		-0.741257	1.206140	-1.205508 
		-0.756820	0.479874	-1.205568 
		0.757460	0.479874	-1.205568 
		0.741897	1.206140	-1.205508 
		0.000320	1.206140	-1.205508 
		0.000320	0.400408	-4.530756 
		0.994299	0.731690	-4.480165 
		0.715184	1.204020	-3.846355 
		0.741897	1.206140	-2.939826 
		0.766987	2.538860	-4.180985 
		0.766377	2.544910	-3.014465 
		0.829471	2.493250	-3.001646 
		0.829578	2.489430	-4.139946 
		0.829620	2.441960	-4.221515 
		1.007970	1.727120	-4.466526 
		1.047130	1.729750	-2.994025 
		1.057350	1.061870	-3.895795 
		1.043530	0.851045	-4.031345 
		1.017040	0.893640	-4.464285 
		1.061530	1.204600	-3.589725 
		1.051620	1.206050	-2.988415 
		1.039750	0.724041	-4.054306 
		0.998948	0.857812	-4.483975 
		0.902244	0.857781	-4.573415 
		0.908426	0.893614	-4.537045 
		0.771093	2.477820	-4.272525 
		0.925742	1.727000	-4.533835 
		0.000320	0.993539	-4.625153 
		0.532906	0.993539	-4.573371 
		0.910502	0.993539	-4.536660 
		0.913280	1.127251	-4.536146 
		0.799795	2.472250	-2.946065 
		1.028430	1.206140	-2.939826 
		0.907702	0.421201	-4.532995 
		0.994299	0.421373	-4.480165 
		0.891262	1.817640	-4.440546 
		0.905907	1.840900	-4.425905 
		1.056570	1.840900	-4.569955 
		1.074560	1.817640	-4.607445 
		0.920704	1.817630	-4.411106 
		1.098140	1.817630	-4.573125 
		1.051470	2.381890	-4.577365 
		1.074480	2.413420	-4.607565 
		1.098060	2.413490	-4.573246 
		0.795896	2.381890	-4.257545 
		0.787088	2.413420	-4.265475 
		0.818030	2.413490	-4.237615 
		1.013780	2.370200	-4.516756 
		1.013900	2.108130	-4.515615 
		1.184000	2.108130	-4.533495 
		1.183880	2.370200	-4.534635 
		1.095210	2.297850	-4.577439 
		1.095265	2.180320	-4.576929 
		1.014400	2.036750	-4.510826 
		1.014340	1.867640	-4.511466 
		1.184430	1.867640	-4.529335 
		1.184500	2.036750	-4.528696 
		1.095780	1.989820	-4.571989 
		1.095750	1.913990	-4.572279 
		-1.057810	1.840900	-4.569955 
		-0.907146	1.840900	-4.425905 
		-0.892501	1.817640	-4.440546 
		-1.075800	1.817640	-4.607445 
		-1.099380	1.817630	-4.573125 
		-0.921943	1.817630	-4.411106 
		-1.052710	2.381890	-4.577365 
		-1.075720	2.413420	-4.607565 
		-1.099300	2.413490	-4.573246 
		-0.797135	2.381890	-4.257545 
		-0.788327	2.413420	-4.265475 
		-0.819270	2.413490	-4.237615 
		-1.185240	2.108130	-4.533495 
		-1.015140	2.108130	-4.515615 
		-1.015020	2.370200	-4.516756 
		-1.185120	2.370200	-4.534635 
		-1.096450	2.297850	-4.577439 
		-1.096500	2.180320	-4.576929 
		-1.185670	1.867640	-4.529335 
		-1.015580	1.867640	-4.511466 
		-1.015640	2.036750	-4.510826 
		-1.185740	2.036750	-4.528696 
		-1.097020	1.989820	-4.571989 
		-1.096990	1.913990	-4.572279 
		-1.229742	0.212839	-1.425457 
		-0.759270	0.212839	-1.424989 
		-0.759270	0.289397	-1.356326 
		-1.315559	0.289397	-1.356326 
		-0.759270	0.815628	-1.356326 
		-1.315559	0.815628	-1.356326 
		-0.759270	0.892186	-1.422654 
		-1.229742	0.892186	-1.425457 
		-0.759270	0.892186	-2.722972 
		-1.229742	0.892186	-2.722504 
		-0.759270	0.815628	-2.791636 
		-1.315559	0.815628	-2.791636 
		-0.759270	0.289397	-2.791636 
		-1.315559	0.289397	-2.791636 
		-0.759270	0.212839	-2.722972 
		-1.229742	0.212839	-2.722504 
		1.229742	0.212839	-1.425457 
		1.315559	0.289397	-1.356326 
		0.759270	0.289397	-1.356326 
		0.759270	0.212839	-1.424989 
		1.315559	0.815628	-1.356326 
		0.759270	0.815628	-1.356326 
		1.229742	0.892186	-1.425457 
		0.759270	0.892186	-1.422654 
		1.229742	0.892186	-2.722504 
		0.759270	0.892186	-2.722972 
		1.315559	0.815628	-2.791636 
		0.759270	0.815628	-2.791636 
		1.315559	0.289397	-2.791636 
		0.759270	0.289397	-2.791636 
		1.229742	0.212839	-2.722504 
		0.759270	0.212839	-2.722972 
		-0.655619	0.709529	-1.205538 
		-0.486137	0.709529	-1.205538 
		-0.486137	0.490409	-0.421565 
		-0.655619	0.490409	-0.421565 
		-0.486137	0.995907	-1.205538 
		-0.655619	0.995907	-1.205538 
		-0.655619	0.995907	-0.421565 
		-0.486137	0.995907	-0.421565 
		-0.486137	0.490409	3.682173 
		-0.655618	0.490409	3.682173 
		-0.486137	0.995907	3.682173 
		-0.655618	0.995907	3.682173 
		-0.486136	0.709529	4.369432 
		-0.655618	0.709529	4.369432 
		-0.655618	0.995907	4.369432 
		-0.486136	0.995907	4.369432 
		-0.486136	0.709529	5.426363 
		-0.655618	0.709529	5.426363 
		-0.486136	0.995907	5.426363 
		-0.655618	0.995907	5.426363 
		0.486137	0.490409	-0.421565 
		0.486137	0.995907	-0.421565 
		0.486137	0.709529	-1.205538 
		0.486137	0.995907	3.682173 
		0.486137	0.490409	3.682173 
		0.486136	0.995907	4.369432 
		0.486136	0.709529	4.369432 
		0.655619	0.709529	-1.205538 
		0.655619	0.490409	-0.421565 
		0.486137	0.995907	-1.205538 
		0.655619	0.995907	-0.421565 
		0.655619	0.995907	-1.205538 
		0.655618	0.490409	3.682173 
		0.655618	0.995907	3.682173 
		0.655618	0.709529	4.369432 
		0.655618	0.995907	4.369432 
		0.655618	0.709529	5.426363 
		0.486136	0.709529	5.426363 
		0.486136	0.995907	5.426363 
		0.655618	0.995907	5.426363 
		-1.100213	0.412988	5.507839 
		-0.978990	0.412988	5.507839 
		-0.978990	0.502166	5.507839 
		-1.100213	0.502166	5.507839 
		-0.751115	0.316182	5.471232 
		0.000000	0.316182	5.471232 
		0.000000	0.598972	5.471232 
		-0.751115	0.598972	5.471232 
		-1.165939	0.598972	5.471232 
		-0.751115	1.005370	5.471232 
		-1.165939	1.005370	5.471232 
		0.000000	1.005370	5.471232 
		-0.751115	1.005370	5.414782 
		-1.165939	1.005370	5.414782 
		0.000000	1.005370	5.414782 
		-0.751115	0.598972	5.414782 
		-1.165939	0.598972	5.414782 
		-0.000000	0.598972	5.414782 
		-0.751115	0.316182	5.414782 
		-1.165939	0.316182	5.414782 
		0.000000	0.316182	5.414782 
		-1.165939	0.316182	5.471232 
		-0.789140	0.396774	5.471232 
		-1.127913	0.396774	5.471232 
		-0.789140	0.518380	5.471232 
		-1.127913	0.518380	5.471232 
		1.100213	0.412988	5.507839 
		1.100213	0.502166	5.507839 
		0.978990	0.502166	5.507839 
		0.978990	0.412988	5.507839 
		0.751115	0.316182	5.471232 
		0.751115	0.598972	5.471232 
		1.165939	0.598972	5.471232 
		1.165939	1.005370	5.471232 
		0.751115	1.005370	5.471232 
		1.165939	1.005370	5.414782 
		0.751115	1.005370	5.414781 
		1.165939	0.598972	5.414782 
		0.751115	0.598972	5.414781 
		1.165939	0.316182	5.414782 
		0.751115	0.316182	5.414782 
		1.165939	0.316182	5.471232 
		1.127913	0.396774	5.471232 
		0.789140	0.396774	5.471232 
		0.789140	0.518380	5.471231 
		1.127913	0.518380	5.471232 
		-1.322380	0.636448	4.147315 
		1.322380	0.636448	4.147315 
		1.322380	0.730896	4.147315 
		-1.322380	0.730896	4.147315 
		1.322380	1.099085	3.793181 
		-1.322380	1.099085	3.793181 
		1.322380	1.099085	2.081823 
		-1.322380	1.099085	2.081823 
		1.322380	0.730896	1.727690 
		-1.322380	0.730896	1.727690 
		1.322380	0.636448	1.727690 
		-1.322380	0.636448	1.727690 
		1.322380	1.004638	2.081823 
		-1.322380	1.004638	2.081823 
		1.322380	1.004638	3.793181 
		-1.322380	1.004638	3.793181 
		0.576188	1.127251	-4.568414 
		-0.527496	0.993539	-4.573836 
		-0.486137	1.460353	-0.335942 
		-0.486137	1.461006	-0.508516 
		0.486137	1.460353	-0.335942 
		0.486137	1.461006	-0.508516 
		-0.192194	2.639744	-2.441419 
		0.000000	2.639744	-2.441419 
		0.000000	2.771459	-2.483873 
		-0.182265	2.771459	-2.483873 
		-0.182265	2.771459	-2.686872 
		0.000000	2.771459	-2.686872 
		0.000000	2.639744	-2.729326 
		-0.192194	2.639744	-2.729326 
		-0.768775	2.639744	-2.729326 
		-0.768775	2.639744	-2.441419 
		-0.729061	2.771459	-2.483873 
		-0.729061	2.771459	-2.686872 
		-0.546796	2.771459	-2.686873 
		-0.546796	2.771459	-2.483873 
		-0.364531	2.771459	-2.686873 
		-0.364531	2.771459	-2.483873 
		0.182265	2.771459	-2.686872 
		0.182265	2.771459	-2.483873 
		0.364531	2.771459	-2.686872 
		0.364531	2.771459	-2.483873 
		0.546796	2.771459	-2.686872 
		0.546796	2.771459	-2.483873 
		0.729061	2.771459	-2.483873 
		0.729061	2.771459	-2.686872 
		0.768775	2.639744	-2.441419 
		0.576581	2.639744	-2.441419 
		0.384387	2.639744	-2.441419 
		0.192194	2.639744	-2.441419 
		0.768775	2.639744	-2.729326 
		0.576581	2.639744	-2.729326 
		0.384387	2.639744	-2.729326 
		0.192194	2.639744	-2.729326 
		-0.576581	2.639744	-2.441419 
		-0.384387	2.639744	-2.441419 
		-0.384387	2.639744	-2.729326 
		-0.576581	2.639744	-2.729326 
		0.814889	0.802088	-2.071206 
		0.733432	2.511787	-2.446286 
		0.680046	2.511787	-2.446286 
		0.761502	0.802088	-2.071206 
		0.727726	2.553748	-2.465728 
		0.727726	2.553748	-2.706407 
		0.733432	2.511787	-2.725849 
		0.680046	2.511787	-2.725849 
		0.814889	0.802088	-2.726169 
		0.761502	0.802088	-2.726169 
		-0.814889	0.802088	-2.071206 
		-0.761502	0.802088	-2.071206 
		-0.680046	2.511787	-2.446286 
		-0.733432	2.511787	-2.446286 
		-0.727726	2.553748	-2.465728 
		-0.727726	2.553748	-2.706407 
		-0.680046	2.511787	-2.725849 
		-0.733432	2.511787	-2.725849 
		-0.761502	0.802088	-2.726169 
		-0.814889	0.802088	-2.726169 
		-0.426029	2.611531	-2.666946 
		-0.534939	2.611531	-2.666946 
		-0.426029	2.611531	-2.503799 
		-0.534939	2.611531	-2.503799 
		-0.426029	2.546951	-2.666946 
		-0.534939	2.546951	-2.666946 
		-0.426029	2.546951	-2.503799 
		-0.534939	2.546951	-2.503799 
		0.534939	2.611531	-2.666946 
		0.426029	2.611531	-2.666946 
		0.426029	2.611531	-2.503799 
		0.534939	2.611531	-2.503799 
		0.534939	2.546951	-2.666946 
		0.426029	2.546951	-2.666946 
		0.426029	2.546951	-2.503799 
		0.534939	2.546951	-2.503799 
	}

	Nrm 269 { 
		0.000000	1.000000	0.015625 
		0.000000	0.000000	-1.000000 
		0.000000	-1.000000	-0.015625 
		0.000000	-1.000000	0.062500 
		1.000000	0.000000	0.000000 
		-1.000000	0.000000	0.000000 
		0.000000	-1.000000	0.125000 
		0.000000	0.531250	0.843750 
		0.000000	1.000000	0.000000 
		0.000000	0.843750	-0.531250 
		0.000000	0.453125	-0.890625 
		0.000000	-0.187500	-0.984375 
		0.000000	-0.468750	0.875000 
		0.000000	-0.859375	0.515625 
		0.000000	-1.000000	0.000000 
		-1.000000	0.000000	-0.031250 
		-1.000000	-0.015625	-0.062500 
		-0.875000	0.453125	0.218750 
		-0.265625	0.921875	0.281250 
		-0.500000	0.828125	-0.234375 
		-0.843750	0.515625	-0.125000 
		0.000000	0.843750	0.531250 
		0.000000	0.953125	-0.312500 
		-0.875000	0.390625	-0.281250 
		-0.937500	0.187500	-0.296875 
		-0.953125	0.109375	0.265625 
		-0.859375	-0.046875	-0.500000 
		-0.984375	-0.109375	-0.093750 
		-1.000000	0.015625	-0.062500 
		-1.000000	0.031250	-0.015625 
		-0.968750	0.015625	0.234375 
		-0.875000	-0.015625	-0.484375 
		-1.000000	0.015625	-0.109375 
		-0.843750	0.046875	-0.531250 
		-0.343750	0.250000	-0.906250 
		-0.406250	0.328125	-0.843750 
		-0.406250	0.593750	-0.687500 
		0.000000	0.500000	-0.859375 
		0.000000	0.125000	-0.984375 
		-0.359375	0.187500	-0.921875 
		0.000000	0.015625	-1.000000 
		-0.093750	0.015625	-1.000000 
		-0.093750	0.000000	-1.000000 
		-0.562500	0.000000	-0.828125 
		-0.609375	0.000000	-0.796875 
		-0.093750	-0.437500	0.890625 
		0.093750	-0.531250	0.843750 
		0.203125	-0.734375	0.656250 
		0.109375	-0.984375	0.140625 
		0.296875	-0.859375	0.406250 
		-0.156250	-0.359375	0.921875 
		-0.203125	-0.406250	0.890625 
		-0.140625	-0.921875	-0.343750 
		-0.453125	-0.890625	-0.062500 
		-0.250000	-0.937500	-0.265625 
		0.000000	-0.906250	-0.437500 
		-0.625000	-0.046875	-0.781250 
		-0.312500	-0.109375	-0.937500 
		0.000000	0.468750	-0.890625 
		0.000000	0.203125	-0.984375 
		-0.296875	0.531250	0.796875 
		0.000000	0.250000	0.968750 
		-0.406250	0.078125	0.906250 
		-0.656250	0.015625	0.750000 
		0.000000	0.000000	1.000000 
		0.406250	0.078125	0.906250 
		0.000000	-0.140625	-0.984375 
		0.000000	-1.000000	-0.031250 
		0.000000	-1.000000	-0.046875 
		-0.015625	-1.000000	-0.031250 
		0.046875	0.000000	1.000000 
		-0.015625	-0.203125	0.984375 
		0.000000	-0.906250	-0.421875 
		0.250000	-0.937500	-0.265625 
		1.000000	-0.015625	-0.062500 
		1.000000	0.000000	-0.031250 
		0.500000	0.828125	-0.234375 
		0.265625	0.921875	0.281250 
		0.875000	0.453125	0.218750 
		0.843750	0.515625	-0.125000 
		0.875000	0.390625	-0.281250 
		0.937500	0.187500	-0.296875 
		0.953125	0.109375	0.265625 
		1.000000	0.015625	-0.062500 
		0.984375	-0.125000	-0.093750 
		0.859375	-0.046875	-0.500000 
		1.000000	0.031250	-0.015625 
		0.968750	0.015625	0.234375 
		1.000000	-0.015625	-0.109375 
		0.875000	-0.015625	-0.484375 
		0.843750	0.046875	-0.531250 
		0.406250	0.328125	-0.843750 
		0.343750	0.250000	-0.906250 
		0.406250	0.593750	-0.687500 
		0.359375	0.187500	-0.921875 
		0.093750	0.000000	-1.000000 
		0.562500	0.000000	-0.828125 
		0.609375	0.000000	-0.796875 
		0.015625	-0.359375	0.937500 
		-0.203125	-0.734375	0.656250 
		-0.093750	-0.531250	0.843750 
		-0.109375	-0.984375	0.140625 
		-0.296875	-0.859375	0.406250 
		0.125000	-0.312500	0.937500 
		0.000000	-0.171875	0.984375 
		0.453125	-0.890625	-0.062500 
		0.296875	0.531250	0.796875 
		0.656250	0.015625	0.750000 
		0.312500	-0.109375	-0.937500 
		0.625000	-0.046875	-0.781250 
		0.015625	-1.000000	-0.031250 
		-0.046875	0.000000	1.000000 
		0.015625	-0.203125	0.984375 
		-0.671875	0.140625	-0.718750 
		0.203125	0.953125	0.218750 
		-0.578125	0.734375	0.328125 
		-0.468750	-0.484375	-0.734375 
		0.328125	-0.875000	0.359375 
		0.937500	0.140625	0.312500 
		-0.718750	-0.703125	0.093750 
		-0.203125	0.203125	-0.953125 
		0.500000	0.484375	0.718750 
		-0.828125	-0.546875	-0.015625 
		-0.640625	0.765625	0.062500 
		0.218750	-0.265625	0.937500 
		0.109375	0.000000	1.000000 
		-0.359375	0.312500	-0.875000 
		0.437500	0.156250	-0.890625 
		-0.421875	0.093750	-0.906250 
		0.171875	-0.328125	-0.937500 
		0.218750	-0.093750	-0.968750 
		-0.609375	-0.156250	-0.765625 
		-0.359375	0.453125	-0.812500 
		0.453125	0.218750	-0.859375 
		-0.421875	0.140625	-0.890625 
		0.187500	-0.453125	-0.875000 
		0.218750	-0.125000	-0.968750 
		-0.625000	-0.218750	-0.750000 
		0.578125	0.734375	0.328125 
		-0.203125	0.953125	0.218750 
		0.671875	0.140625	-0.718750 
		0.468750	-0.484375	-0.734375 
		-0.937500	0.140625	0.312500 
		-0.328125	-0.875000	0.359375 
		0.718750	-0.703125	0.093750 
		0.203125	0.203125	-0.953125 
		-0.500000	0.484375	0.718750 
		0.828125	-0.546875	-0.015625 
		0.640625	0.765625	0.062500 
		-0.218750	-0.265625	0.937500 
		-0.109375	0.000000	1.000000 
		-0.093750	0.234375	-0.968750 
		-0.437500	0.156250	-0.890625 
		0.359375	0.312500	-0.875000 
		-0.218750	-0.093750	-0.968750 
		-0.171875	-0.328125	-0.937500 
		0.296875	-0.234375	-0.921875 
		0.609375	-0.156250	-0.765625 
		0.421875	0.093750	-0.906250 
		-0.109375	0.343750	-0.937500 
		-0.453125	0.218750	-0.859375 
		0.359375	0.453125	-0.812500 
		-0.218750	-0.125000	-0.968750 
		-0.187500	-0.453125	-0.875000 
		0.296875	-0.328125	-0.890625 
		0.625000	-0.218750	-0.750000 
		0.421875	0.140625	-0.890625 
		1.000000	0.015625	0.000000 
		-1.000000	0.015625	0.000000 
		-0.250000	-0.921875	0.281250 
		0.484375	-0.796875	0.359375 
		0.734375	-0.250000	0.640625 
		-0.593750	-0.500000	0.625000 
		0.734375	0.250000	0.640625 
		-0.593750	0.500000	0.625000 
		0.484375	0.796875	0.359375 
		-0.250000	0.921875	0.281250 
		0.484375	0.796875	-0.359375 
		-0.250000	0.921875	-0.281250 
		0.734375	0.250000	-0.640625 
		-0.593750	0.500000	-0.625000 
		0.734375	-0.250000	-0.640625 
		-0.593750	-0.500000	-0.625000 
		0.484375	-0.796875	-0.359375 
		-0.250000	-0.921875	-0.281250 
		0.250000	-0.921875	0.281250 
		0.593750	-0.500000	0.625000 
		-0.734375	-0.250000	0.640625 
		-0.484375	-0.796875	0.359375 
		0.593750	0.500000	0.625000 
		-0.734375	0.250000	0.640625 
		0.250000	0.921875	0.281250 
		-0.484375	0.796875	0.359375 
		0.250000	0.921875	-0.281250 
		-0.484375	0.796875	-0.359375 
		0.593750	0.500000	-0.625000 
		-0.734375	0.250000	-0.640625 
		0.593750	-0.500000	-0.625000 
		-0.734375	-0.250000	-0.640625 
		0.250000	-0.921875	-0.281250 
		-0.484375	-0.796875	-0.359375 
		0.000000	-0.968750	-0.265625 
		0.000000	-0.984375	-0.187500 
		0.000000	-0.984375	-0.140625 
		0.000000	-0.984375	0.203125 
		0.000000	-0.984375	0.156250 
		0.000000	-0.093750	1.000000 
		0.000000	-0.953125	0.296875 
		-0.343750	-0.390625	0.859375 
		0.078125	-0.359375	0.937500 
		0.078125	0.359375	0.937500 
		-0.343750	0.390625	0.859375 
		0.046875	-0.265625	0.968750 
		-0.250000	-0.281250	0.921875 
		0.046875	0.265625	0.968750 
		-0.250000	0.281250	0.921875 
		0.343750	-0.390625	0.859375 
		0.343750	0.390625	0.859375 
		-0.078125	0.359375	0.937500 
		-0.078125	-0.359375	0.937500 
		0.250000	-0.281250	0.921875 
		-0.046875	-0.265625	0.968750 
		-0.046875	0.265625	0.968750 
		0.250000	0.281250	0.921875 
		0.000000	0.687500	0.718750 
		0.000000	0.921875	0.390625 
		0.000000	0.921875	-0.390625 
		0.000000	0.687500	-0.718750 
		0.000000	-0.687500	0.718750 
		0.000000	-0.921875	0.390625 
		0.000000	-0.921875	-0.390625 
		0.000000	-0.687500	-0.718750 
		0.093750	0.015625	-1.000000 
		0.000000	-0.187500	0.984375 
		0.000000	0.828125	-0.562500 
		0.000000	0.312500	0.953125 
		0.000000	0.812500	0.593750 
		0.000000	0.812500	-0.593750 
		0.000000	0.312500	-0.953125 
		-0.656250	0.406250	-0.640625 
		-0.656250	0.406250	0.640625 
		-0.453125	0.765625	0.453125 
		-0.453125	0.765625	-0.453125 
		0.453125	0.765625	0.453125 
		0.453125	0.765625	-0.453125 
		0.656250	0.406250	0.640625 
		0.656250	0.406250	-0.640625 
		0.000000	0.218750	0.984375 
		0.000000	0.359375	0.937500 
		0.000000	0.421875	0.906250 
		0.000000	0.421875	-0.906250 
		0.000000	0.218750	-0.968750 
		0.000000	0.281250	-0.953125 
		-1.000000	-0.046875	0.000000 
		1.000000	0.046875	0.000000 
		1.000000	0.093750	0.000000 
		0.984375	0.140625	0.000000 
		1.000000	-0.046875	0.000000 
		-1.000000	0.046875	0.000000 
		-1.000000	0.093750	0.000000 
		-0.984375	0.140625	0.000000 
		0.000000	-0.906250	-0.406250 
		0.000000	-0.546875	-0.843750 
		0.562500	-0.828125	0.000000 
		0.890625	-0.468750	0.000000 
		0.000000	-0.906250	0.406250 
		0.000000	-0.546875	0.843750 
		-0.562500	-0.828125	0.000000 
		-0.890625	-0.468750	0.000000 
	}

	Cpv 833 { 
		0.500000	0.500000	0.500000	0.000000 
		0.500000	0.500000	0.500000	0.000000 
		0.500000	0.500000	0.500000	0.000000 
		0.500000	0.500000	0.500000	0.000000 
		0.500000	0.500000	0.500000	0.000000 
		0.500000	0.500000	0.500000	0.000000 
		0.500000	0.500000	0.500000	0.000000 
		0.500000	0.500000	0.500000	0.000000 
		0.500000	0.500000	0.500000	0.000000 
		0.500000	0.500000	0.500000	0.000000 
		0.500000	0.500000	0.500000	0.000000 
		0.500000	0.500000	0.500000	0.000000 
		0.500000	0.500000	0.500000	0.000000 
		0.500000	0.500000	0.500000	0.000000 
		0.500000	0.500000	0.500000	0.000000 
		0.500000	0.500000	0.500000	0.000000 
		0.500000	0.500000	0.500000	0.000000 
		0.500000	0.500000	0.500000	0.000000 
		0.500000	0.500000	0.500000	0.000000 
		0.500000	0.500000	0.500000	0.000000 
		0.500022	0.431808	0.504609	0.000000 
		0.500001	0.330729	0.223686	0.000000 
		0.500022	0.431808	0.504609	0.000000 
		0.500001	0.330729	0.223686	0.000000 
		0.500022	0.431808	0.504609	0.000000 
		0.500001	0.330729	0.223686	0.000000 
		0.500000	0.500000	0.500000	0.000000 
		0.500000	0.500000	0.500000	0.000000 
		0.500000	0.500000	0.500000	0.000000 
		0.500000	0.500000	0.500000	0.000000 
		0.500000	0.500000	0.500000	0.000000 
		0.500000	0.500000	0.500000	0.000000 
		0.500000	0.500000	0.500000	0.000000 
		0.500000	0.500000	0.500000	0.000000 
		0.500000	0.500000	0.500000	0.000000 
		0.500000	0.500000	0.500000	0.000000 
		0.500000	0.500000	0.500000	0.000000 
		0.500000	0.500000	0.500000	0.000000 
		0.500000	0.500000	0.500000	0.000000 
		0.500000	0.500000	0.500000	0.000000 
		0.500000	0.500000	0.500000	0.000000 
		0.500000	0.500000	0.500000	0.000000 
		0.500000	0.500000	0.500000	0.000000 
		0.500000	0.500000	0.500000	0.000000 
		0.500000	0.500000	0.500000	0.000000 
		0.500000	0.500000	0.500000	0.000000 
		0.500000	0.500000	0.500000	0.000000 
		0.500000	0.500000	0.500000	0.000000 
		0.500000	0.500000	0.500000	0.000000 
		0.500000	0.500000	0.500000	0.000000 
		0.500000	0.500000	0.500000	0.000000 
		0.500000	0.500000	0.500000	0.000000 
		0.500000	0.500000	0.500000	0.000000 
		0.500000	0.500000	0.500000	0.000000 
		0.500000	0.500000	0.500000	0.000000 
		0.500000	0.500000	0.500000	0.000000 
		0.500000	0.500000	0.500000	0.000000 
		0.500000	0.500000	0.500000	0.000000 
		0.500000	0.500000	0.500000	0.000000 
		0.602275	0.500000	0.500000	0.000000 
		0.500000	0.500000	0.500000	0.000000 
		0.602275	0.500000	0.500000	0.000000 
		0.602275	0.500000	0.500000	0.000000 
		0.500000	0.500000	0.500000	0.000000 
		0.500000	0.500000	0.500000	0.000000 
		0.602275	0.500000	0.500000	0.000000 
		0.602275	0.500000	0.500000	0.000000 
		0.500000	0.500000	0.500000	0.000000 
		0.500000	0.500000	0.500000	0.000000 
		0.602275	0.500000	0.500000	0.000000 
		0.500000	0.500000	0.500000	0.000000 
		0.500000	0.500000	0.500000	0.000000 
		0.602275	0.500000	0.500000	0.000000 
		0.602275	0.500000	0.500000	0.000000 
		0.602275	0.500000	0.500000	0.000000 
		0.602275	0.500000	0.500000	0.000000 
		0.500000	0.500000	0.500000	0.000000 
		0.500000	0.500000	0.500000	0.000000 
		0.500000	0.500000	0.500000	0.000000 
		0.500000	0.500000	0.500000	0.000000 
		0.500000	0.500000	0.500000	0.000000 
		0.500000	0.500000	0.500000	0.000000 
		0.500000	0.321049	0.500000	0.003922 
		0.500000	0.321049	0.500000	0.003922 
		0.500000	0.321049	0.500000	0.003922 
		0.500000	0.321049	0.500000	0.003922 
		0.500000	0.332412	0.500000	0.003922 
		0.500000	0.332412	0.500000	0.003922 
		0.500000	0.321049	0.500000	0.003922 
		0.500000	0.321049	0.500000	0.003922 
		0.500000	0.321049	0.500000	0.003922 
		0.500000	0.321049	0.500000	0.003922 
		0.500000	0.321049	0.500000	0.003922 
		0.500000	0.500000	0.500000	0.000000 
		0.500000	0.500000	0.500000	0.000000 
		0.500000	0.321049	0.500000	0.003922 
		0.500000	0.500000	0.500000	0.000000 
		0.500000	0.500000	0.500000	0.000000 
		0.500000	0.500000	0.500000	0.000000 
		0.500000	0.500000	0.500000	0.000000 
		0.500000	0.500000	0.500000	0.000000 
		0.500000	0.500000	0.500000	0.000000 
		0.500000	0.500000	0.500000	0.000000 
		0.500000	0.500000	0.500000	0.000000 
		0.500000	0.500000	0.500000	0.000000 
		0.500000	0.500000	0.500000	0.000000 
		0.500000	0.500000	0.500000	0.000000 
		0.500000	0.500000	0.500000	0.000000 
		0.500000	0.321049	0.500000	0.003922 
		0.500000	0.332412	0.500000	0.003922 
		0.500000	0.332412	0.500000	0.003922 
		0.500000	0.500000	0.500000	0.000000 
		0.500000	0.500000	0.500000	0.000000 
		0.500000	0.500000	0.662590	0.000000 
		0.500000	0.500000	0.500000	0.000000 
		0.500000	0.500000	0.500000	0.000000 
		0.500000	0.500000	0.500000	0.000000 
		0.500000	0.500000	0.500000	0.000000 
		0.500000	0.500000	0.500000	0.000000 
		0.500000	0.500000	0.500000	0.000000 
		0.500000	0.500000	0.500000	0.000000 
		0.500000	0.500000	0.500000	0.000000 
		0.500000	0.500000	0.500000	0.000000 
		0.500000	0.500000	0.500000	0.000000 
		0.500000	0.500000	0.500000	0.000000 
		0.500000	0.500000	0.500000	0.000000 
		0.500000	0.500000	0.500000	0.000000 
		0.500000	0.500000	0.500000	0.000000 
		0.500000	0.500000	0.500000	0.000000 
		0.500000	0.500000	0.500000	0.000000 
		0.500000	0.500000	0.500000	0.000000 
		0.500000	0.500000	0.500000	0.000000 
		0.500000	0.500000	0.500000	0.000000 
		0.500000	0.500000	0.500000	0.000000 
		0.500000	0.500000	0.500000	0.000000 
		0.500000	0.500000	0.500000	0.000000 
		0.500000	0.500000	0.662590	0.000000 
		0.500000	0.500000	0.500000	0.000000 
		0.500000	0.500000	0.500000	0.000000 
		0.500000	0.500000	0.500000	0.000000 
		0.500000	0.500000	0.662590	0.000000 
		0.500000	0.500000	0.662590	0.000000 
		0.500000	0.321049	0.500000	0.003922 
		0.500000	0.332412	0.500000	0.003922 
		0.500000	0.321049	0.500000	0.003922 
		0.500000	0.500000	0.500000	0.000000 
		0.500000	0.500000	0.500000	0.000000 
		0.500000	0.321049	0.500000	0.003922 
		0.500000	0.500000	0.500000	0.000000 
		0.500000	0.500000	0.500000	0.000000 
		0.500000	0.500000	0.500000	0.000000 
		0.500000	0.332412	0.500000	0.003922 
		0.500000	0.321049	0.500000	0.003922 
		0.500000	0.500000	0.500000	0.000000 
		0.500000	0.500000	0.500000	0.000000 
		0.500000	0.500000	0.500000	0.000000 
		0.500000	0.500000	0.500000	0.000000 
		0.500000	0.500000	0.500000	0.000000 
		0.500000	0.500000	0.662590	0.000000 
		0.500000	0.500000	0.500000	0.000000 
		0.500000	0.500000	0.500000	0.000000 
		0.500000	0.500000	0.500000	0.000000 
		0.500000	0.500000	0.500000	0.000000 
		0.500000	0.500000	0.500000	0.000000 
		0.500000	0.500000	0.500000	0.000000 
		0.500000	0.500000	0.500000	0.000000 
		0.500000	0.500000	0.500000	0.000000 
		0.500000	0.500000	0.500000	0.000000 
		0.500000	0.500000	0.662590	0.000000 
		0.500000	0.500000	0.662590	0.000000 
		0.500000	0.500000	0.500000	0.000000 
		0.500000	0.500000	0.500000	0.000000 
		0.500000	0.500000	0.500000	0.000000 
		0.500000	0.500000	0.662590	0.000000 
		0.500000	0.500000	0.662590	0.000000 
		0.500000	0.500000	0.662590	0.000000 
		0.500000	0.500000	0.500000	0.000000 
		0.500000	0.500000	0.500000	0.000000 
		0.500000	0.500000	0.500000	0.000000 
		0.500000	0.500000	0.500000	0.000000 
		0.500000	0.500000	0.500000	0.000000 
		0.500000	0.500000	0.500000	0.000000 
		0.500000	0.500000	0.500000	0.000000 
		0.500000	0.500000	0.500000	0.000000 
		0.500000	0.500000	0.500000	0.003922 
		0.500000	0.500000	0.500000	0.003922 
		0.500000	0.500000	0.500000	0.003922 
		0.500000	0.500000	0.500000	0.003922 
		0.500000	0.500000	0.500000	0.003922 
		0.500000	0.500000	0.500000	0.003922 
		0.500000	0.500000	0.500000	0.003922 
		0.500000	0.500000	0.500000	0.000000 
		0.500000	0.500000	0.500000	0.003922 
		0.500000	0.500000	0.500000	0.003922 
		0.500000	0.500000	0.500000	0.000000 
		0.500000	0.500000	0.500000	0.003922 
		0.500000	0.500000	0.500000	0.000000 
		0.500000	0.500000	0.500000	0.000000 
		0.500000	0.500000	0.500000	0.000000 
		0.500000	0.500000	0.500000	0.000000 
		0.500000	0.500000	0.500000	0.000000 
		0.500000	0.500000	0.500000	0.000000 
		0.500000	0.500000	0.500000	0.000000 
		0.500000	0.500000	0.500000	0.000000 
		0.500000	0.500000	0.500000	0.000000 
		0.500000	0.500000	0.500000	0.000000 
		0.500000	0.500000	0.500000	0.000000 
		0.500000	0.500000	0.500000	0.000000 
		0.500000	0.500000	0.500000	0.003922 
		0.500000	0.500000	0.500000	0.000000 
		0.500000	0.500000	0.500000	0.000000 
		0.500000	0.500000	0.662590	0.000000 
		0.500000	0.500000	0.662590	0.000000 
		0.500000	0.500000	0.500000	0.000000 
		0.500000	0.500000	0.500000	0.000000 
		0.500000	0.500000	0.500000	0.000000 
		0.500000	0.500000	0.500000	0.000000 
		0.500000	0.500000	0.500000	0.000000 
		0.500000	0.500000	0.500000	0.000000 
		0.500000	0.500000	0.500000	0.000000 
		0.500000	0.500000	0.500000	0.000000 
		0.500000	0.500000	0.500000	0.000000 
		0.500000	0.500000	0.500000	0.000000 
		0.500000	0.500000	0.500000	0.000000 
		0.500000	0.500000	0.500000	0.000000 
		0.500000	0.500000	0.500000	0.000000 
		0.500000	0.500000	0.500000	0.000000 
		0.500000	0.500000	0.500000	0.000000 
		0.500000	0.500000	0.500000	0.000000 
		0.500000	0.500000	0.500000	0.000000 
		0.500000	0.500000	0.500000	0.000000 
		0.500000	0.500000	0.500000	0.000000 
		0.500000	0.500000	0.500000	0.000000 
		0.500000	0.500000	0.500000	0.003922 
		0.500000	0.500000	0.500000	0.000000 
		0.500000	0.500000	0.500000	0.000000 
		0.500000	0.500000	0.500000	0.003922 
		0.500000	0.500000	0.500000	0.003922 
		0.500000	0.500000	0.500000	0.000000 
		0.500000	0.500000	0.500000	0.000000 
		0.500000	0.500000	0.500000	0.003922 
		0.500000	0.500000	0.500000	0.000000 
		0.500000	0.500000	0.500000	0.000000 
		0.500000	0.500000	0.500000	0.000000 
		0.500000	0.500000	0.500000	0.000000 
		0.500000	0.500000	0.500000	0.000000 
		0.500000	0.500000	0.500000	0.000000 
		0.500000	0.500000	0.500000	0.000000 
		0.500000	0.500000	0.500000	0.000000 
		0.500000	0.500000	0.662590	0.000000 
		0.500000	0.500000	0.500000	0.000000 
		0.500000	0.500000	0.662590	0.000000 
		0.500000	0.500000	0.500000	0.000000 
		0.500000	0.500000	0.662590	0.000000 
		0.500000	0.500000	0.500000	0.000000 
		0.500000	0.500000	0.500000	0.000000 
		0.500000	0.500000	0.500000	0.000000 
		0.500000	0.500000	0.500000	0.000000 
		0.500000	0.500000	0.500000	0.000000 
		0.500000	0.500000	0.500000	0.000000 
		0.500000	0.500000	0.500000	0.000000 
		0.500000	0.500000	0.500000	0.000000 
		0.500000	0.500000	0.500000	0.000000 
		0.500000	0.500000	0.500000	0.003922 
		0.500000	0.500000	0.500000	0.003922 
		0.500000	0.500000	0.500000	0.003922 
		0.500000	0.500000	0.500000	0.000000 
		0.500000	0.500000	0.500000	0.000000 
		0.500000	0.500000	0.500000	0.000000 
		0.500000	0.500000	0.500000	0.000000 
		0.500000	0.500000	0.500000	0.000000 
		0.500000	0.500000	0.500000	0.000000 
		0.500000	0.500000	0.500000	0.000000 
		0.500000	0.500000	0.500000	0.000000 
		0.500000	0.500000	0.500000	0.000000 
		0.500000	0.500000	0.500000	0.000000 
		0.500000	0.500000	0.500000	0.000000 
		0.500000	0.500000	0.500000	0.000000 
		0.500000	0.500000	0.500000	0.000000 
		0.500000	0.500000	0.500000	0.000000 
		0.500000	0.500000	0.500000	0.000000 
		0.500000	0.500000	0.500000	0.000000 
		0.500000	0.500000	0.500000	0.000000 
		0.500000	0.500000	0.500000	0.000000 
		0.500000	0.500000	0.500000	0.000000 
		0.500000	0.500000	0.500000	0.000000 
		0.500000	0.500000	0.500000	0.000000 
		0.500000	0.500000	0.500000	0.000000 
		0.500000	0.500000	0.500000	0.000000 
		0.500000	0.500000	0.500000	0.000000 
		0.500000	0.500000	0.500000	0.000000 
		0.500000	0.500000	0.500000	0.000000 
		0.500000	0.500000	0.500000	0.000000 
		0.500000	0.500000	0.500000	0.000000 
		0.500000	0.500000	0.500000	0.000000 
		0.500000	0.500000	0.500000	0.000000 
		0.500000	0.500000	0.500000	0.000000 
		0.500000	0.401691	0.500000	0.003922 
		0.500000	0.401691	0.500000	0.003922 
		0.500000	0.401691	0.500000	0.003922 
		0.500000	0.500000	0.500000	0.000000 
		0.500000	0.500000	0.500000	0.000000 
		0.500000	0.500000	0.500000	0.000000 
		0.500000	0.500000	0.500000	0.000000 
		0.500000	0.500000	0.500000	0.000000 
		0.500000	0.500000	0.500000	0.000000 
		0.500000	0.500000	0.500000	0.000000 
		0.500000	0.500000	0.500000	0.000000 
		0.500000	0.500000	0.500000	0.000000 
		0.500000	0.500000	0.500000	0.000000 
		0.500000	0.500000	0.500000	0.000000 
		0.500000	0.500000	0.500000	0.000000 
		0.500000	0.500000	0.500000	0.000000 
		0.500000	0.500000	0.500000	0.000000 
		0.500000	0.500000	0.500000	0.000000 
		0.500000	0.500000	0.500000	0.000000 
		0.500000	0.500000	0.500000	0.000000 
		0.500000	0.500000	0.500000	0.000000 
		0.500000	0.500000	0.500000	0.000000 
		0.500000	0.500000	0.500000	0.000000 
		0.500000	0.500000	0.500000	0.000000 
		0.500000	0.500000	0.500000	0.000000 
		0.500000	0.500000	0.500000	0.000000 
		0.500000	0.500000	0.500000	0.000000 
		0.500000	0.500000	0.500000	0.000000 
		0.500000	0.500000	0.500000	0.000000 
		0.500000	0.500000	0.500000	0.000000 
		0.500000	0.500000	0.500000	0.000000 
		0.500000	0.500000	0.500000	0.000000 
		0.500000	0.500000	0.500000	0.000000 
		0.500000	0.500000	0.500000	0.000000 
		0.500000	0.500000	0.500000	0.000000 
		0.500000	0.500000	0.500000	0.000000 
		0.500000	0.500000	0.500000	0.000000 
		0.500000	0.500000	0.500000	0.000000 
		0.500000	0.500000	0.500000	0.000000 
		0.500000	0.546073	0.522118	0.000000 
		0.500000	0.546073	0.522118	0.000000 
		0.500000	0.550710	0.516608	0.000000 
		0.500000	0.550710	0.516608	0.000000 
		0.500000	0.549428	0.479894	0.000000 
		0.500000	0.549428	0.479894	0.000000 
		0.500000	0.544614	0.474715	0.000000 
		0.500000	0.544614	0.474715	0.000000 
		0.500000	0.544614	0.474715	0.000000 
		0.500000	0.453894	0.477883	0.000000 
		0.500000	0.453894	0.477883	0.000000 
		0.500000	0.453894	0.477883	0.000000 
		0.500000	0.449290	0.483392	0.000000 
		0.500000	0.449290	0.483392	0.000000 
		0.500000	0.450572	0.520106	0.000000 
		0.500000	0.450572	0.520106	0.000000 
		0.500000	0.455549	0.525280	0.000000 
		0.500000	0.455549	0.525280	0.000000 
		0.500000	0.500000	0.500000	0.000000 
		0.500000	0.500000	0.500000	0.000000 
		0.500000	0.500000	0.500000	0.000000 
		0.500000	0.500000	0.500000	0.000000 
		0.500000	0.500000	0.500000	0.000000 
		0.500000	0.500000	0.500000	0.000000 
		0.500000	0.500000	0.500000	0.000000 
		0.500000	0.500000	0.500000	0.000000 
		0.500000	0.500000	0.500000	0.000000 
		0.500000	0.500000	0.500000	0.000000 
		0.500000	0.500000	0.500000	0.000000 
		0.500000	0.500000	0.500000	0.000000 
		0.500000	0.500000	0.500000	0.000000 
		0.500000	0.500000	0.500000	0.000000 
		0.500000	0.500000	0.500000	0.000000 
		0.500000	0.500000	0.500000	0.000000 
		0.500000	0.500000	0.500000	0.000000 
		0.500000	0.500000	0.500000	0.000000 
		0.500000	0.500000	0.500000	0.000000 
		0.500000	0.500000	0.500000	0.000000 
		0.500000	0.500000	0.500000	0.000000 
		0.500000	0.500000	0.500000	0.000000 
		0.500000	0.500000	0.500000	0.000000 
		0.500000	0.500000	0.500000	0.000000 
		0.500000	0.500000	0.500000	0.000000 
		0.500000	0.500000	0.500000	0.000000 
		0.500000	0.500000	0.500000	0.000000 
		0.500000	0.500000	0.500000	0.000000 
		0.500000	0.500000	0.500000	0.000000 
		0.500000	0.500000	0.500000	0.000000 
		0.500000	0.500000	0.500000	0.000000 
		0.500000	0.500000	0.500000	0.000000 
		0.500000	0.500000	0.500000	0.000000 
		0.500000	0.500000	0.500000	0.000000 
		0.500000	0.500000	0.500000	0.000000 
		0.500000	0.500000	0.500000	0.000000 
		0.500000	0.500000	0.500000	0.000000 
		0.500000	0.500000	0.500000	0.000000 
		0.500000	0.500000	0.500000	0.000000 
		0.500000	0.500000	0.500000	0.000000 
		0.500000	0.500000	0.500000	0.000000 
		0.500000	0.500000	0.500000	0.000000 
		0.500000	0.500000	0.500000	0.000000 
		0.500000	0.500000	0.500000	0.000000 
		0.500000	0.500000	0.500000	0.000000 
		0.500000	0.500000	0.500000	0.000000 
		0.500000	0.500000	0.500000	0.000000 
		0.500000	0.500000	0.500000	0.000000 
		0.500000	0.500000	0.500000	0.000000 
		0.500000	0.500000	0.500000	0.000000 
		0.500000	0.500000	0.500000	0.000000 
		0.500000	0.500000	0.500000	0.000000 
		0.500000	0.500000	0.500000	0.000000 
		0.500000	0.500000	0.500000	0.000000 
		0.500000	0.500000	0.500000	0.000000 
		0.500000	0.500000	0.500000	0.000000 
		0.500000	0.500000	0.500000	0.000000 
		0.500000	0.500000	0.500000	0.000000 
		0.500000	0.500000	0.500000	0.000000 
		0.500000	0.500000	0.500000	0.000000 
		0.500000	0.500000	0.500000	0.000000 
		0.500000	0.500000	0.500000	0.000000 
		0.500000	0.500000	0.500000	0.000000 
		0.500000	0.500000	0.500000	0.000000 
		0.500000	0.500000	0.500000	0.000000 
		0.500000	0.500000	0.500000	0.000000 
		0.500000	0.500000	0.500000	0.000000 
		0.500000	0.500000	0.500000	0.000000 
		0.500000	0.500000	0.500000	0.000000 
		0.500000	0.500000	0.500000	0.000000 
		0.500000	0.500000	0.500000	0.000000 
		0.500000	0.500000	0.500000	0.000000 
		0.500000	0.500000	0.500000	0.000000 
		0.500000	0.500000	0.500000	0.000000 
		0.500000	0.500000	0.500000	0.000000 
		0.500000	0.500000	0.500000	0.000000 
		0.500000	0.500000	0.500000	0.000000 
		0.500000	0.500000	0.500000	0.000000 
		0.500000	0.500000	0.500000	0.000000 
		0.500000	0.500000	0.500000	0.000000 
		0.500000	0.500000	0.500000	0.000000 
		0.500000	0.500000	0.500000	0.000000 
		0.500000	0.500000	0.500000	0.000000 
		0.500000	0.500000	0.500000	0.000000 
		0.500000	0.500000	0.500000	0.000000 
		0.500000	0.500000	0.500000	0.000000 
		0.500000	0.500000	0.500000	0.000000 
		0.500000	0.500000	0.500000	0.000000 
		0.500000	0.500000	0.500000	0.000000 
		0.500000	0.500000	0.500000	0.000000 
		0.500000	0.500000	0.500000	0.000000 
		0.500000	0.500000	0.500000	0.000000 
		0.500000	0.500000	0.500000	0.000000 
		0.500000	0.500000	0.500000	0.000000 
		0.500000	0.500000	0.500000	0.000000 
		0.500000	0.500000	0.500000	0.000000 
		0.500000	0.500000	0.500000	0.000000 
		0.500000	0.500000	0.500000	0.000000 
		0.500000	0.500000	0.500000	0.000000 
		0.500000	0.500000	0.500000	0.000000 
		0.500000	0.500000	0.500000	0.000000 
		0.500000	0.500000	0.500000	0.000000 
		0.500000	0.500000	0.500000	0.000000 
		0.500000	0.500000	0.500000	0.000000 
		0.500000	0.500000	0.500000	0.000000 
		0.500000	0.500000	0.500000	0.000000 
		0.500000	0.500000	0.500000	0.000000 
		0.500000	0.500000	0.500000	0.000000 
		0.500000	0.500000	0.500000	0.000000 
		0.500000	0.500000	0.500000	0.000000 
		0.500000	0.500000	0.500000	0.000000 
		0.500000	0.500000	0.500000	0.000000 
		0.500000	0.500000	0.500000	0.000000 
		0.500000	0.500000	0.500000	0.000000 
		0.500000	0.500000	0.500000	0.000000 
		0.500000	0.500000	0.500000	0.000000 
		0.500000	0.500000	0.500000	0.000000 
		0.500000	0.500000	0.500000	0.000000 
		0.500000	0.500000	0.500000	0.000000 
		0.500000	0.500000	0.500000	0.000000 
		0.497579	0.537842	0.504719	0.000000 
		0.497359	0.530536	0.504719	0.000000 
		0.502734	0.530374	0.504719	0.000000 
		0.502954	0.537680	0.504719	0.000000 
		0.491109	0.579913	0.504719	0.000000 
		0.500021	0.559213	0.312544	0.000000 
		0.500021	0.500000	0.312544	0.000000 
		0.508154	0.516462	0.504719	0.000000 
		0.508909	0.541466	0.504719	0.000000 
		0.508154	0.516462	0.504719	0.000000 
		0.500000	0.500000	0.500000	0.000000 
		0.500000	0.500000	0.500000	0.000000 
		0.500021	0.500000	0.312544	0.000000 
		0.500021	0.500000	0.312544	0.000000 
		0.500000	0.500000	0.500000	0.000000 
		0.500000	0.500000	0.500000	0.000000 
		0.500000	0.500000	0.500000	0.000000 
		0.500000	0.500000	0.500000	0.000000 
		0.500021	0.500000	0.312544	0.000000 
		0.500021	0.500000	0.312544	0.000000 
		0.500000	0.500000	0.500000	0.000000 
		0.500000	0.500000	0.500000	0.000000 
		0.508154	0.516462	0.504719	0.000000 
		0.508909	0.541466	0.504719	0.000000 
		0.500021	0.500000	0.312544	0.000000 
		0.500021	0.500000	0.312544	0.000000 
		0.508909	0.541466	0.504719	0.000000 
		0.508154	0.516462	0.504719	0.000000 
		0.491109	0.579913	0.504719	0.000000 
		0.491864	0.541980	0.504719	0.000000 
		0.500021	0.500000	0.312544	0.000000 
		0.500021	0.559213	0.312544	0.000000 
		0.491864	0.541980	0.504719	0.000000 
		0.491109	0.579913	0.504719	0.000000 
		0.491109	0.579913	0.504719	0.000000 
		0.491864	0.541980	0.504719	0.000000 
		0.500021	0.559213	0.312544	0.000000 
		0.500021	0.559213	0.312544	0.000000 
		0.491864	0.541980	0.504719	0.000000 
		0.491864	0.541980	0.504719	0.000000 
		0.508909	0.541466	0.504719	0.000000 
		0.508909	0.541466	0.504719	0.000000 
		0.508909	0.541466	0.504719	0.000000 
		0.508909	0.541466	0.504719	0.000000 
		0.500000	0.500000	0.500000	0.000000 
		0.500000	0.500000	0.500000	0.000000 
		0.491864	0.541980	0.504719	0.000000 
		0.496036	0.519122	0.504719	0.000000 
		0.496652	0.539541	0.504719	0.000000 
		0.503366	0.518901	0.504719	0.000000 
		0.508909	0.541466	0.504719	0.000000 
		0.503981	0.539320	0.504719	0.000000 
		0.500000	0.500000	0.500000	0.000000 
		0.500000	0.500000	0.500000	0.000000 
		0.500000	0.500000	0.500000	0.000000 
		0.500000	0.500000	0.500000	0.000000 
		0.500000	0.500000	0.500000	0.000000 
		0.500000	0.500000	0.500000	0.000000 
		0.500000	0.500000	0.500000	0.000000 
		0.500000	0.500000	0.500000	0.000000 
		0.500000	0.500000	0.500000	0.000000 
		0.500000	0.500000	0.500000	0.000000 
		0.500000	0.500000	0.500000	0.000000 
		0.500000	0.500000	0.500000	0.000000 
		0.500000	0.500000	0.500000	0.000000 
		0.500000	0.500000	0.500000	0.000000 
		0.500000	0.500000	0.500000	0.000000 
		0.500000	0.500000	0.500000	0.000000 
		0.500000	0.500000	0.500000	0.000000 
		0.500000	0.500000	0.500000	0.000000 
		0.500000	0.500000	0.500000	0.000000 
		0.500000	0.500000	0.500000	0.000000 
		0.500000	0.500000	0.500000	0.000000 
		0.500000	0.500000	0.500000	0.000000 
		0.500000	0.500000	0.500000	0.000000 
		0.500000	0.500000	0.500000	0.000000 
		0.500000	0.500000	0.500000	0.000000 
		0.500000	0.500000	0.500000	0.000000 
		0.500000	0.500000	0.500000	0.000000 
		0.500000	0.500000	0.500000	0.000000 
		0.500000	0.500000	0.500000	0.000000 
		0.500000	0.500000	0.500000	0.000000 
		0.500000	0.500000	0.500000	0.000000 
		0.500000	0.500000	0.500000	0.000000 
		0.500000	0.500000	0.500000	0.000000 
		0.500000	0.500000	0.500000	0.000000 
		0.500000	0.500000	0.500000	0.000000 
		0.500000	0.500000	0.500000	0.000000 
		0.500000	0.500000	0.500000	0.000000 
		0.500000	0.500000	0.500000	0.000000 
		0.500000	0.500000	0.500000	0.000000 
		0.500000	0.500000	0.500000	0.000000 
		0.500000	0.774459	0.504719	0.000000 
		0.500000	0.500000	0.500000	0.000000 
		0.500000	0.500000	0.500000	0.000000 
		0.500000	0.774459	0.504719	0.000000 
		0.500000	0.774459	0.504719	0.000000 
		0.500000	0.500000	0.500000	0.000000 
		0.500000	0.500000	0.500000	0.000000 
		0.500000	0.599302	0.504719	0.000000 
		0.500000	0.500000	0.500000	0.000000 
		0.500000	0.500000	0.500000	0.000000 
		0.500000	0.500000	0.500000	0.000000 
		0.500000	0.500000	0.500000	0.000000 
		0.500000	0.500000	0.500000	0.000000 
		0.500000	0.500000	0.500000	0.000000 
		0.500000	0.500000	0.500000	0.000000 
		0.500000	0.500000	0.500000	0.000000 
		0.500000	0.500000	0.500000	0.000000 
		0.500000	0.500000	0.500000	0.000000 
		0.500000	0.500000	0.500000	0.000000 
		0.500000	0.500000	0.500000	0.000000 
		0.500000	0.500000	0.500000	0.000000 
		0.500000	0.599302	0.504719	0.000000 
		0.500000	0.500000	0.500000	0.000000 
		0.500000	0.774459	0.504719	0.000000 
		0.500000	0.500000	0.500000	0.000000 
		0.500000	0.500000	0.500000	0.000000 
		0.500000	0.500000	0.500000	0.000000 
		0.500000	0.500000	0.500000	0.000000 
		0.500000	0.500000	0.500000	0.000000 
		0.500000	0.500000	0.500000	0.000000 
		0.500000	0.500000	0.500000	0.000000 
		0.500000	0.500000	0.500000	0.000000 
		0.500000	0.500000	0.500000	0.000000 
		0.500000	0.500000	0.500000	0.000000 
		0.500000	0.500000	0.500000	0.000000 
		0.500000	0.500000	0.500000	0.000000 
		0.500000	0.599302	0.504719	0.000000 
		0.500000	0.599302	0.504719	0.000000 
		0.500000	0.774459	0.504719	0.000000 
		0.500000	0.774459	0.504719	0.000000 
		0.500000	0.500000	0.500000	0.000000 
		0.500000	0.500000	0.500000	0.000000 
		0.500000	0.500000	0.500000	0.000000 
		0.500000	0.500000	0.500000	0.000000 
		0.500000	0.500000	0.500000	0.000000 
		0.500000	0.500000	0.500000	0.000000 
		0.500000	0.500000	0.500000	0.000000 
		0.500000	0.500000	0.500000	0.000000 
		0.500000	0.500000	0.500000	0.000000 
		0.500000	0.500000	0.500000	0.000000 
		0.500000	0.500000	0.500000	0.000000 
		0.500000	0.500000	0.500000	0.000000 
		0.500000	0.500000	0.500000	0.000000 
		0.500000	0.500000	0.500000	0.000000 
		0.500000	0.500000	0.500000	0.000000 
		0.500000	0.500000	0.500000	0.000000 
		0.500000	0.500000	0.500000	0.000000 
		0.500000	0.500000	0.500000	0.000000 
		0.500000	0.500000	0.500000	0.000000 
		0.500000	0.500000	0.500000	0.000000 
		0.500000	0.500000	0.500000	0.000000 
		0.500000	0.500000	0.500000	0.000000 
		0.441642	0.455644	0.500000	0.003922 
		0.441494	0.463188	0.500000	0.003922 
		0.436324	0.463086	0.500000	0.003922 
		0.436465	0.455933	0.500000	0.003922 
		0.436465	0.455933	0.500000	0.003922 
		0.436324	0.463086	0.500000	0.003922 
		0.441494	0.463188	0.500000	0.003922 
		0.441642	0.455644	0.500000	0.003922 
		0.442086	0.433014	0.500000	0.003922 
		0.442086	0.433014	0.500000	0.003922 
		0.436886	0.434471	0.500000	0.003922 
		0.436886	0.434471	0.500000	0.003922 
		0.436746	0.441625	0.500000	0.003922 
		0.436886	0.434471	0.500000	0.003922 
		0.436886	0.434471	0.500000	0.003922 
		0.436746	0.441625	0.500000	0.003922 
		0.436605	0.448779	0.500000	0.003922 
		0.436746	0.441625	0.500000	0.003922 
		0.436746	0.441625	0.500000	0.003922 
		0.436605	0.448779	0.500000	0.003922 
		0.436605	0.448779	0.500000	0.003922 
		0.436605	0.448779	0.500000	0.003922 
		0.436465	0.455933	0.500000	0.003922 
		0.436324	0.463086	0.500000	0.003922 
		0.436465	0.455933	0.500000	0.003922 
		0.436465	0.455933	0.500000	0.003922 
		0.436324	0.463086	0.500000	0.003922 
		0.436184	0.470240	0.500000	0.003922 
		0.436324	0.463086	0.500000	0.003922 
		0.436184	0.470240	0.500000	0.003922 
		0.436043	0.477394	0.500000	0.003922 
		0.436184	0.470240	0.500000	0.003922 
		0.436184	0.470240	0.500000	0.003922 
		0.436043	0.477394	0.500000	0.003922 
		0.435903	0.484548	0.500000	0.003922 
		0.435903	0.484548	0.500000	0.003922 
		0.435763	0.491701	0.500000	0.003922 
		0.435763	0.491701	0.500000	0.003922 
		0.440902	0.493362	0.500000	0.003922 
		0.435763	0.491701	0.500000	0.003922 
		0.435903	0.484548	0.500000	0.003922 
		0.441050	0.485818	0.500000	0.003922 
		0.441198	0.478275	0.500000	0.003922 
		0.436043	0.477394	0.500000	0.003922 
		0.436184	0.470240	0.500000	0.003922 
		0.441346	0.470731	0.500000	0.003922 
		0.440902	0.493362	0.500000	0.003922 
		0.441050	0.485818	0.500000	0.003922 
		0.441198	0.478275	0.500000	0.003922 
		0.436043	0.477394	0.500000	0.003922 
		0.441198	0.478275	0.500000	0.003922 
		0.441346	0.470731	0.500000	0.003922 
		0.441346	0.470731	0.500000	0.003922 
		0.440902	0.493362	0.500000	0.003922 
		0.435763	0.491701	0.500000	0.003922 
		0.435763	0.491701	0.500000	0.003922 
		0.436746	0.441625	0.500000	0.003922 
		0.436886	0.434471	0.500000	0.003922 
		0.441938	0.440557	0.500000	0.003922 
		0.436605	0.448779	0.500000	0.003922 
		0.436746	0.441625	0.500000	0.003922 
		0.441938	0.440557	0.500000	0.003922 
		0.441790	0.448101	0.500000	0.003922 
		0.436605	0.448779	0.500000	0.003922 
		0.441790	0.448101	0.500000	0.003922 
		0.436184	0.470240	0.500000	0.003922 
		0.441346	0.470731	0.500000	0.003922 
		0.436043	0.477394	0.500000	0.003922 
		0.441198	0.478275	0.500000	0.003922 
		0.441790	0.448101	0.500000	0.003922 
		0.441938	0.440557	0.500000	0.003922 
		0.441790	0.448101	0.500000	0.003922 
		0.441938	0.440557	0.500000	0.003922 
		0.442086	0.433014	0.500000	0.003922 
		0.436043	0.477394	0.500000	0.003922 
		0.496652	0.539541	0.504719	0.000000 
		0.496036	0.519122	0.504719	0.000000 
		0.497359	0.530536	0.504719	0.000000 
		0.497579	0.537842	0.504719	0.000000 
		0.503366	0.518901	0.504719	0.000000 
		0.502734	0.530374	0.504719	0.000000 
		0.503981	0.539320	0.504719	0.000000 
		0.502954	0.537680	0.504719	0.000000 
		0.500000	0.500000	0.500000	0.000000 
		0.500000	0.500000	0.500000	0.000000 
		0.500000	0.500000	0.500000	0.000000 
		0.500000	0.500000	0.500000	0.000000 
		0.500000	0.500000	0.500000	0.000000 
		0.500000	0.500000	0.500000	0.000000 
		0.500000	0.500000	0.500000	0.000000 
		0.500000	0.500000	0.500000	0.000000 
		0.500000	0.500000	0.500000	0.000000 
		0.445951	0.492073	0.500000	0.003922 
		0.445992	0.489978	0.500000	0.003922 
		0.500000	0.500000	0.500000	0.000000 
		0.444309	0.491817	0.500000	0.003922 
		0.444309	0.491817	0.500000	0.003922 
		0.445951	0.492073	0.500000	0.003922 
		0.445992	0.489978	0.500000	0.003922 
		0.500000	0.500000	0.500000	0.000000 
		0.500000	0.500000	0.500000	0.000000 
		0.500000	0.500000	0.500000	0.000000 
		0.445992	0.489978	0.500000	0.003922 
		0.445992	0.489978	0.500000	0.003922 
		0.500000	0.500000	0.500000	0.000000 
		0.500000	0.500000	0.500000	0.000000 
		0.445951	0.492073	0.500000	0.003922 
		0.445951	0.492073	0.500000	0.003922 
		0.500000	0.500000	0.500000	0.000000 
		0.444309	0.491817	0.500000	0.003922 
		0.444309	0.491817	0.500000	0.003922 
		0.500000	0.500000	0.500000	0.000000 
		0.500000	0.500000	0.500000	0.000000 
		0.447040	0.436595	0.500000	0.003922 
		0.447081	0.434500	0.500000	0.003922 
		0.445430	0.434692	0.500000	0.003922 
		0.445430	0.434692	0.500000	0.003922 
		0.447040	0.436595	0.500000	0.003922 
		0.447081	0.434500	0.500000	0.003922 
		0.500000	0.500000	0.500000	0.000000 
		0.500000	0.500000	0.500000	0.000000 
		0.500000	0.500000	0.500000	0.000000 
		0.500000	0.500000	0.500000	0.000000 
		0.447040	0.436595	0.500000	0.003922 
		0.447040	0.436595	0.500000	0.003922 
		0.500000	0.500000	0.500000	0.000000 
		0.500000	0.500000	0.500000	0.000000 
		0.447081	0.434500	0.500000	0.003922 
		0.447081	0.434500	0.500000	0.003922 
		0.445430	0.434692	0.500000	0.003922 
		0.445430	0.434692	0.500000	0.003922 
		0.447040	0.436595	0.500000	0.003922 
		0.447040	0.436595	0.500000	0.003922 
		0.445992	0.489978	0.500000	0.003922 
		0.445992	0.489978	0.500000	0.003922 
		0.445430	0.434692	0.500000	0.003922 
		0.445430	0.434692	0.500000	0.003922 
		0.444309	0.491817	0.500000	0.003922 
		0.444309	0.491817	0.500000	0.003922 
		0.442086	0.433014	0.500000	0.003922 
		0.441938	0.440557	0.500000	0.003922 
		0.441938	0.440557	0.500000	0.003922 
		0.442086	0.433014	0.500000	0.003922 
		0.441790	0.448101	0.500000	0.003922 
		0.441642	0.455644	0.500000	0.003922 
		0.441642	0.455644	0.500000	0.003922 
		0.441790	0.448101	0.500000	0.003922 
		0.441494	0.463188	0.500000	0.003922 
		0.441494	0.463188	0.500000	0.003922 
		0.441938	0.440557	0.500000	0.003922 
		0.441790	0.448101	0.500000	0.003922 
		0.442930	0.446488	0.500000	0.003922 
		0.443013	0.442214	0.500000	0.003922 
		0.441790	0.448101	0.500000	0.003922 
		0.441790	0.448101	0.500000	0.003922 
		0.442930	0.446488	0.500000	0.003922 
		0.442930	0.446488	0.500000	0.003922 
		0.441790	0.448101	0.500000	0.003922 
		0.441938	0.440557	0.500000	0.003922 
		0.443013	0.442214	0.500000	0.003922 
		0.442930	0.446488	0.500000	0.003922 
		0.441938	0.440557	0.500000	0.003922 
		0.441938	0.440557	0.500000	0.003922 
		0.443013	0.442214	0.500000	0.003922 
		0.443013	0.442214	0.500000	0.003922 
		0.445464	0.446538	0.500000	0.003922 
		0.445548	0.442264	0.500000	0.003922 
		0.445464	0.446538	0.500000	0.003922 
		0.445464	0.446538	0.500000	0.003922 
		0.445548	0.442264	0.500000	0.003922 
		0.445464	0.446538	0.500000	0.003922 
		0.445548	0.442264	0.500000	0.003922 
		0.445548	0.442264	0.500000	0.003922 
		0.440902	0.493362	0.500000	0.003922 
		0.440902	0.493362	0.500000	0.003922 
		0.441050	0.485818	0.500000	0.003922 
		0.441050	0.485818	0.500000	0.003922 
		0.441198	0.478275	0.500000	0.003922 
		0.441198	0.478275	0.500000	0.003922 
		0.441346	0.470731	0.500000	0.003922 
		0.441346	0.470731	0.500000	0.003922 
		0.441050	0.485818	0.500000	0.003922 
		0.442189	0.484205	0.500000	0.003922 
		0.442273	0.479931	0.500000	0.003922 
		0.441198	0.478275	0.500000	0.003922 
		0.441198	0.478275	0.500000	0.003922 
		0.442273	0.479931	0.500000	0.003922 
		0.442273	0.479931	0.500000	0.003922 
		0.441198	0.478275	0.500000	0.003922 
		0.441198	0.478275	0.500000	0.003922 
		0.442273	0.479931	0.500000	0.003922 
		0.442189	0.484205	0.500000	0.003922 
		0.441050	0.485818	0.500000	0.003922 
		0.441050	0.485818	0.500000	0.003922 
		0.442189	0.484205	0.500000	0.003922 
		0.442189	0.484205	0.500000	0.003922 
		0.441050	0.485818	0.500000	0.003922 
		0.444724	0.484255	0.500000	0.003922 
		0.444808	0.479981	0.500000	0.003922 
		0.444808	0.479981	0.500000	0.003922 
		0.444808	0.479981	0.500000	0.003922 
		0.444808	0.479981	0.500000	0.003922 
		0.444724	0.484255	0.500000	0.003922 
		0.444724	0.484255	0.500000	0.003922 
		0.444724	0.484255	0.500000	0.003922 
	}

	Tex0 277 { 
		0.940430	0.142578 
		0.940430	0.480469 
		0.171875	0.480469 
		0.171875	0.142578 
		0.234375	0.156250 
		0.496094	0.156250 
		0.496094	0.141602 
		0.234375	0.141602 
		0.922852	0.480469 
		0.922852	0.142578 
		0.228516	0.477539 
		0.987305	0.468750 
		0.987305	0.478516 
		0.228516	0.487305 
		0.992188	0.480469 
		0.992188	0.142578 
		0.177734	0.484375 
		0.322266	0.107422 
		0.334961	0.107422 
		0.334961	0.124023 
		0.322266	0.124023 
		0.287109	0.103516 
		0.341797	0.103516 
		0.341797	0.124023 
		0.287109	0.124023 
		0.372070	0.103516 
		0.372070	0.124023 
		0.231445	0.116211 
		0.497070	0.106445 
		0.497070	0.119141 
		0.476563	0.121094 
		0.475586	0.108398 
		0.455078	0.119141 
		0.454102	0.106445 
		0.293945	0.110352 
		0.177734	0.108398 
		0.148438	0.013672 
		0.293945	0.008789 
		0.137695	0.321289 
		0.048828	0.902344 
		0.032227	0.883789 
		0.032227	0.892578 
		0.142578	0.344727 
		0.026367	0.336914 
		0.002930	0.222656 
		0.143555	0.223633 
		0.033203	0.343750 
		0.002930	0.089844 
		0.043945	0.083008 
		0.056641	0.117188 
		0.085938	0.139648 
		0.143555	0.139648 
		0.000977	0.064453 
		0.039063	0.062500 
		0.000977	0.083984 
		0.463867	0.589844 
		0.461914	0.583984 
		0.485352	0.583984 
		0.489258	0.589844 
		0.047852	0.890625 
		0.249023	0.900391 
		0.249023	0.897461 
		0.249023	0.741211 
		0.012695	0.743164 
		0.249023	0.639648 
		0.108398	0.639648 
		0.022461	0.639648 
		0.021484	0.741211 
		0.023438	0.597656 
		0.000977	0.597656 
		0.023438	0.615234 
		0.000977	0.716797 
		0.049805	0.285156 
		0.483398	0.562500 
		0.483398	0.508789 
		0.463867	0.508789 
		0.250000	0.589844 
		0.250000	0.583984 
		0.120117	0.333984 
		0.712891	0.696289 
		0.854492	0.863281 
		0.742188	0.857422 
		0.750977	0.583008 
		0.854492	0.583008 
		0.710938	0.583008 
		0.997070	0.696289 
		0.250000	0.505859 
		0.537109	0.115234 
		0.780273	0.715820 
		0.785156	0.636719 
		0.924805	0.636719 
		0.927734	0.715820 
		0.371094	0.558594 
		0.452148	0.902344 
		0.460938	0.892578 
		0.460938	0.883789 
		0.041992	0.062500 
		0.015625	0.583984 
		0.038086	0.583984 
		0.036133	0.589844 
		0.010742	0.589844 
		0.445313	0.890625 
		0.479492	0.741211 
		0.474609	0.597656 
		0.249023	0.596680 
		0.249023	0.615234 
		0.381836	0.615234 
		0.475586	0.615234 
		0.497070	0.597656 
		0.499023	0.716797 
		0.476563	0.639648 
		0.016602	0.562500 
		0.966797	0.857422 
		0.958984	0.583008 
		0.999023	0.583008 
		0.037109	0.508789 
		0.016602	0.508789 
		0.099609	0.545898 
		0.325195	0.725586 
		0.406250	0.725586 
		0.365234	0.720703 
		0.406250	0.706055 
		0.365234	0.711914 
		0.325195	0.706055 
		0.377930	0.720703 
		0.353516	0.711914 
		0.390625	0.720703 
		0.340820	0.711914 
		0.353516	0.720703 
		0.390625	0.711914 
		0.377930	0.711914 
		0.340820	0.720703 
		0.561523	0.123047 
		0.552734	0.123047 
		0.552734	0.109375 
		0.561523	0.109375 
		0.515625	0.113281 
		0.516602	0.011719 
		0.570313	0.123047 
		0.570313	0.109375 
		0.222656	0.008789 
		0.215820	0.015625 
		0.215820	0.059570 
		0.218750	0.067383 
		0.218750	0.052734 
		0.304688	0.068359 
		0.304688	0.052734 
		0.306641	0.059570 
		0.306641	0.015625 
		0.298828	0.008789 
		0.215820	0.064453 
		0.219727	0.072266 
		0.222656	0.072266 
		0.303711	0.072266 
		0.306641	0.064453 
		0.298828	0.072266 
		0.488281	0.573242 
		0.872070	0.124023 
		0.872070	0.119141 
		0.844727	0.115234 
		0.844727	0.124023 
		0.704102	0.124023 
		0.704102	0.115234 
		0.680664	0.119141 
		0.680664	0.124023 
		0.643555	0.124023 
		0.643555	0.119141 
		0.404297	0.125977 
		0.404297	0.106445 
		0.505859	0.106445 
		0.505859	0.125977 
		0.278320	0.110352 
		0.278320	0.124023 
		0.348633	0.124023 
		0.348633	0.110352 
		0.436523	0.112305 
		0.278320	0.116211 
		0.348633	0.116211 
		0.086914	0.439453 
		0.149414	0.439453 
		0.149414	0.487305 
		0.086914	0.487305 
		0.315430	0.108398 
		0.359375	0.108398 
		0.359375	0.125000 
		0.315430	0.125000 
		0.692383	0.000000 
		0.762695	0.000000 
		0.762695	0.068359 
		0.692383	0.068359 
		0.887695	0.000000 
		0.887695	0.068359 
		0.692383	0.023438 
		0.762695	0.023438 
		0.762695	0.029297 
		0.692383	0.029297 
		0.887695	0.023438 
		0.887695	0.029297 
		0.892578	0.068359 
		0.822266	0.068359 
		0.822266	0.000000 
		0.892578	0.000000 
		0.697266	0.068359 
		0.697266	0.000000 
		0.580078	0.122070 
		0.611328	0.122070 
		0.611328	0.109375 
		0.580078	0.109375 
		0.667969	0.122070 
		0.667969	0.109375 
		0.568359	0.109375 
		0.555664	0.109375 
		0.555664	0.122070 
		0.568359	0.122070 
		0.801758	0.000000 
		0.831055	0.000000 
		0.831055	0.069336 
		0.801758	0.069336 
		0.291016	0.108398 
		0.313477	0.113281 
		0.292969	0.113281 
		0.313477	0.120117 
		0.291016	0.125000 
		0.292969	0.120117 
		0.403320	0.108398 
		0.754883	0.122070 
		0.754883	0.109375 
		0.723633	0.109375 
		0.723633	0.122070 
		0.427734	0.108398 
		0.425781	0.113281 
		0.406250	0.113281 
		0.406250	0.120117 
		0.425781	0.120117 
		0.427734	0.125000 
		0.058594	0.296875 
		0.392578	0.639648 
		0.118164	0.615234 
		0.437500	0.592773 
		0.435547	0.592773 
		0.433594	0.594727 
		0.431641	0.592773 
		0.438477	0.594727 
		0.431641	0.594727 
		0.534180	0.696289 
		0.535156	0.812500 
		0.696289	0.812500 
		0.696289	0.696289 
		0.534180	0.689453 
		0.534180	0.580078 
		0.696289	0.596680 
		0.696289	0.672852 
		0.696289	0.583008 
		0.075195	0.470703 
		0.007813	0.470703 
		0.045898	0.468750 
		0.069336	0.468750 
		0.007813	0.456055 
		0.045898	0.458008 
		0.075195	0.456055 
		0.069336	0.458008 
		0.261719	0.435547 
		0.849609	0.500977 
		0.844727	0.500977 
		0.844727	0.516602 
		0.849609	0.516602 
		0.836914	0.500977 
		0.836914	0.516602 
		0.831055	0.500977 
		0.831055	0.516602 
		0.823242	0.500977 
		0.823242	0.516602 
		0.844727	0.550781 
		0.849609	0.550781 
		0.836914	0.550781 
		0.831055	0.550781 
		0.823242	0.550781 
	}

	Tex1 0 
	Adj 833 { 
		P 0 
		N 0 
		C0 0 
		T0 0 
		P 1 
		N 0 
		C0 1 
		T0 1 
		P 2 
		N 0 
		C0 2 
		T0 2 
		P 3 
		N 0 
		C0 3 
		T0 3 
		P 3 
		N 1 
		C0 4 
		T0 4 
		P 2 
		N 1 
		C0 5 
		T0 5 
		P 4 
		N 1 
		C0 6 
		T0 6 
		P 5 
		N 1 
		C0 7 
		T0 7 
		P 5 
		N 2 
		C0 8 
		T0 3 
		P 4 
		N 2 
		C0 9 
		T0 2 
		P 6 
		N 3 
		C0 10 
		T0 8 
		P 7 
		N 3 
		C0 11 
		T0 9 
		P 6 
		N 4 
		C0 12 
		T0 10 
		P 4 
		N 4 
		C0 13 
		T0 11 
		P 2 
		N 4 
		C0 14 
		T0 12 
		P 1 
		N 4 
		C0 15 
		T0 13 
		P 5 
		N 5 
		C0 16 
		T0 11 
		P 7 
		N 5 
		C0 17 
		T0 10 
		P 0 
		N 5 
		C0 18 
		T0 13 
		P 3 
		N 5 
		C0 19 
		T0 12 
		P 8 
		N 6 
		C0 20 
		T0 14 
		P 9 
		N 6 
		C0 21 
		T0 15 
		P 8 
		N 4 
		C0 22 
		T0 16 
		P 9 
		N 0 
		C0 23 
		T0 15 
		P 8 
		N 0 
		C0 24 
		T0 14 
		P 9 
		N 5 
		C0 25 
		T0 16 
		P 10 
		N 7 
		C0 26 
		T0 17 
		P 11 
		N 7 
		C0 27 
		T0 18 
		P 12 
		N 7 
		C0 28 
		T0 19 
		P 13 
		N 7 
		C0 29 
		T0 20 
		P 11 
		N 8 
		C0 30 
		T0 21 
		P 14 
		N 9 
		C0 31 
		T0 22 
		P 15 
		N 9 
		C0 32 
		T0 23 
		P 12 
		N 8 
		C0 33 
		T0 24 
		P 16 
		N 10 
		C0 34 
		T0 25 
		P 17 
		N 10 
		C0 35 
		T0 26 
		P 16 
		N 11 
		C0 36 
		T0 25 
		P 18 
		N 11 
		C0 37 
		T0 25 
		P 19 
		N 11 
		C0 38 
		T0 26 
		P 17 
		N 11 
		C0 39 
		T0 26 
		P 18 
		N 12 
		C0 40 
		T0 27 
		P 20 
		N 13 
		C0 41 
		T0 27 
		P 21 
		N 13 
		C0 42 
		T0 27 
		P 19 
		N 12 
		C0 43 
		T0 27 
		P 10 
		N 14 
		C0 44 
		T0 27 
		P 13 
		N 14 
		C0 45 
		T0 27 
		P 18 
		N 4 
		C0 46 
		T0 28 
		P 16 
		N 4 
		C0 47 
		T0 29 
		P 14 
		N 4 
		C0 48 
		T0 30 
		P 20 
		N 4 
		C0 49 
		T0 31 
		P 11 
		N 4 
		C0 50 
		T0 32 
		P 10 
		N 4 
		C0 51 
		T0 33 
		P 22 
		N 7 
		C0 52 
		T0 17 
		P 23 
		N 7 
		C0 53 
		T0 20 
		P 24 
		N 7 
		C0 54 
		T0 19 
		P 25 
		N 7 
		C0 55 
		T0 18 
		P 25 
		N 8 
		C0 56 
		T0 21 
		P 24 
		N 8 
		C0 57 
		T0 24 
		P 26 
		N 9 
		C0 58 
		T0 23 
		P 27 
		N 9 
		C0 59 
		T0 22 
		P 28 
		N 10 
		C0 60 
		T0 26 
		P 29 
		N 10 
		C0 61 
		T0 25 
		P 29 
		N 11 
		C0 62 
		T0 25 
		P 28 
		N 11 
		C0 63 
		T0 26 
		P 30 
		N 11 
		C0 64 
		T0 26 
		P 31 
		N 11 
		C0 65 
		T0 25 
		P 31 
		N 12 
		C0 66 
		T0 27 
		P 30 
		N 12 
		C0 67 
		T0 27 
		P 32 
		N 13 
		C0 68 
		T0 27 
		P 33 
		N 13 
		C0 69 
		T0 27 
		P 23 
		N 14 
		C0 70 
		T0 27 
		P 22 
		N 14 
		C0 71 
		T0 27 
		P 31 
		N 5 
		C0 72 
		T0 28 
		P 33 
		N 5 
		C0 73 
		T0 31 
		P 27 
		N 5 
		C0 74 
		T0 30 
		P 29 
		N 5 
		C0 75 
		T0 29 
		P 22 
		N 5 
		C0 76 
		T0 33 
		P 25 
		N 5 
		C0 77 
		T0 32 
		P 34 
		N 15 
		C0 78 
		T0 34 
		P 35 
		N 16 
		C0 79 
		T0 35 
		P 36 
		N 16 
		C0 80 
		T0 36 
		P 37 
		N 15 
		C0 81 
		T0 37 
		P 38 
		N 17 
		C0 82 
		T0 38 
		P 39 
		N 18 
		C0 83 
		T0 38 
		P 40 
		N 19 
		C0 84 
		T0 38 
		P 41 
		N 20 
		C0 85 
		T0 38 
		P 42 
		N 21 
		C0 86 
		T0 38 
		P 43 
		N 22 
		C0 87 
		T0 38 
		P 40 
		N 19 
		C0 88 
		T0 39 
		P 44 
		N 23 
		C0 89 
		T0 40 
		P 41 
		N 20 
		C0 90 
		T0 41 
		P 38 
		N 17 
		C0 91 
		T0 42 
		P 44 
		N 23 
		C0 92 
		T0 43 
		P 45 
		N 24 
		C0 93 
		T0 44 
		P 46 
		N 25 
		C0 94 
		T0 45 
		P 41 
		N 20 
		C0 95 
		T0 46 
		P 47 
		N 26 
		C0 96 
		T0 47 
		P 48 
		N 27 
		C0 97 
		T0 48 
		P 49 
		N 28 
		C0 98 
		T0 49 
		P 50 
		N 29 
		C0 99 
		T0 50 
		P 51 
		N 30 
		C0 100 
		T0 51 
		P 52 
		N 31 
		C0 101 
		T0 52 
		P 53 
		N 32 
		C0 102 
		T0 53 
		P 54 
		N 33 
		C0 103 
		T0 54 
		P 55 
		N 34 
		C0 104 
		T0 55 
		P 56 
		N 35 
		C0 105 
		T0 56 
		P 54 
		N 33 
		C0 106 
		T0 57 
		P 47 
		N 26 
		C0 107 
		T0 58 
		P 57 
		N 36 
		C0 108 
		T0 59 
		P 43 
		N 22 
		C0 109 
		T0 60 
		P 58 
		N 37 
		C0 110 
		T0 61 
		P 59 
		N 38 
		C0 111 
		T0 62 
		P 60 
		N 39 
		C0 112 
		T0 63 
		P 61 
		N 40 
		C0 113 
		T0 64 
		P 62 
		N 41 
		C0 114 
		T0 65 
		P 63 
		N 42 
		C0 115 
		T0 66 
		P 60 
		N 39 
		C0 116 
		T0 67 
		P 55 
		N 34 
		C0 117 
		T0 68 
		P 47 
		N 26 
		C0 118 
		T0 69 
		P 64 
		N 43 
		C0 119 
		T0 70 
		P 45 
		N 24 
		C0 120 
		T0 71 
		P 63 
		N 44 
		C0 121 
		T0 66 
		P 48 
		N 45 
		C0 122 
		T0 72 
		P 35 
		N 46 
		C0 123 
		T0 72 
		P 49 
		N 47 
		C0 124 
		T0 72 
		P 50 
		N 48 
		C0 125 
		T0 72 
		P 35 
		N 14 
		C0 126 
		T0 72 
		P 34 
		N 14 
		C0 127 
		T0 72 
		P 51 
		N 14 
		C0 128 
		T0 72 
		P 35 
		N 49 
		C0 129 
		T0 72 
		P 36 
		N 50 
		C0 130 
		T0 72 
		P 35 
		N 50 
		C0 131 
		T0 72 
		P 53 
		N 51 
		C0 132 
		T0 72 
		P 36 
		N 52 
		C0 133 
		T0 72 
		P 53 
		N 53 
		C0 134 
		T0 72 
		P 52 
		N 54 
		C0 135 
		T0 72 
		P 65 
		N 55 
		C0 136 
		T0 72 
		P 52 
		N 31 
		C0 137 
		T0 73 
		P 66 
		N 56 
		C0 138 
		T0 74 
		P 67 
		N 57 
		C0 139 
		T0 75 
		P 68 
		N 58 
		C0 140 
		T0 76 
		P 69 
		N 59 
		C0 141 
		T0 77 
		P 70 
		N 60 
		C0 142 
		T0 38 
		P 71 
		N 61 
		C0 143 
		T0 38 
		P 38 
		N 17 
		C0 144 
		T0 78 
		P 46 
		N 25 
		C0 145 
		T0 78 
		P 72 
		N 62 
		C0 146 
		T0 78 
		P 70 
		N 60 
		C0 147 
		T0 78 
		P 51 
		N 30 
		C0 148 
		T0 78 
		P 73 
		N 63 
		C0 149 
		T0 78 
		P 72 
		N 62 
		C0 150 
		T0 79 
		P 71 
		N 61 
		C0 151 
		T0 80 
		P 70 
		N 60 
		C0 152 
		T0 81 
		P 34 
		N 64 
		C0 153 
		T0 82 
		P 74 
		N 64 
		C0 154 
		T0 83 
		P 73 
		N 63 
		C0 155 
		T0 84 
		P 75 
		N 65 
		C0 156 
		T0 85 
		P 73 
		N 14 
		C0 157 
		T0 72 
		P 76 
		N 66 
		C0 158 
		T0 86 
		P 37 
		N 67 
		C0 159 
		T0 87 
		P 36 
		N 68 
		C0 160 
		T0 87 
		P 77 
		N 68 
		C0 161 
		T0 87 
		P 78 
		N 67 
		C0 162 
		T0 87 
		P 79 
		N 64 
		C0 163 
		T0 88 
		P 80 
		N 64 
		C0 164 
		T0 89 
		P 81 
		N 64 
		C0 165 
		T0 90 
		P 82 
		N 64 
		C0 166 
		T0 91 
		P 67 
		N 57 
		C0 167 
		T0 92 
		P 76 
		N 66 
		C0 168 
		T0 92 
		P 84 
		N 69 
		C0 169 
		T0 92 
		P 66 
		N 69 
		C0 170 
		T0 92 
		P 52 
		N 70 
		C0 171 
		T0 72 
		P 66 
		N 70 
		C0 172 
		T0 72 
		P 84 
		N 70 
		C0 173 
		T0 72 
		P 84 
		N 71 
		C0 174 
		T0 72 
		P 65 
		N 71 
		C0 175 
		T0 72 
		P 52 
		N 71 
		C0 176 
		T0 72 
		P 77 
		N 72 
		C0 177 
		T0 72 
		P 36 
		N 72 
		C0 178 
		T0 72 
		P 85 
		N 73 
		C0 179 
		T0 72 
		P 77 
		N 74 
		C0 180 
		T0 36 
		P 86 
		N 74 
		C0 181 
		T0 35 
		P 87 
		N 75 
		C0 182 
		T0 34 
		P 78 
		N 75 
		C0 183 
		T0 37 
		P 88 
		N 76 
		C0 184 
		T0 38 
		P 89 
		N 77 
		C0 185 
		T0 38 
		P 90 
		N 78 
		C0 186 
		T0 38 
		P 91 
		N 79 
		C0 187 
		T0 38 
		P 88 
		N 76 
		C0 188 
		T0 93 
		P 91 
		N 79 
		C0 189 
		T0 94 
		P 92 
		N 80 
		C0 190 
		T0 95 
		P 93 
		N 81 
		C0 191 
		T0 44 
		P 92 
		N 80 
		C0 192 
		T0 43 
		P 90 
		N 78 
		C0 193 
		T0 42 
		P 94 
		N 82 
		C0 194 
		T0 45 
		P 91 
		N 79 
		C0 195 
		T0 46 
		P 95 
		N 83 
		C0 196 
		T0 49 
		P 96 
		N 84 
		C0 197 
		T0 48 
		P 97 
		N 85 
		C0 198 
		T0 47 
		P 98 
		N 86 
		C0 199 
		T0 50 
		P 99 
		N 87 
		C0 200 
		T0 51 
		P 100 
		N 88 
		C0 201 
		T0 96 
		P 85 
		N 89 
		C0 202 
		T0 52 
		P 101 
		N 90 
		C0 203 
		T0 54 
		P 101 
		N 90 
		C0 204 
		T0 97 
		P 102 
		N 91 
		C0 205 
		T0 98 
		P 103 
		N 92 
		C0 206 
		T0 99 
		P 97 
		N 85 
		C0 207 
		T0 100 
		P 104 
		N 93 
		C0 208 
		T0 101 
		P 105 
		N 94 
		C0 209 
		T0 102 
		P 103 
		N 92 
		C0 210 
		T0 103 
		P 68 
		N 58 
		C0 211 
		T0 104 
		P 106 
		N 40 
		C0 212 
		T0 105 
		P 107 
		N 95 
		C0 213 
		T0 106 
		P 108 
		N 95 
		C0 214 
		T0 107 
		P 108 
		N 96 
		C0 215 
		T0 107 
		P 97 
		N 85 
		C0 216 
		T0 108 
		P 93 
		N 81 
		C0 217 
		T0 109 
		P 109 
		N 97 
		C0 218 
		T0 110 
		P 96 
		N 98 
		C0 219 
		T0 72 
		P 95 
		N 99 
		C0 220 
		T0 72 
		P 86 
		N 100 
		C0 221 
		T0 72 
		P 87 
		N 14 
		C0 222 
		T0 72 
		P 86 
		N 14 
		C0 223 
		T0 72 
		P 98 
		N 101 
		C0 224 
		T0 72 
		P 99 
		N 14 
		C0 225 
		T0 72 
		P 86 
		N 102 
		C0 226 
		T0 72 
		P 86 
		N 103 
		C0 227 
		T0 72 
		P 77 
		N 103 
		C0 228 
		T0 72 
		P 100 
		N 104 
		C0 229 
		T0 72 
		P 100 
		N 105 
		C0 230 
		T0 72 
		P 77 
		N 105 
		C0 231 
		T0 72 
		P 85 
		N 89 
		C0 232 
		T0 111 
		P 110 
		N 106 
		C0 233 
		T0 38 
		P 75 
		N 65 
		C0 234 
		T0 78 
		P 94 
		N 82 
		C0 235 
		T0 78 
		P 90 
		N 78 
		C0 236 
		T0 78 
		P 110 
		N 106 
		C0 237 
		T0 78 
		P 111 
		N 107 
		C0 238 
		T0 78 
		P 99 
		N 87 
		C0 239 
		T0 78 
		P 110 
		N 106 
		C0 240 
		T0 112 
		P 87 
		N 64 
		C0 241 
		T0 113 
		P 111 
		N 107 
		C0 242 
		T0 114 
		P 111 
		N 14 
		C0 243 
		T0 72 
		P 112 
		N 108 
		C0 244 
		T0 115 
		P 113 
		N 109 
		C0 245 
		T0 116 
		P 112 
		N 108 
		C0 246 
		T0 92 
		P 113 
		N 110 
		C0 247 
		T0 92 
		P 85 
		N 111 
		C0 248 
		T0 72 
		P 84 
		N 111 
		C0 249 
		T0 72 
		P 113 
		N 111 
		C0 250 
		T0 72 
		P 84 
		N 112 
		C0 251 
		T0 72 
		P 85 
		N 112 
		C0 252 
		T0 72 
		P 65 
		N 112 
		C0 253 
		T0 72 
		P 114 
		N 113 
		C0 254 
		T0 117 
		P 115 
		N 114 
		C0 255 
		T0 117 
		P 116 
		N 115 
		C0 256 
		T0 117 
		P 117 
		N 116 
		C0 257 
		T0 117 
		P 118 
		N 117 
		C0 258 
		T0 117 
		P 119 
		N 118 
		C0 259 
		T0 117 
		P 120 
		N 119 
		C0 260 
		T0 117 
		P 121 
		N 120 
		C0 261 
		T0 117 
		P 122 
		N 121 
		C0 262 
		T0 117 
		P 123 
		N 122 
		C0 263 
		T0 117 
		P 124 
		N 123 
		C0 264 
		T0 117 
		P 125 
		N 124 
		C0 265 
		T0 117 
		P 126 
		N 125 
		C0 266 
		T0 117 
		P 127 
		N 125 
		C0 267 
		T0 117 
		P 128 
		N 125 
		C0 268 
		T0 117 
		P 129 
		N 125 
		C0 269 
		T0 117 
		P 126 
		N 126 
		C0 270 
		T0 118 
		P 129 
		N 127 
		C0 271 
		T0 119 
		P 130 
		N 128 
		C0 272 
		T0 120 
		P 128 
		N 129 
		C0 273 
		T0 121 
		P 131 
		N 130 
		C0 274 
		T0 122 
		P 127 
		N 131 
		C0 275 
		T0 123 
		P 132 
		N 125 
		C0 276 
		T0 117 
		P 133 
		N 125 
		C0 277 
		T0 117 
		P 134 
		N 125 
		C0 278 
		T0 117 
		P 135 
		N 125 
		C0 279 
		T0 117 
		P 132 
		N 132 
		C0 280 
		T0 118 
		P 135 
		N 133 
		C0 281 
		T0 119 
		P 136 
		N 134 
		C0 282 
		T0 124 
		P 134 
		N 135 
		C0 283 
		T0 121 
		P 137 
		N 136 
		C0 284 
		T0 125 
		P 136 
		N 134 
		C0 285 
		T0 126 
		P 133 
		N 137 
		C0 286 
		T0 123 
		P 137 
		N 136 
		C0 287 
		T0 127 
		P 138 
		N 138 
		C0 288 
		T0 117 
		P 139 
		N 139 
		C0 289 
		T0 117 
		P 140 
		N 140 
		C0 290 
		T0 117 
		P 141 
		N 141 
		C0 291 
		T0 117 
		P 142 
		N 142 
		C0 292 
		T0 117 
		P 143 
		N 143 
		C0 293 
		T0 117 
		P 144 
		N 144 
		C0 294 
		T0 117 
		P 145 
		N 145 
		C0 295 
		T0 117 
		P 146 
		N 146 
		C0 296 
		T0 117 
		P 147 
		N 147 
		C0 297 
		T0 117 
		P 148 
		N 148 
		C0 298 
		T0 117 
		P 149 
		N 149 
		C0 299 
		T0 117 
		P 150 
		N 150 
		C0 300 
		T0 117 
		P 151 
		N 150 
		C0 301 
		T0 117 
		P 152 
		N 150 
		C0 302 
		T0 117 
		P 153 
		N 150 
		C0 303 
		T0 117 
		P 154 
		N 151 
		C0 304 
		T0 128 
		P 153 
		N 152 
		C0 305 
		T0 119 
		P 152 
		N 153 
		C0 306 
		T0 118 
		P 155 
		N 154 
		C0 307 
		T0 129 
		P 150 
		N 155 
		C0 308 
		T0 121 
		P 155 
		N 156 
		C0 309 
		T0 130 
		P 151 
		N 157 
		C0 310 
		T0 123 
		P 154 
		N 158 
		C0 311 
		T0 131 
		P 156 
		N 150 
		C0 312 
		T0 117 
		P 157 
		N 150 
		C0 313 
		T0 117 
		P 158 
		N 150 
		C0 314 
		T0 117 
		P 159 
		N 150 
		C0 315 
		T0 117 
		P 160 
		N 159 
		C0 316 
		T0 128 
		P 159 
		N 160 
		C0 317 
		T0 119 
		P 158 
		N 161 
		C0 318 
		T0 118 
		P 161 
		N 162 
		C0 319 
		T0 129 
		P 156 
		N 163 
		C0 320 
		T0 121 
		P 161 
		N 164 
		C0 321 
		T0 130 
		P 157 
		N 165 
		C0 322 
		T0 123 
		P 160 
		N 166 
		C0 323 
		T0 131 
		P 74 
		N 8 
		C0 324 
		T0 132 
		P 34 
		N 8 
		C0 325 
		T0 133 
		P 79 
		N 8 
		C0 326 
		T0 134 
		P 83 
		N 8 
		C0 327 
		T0 135 
		P 82 
		N 167 
		C0 328 
		T0 136 
		P 81 
		N 167 
		C0 329 
		T0 137 
		P 87 
		N 8 
		C0 330 
		T0 138 
		P 82 
		N 8 
		C0 331 
		T0 139 
		P 80 
		N 168 
		C0 332 
		T0 137 
		P 79 
		N 168 
		C0 333 
		T0 136 
		P 81 
		N 14 
		C0 334 
		T0 87 
		P 80 
		N 14 
		C0 335 
		T0 87 
		P 162 
		N 169 
		C0 336 
		T0 140 
		P 163 
		N 170 
		C0 337 
		T0 140 
		P 164 
		N 171 
		C0 338 
		T0 141 
		P 165 
		N 172 
		C0 339 
		T0 141 
		P 166 
		N 173 
		C0 340 
		T0 142 
		P 167 
		N 174 
		C0 341 
		T0 142 
		P 168 
		N 175 
		C0 342 
		T0 143 
		P 169 
		N 176 
		C0 343 
		T0 143 
		P 169 
		N 176 
		C0 344 
		T0 144 
		P 170 
		N 177 
		C0 345 
		T0 145 
		P 171 
		N 178 
		C0 346 
		T0 146 
		P 171 
		N 178 
		C0 347 
		T0 145 
		P 172 
		N 179 
		C0 348 
		T0 147 
		P 173 
		N 180 
		C0 349 
		T0 147 
		P 174 
		N 181 
		C0 350 
		T0 148 
		P 175 
		N 182 
		C0 351 
		T0 148 
		P 176 
		N 183 
		C0 352 
		T0 149 
		P 177 
		N 184 
		C0 353 
		T0 149 
		P 178 
		N 185 
		C0 354 
		T0 140 
		P 179 
		N 186 
		C0 355 
		T0 141 
		P 180 
		N 187 
		C0 356 
		T0 141 
		P 181 
		N 188 
		C0 357 
		T0 140 
		P 182 
		N 189 
		C0 358 
		T0 150 
		P 183 
		N 190 
		C0 359 
		T0 150 
		P 184 
		N 191 
		C0 360 
		T0 151 
		P 185 
		N 192 
		C0 361 
		T0 152 
		P 184 
		N 191 
		C0 362 
		T0 144 
		P 186 
		N 193 
		C0 363 
		T0 146 
		P 187 
		N 194 
		C0 364 
		T0 145 
		P 185 
		N 192 
		C0 365 
		T0 143 
		P 186 
		N 193 
		C0 366 
		T0 153 
		P 188 
		N 195 
		C0 367 
		T0 154 
		P 189 
		N 196 
		C0 368 
		T0 154 
		P 187 
		N 194 
		C0 369 
		T0 155 
		P 190 
		N 197 
		C0 370 
		T0 148 
		P 191 
		N 198 
		C0 371 
		T0 148 
		P 192 
		N 199 
		C0 372 
		T0 149 
		P 193 
		N 200 
		C0 373 
		T0 149 
		P 194 
		N 201 
		C0 374 
		T0 156 
		P 195 
		N 201 
		C0 375 
		T0 156 
		P 196 
		N 202 
		C0 376 
		T0 156 
		P 197 
		N 203 
		C0 377 
		T0 156 
		P 198 
		N 8 
		C0 378 
		T0 156 
		P 199 
		N 8 
		C0 379 
		T0 156 
		P 200 
		N 8 
		C0 380 
		T0 156 
		P 201 
		N 8 
		C0 381 
		T0 156 
		P 199 
		N 5 
		C0 382 
		T0 157 
		P 194 
		N 5 
		C0 383 
		T0 158 
		P 197 
		N 5 
		C0 384 
		T0 159 
		P 200 
		N 5 
		C0 385 
		T0 160 
		P 202 
		N 204 
		C0 386 
		T0 156 
		P 203 
		N 205 
		C0 387 
		T0 156 
		P 196 
		N 4 
		C0 388 
		T0 159 
		P 201 
		N 4 
		C0 389 
		T0 160 
		P 204 
		N 4 
		C0 390 
		T0 161 
		P 202 
		N 4 
		C0 391 
		T0 162 
		P 205 
		N 8 
		C0 392 
		T0 156 
		P 204 
		N 8 
		C0 393 
		T0 156 
		P 203 
		N 5 
		C0 394 
		T0 162 
		P 205 
		N 5 
		C0 395 
		T0 161 
		P 206 
		N 204 
		C0 396 
		T0 156 
		P 207 
		N 205 
		C0 397 
		T0 156 
		P 208 
		N 8 
		C0 398 
		T0 156 
		P 209 
		N 8 
		C0 399 
		T0 156 
		P 207 
		N 5 
		C0 400 
		T0 163 
		P 208 
		N 5 
		C0 401 
		T0 164 
		P 210 
		N 14 
		C0 402 
		T0 156 
		P 211 
		N 14 
		C0 403 
		T0 156 
		P 206 
		N 4 
		C0 404 
		T0 163 
		P 209 
		N 4 
		C0 405 
		T0 164 
		P 212 
		N 4 
		C0 406 
		T0 165 
		P 210 
		N 4 
		C0 407 
		T0 166 
		P 213 
		N 8 
		C0 408 
		T0 156 
		P 212 
		N 8 
		C0 409 
		T0 156 
		P 211 
		N 5 
		C0 410 
		T0 166 
		P 213 
		N 5 
		C0 411 
		T0 165 
		P 201 
		N 206 
		C0 412 
		T0 167 
		P 196 
		N 64 
		C0 413 
		T0 168 
		P 214 
		N 64 
		C0 414 
		T0 169 
		P 215 
		N 206 
		C0 415 
		T0 170 
		P 196 
		N 202 
		C0 416 
		T0 87 
		P 195 
		N 201 
		C0 417 
		T0 87 
		P 216 
		N 201 
		C0 418 
		T0 87 
		P 214 
		N 201 
		C0 419 
		T0 87 
		P 202 
		N 1 
		C0 420 
		T0 171 
		P 204 
		N 1 
		C0 421 
		T0 172 
		P 217 
		N 1 
		C0 422 
		T0 173 
		P 218 
		N 1 
		C0 423 
		T0 174 
		P 204 
		N 8 
		C0 424 
		T0 175 
		P 209 
		N 8 
		C0 425 
		T0 175 
		P 219 
		N 8 
		C0 426 
		T0 175 
		P 217 
		N 8 
		C0 427 
		T0 175 
		P 209 
		N 64 
		C0 428 
		T0 172 
		P 206 
		N 64 
		C0 429 
		T0 176 
		P 220 
		N 64 
		C0 430 
		T0 177 
		P 219 
		N 64 
		C0 431 
		T0 173 
		P 206 
		N 204 
		C0 432 
		T0 175 
		P 202 
		N 204 
		C0 433 
		T0 175 
		P 218 
		N 207 
		C0 434 
		T0 175 
		P 220 
		N 207 
		C0 435 
		T0 175 
		P 221 
		N 201 
		C0 436 
		T0 156 
		P 222 
		N 203 
		C0 437 
		T0 156 
		P 214 
		N 203 
		C0 438 
		T0 156 
		P 216 
		N 201 
		C0 439 
		T0 156 
		P 223 
		N 8 
		C0 440 
		T0 156 
		P 215 
		N 8 
		C0 441 
		T0 156 
		P 224 
		N 8 
		C0 442 
		T0 156 
		P 225 
		N 8 
		C0 443 
		T0 156 
		P 225 
		N 4 
		C0 444 
		T0 157 
		P 224 
		N 4 
		C0 445 
		T0 160 
		P 222 
		N 4 
		C0 446 
		T0 159 
		P 221 
		N 4 
		C0 447 
		T0 158 
		P 226 
		N 205 
		C0 448 
		T0 156 
		P 218 
		N 205 
		C0 449 
		T0 156 
		P 214 
		N 5 
		C0 450 
		T0 159 
		P 218 
		N 5 
		C0 451 
		T0 162 
		P 217 
		N 5 
		C0 452 
		T0 161 
		P 215 
		N 5 
		C0 453 
		T0 160 
		P 217 
		N 8 
		C0 454 
		T0 156 
		P 227 
		N 8 
		C0 455 
		T0 156 
		P 227 
		N 4 
		C0 456 
		T0 161 
		P 226 
		N 4 
		C0 457 
		T0 162 
		P 228 
		N 205 
		C0 458 
		T0 156 
		P 220 
		N 205 
		C0 459 
		T0 156 
		P 219 
		N 8 
		C0 460 
		T0 156 
		P 229 
		N 8 
		C0 461 
		T0 156 
		P 229 
		N 4 
		C0 462 
		T0 164 
		P 228 
		N 4 
		C0 463 
		T0 163 
		P 230 
		N 14 
		C0 464 
		T0 156 
		P 231 
		N 14 
		C0 465 
		T0 156 
		P 220 
		N 5 
		C0 466 
		T0 163 
		P 231 
		N 5 
		C0 467 
		T0 166 
		P 232 
		N 5 
		C0 468 
		T0 165 
		P 219 
		N 5 
		C0 469 
		T0 164 
		P 232 
		N 8 
		C0 470 
		T0 156 
		P 233 
		N 8 
		C0 471 
		T0 156 
		P 233 
		N 4 
		C0 472 
		T0 165 
		P 230 
		N 4 
		C0 473 
		T0 166 
		P 234 
		N 208 
		C0 474 
		T0 178 
		P 235 
		N 209 
		C0 475 
		T0 179 
		P 236 
		N 210 
		C0 476 
		T0 180 
		P 237 
		N 211 
		C0 477 
		T0 181 
		P 238 
		N 64 
		C0 478 
		T0 182 
		P 239 
		N 64 
		C0 479 
		T0 183 
		P 240 
		N 64 
		C0 480 
		T0 184 
		P 241 
		N 64 
		C0 481 
		T0 185 
		P 242 
		N 64 
		C0 482 
		T0 186 
		P 241 
		N 64 
		C0 483 
		T0 187 
		P 243 
		N 64 
		C0 484 
		T0 188 
		P 244 
		N 64 
		C0 485 
		T0 189 
		P 240 
		N 64 
		C0 486 
		T0 190 
		P 245 
		N 64 
		C0 487 
		T0 191 
		P 244 
		N 8 
		C0 488 
		T0 192 
		P 243 
		N 8 
		C0 489 
		T0 193 
		P 246 
		N 8 
		C0 490 
		T0 194 
		P 247 
		N 8 
		C0 491 
		T0 195 
		P 245 
		N 8 
		C0 492 
		T0 196 
		P 248 
		N 8 
		C0 493 
		T0 197 
		P 247 
		N 1 
		C0 494 
		T0 198 
		P 246 
		N 1 
		C0 495 
		T0 199 
		P 249 
		N 1 
		C0 496 
		T0 200 
		P 250 
		N 1 
		C0 497 
		T0 201 
		P 248 
		N 1 
		C0 498 
		T0 202 
		P 251 
		N 1 
		C0 499 
		T0 203 
		P 250 
		N 1 
		C0 500 
		T0 204 
		P 249 
		N 1 
		C0 501 
		T0 205 
		P 252 
		N 1 
		C0 502 
		T0 206 
		P 253 
		N 1 
		C0 503 
		T0 207 
		P 251 
		N 1 
		C0 504 
		T0 208 
		P 254 
		N 1 
		C0 505 
		T0 209 
		P 253 
		N 14 
		C0 506 
		T0 87 
		P 252 
		N 14 
		C0 507 
		T0 87 
		P 238 
		N 14 
		C0 508 
		T0 87 
		P 255 
		N 14 
		C0 509 
		T0 87 
		P 254 
		N 14 
		C0 510 
		T0 87 
		P 239 
		N 14 
		C0 511 
		T0 87 
		P 253 
		N 5 
		C0 512 
		T0 210 
		P 255 
		N 5 
		C0 513 
		T0 211 
		P 242 
		N 5 
		C0 514 
		T0 212 
		P 250 
		N 5 
		C0 515 
		T0 213 
		P 250 
		N 5 
		C0 516 
		T0 214 
		P 242 
		N 5 
		C0 517 
		T0 215 
		P 244 
		N 5 
		C0 518 
		T0 216 
		P 247 
		N 5 
		C0 519 
		T0 217 
		P 255 
		N 64 
		C0 520 
		T0 218 
		P 256 
		N 212 
		C0 521 
		T0 219 
		P 257 
		N 213 
		C0 522 
		T0 220 
		P 258 
		N 214 
		C0 523 
		T0 221 
		P 242 
		N 64 
		C0 524 
		T0 222 
		P 259 
		N 215 
		C0 525 
		T0 223 
		P 260 
		N 216 
		C0 526 
		T0 178 
		P 261 
		N 217 
		C0 527 
		T0 181 
		P 262 
		N 218 
		C0 528 
		T0 180 
		P 263 
		N 219 
		C0 529 
		T0 179 
		P 264 
		N 64 
		C0 530 
		T0 224 
		P 265 
		N 64 
		C0 531 
		T0 167 
		P 266 
		N 64 
		C0 532 
		T0 186 
		P 267 
		N 64 
		C0 533 
		T0 189 
		P 268 
		N 64 
		C0 534 
		T0 188 
		P 265 
		N 64 
		C0 535 
		T0 187 
		P 267 
		N 8 
		C0 536 
		T0 192 
		P 269 
		N 8 
		C0 537 
		T0 195 
		P 270 
		N 8 
		C0 538 
		T0 194 
		P 268 
		N 8 
		C0 539 
		T0 193 
		P 269 
		N 1 
		C0 540 
		T0 198 
		P 271 
		N 1 
		C0 541 
		T0 201 
		P 272 
		N 1 
		C0 542 
		T0 200 
		P 270 
		N 1 
		C0 543 
		T0 199 
		P 271 
		N 1 
		C0 544 
		T0 225 
		P 273 
		N 1 
		C0 545 
		T0 226 
		P 274 
		N 1 
		C0 546 
		T0 227 
		P 272 
		N 1 
		C0 547 
		T0 228 
		P 273 
		N 14 
		C0 548 
		T0 87 
		P 275 
		N 14 
		C0 549 
		T0 87 
		P 264 
		N 14 
		C0 550 
		T0 87 
		P 274 
		N 14 
		C0 551 
		T0 87 
		P 273 
		N 4 
		C0 552 
		T0 210 
		P 271 
		N 4 
		C0 553 
		T0 213 
		P 266 
		N 4 
		C0 554 
		T0 212 
		P 275 
		N 4 
		C0 555 
		T0 211 
		P 271 
		N 4 
		C0 556 
		T0 214 
		P 269 
		N 4 
		C0 557 
		T0 217 
		P 267 
		N 4 
		C0 558 
		T0 216 
		P 266 
		N 4 
		C0 559 
		T0 215 
		P 275 
		N 64 
		C0 560 
		T0 229 
		P 276 
		N 220 
		C0 561 
		T0 230 
		P 277 
		N 221 
		C0 562 
		T0 231 
		P 278 
		N 222 
		C0 563 
		T0 232 
		P 279 
		N 223 
		C0 564 
		T0 233 
		P 266 
		N 64 
		C0 565 
		T0 234 
		P 280 
		N 64 
		C0 566 
		T0 235 
		P 281 
		N 64 
		C0 567 
		T0 235 
		P 282 
		N 64 
		C0 568 
		T0 235 
		P 283 
		N 64 
		C0 569 
		T0 235 
		P 283 
		N 224 
		C0 570 
		T0 235 
		P 282 
		N 224 
		C0 571 
		T0 235 
		P 284 
		N 225 
		C0 572 
		T0 235 
		P 285 
		N 225 
		C0 573 
		T0 235 
		P 286 
		N 226 
		C0 574 
		T0 235 
		P 287 
		N 226 
		C0 575 
		T0 235 
		P 288 
		N 227 
		C0 576 
		T0 235 
		P 289 
		N 227 
		C0 577 
		T0 235 
		P 289 
		N 1 
		C0 578 
		T0 235 
		P 288 
		N 1 
		C0 579 
		T0 235 
		P 290 
		N 1 
		C0 580 
		T0 235 
		P 291 
		N 1 
		C0 581 
		T0 235 
		P 291 
		N 228 
		C0 582 
		T0 235 
		P 290 
		N 228 
		C0 583 
		T0 235 
		P 292 
		N 229 
		C0 584 
		T0 235 
		P 293 
		N 229 
		C0 585 
		T0 235 
		P 294 
		N 230 
		C0 586 
		T0 235 
		P 295 
		N 230 
		C0 587 
		T0 235 
		P 281 
		N 231 
		C0 588 
		T0 235 
		P 280 
		N 231 
		C0 589 
		T0 235 
		P 292 
		N 4 
		C0 590 
		T0 235 
		P 290 
		N 4 
		C0 591 
		T0 235 
		P 288 
		N 4 
		C0 592 
		T0 235 
		P 286 
		N 4 
		C0 593 
		T0 235 
		P 294 
		N 4 
		C0 594 
		T0 235 
		P 284 
		N 4 
		C0 595 
		T0 235 
		P 281 
		N 4 
		C0 596 
		T0 235 
		P 282 
		N 4 
		C0 597 
		T0 235 
		P 291 
		N 5 
		C0 598 
		T0 235 
		P 293 
		N 5 
		C0 599 
		T0 235 
		P 287 
		N 5 
		C0 600 
		T0 235 
		P 289 
		N 5 
		C0 601 
		T0 235 
		P 295 
		N 5 
		C0 602 
		T0 235 
		P 285 
		N 5 
		C0 603 
		T0 235 
		P 280 
		N 5 
		C0 604 
		T0 235 
		P 283 
		N 5 
		C0 605 
		T0 235 
		P 296 
		N 232 
		C0 606 
		T0 236 
		P 109 
		N 95 
		C0 607 
		T0 110 
		P 296 
		N 95 
		C0 608 
		T0 236 
		P 64 
		N 42 
		C0 609 
		T0 70 
		P 297 
		N 42 
		C0 610 
		T0 237 
		P 62 
		N 42 
		C0 611 
		T0 65 
		P 198 
		N 5 
		C0 612 
		T0 238 
		P 201 
		N 5 
		C0 613 
		T0 239 
		P 298 
		N 5 
		C0 614 
		T0 240 
		P 299 
		N 5 
		C0 615 
		T0 240 
		P 201 
		N 206 
		C0 616 
		T0 241 
		P 215 
		N 206 
		C0 617 
		T0 238 
		P 300 
		N 233 
		C0 618 
		T0 242 
		P 298 
		N 233 
		C0 619 
		T0 243 
		P 215 
		N 4 
		C0 620 
		T0 239 
		P 223 
		N 4 
		C0 621 
		T0 238 
		P 301 
		N 4 
		C0 622 
		T0 240 
		P 300 
		N 4 
		C0 623 
		T0 240 
		P 223 
		N 234 
		C0 624 
		T0 238 
		P 198 
		N 234 
		C0 625 
		T0 241 
		P 299 
		N 234 
		C0 626 
		T0 243 
		P 301 
		N 234 
		C0 627 
		T0 242 
		P 302 
		N 235 
		C0 628 
		T0 244 
		P 303 
		N 235 
		C0 629 
		T0 245 
		P 304 
		N 236 
		C0 630 
		T0 246 
		P 305 
		N 236 
		C0 631 
		T0 247 
		P 306 
		N 237 
		C0 632 
		T0 247 
		P 307 
		N 237 
		C0 633 
		T0 246 
		P 308 
		N 238 
		C0 634 
		T0 245 
		P 309 
		N 238 
		C0 635 
		T0 244 
		P 310 
		N 239 
		C0 636 
		T0 248 
		P 311 
		N 240 
		C0 637 
		T0 249 
		P 312 
		N 241 
		C0 638 
		T0 250 
		P 313 
		N 242 
		C0 639 
		T0 251 
		P 314 
		N 237 
		C0 640 
		T0 247 
		P 313 
		N 242 
		C0 641 
		T0 252 
		P 312 
		N 241 
		C0 642 
		T0 249 
		P 315 
		N 236 
		C0 643 
		T0 244 
		P 316 
		N 237 
		C0 644 
		T0 247 
		P 314 
		N 237 
		C0 645 
		T0 246 
		P 315 
		N 236 
		C0 646 
		T0 245 
		P 317 
		N 236 
		C0 647 
		T0 244 
		P 316 
		N 237 
		C0 648 
		T0 246 
		P 317 
		N 236 
		C0 649 
		T0 245 
		P 305 
		N 236 
		C0 650 
		T0 244 
		P 307 
		N 237 
		C0 651 
		T0 247 
		P 306 
		N 237 
		C0 652 
		T0 246 
		P 305 
		N 236 
		C0 653 
		T0 245 
		P 304 
		N 236 
		C0 654 
		T0 244 
		P 318 
		N 237 
		C0 655 
		T0 247 
		P 304 
		N 236 
		C0 656 
		T0 245 
		P 319 
		N 236 
		C0 657 
		T0 244 
		P 320 
		N 237 
		C0 658 
		T0 247 
		P 318 
		N 237 
		C0 659 
		T0 246 
		P 319 
		N 236 
		C0 660 
		T0 245 
		P 321 
		N 236 
		C0 661 
		T0 244 
		P 322 
		N 237 
		C0 662 
		T0 247 
		P 323 
		N 236 
		C0 663 
		T0 244 
		P 324 
		N 243 
		C0 664 
		T0 249 
		P 325 
		N 244 
		C0 665 
		T0 252 
		P 326 
		N 245 
		C0 666 
		T0 249 
		P 324 
		N 243 
		C0 667 
		T0 252 
		P 323 
		N 236 
		C0 668 
		T0 247 
		P 327 
		N 235 
		C0 669 
		T0 244 
		P 328 
		N 235 
		C0 670 
		T0 244 
		P 321 
		N 236 
		C0 671 
		T0 247 
		P 319 
		N 236 
		C0 672 
		T0 246 
		P 329 
		N 235 
		C0 673 
		T0 245 
		P 330 
		N 246 
		C0 674 
		T0 249 
		P 331 
		N 238 
		C0 675 
		T0 244 
		P 332 
		N 238 
		C0 676 
		T0 245 
		P 320 
		N 237 
		C0 677 
		T0 246 
		P 332 
		N 238 
		C0 678 
		T0 244 
		P 333 
		N 238 
		C0 679 
		T0 245 
		P 333 
		N 238 
		C0 680 
		T0 244 
		P 330 
		N 246 
		C0 681 
		T0 248 
		P 325 
		N 244 
		C0 682 
		T0 251 
		P 324 
		N 243 
		C0 683 
		T0 250 
		P 315 
		N 236 
		C0 684 
		T0 247 
		P 312 
		N 241 
		C0 685 
		T0 252 
		P 334 
		N 235 
		C0 686 
		T0 244 
		P 317 
		N 236 
		C0 687 
		T0 247 
		P 315 
		N 236 
		C0 688 
		T0 246 
		P 334 
		N 235 
		C0 689 
		T0 245 
		P 335 
		N 235 
		C0 690 
		T0 244 
		P 317 
		N 236 
		C0 691 
		T0 246 
		P 335 
		N 235 
		C0 692 
		T0 245 
		P 319 
		N 236 
		C0 693 
		T0 247 
		P 329 
		N 235 
		C0 694 
		T0 244 
		P 321 
		N 236 
		C0 695 
		T0 246 
		P 328 
		N 235 
		C0 696 
		T0 245 
		P 336 
		N 238 
		C0 697 
		T0 244 
		P 337 
		N 238 
		C0 698 
		T0 245 
		P 336 
		N 238 
		C0 699 
		T0 245 
		P 337 
		N 238 
		C0 700 
		T0 244 
		P 310 
		N 239 
		C0 701 
		T0 249 
		P 321 
		N 236 
		C0 702 
		T0 245 
		P 257 
		N 213 
		C0 703 
		T0 253 
		P 256 
		N 212 
		C0 704 
		T0 254 
		P 235 
		N 209 
		C0 705 
		T0 255 
		P 234 
		N 208 
		C0 706 
		T0 256 
		P 258 
		N 214 
		C0 707 
		T0 257 
		P 236 
		N 210 
		C0 708 
		T0 258 
		P 259 
		N 215 
		C0 709 
		T0 259 
		P 237 
		N 211 
		C0 710 
		T0 260 
		P 276 
		N 220 
		C0 711 
		T0 253 
		P 260 
		N 216 
		C0 712 
		T0 256 
		P 263 
		N 219 
		C0 713 
		T0 255 
		P 277 
		N 221 
		C0 714 
		T0 254 
		P 262 
		N 218 
		C0 715 
		T0 258 
		P 278 
		N 222 
		C0 716 
		T0 257 
		P 261 
		N 217 
		C0 717 
		T0 260 
		P 279 
		N 223 
		C0 718 
		T0 259 
		P 338 
		N 247 
		C0 719 
		T0 261 
		P 339 
		N 235 
		C0 720 
		T0 261 
		P 340 
		N 248 
		C0 721 
		T0 261 
		P 341 
		N 247 
		C0 722 
		T0 261 
		P 342 
		N 249 
		C0 723 
		T0 261 
		P 343 
		N 250 
		C0 724 
		T0 261 
		P 344 
		N 251 
		C0 725 
		T0 261 
		P 345 
		N 252 
		C0 726 
		T0 261 
		P 346 
		N 1 
		C0 727 
		T0 261 
		P 347 
		N 1 
		C0 728 
		T0 261 
		P 341 
		N 253 
		C0 729 
		T0 261 
		P 340 
		N 253 
		C0 730 
		T0 261 
		P 345 
		N 253 
		C0 731 
		T0 261 
		P 347 
		N 253 
		C0 732 
		T0 261 
		P 346 
		N 254 
		C0 733 
		T0 261 
		P 344 
		N 255 
		C0 734 
		T0 261 
		P 339 
		N 255 
		C0 735 
		T0 261 
		P 338 
		N 254 
		C0 736 
		T0 261 
		P 343 
		N 256 
		C0 737 
		T0 261 
		P 342 
		N 256 
		C0 738 
		T0 261 
		P 348 
		N 247 
		C0 739 
		T0 261 
		P 349 
		N 94 
		C0 740 
		T0 261 
		P 350 
		N 248 
		C0 741 
		T0 261 
		P 351 
		N 235 
		C0 742 
		T0 261 
		P 352 
		N 249 
		C0 743 
		T0 261 
		P 353 
		N 250 
		C0 744 
		T0 261 
		P 354 
		N 252 
		C0 745 
		T0 261 
		P 355 
		N 251 
		C0 746 
		T0 261 
		P 356 
		N 1 
		C0 747 
		T0 261 
		P 357 
		N 34 
		C0 748 
		T0 261 
		P 349 
		N 257 
		C0 749 
		T0 261 
		P 356 
		N 58 
		C0 750 
		T0 261 
		P 354 
		N 257 
		C0 751 
		T0 261 
		P 350 
		N 257 
		C0 752 
		T0 261 
		P 357 
		N 258 
		C0 753 
		T0 261 
		P 348 
		N 258 
		C0 754 
		T0 261 
		P 351 
		N 259 
		C0 755 
		T0 261 
		P 355 
		N 259 
		C0 756 
		T0 261 
		P 352 
		N 260 
		C0 757 
		T0 261 
		P 353 
		N 260 
		C0 758 
		T0 261 
		P 350 
		N 14 
		C0 759 
		T0 261 
		P 354 
		N 14 
		C0 760 
		T0 261 
		P 345 
		N 14 
		C0 761 
		T0 261 
		P 340 
		N 14 
		C0 762 
		T0 261 
		P 353 
		N 8 
		C0 763 
		T0 261 
		P 352 
		N 8 
		C0 764 
		T0 261 
		P 342 
		N 8 
		C0 765 
		T0 261 
		P 343 
		N 8 
		C0 766 
		T0 261 
		P 310 
		N 14 
		C0 767 
		T0 261 
		P 337 
		N 14 
		C0 768 
		T0 261 
		P 334 
		N 14 
		C0 769 
		T0 261 
		P 311 
		N 14 
		C0 770 
		T0 261 
		P 336 
		N 14 
		C0 771 
		T0 261 
		P 309 
		N 14 
		C0 772 
		T0 261 
		P 302 
		N 14 
		C0 773 
		T0 261 
		P 335 
		N 14 
		C0 774 
		T0 261 
		P 308 
		N 14 
		C0 775 
		T0 261 
		P 303 
		N 14 
		C0 776 
		T0 261 
		P 337 
		N 261 
		C0 777 
		T0 262 
		P 336 
		N 261 
		C0 778 
		T0 263 
		P 358 
		N 262 
		C0 779 
		T0 264 
		P 359 
		N 262 
		C0 780 
		T0 265 
		P 336 
		N 263 
		C0 781 
		T0 263 
		P 335 
		N 263 
		C0 782 
		T0 266 
		P 360 
		N 264 
		C0 783 
		T0 267 
		P 358 
		N 264 
		C0 784 
		T0 264 
		P 335 
		N 265 
		C0 785 
		T0 266 
		P 334 
		N 265 
		C0 786 
		T0 268 
		P 361 
		N 266 
		C0 787 
		T0 269 
		P 360 
		N 266 
		C0 788 
		T0 267 
		P 334 
		N 267 
		C0 789 
		T0 268 
		P 337 
		N 267 
		C0 790 
		T0 270 
		P 359 
		N 268 
		C0 791 
		T0 271 
		P 361 
		N 268 
		C0 792 
		T0 269 
		P 362 
		N 1 
		C0 793 
		T0 272 
		P 363 
		N 1 
		C0 794 
		T0 273 
		P 364 
		N 4 
		C0 795 
		T0 274 
		P 362 
		N 4 
		C0 796 
		T0 272 
		P 365 
		N 64 
		C0 797 
		T0 275 
		P 364 
		N 64 
		C0 798 
		T0 274 
		P 363 
		N 5 
		C0 799 
		T0 276 
		P 365 
		N 5 
		C0 800 
		T0 275 
		P 330 
		N 14 
		C0 801 
		T0 261 
		P 326 
		N 14 
		C0 802 
		T0 261 
		P 327 
		N 14 
		C0 803 
		T0 261 
		P 331 
		N 14 
		C0 804 
		T0 261 
		P 332 
		N 14 
		C0 805 
		T0 261 
		P 328 
		N 14 
		C0 806 
		T0 261 
		P 329 
		N 14 
		C0 807 
		T0 261 
		P 333 
		N 14 
		C0 808 
		T0 261 
		P 331 
		N 261 
		C0 809 
		T0 263 
		P 366 
		N 262 
		C0 810 
		T0 264 
		P 367 
		N 262 
		C0 811 
		T0 265 
		P 332 
		N 261 
		C0 812 
		T0 262 
		P 332 
		N 267 
		C0 813 
		T0 270 
		P 367 
		N 268 
		C0 814 
		T0 271 
		P 368 
		N 268 
		C0 815 
		T0 269 
		P 328 
		N 267 
		C0 816 
		T0 268 
		P 328 
		N 265 
		C0 817 
		T0 268 
		P 368 
		N 266 
		C0 818 
		T0 269 
		P 369 
		N 266 
		C0 819 
		T0 267 
		P 327 
		N 265 
		C0 820 
		T0 266 
		P 327 
		N 263 
		C0 821 
		T0 266 
		P 369 
		N 264 
		C0 822 
		T0 267 
		P 366 
		N 264 
		C0 823 
		T0 264 
		P 331 
		N 263 
		C0 824 
		T0 263 
		P 370 
		N 1 
		C0 825 
		T0 272 
		P 371 
		N 1 
		C0 826 
		T0 273 
		P 371 
		N 5 
		C0 827 
		T0 276 
		P 372 
		N 5 
		C0 828 
		T0 275 
		P 372 
		N 64 
		C0 829 
		T0 275 
		P 373 
		N 64 
		C0 830 
		T0 274 
		P 373 
		N 4 
		C0 831 
		T0 274 
		P 370 
		N 4 
		C0 832 
		T0 272 
	}

	Mtl 4 { 
		{
			Name "#2" 
			Priority 32 
			Prim 124 { 
				{
					Type TRISTRIP
					Priority 32 
					Idx 4 { 7 4 6 5 }
				}
				{
					Type TRISTRIP
					Priority 32 
					Idx 6 { 8 9 11 10 21 20 }
				}
				{
					Type TRISTRIP
					Priority 32 
					Idx 5 { 13 14 12 15 22 }
				}
				{
					Type TRISTRIP2
					Priority 32 
					Idx 6 { 3 2 0 1 23 24 }
				}
				{
					Type TRISTRIP2
					Priority 32 
					Idx 5 { 16 19 17 18 25 }
				}
				{
					Type TRISTRIP
					Priority 32 
					Idx 4 { 28 29 27 26 }
				}
				{
					Type TRISTRIP
					Priority 32 
					Idx 4 { 38 39 37 36 }
				}
				{
					Type TRISTRIP
					Priority 32 
					Idx 6 { 43 40 42 41 45 44 }
				}
				{
					Type TRISTRIP
					Priority 32 
					Idx 6 { 46 47 49 48 51 50 }
				}
				{
					Type TRISTRIP
					Priority 32 
					Idx 4 { 55 52 54 53 }
				}
				{
					Type TRISTRIP
					Priority 32 
					Idx 4 { 65 62 64 63 }
				}
				{
					Type TRISTRIP
					Priority 32 
					Idx 6 { 66 67 69 68 71 70 }
				}
				{
					Type TRISTRIP
					Priority 32 
					Idx 5 { 125 126 128 127 157 }
				}
				{
					Type TRISTRIP2
					Priority 32 
					Idx 6 { 30 33 31 32 34 35 }
				}
				{
					Type TRISTRIP2
					Priority 32 
					Idx 6 { 57 56 58 59 60 61 }
				}
				{
					Type TRISTRIP2
					Priority 32 
					Idx 6 { 72 75 73 74 76 77 }
				}
				{
					Type TRISTRIP2
					Priority 32 
					Idx 6 { 80 79 81 78 332 333 }
				}
				{
					Type TRISTRIP2
					Priority 32 
					Idx 4 { 132 122 130 131 }
				}
				{
					Type TRISTRIP2
					Priority 32 
					Idx 4 { 135 134 136 133 }
				}
				{
					Type TRISTRIP2
					Priority 32 
					Idx 4 { 178 177 136 179 }
				}
				{
					Type TRISTRIP2
					Priority 32 
					Idx 4 { 164 163 165 166 }
				}
				{
					Type TRISTRIP2
					Priority 32 
					Idx 8 { 214 213 210 212 211 610 117 609 }
				}
				{
					Type TRISTRIP2
					Priority 32 
					Idx 7 { 228 227 229 219 219 221 220 }
				}
				{
					Type TRISTRIP
					Priority 32 
					Idx 6 { 608 213 113 212 611 610 }
				}
				{
					Type TRISTRIP
					Priority 32 
					Idx 12 { 117 118 119 120 121 120 116 89 108 89 88 90 }
				}
				{
					Type TRISTRIP
					Priority 32 
					Idx 6 { 180 181 183 182 329 328 }
				}
				{
					Type TRISTRIP
					Priority 32 
					Idx 4 { 267 268 266 269 }
				}
				{
					Type TRISTRIP
					Priority 32 
					Idx 4 { 277 278 276 279 }
				}
				{
					Type TRISTRIP
					Priority 32 
					Idx 5 { 281 282 280 287 286 }
				}
				{
					Type TRISTRIP2
					Priority 32 
					Idx 5 { 281 285 283 284 286 }
				}
				{
					Type TRISTRIP
					Priority 32 
					Idx 4 { 300 301 303 302 }
				}
				{
					Type TRISTRIP
					Priority 32 
					Idx 10 { 306 304 305 307 308 308 310 309 306 311 }
				}
				{
					Type TRISTRIP
					Priority 32 
					Idx 4 { 312 313 315 314 }
				}
				{
					Type TRISTRIP
					Priority 32 
					Idx 10 { 318 316 317 319 320 320 322 321 318 323 }
				}
				{
					Type TRISTRIP
					Priority 32 
					Idx 6 { 325 326 324 327 330 331 }
				}
				{
					Type TRISTRIP
					Priority 32 
					Idx 4 { 364 365 363 362 }
				}
				{
					Type TRISTRIP
					Priority 32 
					Idx 10 { 374 375 377 376 387 386 397 396 403 402 }
				}
				{
					Type TRISTRIP
					Priority 32 
					Idx 4 { 388 389 391 390 }
				}
				{
					Type TRISTRIP
					Priority 32 
					Idx 4 { 404 405 407 406 }
				}
				{
					Type TRISTRIP
					Priority 32 
					Idx 4 { 413 414 412 415 }
				}
				{
					Type TRISTRIP
					Priority 32 
					Idx 4 { 417 418 416 419 }
				}
				{
					Type TRISTRIP
					Priority 32 
					Idx 4 { 420 421 423 422 }
				}
				{
					Type TRISTRIP
					Priority 32 
					Idx 4 { 424 425 427 426 }
				}
				{
					Type TRISTRIP
					Priority 32 
					Idx 4 { 429 430 428 431 }
				}
				{
					Type TRISTRIP
					Priority 32 
					Idx 4 { 433 434 432 435 }
				}
				{
					Type TRISTRIP
					Priority 32 
					Idx 10 { 439 436 438 437 449 448 459 458 465 464 }
				}
				{
					Type TRISTRIP
					Priority 32 
					Idx 10 { 447 444 446 445 457 456 463 462 473 472 }
				}
				{
					Type TRISTRIP
					Priority 32 
					Idx 4 { 450 451 453 452 }
				}
				{
					Type TRISTRIP
					Priority 32 
					Idx 4 { 466 467 469 468 }
				}
				{
					Type TRISTRIP
					Priority 32 
					Idx 4 { 474 475 477 476 }
				}
				{
					Type TRISTRIP
					Priority 32 
					Idx 10 { 491 488 490 489 493 492 538 539 537 536 }
				}
				{
					Type TRISTRIP
					Priority 32 
					Idx 10 { 497 494 496 495 499 498 542 543 541 540 }
				}
				{
					Type TRISTRIP
					Priority 32 
					Idx 10 { 503 500 502 501 505 504 546 547 545 544 }
				}
				{
					Type TRISTRIP
					Priority 32 
					Idx 4 { 512 513 515 514 }
				}
				{
					Type TRISTRIP
					Priority 32 
					Idx 4 { 516 517 519 518 }
				}
				{
					Type TRISTRIP
					Priority 32 
					Idx 4 { 529 526 528 527 }
				}
				{
					Type TRISTRIP
					Priority 32 
					Idx 4 { 552 553 555 554 }
				}
				{
					Type TRISTRIP
					Priority 32 
					Idx 4 { 556 557 559 558 }
				}
				{
					Type TRISTRIP
					Priority 32 
					Idx 4 { 566 567 569 568 }
				}
				{
					Type TRISTRIP
					Priority 32 
					Idx 4 { 581 578 580 579 }
				}
				{
					Type TRISTRIP
					Priority 32 
					Idx 8 { 582 583 585 584 587 586 589 588 }
				}
				{
					Type TRISTRIP
					Priority 32 
					Idx 8 { 591 592 590 593 594 595 596 597 }
				}
				{
					Type TRISTRIP
					Priority 32 
					Idx 6 { 147 144 146 145 149 148 }
				}
				{
					Type TRISTRIP
					Priority 32 
					Idx 4 { 612 613 615 614 }
				}
				{
					Type TRISTRIP
					Priority 32 
					Idx 4 { 616 617 619 618 }
				}
				{
					Type TRISTRIP
					Priority 32 
					Idx 4 { 621 622 620 623 }
				}
				{
					Type TRISTRIP
					Priority 32 
					Idx 4 { 625 626 624 627 }
				}
				{
					Type TRISTRIP
					Priority 32 
					Idx 4 { 636 637 639 638 }
				}
				{
					Type TRISTRIP
					Priority 32 
					Idx 4 { 637 686 685 684 }
				}
				{
					Type TRISTRIP
					Priority 32 
					Idx 4 { 673 670 672 671 }
				}
				{
					Type TRISTRIP
					Priority 32 
					Idx 4 { 681 682 666 683 }
				}
				{
					Type TRISTRIP
					Priority 32 
					Idx 4 { 652 653 651 654 }
				}
				{
					Type TRISTRIP
					Priority 32 
					Idx 4 { 689 690 688 687 }
				}
				{
					Type TRISTRIP
					Priority 32 
					Idx 11 { 549 550 548 550 551 511 510 508 507 509 506 }
				}
				{
					Type TRISTRIP2
					Priority 32 
					Idx 10 { 379 378 380 381 392 393 398 399 408 409 }
				}
				{
					Type TRISTRIP2
					Priority 32 
					Idx 10 { 383 382 384 385 394 395 400 401 410 411 }
				}
				{
					Type TRISTRIP2
					Priority 32 
					Idx 10 { 440 443 441 442 454 455 460 461 470 471 }
				}
				{
					Type TRISTRIP2
					Priority 32 
					Idx 10 { 482 485 483 484 486 487 535 534 532 533 }
				}
				{
					Type TRISTRIP2
					Priority 32 
					Idx 8 { 571 570 572 573 574 575 576 577 }
				}
				{
					Type TRISTRIP2
					Priority 32 
					Idx 8 { 598 601 599 600 602 603 604 605 }
				}
				{
					Type TRISTRIP2
					Priority 32 
					Idx 6 { 643 642 640 641 700 701 }
				}
				{
					Type TRISTRIP2
					Priority 32 
					Idx 6 { 647 646 644 645 697 698 }
				}
				{
					Type TRISTRIP2
					Priority 32 
					Idx 6 { 650 649 632 648 635 699 }
				}
				{
					Type TRISTRIP2
					Priority 32 
					Idx 6 { 661 660 658 659 678 679 }
				}
				{
					Type TRISTRIP2
					Priority 32 
					Idx 6 { 667 666 668 669 695 696 }
				}
				{
					Type TRISTRIP2
					Priority 32 
					Idx 8 { 692 691 628 631 629 630 694 693 }
				}
				{
					Type TRISTRIP2
					Priority 32 
					Idx 11 { 189 188 190 208 217 209 217 218 216 215 210 }
				}
				{
					Type TRISTRIP
					Priority 32 
					Idx 9 { 188 208 109 110 88 110 108 111 112 }
				}
				{
					Type TRISTRIP2
					Priority 32 
					Idx 4 { 677 662 702 663 }
				}
				{
					Type TRISTRIP2
					Priority 32 
					Idx 9 { 607 209 606 111 113 111 114 116 115 }
				}
				{
					Type TRISTRIP
					Priority 32 
					Idx 9 { 676 677 675 662 674 662 665 663 664 }
				}
				{
					Type TRISTRIP2
					Priority 32 
					Idx 9 { 657 656 655 633 680 633 634 632 635 }
				}
				{
					Type TRISTRIP
					Priority 32 
					Idx 4 { 111 110 209 208 }
				}
				{
					Type TRISTRIP
					Priority 32 
					Idx 8 { 195 193 192 194 191 194 199 200 }
				}
				{
					Type TRISTRIP
					Priority 32 
					Idx 9 { 199 196 191 197 198 197 203 201 202 }
				}
				{
					Type TRISTRIP2
					Priority 32 
					Idx 8 { 95 91 92 94 93 94 99 100 }
				}
				{
					Type TRISTRIP2
					Priority 32 
					Idx 9 { 99 98 93 97 96 97 103 102 101 }
				}
				{
					Type TRISTRIP
					Priority 32 
					Idx 7 { 240 151 156 154 156 241 242 }
				}
				{
					Type TRISTRIP2
					Priority 32 
					Idx 15 { 207 206 204 205 232 205 245 205 244 141 158 105 139 137 138 }
				}
				{
					Type TRISTRIP
					Priority 32 
					Idx 10 { 206 205 140 141 104 105 107 105 106 137 }
				}
				{
					Type TRISTRIP
					Priority 32 
					Idx 7 { 236 237 235 234 235 238 239 }
				}
				{
					Type TRISTRIP2
					Priority 32 
					Idx 7 { 247 246 169 168 169 167 170 }
				}
				{
					Type TRISTRIP
					Priority 32 
					Idx 7 { 155 153 150 154 150 151 152 }
				}
				{
					Type TRISTRIP2
					Priority 32 
					Idx 19 { 85 84 82 83 142 83 143 86 233 185 186 185 187 185 184 86 87 83 84 }
				}
				{
					Type TRISTRIP
					Priority 32 
					Idx 6 { 160 161 159 162 335 334 }
				}
				{
					Type TRISTRIP
					Priority 32 
					Idx 40 { 346 344 345 342 340 342 341 343 341 347 349 347 348 345 348 340 338 341 339 349 351 349 350 348 350 338 352 338 337 339 337 336 352 353 350 353 351 353 339 336 }
				}
				{
					Type TRISTRIP
					Priority 32 
					Idx 11 { 564 561 560 562 530 562 531 563 565 564 560 }
				}
				{
					Type TRISTRIP2
					Priority 32 
					Idx 17 { 531 530 480 479 481 478 481 523 524 525 524 522 520 522 478 521 523 }
				}
				{
					Type TRISTRIP
					Priority 32 
					Idx 22 { 265 263 260 264 261 265 262 260 262 259 261 257 260 256 259 258 257 254 257 255 256 258 }
				}
				{
					Type TRISTRIP
					Priority 32 
					Idx 9 { 298 295 299 296 297 294 297 295 298 }
				}
				{
					Type TRISTRIP2
					Priority 32 
					Idx 15 { 296 294 288 295 291 296 292 288 292 293 291 290 288 289 293 }
				}
				{
					Type TRISTRIP
					Priority 32 
					Idx 9 { 275 274 273 272 271 272 270 274 275 }
				}
				{
					Type TRISTRIP2
					Priority 32 
					Idx 20 { 366 369 367 368 370 371 373 371 356 368 359 369 359 361 359 360 358 360 367 366 }
				}
				{
					Type TRISTRIP2
					Priority 32 
					Idx 13 { 358 367 355 370 354 370 372 373 357 356 357 354 372 }
				}
				{
					Type TRISTRIP
					Priority 32 
					Idx 5 { 358 359 355 356 354 }
				}
				{
					Type TRISTRIP2
					Priority 32 
					Idx 3 { 122 124 123 }
				}
				{
					Type TRISTRIP
					Priority 32 
					Idx 3 { 124 129 125 }
				}
				{
					Type TRISTRIP2
					Priority 32 
					Idx 3 { 171 173 172 }
				}
				{
					Type TRISTRIP
					Priority 32 
					Idx 3 { 176 174 175 }
				}
				{
					Type TRISTRIP2
					Priority 32 
					Idx 5 { 243 225 222 224 223 }
				}
				{
					Type TRISTRIP
					Priority 32 
					Idx 3 { 224 226 220 }
				}
				{
					Type TRISTRIP2
					Priority 32 
					Idx 3 { 179 231 230 }
				}
				{
					Type TRISTRIP
					Priority 32 
					Idx 3 { 250 248 249 }
				}
				{
					Type TRISTRIP2
					Priority 32 
					Idx 3 { 251 253 252 }
				}
			}

		}
		{
			Name "#3" 
			Priority 32 
			Prim 2 { 
				{
					Type TRISTRIP
					Priority 32 
					Idx 11 { 718 712 711 713 714 713 716 715 718 717 712 }
				}
				{
					Type TRISTRIP2
					Priority 32 
					Idx 11 { 706 709 710 707 708 707 705 704 706 703 709 }
				}
			}

		}
		{
			Name "#4" 
			Priority 32 
			Prim 2 { 
				{
					Type TRISTRIP
					Priority 32 
					Idx 4 { 609 115 610 611 }
				}
				{
					Type TRISTRIP
					Priority 32 
					Idx 4 { 213 608 214 607 }
				}
			}

		}
		{
			Name "#5" 
			Priority 32 
			Prim 19 { 
				{
					Type TRISTRIP
					Priority 32 
					Idx 4 { 732 729 731 730 }
				}
				{
					Type TRISTRIP
					Priority 32 
					Idx 4 { 750 751 749 752 }
				}
				{
					Type TRISTRIP
					Priority 32 
					Idx 6 { 753 754 756 755 758 757 }
				}
				{
					Type TRISTRIP
					Priority 32 
					Idx 4 { 760 761 759 762 }
				}
				{
					Type TRISTRIP
					Priority 32 
					Idx 4 { 763 764 766 765 }
				}
				{
					Type TRISTRIP
					Priority 32 
					Idx 4 { 767 768 770 769 }
				}
				{
					Type TRISTRIP
					Priority 32 
					Idx 6 { 785 786 788 787 798 797 }
				}
				{
					Type TRISTRIP
					Priority 32 
					Idx 4 { 804 801 803 802 }
				}
				{
					Type TRISTRIP
					Priority 32 
					Idx 6 { 820 817 819 818 830 829 }
				}
				{
					Type TRISTRIP
					Priority 32 
					Idx 11 { 806 807 805 807 808 776 775 773 772 774 771 }
				}
				{
					Type TRISTRIP2
					Priority 32 
					Idx 6 { 733 736 734 735 737 738 }
				}
				{
					Type TRISTRIP2
					Priority 32 
					Idx 6 { 821 824 822 823 831 832 }
				}
				{
					Type TRISTRIP2
					Priority 32 
					Idx 7 { 826 825 811 810 811 809 812 }
				}
				{
					Type TRISTRIP
					Priority 32 
					Idx 7 { 827 828 814 815 814 816 813 }
				}
				{
					Type TRISTRIP2
					Priority 32 
					Idx 7 { 796 795 784 783 784 782 781 }
				}
				{
					Type TRISTRIP
					Priority 32 
					Idx 7 { 799 800 791 792 791 789 790 }
				}
				{
					Type TRISTRIP2
					Priority 32 
					Idx 7 { 794 793 780 779 780 778 777 }
				}
				{
					Type TRISTRIP
					Priority 32 
					Idx 12 { 739 740 742 741 743 721 723 721 720 721 719 722 }
				}
				{
					Type TRISTRIP
					Priority 32 
					Idx 13 { 748 746 747 746 745 744 726 724 726 725 726 727 728 }
				}
			}

		}
	}

	Offset 0 
}
