# Exported from Wings 3D 0.98.26
mtllib ./buz_miurashadow2.mtl
o miura-body
#1178 vertices, 1294 faces
v 326.025 998.694 -121.251
v 858.787 77.6820 1698.25
v 326.025 912.483 -793.527
v 919.770 104.925 -1744.25
v 326.025 998.694 -565.325
v 804.471 62.6899 -565.325
v -8.73396e-6 74.9041 1816.52
v -8.73396e-6 997.058 -123.075
v -8.73396e-6 104.925 -1770.30
v -8.73396e-6 913.087 -790.730
v -8.73396e-6 62.6899 -565.325
v -8.73396e-6 998.860 -565.325
v 607.430 972.839 -182.104
v 779.381 680.772 530.499
v 822.989 637.255 1564.53
v 593.552 889.029 -902.097
v 902.834 757.737 -1563.35
v 792.369 616.950 -2114.93
v 824.665 348.723 -2033.70
v 607.430 972.839 -565.325
v 756.143 829.256 -565.325
v 869.889 685.190 -639.064
v 871.416 348.723 -501.444
v -8.73396e-6 972.839 -61.4008
v -8.73396e-6 680.772 532.877
v -8.73396e-6 560.929 1709.07
v -8.73396e-6 348.723 2184.80
v -8.73396e-6 348.723 -2022.93
v -8.73396e-6 616.950 -2104.17
v 681.787 869.063 73.5887
v 775.999 805.762 -1436.06
v 681.787 901.048 -565.325
v -8.73396e-6 901.048 73.5887
v -8.73396e-6 205.265 -1894.21
v 874.001 205.265 -1904.97
v 837.944 233.160 -565.325
v -8.73396e-6 176.790 2046.26
v 795.782 700.020 1364.09
v 875.582 687.343 -1867.60
v 800.184 754.896 -548.069
v -8.73396e-6 627.801 1424.99
v -8.73396e-6 699.999 -1835.25
v 926.036 348.723 1725.11
v 883.176 180.404 1673.63
v 934.205 573.209 1372.68
v 836.629 498.459 1817.15
v -8.73396e-6 472.443 1933.09
v 882.745 348.723 1850.37
v -8.73396e-6 67.5756 545.717
v 919.141 554.702 539.701
v 871.416 348.723 547.375
v 837.944 232.702 535.300
v 847.630 644.446 531.605
v 804.471 67.5756 545.717
v -8.73396e-6 65.9470 107.523
v 784.999 771.766 64.6776
v 919.141 640.449 151.498
v 871.416 348.723 108.628
v 837.944 231.149 100.578
v 844.301 712.164 61.7112
v 804.471 65.9470 107.523
v 719.977 722.319 825.509
v 740.482 742.458 1138.81
v -8.73396e-6 662.588 828.664
v -8.73396e-6 669.902 1126.83
v 804.471 69.2041 775.816
v -8.73396e-6 69.2041 775.816
v 919.141 608.415 840.196
v 934.891 621.865 1236.47
v 870.215 361.958 796.466
v 837.944 219.827 774.052
v 836.882 703.164 866.533
v 857.278 722.153 1105.06
v 808.720 66.9133 -810.509
v -8.73396e-6 66.9133 -810.509
v 871.416 348.723 -847.443
v 914.511 586.719 -855.566
v 770.920 784.721 -861.776
v 567.606 910.806 -801.291
v 758.877 851.759 -881.739
v 840.068 233.116 -834.570
v 839.021 689.296 -863.044
v 735.080 859.122 -979.190
v 832.527 797.788 -1003.40
v 864.068 78.3167 -953.995
v -8.73396e-6 78.3167 -953.995
v 914.518 356.385 -976.752
v 912.838 616.950 -918.850
v 888.564 228.151 -951.487
v 885.655 712.375 -1002.02
v 894.560 765.747 -1437.38
v 962.827 610.552 -1444.58
v 919.953 698.469 -1451.85
v 929.023 220.065 -1736.28
v 958.901 530.489 -1594.55
v 921.241 695.131 -1576.57
v 944.231 356.996 -1718.29
v 904.400 616.950 -1855.82
v 895.563 348.723 -1900.79
v -8.73396e-6 643.120 -1928.20
v 846.689 652.147 -1991.27
v 861.097 616.950 -1985.37
v 409.533 71.2779 1759.91
v 483.535 348.723 2122.94
v 489.884 560.929 1709.47
v 669.652 680.772 440.842
v 303.715 972.839 -61.4008
v 340.893 901.048 73.5887
v 428.192 180.401 1986.49
v 488.522 627.801 1421.40
v 499.667 472.443 1875.12
v 402.236 67.5756 545.717
v 402.236 65.9470 107.523
v 402.236 69.2041 775.816
v 486.417 669.902 1126.83
v 498.827 662.588 802.684
v 402.236 62.6899 -565.325
v 459.885 104.925 -1759.07
v 354.500 348.723 -2023.33
v 432.515 205.265 -1894.61
v 404.360 66.9133 -810.509
v 306.900 616.950 -2104.57
v 428.639 693.671 -1846.44
v 405.460 639.956 -1933.99
v 880.235 178.597 1801.97
v 309.776 680.772 535.169
v 268.446 662.588 828.664
v 243.209 669.902 1126.83
v 891.048 665.636 1352.54
v 913.537 616.950 1489.44
v 898.948 549.893 1718.58
v 17.1856 560.929 1709.27
v 16.5045 627.801 1423.19
v 432.034 78.3167 -953.995
v 746.850 676.578 378.196
v 782.190 677.895 313.938
v 845.133 669.125 206.487
v 681.787 901.048 -109.928
v 644.609 936.943 -54.2574
v 780.786 679.334 422.219
v 869.510 653.230 274.786
v 804.471 66.7613 326.620
v -8.73396e-6 66.7613 326.620
v 919.141 585.826 321.606
v 871.416 348.723 318.523
v 837.944 232.469 311.770
v 402.236 66.7613 326.620
v -8.73396e-6 66.3541 217.071
v 919.141 601.388 212.559
v 871.416 348.723 218.314
v 837.944 233.313 209.258
v 402.236 66.3541 217.071
v 804.471 66.3541 217.071
v 782.113 777.515 -8.40843
v 681.787 901.048 -165.553
v 644.609 945.314 -561.779
v 644.609 950.459 -164.769
v 644.609 945.314 -216.786
v 676.939 892.433 -870.073
v 660.774 933.593 -676.686
v 707.483 884.618 -650.664
v 758.606 821.834 -614.734
v 878.391 678.781 -419.436
v 881.721 676.307 82.9660
v 594.891 813.311 -1421.36
v 592.759 789.338 -1532.33
v 593.150 765.426 -1643.01
v 585.791 701.935 -1768.15
v 365.380 701.761 -1768.96
v 225.120 702.090 -1767.43
v -8.73396e-6 702.464 -1765.70
v 594.556 838.774 -1303.49
v 594.222 835.213 -1151.21
v 593.887 860.971 -1031.98
v 813.899 438.132 -2060.77
v -8.73396e-6 438.132 -2050.01
v 315.881 438.132 -2050.41
v 780.645 466.598 -2068.53
v 426.310 466.591 -2059.53
v 422.503 574.509 -2096.76
v 778.775 574.503 -2105.85
v 763.718 569.554 -2123.40
v 765.430 471.547 -2111.32
v 441.284 471.541 -2111.32
v 437.801 569.559 -2123.40
v 544.422 466.593 -2062.53
v 662.534 466.596 -2065.53
v 660.017 574.505 -2102.82
v 541.260 574.507 -2099.79
v 549.333 471.543 -2111.32
v 657.381 471.545 -2111.32
v 655.079 569.556 -2123.40
v 546.440 569.557 -2123.40
v 546.228 233.148 -1920.54
v 542.936 320.799 -1999.33
v 733.689 320.840 -2007.72
v 732.430 233.119 -1929.14
v 726.495 240.989 -1983.10
v 552.099 241.015 -1983.11
v 549.015 318.445 -2010.75
v 727.675 318.481 -2010.76
v 919.141 640.449 -363.392
v 838.332 722.096 -672.109
v 733.180 868.189 -748.588
v 783.098 803.277 -720.641
v 668.856 927.975 -771.213
v 918.965 622.092 -603.684
v 857.900 734.852 -553.309
v 740.245 878.607 -654.306
v 790.765 811.244 -617.030
v 894.053 677.303 -441.348
v 873.679 713.612 -508.695
v 668.459 936.226 -701.418
v 593.585 882.358 -932.975
v 594.590 834.415 -1323.66
v 594.678 809.251 -1440.15
v 592.798 785.347 -1550.80
v 592.414 724.536 -1663.53
v 594.255 830.111 -1174.83
v 593.920 856.583 -1052.29
v 649.759 918.862 -972.239
v 639.164 902.705 -1038.50
v 661.970 886.548 -1104.76
v 684.776 870.390 -1171.02
v 707.582 854.233 -1237.28
v 730.388 838.076 -1303.54
v 753.194 821.919 -1369.80
v 740.195 852.452 -1036.30
v 745.310 845.782 -1093.41
v 750.425 839.112 -1150.52
v 755.540 832.442 -1207.62
v 760.654 825.772 -1264.73
v 765.769 819.102 -1321.84
v 770.884 812.432 -1378.95
v 848.035 789.778 -1111.90
v 863.543 781.767 -1220.39
v 879.051 773.757 -1328.89
v 897.088 707.740 -1151.96
v 908.520 703.104 -1301.90
v 955.381 605.961 -1246.84
v 627.247 708.106 -1818.13
v 747.992 760.901 -1604.03
v 571.605 690.507 -1857.02
v 544.864 653.729 -1983.39
v 739.340 734.503 -1711.08
v 664.316 900.108 -942.585
v 936.202 514.995 -1077.24
v 901.742 290.875 -957.404
v 876.130 155.672 -951.307
v 962.321 583.046 -1523.91
v 952.347 447.271 -1665.31
v 923.901 161.368 -1739.61
v 936.128 283.268 -1735.56
v 960.643 618.612 -1347.76
v 946.657 571.332 -1155.22
v 925.746 437.219 -1017.22
v 855.742 290.920 -841.007
v 824.394 150.015 -822.540
v 914.237 700.786 -1376.88
v 920.597 696.800 -1514.21
v 889.449 276.994 -1902.88
v 899.981 482.837 -1878.30
v 952.717 611.456 -1082.85
v 932.285 486.668 -947.801
v 892.964 467.721 -851.505
v 823.228 73.6827 1559.30
v 856.700 190.002 1559.32
v -8.73396e-6 73.6827 1634.87
v 410.794 73.6827 1589.55
v 887.346 344.764 1539.10
v 895.278 451.712 543.538
v 895.278 494.586 130.063
v 894.295 478.089 858.243
v 904.490 478.108 1475.60
v 912.492 449.308 1721.84
v 895.278 467.274 324.804
v 895.278 475.056 215.437
v 895.278 494.586 -464.358
v 895.191 485.408 -563.850
v 926.281 621.073 1078.03
v 911.271 571.676 955.389
v 937.462 603.616 1308.64
v 883.347 423.007 822.416
v 854.680 293.205 781.050
v 821.207 144.902 773.358
v 839.964 128.309 1560.49
v 873.436 265.829 1553.40
v 895.604 415.780 1512.80
v 920.286 530.979 1428.62
v 931.326 627.622 1156.17
v 903.275 528.941 903.290
v 919.268 602.406 1012.37
v 883.347 400.218 545.456
v 854.680 290.713 541.337
v 821.207 150.139 540.509
v 881.532 692.788 1247.92
v 875.828 127.654 1686.65
v 909.300 264.564 1699.37
v 495.702 528.941 903.290
v 495.702 571.676 955.389
v 495.702 602.406 1012.37
v 495.702 621.073 1078.03
v 495.702 627.622 1156.17
v 495.702 621.865 1236.47
v 495.702 603.616 1308.64
v 495.702 573.209 1372.68
v 495.702 530.979 1428.62
v 495.702 478.108 1475.60
v 495.702 415.780 1512.80
v 495.702 344.764 1539.10
v 495.702 265.829 1553.40
v 495.702 190.002 1559.32
v 495.702 128.309 1560.49
v 495.702 73.6827 1559.30
v 495.702 69.2041 775.816
v 495.702 144.902 773.358
v 495.702 219.827 774.052
v 495.702 293.205 781.050
v 495.702 361.958 796.466
v 495.702 423.007 822.416
v 495.702 478.089 858.243
v 548.822 571.332 -1155.22
v 548.822 514.995 -1077.24
v 548.822 437.219 -1017.22
v 548.822 356.385 -976.752
v 548.822 290.875 -957.404
v 548.822 228.151 -951.487
v 548.822 155.672 -951.307
v 548.822 78.3167 -953.995
v 548.822 104.925 -1744.25
v 548.822 161.368 -1739.61
v 548.822 220.065 -1736.28
v 548.822 283.268 -1735.56
v 548.822 356.996 -1718.29
v 548.822 447.271 -1665.31
v 548.822 530.489 -1594.55
v 548.822 583.046 -1523.91
v 548.822 610.552 -1444.58
v 548.822 618.612 -1347.76
v 548.822 605.961 -1246.84
v 615.367 75.0207 1728.85
v 517.828 62.6899 -565.325
v 517.828 67.5756 545.717
v 517.828 65.9470 107.523
v 521.014 66.9133 -810.509
v 517.828 66.7613 326.620
v 517.828 66.3541 217.071
v 821.207 147.925 -565.325
v 821.207 148.548 104.050
v 821.207 149.615 322.279
v 821.207 149.834 213.165
v 829.865 262.756 1919.75
v 777.848 341.641 2026.48
v 688.154 348.723 2068.31
v 760.206 180.682 1900.28
v 712.574 209.670 1953.06
v 663.858 175.880 1941.89
v 850.052 415.780 1833.76
v 890.846 449.308 1784.48
v 881.490 263.660 1844.12
v 869.511 128.139 1750.11
v 517.132 616.950 -2109.75
v 509.504 616.950 -2109.23
v 538.473 638.533 -1941.09
v -8.73396e-6 603.842 -2042.52
v 316.756 603.526 -2043.45
v 512.401 603.383 -2048.36
v 563.785 690.824 -1855.96
v -8.73396e-6 720.359 -1800.67
v 434.333 717.195 -1807.97
v 75.2362 720.359 -1801.57
v 578.698 715.613 -1812.84
v 799.909 666.589 1497.14
v 488.931 607.739 1498.17
v 480.362 410.583 1993.07
v 775.669 393.644 1992.96
v 542.613 556.529 1740.57
v 549.995 483.741 1851.90
v 557.392 587.346 1649.63
v 557.264 468.620 1881.01
v 790.113 550.500 1740.52
v 775.029 598.387 1648.99
v 790.500 489.973 1851.81
v 629.891 620.674 1559.77
v 705.083 632.756 1559.56
v 590.150 660.660 1364.29
v 692.305 682.994 1380.83
v 575.208 599.552 1610.93
v 758.490 610.920 1610.51
v 775.769 471.172 1880.92
v 719.896 397.440 1988.94
v 702.966 441.473 1926.41
v 630.067 443.837 1925.86
v 634.161 384.426 2026.66
v 548.426 397.505 2028.03
v 750.306 446.836 1910.79
v 582.727 455.445 1910.85
v 555.778 348.723 2104.73
v 621.966 348.723 2086.52
v 517.229 404.044 2010.55
v -8.73396e-6 410.583 2058.95
v 244.795 348.723 2153.87
v 231.346 410.583 2026.01
v 204.766 73.0910 1788.22
v 214.096 178.595 2016.37
v 205.397 73.6827 1612.21
v 553.382 535.741 1627.56
v 543.552 509.459 1709.78
v 548.894 467.851 1846.57
v 556.659 460.565 1878.65
v 582.484 450.338 1908.87
v 750.094 444.990 1909.84
v 775.028 458.621 1873.72
v 789.388 471.996 1841.57
v 783.678 520.774 1702.89
v 770.839 540.719 1619.63
v 753.705 548.449 1580.48
v 699.902 558.783 1526.72
v 624.263 558.725 1530.74
v 570.676 547.312 1585.92
v 639.997 455.663 1893.76
v 693.423 453.367 1894.15
v 734.815 458.535 1874.26
v 758.297 473.482 1843.88
v 777.998 493.165 1805.63
v 777.512 512.323 1766.23
v 560.281 508.533 1766.06
v 560.200 487.886 1811.06
v 574.670 473.623 1848.87
v 596.615 463.158 1873.91
v 623.594 530.255 1673.76
v 703.636 531.421 1674.03
v 615.240 539.412 1697.90
v 713.989 540.579 1698.28
v 574.597 524.574 1734.28
v 759.027 527.031 1735.09
v 740.705 535.484 1713.68
v 590.405 533.697 1713.09
v 625.868 537.400 1624.92
v 698.354 539.059 1622.28
v 650.275 530.643 1673.85
v 676.956 531.032 1673.94
v 651.045 543.056 1687.56
v 677.914 543.453 1687.69
v 666.890 453.732 1896.71
v 716.383 454.808 1886.13
v 747.765 465.031 1860.17
v 769.478 483.080 1825.40
v 780.553 503.077 1785.44
v 566.547 517.430 1748.43
v 558.189 498.042 1788.09
v 566.245 479.993 1831.54
v 583.823 468.035 1862.39
v 615.956 458.920 1885.27
v 633.241 541.556 1691.79
v 728.818 538.336 1705.40
v 582.041 529.801 1722.69
v 769.243 520.409 1749.41
v 750.144 531.886 1723.38
v 601.216 536.847 1704.91
v 664.480 543.688 1686.19
v 695.719 542.350 1692.05
v 666.485 536.952 1791.59
v 666.517 442.655 1926.14
v 726.530 443.231 1918.13
v 762.561 451.806 1891.78
v 782.208 465.308 1857.65
v 786.533 492.477 1776.09
v 546.223 488.655 1778.17
v 552.776 464.208 1862.61
v 569.572 455.451 1893.76
v 606.276 447.087 1917.37
v 690.296 531.227 1673.99
v 663.615 530.838 1673.90
v 636.935 530.449 1673.80
v 666.688 501.032 1844.63
v 641.220 503.626 1838.91
v 625.154 508.184 1827.47
v 616.365 514.163 1812.04
v 612.337 523.187 1790.32
v 616.516 532.882 1770.49
v 624.263 539.067 1757.62
v 633.851 542.590 1748.73
v 649.863 544.944 1742.16
v 665.482 546.010 1739.37
v 681.102 545.342 1742.29
v 697.652 543.334 1748.97
v 708.315 540.109 1757.96
v 717.864 534.371 1770.98
v 723.519 525.705 1788.99
v 717.981 515.706 1808.97
v 707.125 506.682 1826.36
v 691.434 501.570 1839.34
v 583.573 523.765 1687.91
v 551.917 506.189 1736.53
v 559.831 510.583 1724.37
v 567.745 514.977 1712.22
v 575.659 519.371 1700.06
v 548.467 522.600 1668.67
v 563.563 512.704 1702.70
v 547.735 503.916 1727.01
v 544.888 499.057 1743.98
v 546.304 520.135 1796.24
v 550.003 571.938 1695.10
v -8.73396e-6 516.686 1821.08
v 494.776 516.686 1792.29
v 723.647 528.759 1681.25
v 743.657 526.097 1688.46
v 763.668 523.436 1695.68
v 777.259 526.838 1665.12
v 782.571 574.444 1694.76
v 829.809 567.857 1690.84
v 806.551 593.878 1652.53
v 798.332 572.189 1696.52
v 790.307 520.237 1796.16
v 785.106 502.717 1743.35
v 780.595 509.834 1736.87
v 837.944 232.154 -380.196
v 854.680 290.942 -533.385
v 854.680 289.936 104.603
v 854.680 290.596 318.231
v 854.680 291.018 213.786
v 854.680 290.439 -440.820
v 882.190 408.222 -849.474
v 883.347 407.999 321.663
v 882.190 408.222 -676.474
v 883.347 421.655 119.345
v 883.347 411.889 216.876
v 883.347 421.655 -482.901
v 883.303 417.065 -532.647
v 923.401 421.526 -962.276
v 224.144 472.443 1904.10
v 230.113 516.686 1806.69
v 238.053 560.929 1709.37
v 237.031 627.801 1422.30
v 592.779 788.359 -1536.86
v 592.782 764.227 -1648.57
v 593.569 886.711 -912.828
v 594.573 837.612 -1308.87
v 594.785 812.298 -1426.04
v 594.238 833.679 -1158.31
v 593.904 859.794 -1037.42
v 594.088 864.466 -1110.24
v 718.985 846.155 -1270.41
v 761.996 783.331 -1520.04
v 889.208 722.540 -1715.47
v 931.651 573.719 -1725.18
v 898.411 691.237 -1722.09
v 743.666 747.702 -1657.56
v 821.087 746.120 -1637.21
v 628.934 921.784 -924.282
v -326.025 998.694 -121.251
v -858.787 77.6820 1698.25
v -326.025 912.483 -793.527
v -919.770 104.925 -1744.25
v -326.025 998.694 -565.325
v -804.471 62.6899 -565.325
v -607.430 972.839 -182.104
v -779.381 680.772 530.499
v -822.989 637.255 1564.53
v -593.552 889.029 -902.097
v -902.834 757.737 -1563.35
v -792.369 616.950 -2114.93
v -824.665 348.723 -2033.70
v -607.430 972.839 -565.325
v -756.143 829.256 -565.325
v -869.889 685.190 -639.064
v -871.416 348.723 -501.444
v -681.787 869.063 73.5887
v -775.999 805.762 -1436.06
v -681.787 901.048 -565.325
v -874.001 205.265 -1904.97
v -837.944 233.160 -565.325
v -795.782 700.020 1364.09
v -875.582 687.343 -1867.60
v -800.184 754.896 -548.069
v -926.036 348.723 1725.11
v -883.176 180.404 1673.63
v -934.205 573.209 1372.68
v -836.629 498.459 1817.15
v -882.745 348.723 1850.37
v -919.141 554.702 539.701
v -871.416 348.723 547.375
v -837.944 232.702 535.300
v -847.630 644.446 531.605
v -804.471 67.5756 545.717
v -784.999 771.766 64.6776
v -919.141 640.449 151.498
v -871.416 348.723 108.628
v -837.944 231.149 100.578
v -844.301 712.164 61.7112
v -804.471 65.9470 107.523
v -719.977 722.319 825.509
v -740.482 742.458 1138.81
v -804.471 69.2041 775.816
v -919.141 608.415 840.196
v -934.891 621.865 1236.47
v -870.215 361.958 796.466
v -837.944 219.827 774.052
v -836.882 703.164 866.533
v -857.278 722.153 1105.06
v -808.720 66.9133 -810.509
v -871.416 348.723 -847.443
v -914.511 586.719 -855.566
v -770.920 784.721 -861.776
v -567.606 910.806 -801.291
v -758.877 851.759 -881.739
v -840.068 233.116 -834.570
v -839.021 689.296 -863.044
v -735.080 859.122 -979.190
v -832.527 797.788 -1003.40
v -864.068 78.3167 -953.995
v -914.518 356.385 -976.752
v -923.202 616.950 -918.850
v -888.564 228.151 -951.487
v -885.655 712.375 -1002.02
v -894.560 765.747 -1437.38
v -962.827 610.552 -1444.58
v -919.953 698.469 -1451.85
v -929.023 220.065 -1736.28
v -958.901 530.489 -1594.55
v -921.241 695.131 -1576.57
v -944.231 356.996 -1718.29
v -904.400 616.950 -1855.82
v -895.563 348.723 -1900.79
v -846.689 652.147 -1991.27
v -861.097 616.950 -1985.37
v -409.533 71.2779 1759.91
v -483.535 348.723 2122.94
v -489.884 560.929 1709.47
v -669.652 680.772 440.842
v -303.715 972.839 -61.4008
v -340.893 901.048 73.5887
v -428.192 180.401 1986.49
v -488.522 627.801 1421.40
v -499.667 472.443 1875.12
v -402.236 67.5756 545.717
v -402.236 65.9470 107.523
v -402.236 69.2041 775.816
v -486.417 669.902 1126.83
v -498.827 662.588 802.684
v -402.236 62.6899 -565.325
v -459.885 104.925 -1759.07
v -354.500 348.723 -2023.33
v -432.515 205.265 -1894.61
v -404.360 66.9133 -810.509
v -306.900 616.950 -2104.57
v -428.639 693.671 -1846.44
v -405.460 639.956 -1933.99
v -880.235 178.597 1801.97
v -309.776 680.772 535.169
v -268.446 662.588 828.664
v -243.209 669.902 1126.83
v -891.048 665.636 1352.54
v -913.537 616.950 1489.44
v -898.948 549.893 1718.58
v -17.1856 560.929 1709.27
v -16.5045 627.801 1423.19
v -432.034 78.3167 -953.995
v -746.850 676.578 378.196
v -782.190 677.895 313.938
v -845.133 669.125 206.487
v -681.787 901.048 -109.928
v -644.609 936.943 -54.2574
v -780.786 679.334 422.219
v -869.510 653.230 274.786
v -804.471 66.7613 326.620
v -919.141 585.826 321.606
v -871.416 348.723 318.523
v -837.944 232.469 311.770
v -402.236 66.7613 326.620
v -919.141 601.388 212.559
v -871.416 348.723 218.314
v -837.944 233.313 209.258
v -402.236 66.3541 217.071
v -804.471 66.3541 217.071
v -782.113 777.515 -8.40843
v -681.787 901.048 -165.553
v -644.609 945.314 -561.779
v -644.609 950.459 -164.769
v -644.609 945.314 -216.786
v -676.939 892.433 -870.073
v -660.774 933.593 -676.686
v -707.484 884.618 -650.664
v -758.606 821.834 -614.734
v -878.391 678.781 -419.436
v -881.721 676.307 82.9660
v -594.891 776.853 -1421.36
v -592.759 752.880 -1532.33
v -593.150 728.969 -1643.01
v -585.791 701.935 -1768.15
v -365.380 701.761 -1768.96
v -225.120 702.090 -1767.43
v -594.557 838.774 -1303.49
v -594.222 871.670 -1151.21
v -593.887 897.429 -1031.98
v -813.899 438.132 -2060.77
v -315.881 438.132 -2050.41
v -780.645 466.598 -2068.53
v -426.310 466.591 -2059.53
v -422.503 574.509 -2096.76
v -778.775 574.503 -2105.85
v -763.718 569.554 -2123.40
v -765.430 471.547 -2111.32
v -441.284 471.541 -2111.32
v -437.801 569.559 -2123.40
v -544.422 466.593 -2062.53
v -662.534 466.596 -2065.53
v -660.017 574.505 -2102.82
v -541.260 574.507 -2099.79
v -549.333 471.543 -2111.32
v -657.381 471.545 -2111.32
v -655.079 569.556 -2123.40
v -546.440 569.557 -2123.40
v -546.228 233.148 -1920.54
v -542.936 320.799 -1999.33
v -733.689 320.840 -2007.72
v -732.430 233.119 -1929.14
v -726.495 240.989 -1983.10
v -552.099 241.015 -1983.11
v -549.015 318.445 -2010.75
v -727.675 318.481 -2010.76
v -919.141 640.449 -363.392
v -838.332 722.096 -672.109
v -733.180 868.189 -748.588
v -783.098 803.277 -720.641
v -668.856 927.975 -771.213
v -918.965 622.092 -603.684
v -857.900 734.852 -553.309
v -740.245 878.607 -654.306
v -790.765 811.244 -617.030
v -894.054 677.303 -441.348
v -873.679 713.612 -508.695
v -668.459 936.226 -701.418
v -593.586 918.816 -932.975
v -594.590 834.415 -1323.66
v -594.678 772.794 -1440.15
v -592.798 748.889 -1550.80
v -592.414 724.536 -1663.53
v -594.255 866.568 -1174.83
v -593.920 893.041 -1052.29
v -649.759 918.862 -972.239
v -639.164 902.705 -1038.50
v -661.970 886.548 -1104.76
v -684.776 870.390 -1171.02
v -707.582 854.233 -1237.28
v -730.388 838.076 -1303.54
v -753.194 821.919 -1369.80
v -740.195 852.452 -1036.30
v -745.310 845.782 -1093.41
v -750.425 839.112 -1150.52
v -755.540 832.442 -1207.62
v -760.655 825.772 -1264.73
v -765.769 819.102 -1321.84
v -770.884 812.432 -1378.95
v -848.035 789.778 -1111.90
v -863.543 781.767 -1220.39
v -879.051 773.757 -1328.89
v -897.088 707.740 -1151.96
v -908.521 703.104 -1301.90
v -955.381 605.961 -1246.84
v -627.247 708.106 -1818.13
v -747.992 760.901 -1604.03
v -571.605 690.507 -1857.02
v -544.864 653.729 -1983.39
v -739.340 734.503 -1711.08
v -664.316 900.108 -942.585
v -936.202 514.995 -1077.24
v -901.742 290.875 -957.404
v -876.130 155.672 -951.307
v -962.321 583.046 -1523.91
v -952.347 447.271 -1665.31
v -923.901 161.368 -1739.61
v -936.128 283.268 -1735.56
v -960.643 618.612 -1347.76
v -946.657 571.332 -1155.22
v -925.746 437.219 -1017.22
v -855.742 290.920 -841.007
v -824.394 150.015 -822.540
v -914.237 700.786 -1376.88
v -920.597 696.800 -1514.21
v -889.449 276.994 -1902.88
v -899.981 482.837 -1878.30
v -952.717 611.456 -1082.85
v -932.285 486.668 -947.801
v -892.964 467.721 -851.505
v -823.228 73.6827 1559.30
v -856.700 190.002 1559.32
v -410.794 73.6827 1589.55
v -887.346 344.764 1539.10
v -895.278 451.712 543.538
v -895.278 494.586 130.063
v -894.295 478.089 858.243
v -904.490 478.108 1475.60
v -912.492 449.308 1721.84
v -895.278 467.274 324.804
v -895.278 475.056 215.437
v -895.278 494.586 -464.358
v -895.191 485.408 -563.850
v -926.281 621.073 1078.03
v -911.271 571.676 955.389
v -937.462 603.616 1308.64
v -883.347 423.007 822.416
v -854.680 293.205 781.050
v -821.207 144.902 773.358
v -839.964 128.309 1560.49
v -873.436 265.829 1553.40
v -895.604 415.780 1512.80
v -920.286 530.979 1428.62
v -931.326 627.622 1156.17
v -903.275 528.941 903.290
v -919.268 602.406 1012.37
v -883.347 400.218 545.456
v -854.680 290.713 541.337
v -821.207 150.139 540.509
v -881.532 692.788 1247.92
v -875.828 127.654 1686.65
v -909.300 264.564 1699.37
v -495.702 528.941 903.290
v -495.702 571.676 955.389
v -495.702 602.406 1012.37
v -495.702 621.073 1078.03
v -495.702 627.622 1156.17
v -495.702 621.865 1236.47
v -495.702 603.616 1308.64
v -495.702 573.209 1372.68
v -495.702 530.979 1428.62
v -495.702 478.108 1475.60
v -495.702 415.780 1512.80
v -495.702 344.764 1539.10
v -495.702 265.829 1553.40
v -495.702 190.002 1559.32
v -495.702 128.309 1560.49
v -495.702 73.6827 1559.30
v -495.702 69.2041 775.816
v -495.702 144.902 773.358
v -495.702 219.827 774.052
v -495.702 293.205 781.050
v -495.702 361.958 796.466
v -495.702 423.007 822.416
v -495.702 478.089 858.243
v -548.822 571.332 -1155.22
v -548.822 514.995 -1077.24
v -548.822 437.219 -1017.22
v -548.822 356.385 -976.752
v -548.822 290.875 -957.404
v -548.822 228.151 -951.487
v -548.822 155.672 -951.307
v -548.822 78.3167 -953.995
v -548.822 104.925 -1744.25
v -548.822 161.368 -1739.61
v -548.822 220.065 -1736.28
v -548.822 283.268 -1735.56
v -548.822 356.996 -1718.29
v -548.822 447.271 -1665.31
v -548.822 530.489 -1594.55
v -548.822 583.046 -1523.91
v -548.822 610.552 -1444.58
v -548.822 618.612 -1347.76
v -548.822 605.961 -1246.84
v -615.367 75.0207 1728.85
v -517.828 62.6899 -565.325
v -517.828 67.5756 545.717
v -517.828 65.9470 107.523
v -521.014 66.9133 -810.509
v -517.828 66.7613 326.620
v -517.828 66.3541 217.071
v -821.207 147.925 -565.325
v -821.207 148.548 104.050
v -821.207 149.615 322.279
v -821.207 149.834 213.165
v -829.865 262.756 1919.75
v -777.848 341.641 2026.48
v -688.154 348.723 2068.31
v -760.206 180.682 1900.28
v -712.574 209.670 1953.06
v -663.858 175.880 1941.89
v -850.052 415.780 1833.76
v -890.846 449.308 1784.48
v -881.490 263.660 1826.17
v -869.511 128.139 1750.11
v -517.132 616.950 -2109.75
v -509.504 616.950 -2109.23
v -538.473 638.533 -1941.09
v -316.756 603.526 -2043.45
v -512.401 603.383 -2048.36
v -563.785 690.824 -1855.96
v -434.333 717.195 -1807.97
v -75.2362 720.359 -1801.57
v -578.698 715.613 -1812.84
v -799.910 666.589 1497.14
v -488.931 607.739 1498.17
v -480.362 410.583 1993.07
v -775.669 393.644 1992.96
v -542.613 556.529 1740.57
v -549.995 483.741 1851.90
v -557.392 587.346 1649.63
v -557.264 468.620 1881.01
v -790.113 550.500 1740.52
v -775.029 598.387 1648.99
v -790.500 489.973 1851.81
v -629.891 620.674 1559.77
v -705.083 632.756 1559.56
v -590.150 660.660 1364.29
v -692.305 682.994 1380.83
v -575.208 599.552 1610.93
v -758.490 610.920 1610.51
v -775.769 471.172 1880.92
v -719.896 397.440 1988.94
v -702.966 441.473 1926.41
v -630.067 443.837 1925.86
v -634.161 384.426 2026.66
v -548.426 397.505 2028.03
v -750.306 446.836 1910.79
v -582.727 455.445 1910.85
v -555.778 348.723 2104.73
v -621.966 348.723 2086.52
v -517.229 404.044 2010.55
v -244.795 348.723 2153.87
v -231.346 410.583 2026.01
v -204.766 73.0910 1788.22
v -214.096 178.595 2016.37
v -205.397 73.6827 1612.21
v -553.383 535.741 1627.56
v -543.552 509.459 1709.78
v -548.894 467.851 1846.57
v -556.659 460.565 1878.65
v -582.484 450.338 1908.87
v -750.094 444.990 1909.84
v -775.028 458.621 1873.72
v -789.388 471.996 1841.57
v -783.678 520.774 1702.89
v -770.839 540.719 1619.63
v -753.705 548.449 1580.48
v -699.902 558.783 1526.72
v -624.263 558.725 1530.74
v -570.676 547.312 1585.92
v -639.997 455.663 1893.76
v -693.423 453.367 1894.15
v -734.815 458.535 1874.26
v -758.297 473.482 1843.88
v -777.998 493.165 1805.63
v -777.512 512.323 1766.23
v -560.281 508.533 1766.06
v -560.200 487.886 1811.06
v -574.670 473.623 1848.87
v -596.615 463.158 1873.91
v -623.594 530.255 1673.76
v -703.636 531.421 1674.03
v -615.240 539.412 1697.90
v -713.989 540.579 1698.28
v -574.597 524.574 1734.28
v -759.027 527.031 1735.09
v -740.705 535.484 1713.68
v -590.405 533.697 1713.09
v -625.868 537.400 1624.92
v -698.354 539.059 1622.28
v -650.275 530.643 1673.85
v -676.956 531.032 1673.94
v -651.045 543.056 1687.56
v -677.914 543.453 1687.69
v -666.890 453.732 1896.71
v -716.383 454.808 1886.13
v -747.765 465.031 1860.17
v -769.478 483.080 1825.40
v -780.553 503.077 1785.44
v -566.547 517.430 1748.43
v -558.189 498.042 1788.09
v -566.245 479.993 1831.54
v -583.823 468.035 1862.39
v -615.956 458.920 1885.27
v -633.241 541.556 1691.79
v -728.818 538.336 1705.40
v -582.041 529.801 1722.69
v -769.243 520.409 1749.41
v -750.144 531.886 1723.38
v -601.216 536.847 1704.91
v -664.480 543.688 1686.19
v -695.719 542.350 1692.05
v -666.485 536.952 1791.59
v -666.517 442.655 1926.14
v -726.530 443.231 1918.13
v -762.561 451.806 1891.78
v -782.208 465.308 1857.65
v -786.533 492.477 1776.09
v -546.223 488.655 1778.17
v -552.776 464.208 1862.61
v -569.572 455.451 1893.76
v -606.276 447.087 1917.37
v -690.296 531.227 1673.99
v -663.615 530.838 1673.90
v -636.935 530.449 1673.80
v -666.688 501.032 1844.63
v -641.220 503.626 1838.91
v -625.154 508.184 1827.47
v -616.365 514.163 1812.04
v -612.337 523.187 1790.32
v -616.516 532.882 1770.49
v -624.263 539.067 1757.62
v -633.851 542.590 1748.73
v -649.863 544.944 1742.16
v -665.482 546.010 1739.37
v -681.102 545.342 1742.29
v -697.652 543.334 1748.97
v -708.315 540.109 1757.96
v -717.864 534.371 1770.98
v -723.519 525.705 1788.99
v -717.981 515.706 1808.97
v -707.125 506.682 1826.36
v -691.434 501.570 1839.34
v -583.573 523.765 1687.91
v -551.917 506.189 1736.53
v -559.831 510.583 1724.37
v -567.745 514.977 1712.22
v -575.659 519.371 1700.06
v -548.467 522.600 1668.67
v -563.563 512.704 1702.70
v -547.735 503.916 1727.01
v -544.888 499.057 1743.98
v -546.304 520.135 1796.24
v -550.003 571.938 1695.10
v -494.776 516.686 1792.29
v -723.647 528.759 1681.25
v -743.657 526.097 1688.46
v -763.668 523.436 1695.68
v -777.259 526.838 1665.12
v -782.571 574.444 1694.76
v -829.809 567.857 1690.84
v -806.551 593.878 1652.53
v -798.332 572.189 1696.52
v -790.307 520.237 1796.16
v -785.106 502.717 1743.35
v -780.595 509.834 1736.87
v -837.944 232.154 -380.196
v -854.680 290.942 -533.385
v -854.680 289.936 104.603
v -854.680 290.596 318.231
v -854.680 291.018 213.786
v -854.680 290.439 -440.820
v -882.190 408.222 -849.474
v -883.347 407.999 321.663
v -882.190 408.222 -676.474
v -883.347 421.655 119.345
v -883.347 411.889 216.876
v -883.347 421.655 -482.901
v -883.303 417.065 -532.647
v -923.401 421.526 -962.276
v -224.144 472.443 1904.10
v -230.113 516.686 1806.69
v -238.053 560.929 1709.37
v -237.031 627.801 1422.30
v -592.779 751.902 -1536.86
v -592.782 727.769 -1648.57
v -593.569 923.168 -912.828
v -594.573 837.612 -1308.87
v -594.785 775.841 -1426.04
v -594.238 870.136 -1158.31
v -593.904 896.252 -1037.42
v -594.088 864.466 -1110.24
v -718.985 846.155 -1270.41
v -761.996 783.331 -1520.04
v -889.208 722.540 -1715.47
v -931.651 573.719 -1725.18
v -898.411 691.237 -1722.09
v -743.666 747.702 -1657.56
v -821.087 746.120 -1637.21
v -628.934 921.784 -924.282
v 888.575 283.486 1811.50
v 905.023 284.514 1742.93
v 917.685 328.896 1746.42
v 885.444 329.401 1812.80
v -904.934 285.158 1739.74
v -888.688 284.077 1810.72
v -885.075 328.838 1810.14
v -917.812 328.271 1741.57
v -726.683 735.415 976.192
v -783.551 726.236 1255.75
v -852.625 712.324 978.299
v -792.982 714.951 829.033
v -811.499 734.638 1119.57
v -622.592 708.989 1120.95
v -616.916 699.900 815.674
v -492.622 666.245 964.756
v -851.486 682.105 1364.59
v -895.154 673.203 1308.28
v -867.911 712.373 1187.56
v -641.359 669.196 1390.97
v -743.250 696.793 1370.69
v -538.415 662.650 1263.97
v -706.140 714.962 1263.99
v -618.663 708.518 971.251
v -798.664 731.557 978.023
v -838.639 710.665 1246.23
v -630.884 693.166 1258.90
v -746.967 719.319 1289.40
v 726.683 735.415 976.192
v 783.551 726.236 1255.75
v 852.625 712.324 978.299
v 792.982 714.951 829.033
v 811.499 734.638 1119.57
v 622.592 708.989 1120.95
v 616.916 699.900 815.674
v 492.622 666.245 964.756
v 851.486 682.105 1364.59
v 895.154 673.203 1308.28
v 867.911 712.373 1187.56
v 641.359 669.196 1390.97
v 743.250 696.793 1370.69
v 538.415 662.650 1263.97
v 706.140 714.962 1263.99
v 618.663 708.518 971.251
v 798.664 731.557 978.023
v 838.639 710.665 1246.23
v 630.884 693.166 1258.90
v 746.967 719.319 1289.40
v 813.506 662.609 531.052
v 922.711 614.744 959.114
v 936.177 612.741 1272.56
v 724.517 680.772 485.671
v 255.827 666.245 977.746
v 935.834 588.412 1340.66
v 667.487 626.715 1559.67
v -813.506 662.609 531.052
v -922.711 614.744 959.114
v -936.177 612.741 1272.56
v -724.517 680.772 485.671
v -255.827 666.245 977.746
v -935.834 588.412 1340.66
v -667.487 626.715 1559.67
v 854.951 717.238 1041.68
v 924.496 617.909 1018.57
v -924.496 617.909 1018.57
v 936.297 565.973 -998.044
v -943.128 565.973 -998.044
v 61.3800 616.950 -2104.25
v 63.1762 438.132 -2050.09
v -61.3800 616.950 -2104.25
v -63.1762 438.132 -2050.09
v 236.331 725.467 -1659.22
v 247.543 748.844 -1551.01
v 258.755 772.221 -1442.80
v 269.967 795.598 -1334.59
v 281.178 818.975 -1226.37
v 292.390 842.352 -1118.16
v 303.602 865.729 -1009.95
v 314.813 889.106 -901.739
v 330.398 889.070 -901.908
v 334.771 865.656 -1010.29
v 339.143 842.242 -1118.67
v 343.516 818.829 -1227.05
v 347.889 795.415 -1335.43
v 352.262 772.001 -1443.82
v 356.635 748.588 -1552.20
v 361.008 725.174 -1660.58
v -314.813 889.106 -901.739
v -303.602 865.729 -1009.95
v -292.390 842.352 -1118.16
v -281.178 818.975 -1226.37
v -269.967 795.598 -1334.59
v -258.755 772.221 -1442.80
v -247.543 748.844 -1551.01
v -236.331 725.467 -1659.22
v -361.008 725.174 -1660.58
v -356.635 748.588 -1552.20
v -352.262 772.001 -1443.82
v -347.889 795.415 -1335.43
v -343.516 818.829 -1227.05
v -339.143 842.242 -1118.67
v -334.771 865.656 -1010.29
v -330.398 889.070 -901.908
v -8.73396e-6 725.867 -1657.37
v -8.73396e-6 749.269 -1549.04
v -8.73396e-6 772.672 -1440.71
v -8.73396e-6 796.074 -1332.38
v -8.73396e-6 819.477 -1224.05
v -8.73396e-6 842.880 -1115.72
v -8.73396e-6 866.282 -1007.39
v -8.73396e-6 889.685 -899.060
vn 5.22954e-2 0.983357 0.173996
vn 0.586393 -0.778147 0.225010
vn 9.03072e-3 0.965660 -0.259652
vn 0.699355 -0.706149 0.110707
vn 3.40891e-2 0.985278 -0.167528
vn 0.635662 -0.771968 1.14246e-4
vn 8.87806e-19 -0.977441 0.211209
vn 1.10496e-19 0.980826 0.194888
vn 0.00000e+0 -0.903480 -0.428630
vn 4.61535e-17 0.958933 -0.283633
vn 2.29924e-18 -0.999981 -6.19159e-3
vn 4.67441e-17 0.983811 -0.179210
vn 0.416111 0.906976 6.51556e-2
vn 0.103255 0.993380 -5.03356e-2
vn 0.214087 0.902115 0.374639
vn -0.215123 0.976092 -3.10816e-2
vn 0.416327 0.888064 -0.194974
vn 0.484622 0.185663 -0.854793
vn 0.529290 -0.365922 -0.765476
vn 0.219729 0.967529 -0.124926
vn 0.784575 0.620021 3.89146e-3
vn 0.847441 0.523677 -8.72196e-2
vn 0.976780 -0.214231 2.45048e-3
vn 0.00000e+0 0.904956 0.425505
vn 2.76140e-20 0.967940 0.251180
vn 8.70569e-19 0.950634 0.310314
vn 0.00000e+0 0.217429 0.976076
vn -7.77439e-19 -0.490698 -0.871330
vn -4.06124e-18 0.677783 -0.735262
vn 0.495836 0.813179 0.304773
vn 0.164786 0.970764 -0.174534
vn 0.741967 0.669916 2.64103e-2
vn 5.42224e-20 0.892706 0.450640
vn 0.00000e+0 -0.732267 -0.681018
vn 0.655107 -0.454423 -0.603602
vn 0.972563 -0.232622 2.99522e-3
vn 0.00000e+0 -0.793719 0.608285
vn 0.115249 0.960438 0.253528
vn 0.493982 0.814888 -0.303214
vn 0.597160 0.774483 0.208749
vn 4.34125e-19 0.982781 0.184775
vn -1.33000e-17 0.856505 -0.516138
vn 0.990807 -0.131386 3.22248e-2
vn 0.973195 -0.213684 -8.50385e-2
vn 0.931026 -0.296082 -0.213367
vn 0.393081 0.741411 0.543872
vn -2.78035e-17 0.908495 0.417896
vn 0.893250 8.43407e-2 0.441577
vn -6.16298e-33 -0.999985 5.39702e-3
vn 0.971125 0.238564 -2.02570e-3
vn 0.970934 -0.239271 6.04608e-3
vn 0.972577 -0.232558 -3.19745e-3
vn 0.605901 0.795071 -2.73186e-2
vn 0.631406 -0.775446 3.15536e-3
vn 0.00000e+0 -0.999991 4.27864e-3
vn 0.690528 0.705653 0.158824
vn 0.937144 0.343517 6.12991e-2
vn 0.975147 -0.221550 -1.71939e-3
vn 0.971489 -0.237078 1.60804e-3
vn 0.699287 0.707473 0.102374
vn 0.633821 -0.773472 3.44278e-3
vn -1.48497e-3 0.994627 -0.103510
vn -7.96900e-2 0.994433 6.89355e-2
vn -1.30141e-20 0.999828 1.85463e-2
vn 2.71985e-20 0.998296 5.83472e-2
vn 0.534800 -0.642041 0.549339
vn 0.00000e+0 -0.888962 0.457981
vn 0.988244 0.148211 -3.75181e-2
vn 0.892231 -0.420629 -0.164301
vn 0.661132 -0.367069 0.654343
vn 0.687054 -0.197119 0.699357
vn 0.587374 0.800393 -0.119847
vn 0.650406 0.759321 -2.00952e-2
vn 0.631687 -0.770020 8.96655e-2
vn 2.51215e-18 -0.965196 -0.261528
vn 0.968129 -0.191067 0.161924
vn 0.942399 0.325808 7.57205e-2
vn 0.833034 0.542931 0.106210
vn 2.81460e-2 0.968298 -0.248206
vn 0.693283 0.720638 6.32379e-3
vn 0.960930 -0.197575 0.193847
vn 0.816303 0.564987 0.120161
vn 0.568110 0.821778 4.39536e-2
vn 0.704530 0.700970 0.110807
vn 0.574314 -0.684130 -0.449589
vn 0.00000e+0 -0.856813 -0.515628
vn 0.918081 -0.331534 -0.217285
vn 0.941262 0.230875 0.246419
vn 0.811653 -0.183195 -0.554671
vn 0.838789 0.508018 0.195835
vn 0.629858 0.776657 -9.09075e-3
vn 0.844974 -0.509882 0.161364
vn 0.922019 0.387052 8.45096e-3
vn 0.795720 -0.120076 0.593642
vn 0.919494 -0.267259 0.288278
vn 0.951369 0.290643 -0.102098
vn 0.783115 -0.310080 0.539057
vn 0.949887 0.164038 -0.266096
vn 0.935348 -3.89355e-2 -0.351579
vn -2.06738e-17 0.905512 -0.424321
vn 0.524719 0.755647 -0.392006
vn 0.901019 0.138807 -0.410970
vn 3.46741e-2 -0.976557 0.212448
vn 0.113261 0.433626 0.893947
vn -8.45903e-2 0.934985 0.344453
vn 2.31074e-2 0.984481 0.173964
vn 5.02604e-2 0.914373 0.401740
vn 6.82040e-2 0.891057 0.448739
vn 0.116345 -0.763821 0.634855
vn -0.129699 0.975722 0.176478
vn 1.78659e-2 0.883703 0.467708
vn 3.10963e-16 -0.999985 5.39702e-3
vn 7.11782e-17 -0.999991 4.27864e-3
vn 3.18427e-16 -0.888962 0.457981
vn -0.164369 0.983336 7.76748e-2
vn -0.121876 0.992332 -2.05888e-2
vn 1.86182e-17 -0.999981 -6.19159e-3
vn 3.52543e-3 -0.915113 -0.403182
vn -9.78063e-3 -0.534353 -0.845205
vn -3.58016e-3 -0.732440 -0.680823
vn 1.02889e-17 -0.998835 -4.82470e-2
vn -1.60675e-2 0.415576 -0.909416
vn -9.84823e-3 0.854119 -0.519985
vn -6.22371e-3 0.907051 -0.420975
vn 0.807854 -0.420775 0.412699
vn 3.16598e-2 0.967299 0.251655
vn 2.47062e-3 0.999831 1.82030e-2
vn 1.03133e-4 0.998275 5.87098e-2
vn 0.687828 0.706161 0.168018
vn 0.901653 0.389851 0.187186
vn 0.634803 0.590086 0.498821
vn 7.68775e-3 0.959153 0.282783
vn 4.01683e-3 0.979995 0.198982
vn 0.00000e+0 -0.929742 -0.368211
vn 0.147376 0.978149 0.146647
vn 0.370808 0.918078 0.140121
vn 0.592706 0.784468 0.182511
vn 0.738002 0.671920 6.22618e-2
vn 0.433627 0.864111 0.255498
vn 0.139821 0.990175 1.71393e-3
vn 0.516642 0.854634 5.17860e-2
vn 0.633330 -0.773877 2.65228e-3
vn -9.24446e-33 -0.999993 3.71651e-3
vn 0.967511 0.252179 1.81086e-2
vn 0.970950 -0.239273 -1.93892e-3
vn 0.971333 -0.237721 -5.32876e-4
vn 2.51484e-16 -0.999993 3.71651e-3
vn 0.00000e+0 -0.999993 3.71651e-3
vn 0.945381 0.320216 6.09666e-2
vn 0.973283 -0.229592 -2.74049e-3
vn 0.971417 -0.237376 1.14116e-3
vn 1.79557e-16 -0.999993 3.71651e-3
vn 0.633486 -0.773749 2.95075e-3
vn 0.754809 0.655794 1.40550e-2
vn 0.769220 0.638983 -3.12417e-4
vn 0.580265 0.813866 -3.02393e-2
vn 0.670118 0.742228 -6.25968e-3
vn 0.683284 0.729608 -2.81941e-2
vn 0.275508 0.961270 -7.36087e-3
vn 0.453853 0.881130 0.132765
vn 0.564910 0.742076 0.360832
vn 0.592829 0.713177 0.374076
vn 0.668751 0.739281 7.89694e-2
vn 0.654363 0.750394 9.33731e-2
vn 2.03595e-2 0.975871 -0.217399
vn 3.84493e-2 0.970631 -0.237480
vn 8.58572e-2 0.970241 -0.226410
vn -2.93656e-2 0.999123 2.98635e-2
vn 5.27914e-3 0.996530 8.30699e-2
vn 4.74160e-3 0.993230 0.116071
vn 0.00000e+0 0.991592 0.129404
vn -0.383955 0.909793 -0.157654
vn -0.447197 0.873990 -0.190150
vn -0.353854 0.915806 -0.189963
vn 0.252594 -0.247920 -0.935271
vn 1.08420e-19 -0.289974 -0.957035
vn -1.38261e-2 -0.287287 -0.957745
vn 0.298480 -0.527281 -0.795541
vn -0.317836 -0.546540 -0.774774
vn -0.364751 0.119275 -0.923434
vn 0.330656 0.127117 -0.935151
vn 0.432354 0.367779 -0.823291
vn 0.412084 -0.560125 -0.718643
vn -0.438011 -0.583574 -0.683804
vn -0.476819 0.379930 -0.792652
vn -9.70946e-3 -0.887107 -0.461461
vn -9.75716e-3 -0.884967 -0.465552
vn -1.22763e-2 0.766534 -0.642087
vn -1.82865e-2 0.535803 -0.844145
vn -8.44916e-4 -0.714615 -0.699518
vn -8.95770e-4 -0.712410 -0.701763
vn -2.07995e-3 0.569458 -0.822018
vn -1.85621e-3 0.581089 -0.813838
vn -0.312572 -0.771276 -0.554466
vn -0.445513 -0.243735 -0.861459
vn 0.409349 -0.245464 -0.878739
vn 0.288973 -0.770739 -0.567852
vn 0.439083 -0.676890 -0.590784
vn -0.452396 -0.681433 -0.575315
vn -0.548972 0.261799 -0.793783
vn 0.527907 0.254249 -0.810353
vn 0.942239 0.334758 -1.10935e-2
vn 0.831332 0.539971 -0.131599
vn 0.759112 0.645393 -8.49560e-2
vn 0.848689 0.519873 -9.72572e-2
vn 0.346921 0.917866 -0.192788
vn 0.989489 0.142318 -2.56168e-2
vn 0.649736 0.743442 0.158547
vn 0.596415 0.749708 0.286753
vn 0.629608 0.712001 0.310884
vn 0.770949 0.632568 7.41235e-2
vn 0.689357 0.717281 0.101461
vn 0.433937 0.898096 7.15671e-2
vn -0.275403 0.946503 -0.168184
vn 9.90048e-3 0.974462 -0.224333
vn 1.57140e-2 0.977279 -0.211374
vn 6.99871e-2 0.969571 -0.234593
vn -0.385872 0.865594 -0.319140
vn -0.661966 0.729498 -0.172144
vn -0.467177 0.870493 -0.154878
vn 0.196209 0.974980 0.104479
vn -0.252110 0.944671 -0.209851
vn -8.22446e-2 0.982392 -0.167757
vn 8.99989e-2 0.983208 -0.158751
vn 0.171454 0.978790 -0.112135
vn 0.232991 0.960522 -0.152027
vn 0.192521 0.967302 -0.165117
vn 0.508848 0.857671 -7.39911e-2
vn 0.463559 0.882364 -8.09073e-2
vn 0.450151 0.891341 -5.36218e-2
vn 0.437107 0.897694 -5.55319e-2
vn 0.434230 0.898378 -6.60342e-2
vn 0.409484 0.910490 -5.77167e-2
vn 0.384776 0.920970 -6.13354e-2
vn 0.653063 0.757223 1.10276e-2
vn 0.654197 0.756260 9.80867e-3
vn 0.630333 0.776195 1.42044e-2
vn 0.874086 0.482447 5.67295e-2
vn 0.895627 0.438697 7.34646e-2
vn 0.980540 -0.178804 -8.10539e-2
vn 1.74913e-2 0.979685 -0.199777
vn 8.10502e-2 0.965977 -0.245600
vn -0.164062 0.912222 -0.375413
vn -0.466916 0.870304 -0.156720
vn -4.08028e-2 0.961837 -0.270562
vn 0.265258 0.964073 1.42111e-2
vn 0.682709 -0.575567 -0.450145
vn 0.789366 -0.300895 -0.535129
vn 0.818319 -0.108089 -0.564510
vn 0.822932 -0.474239 0.312859
vn 0.900228 -0.314075 0.301573
vn 0.802839 -0.105217 0.586838
vn 0.785753 -0.185637 0.590027
vn 0.861368 -0.507286 2.65494e-2
vn 0.655071 -0.699466 -0.285711
vn 0.806140 -0.382726 -0.451285
vn 0.958403 -0.220403 0.181344
vn 0.967547 -0.165792 0.190697
vn 0.893767 0.444776 5.79193e-2
vn 0.941909 0.329648 -6.43389e-2
vn 0.931986 -0.110061 -0.345381
vn 0.957194 1.67118e-2 -0.288963
vn 0.983608 0.140621 0.112877
vn 0.984709 -6.77453e-2 0.160494
vn 0.983721 -0.152612 9.48859e-2
vn 0.458288 -0.645660 -0.610816
vn 0.595093 -0.173675 -0.784666
vn 0.00000e+0 -0.999999 1.16890e-3
vn 1.95873e-3 -0.999984 -5.26050e-3
vn 0.611418 -0.278161 -0.740807
vn 0.977725 -0.209862 3.42882e-3
vn 0.985933 -0.165460 -2.36408e-2
vn 0.768164 -0.473619 0.430825
vn 0.879896 -0.310467 -0.359713
vn 0.973760 0.113740 0.197114
vn 0.979427 -0.201153 -1.61475e-2
vn 0.983085 -0.180444 -3.13682e-2
vn 0.986401 -0.164214 6.82036e-3
vn 0.985641 -0.168655 8.24233e-3
vn 0.915427 -0.397392 6.38191e-2
vn 0.626053 -0.693325 0.356874
vn 0.868324 -0.406830 -0.283730
vn 0.653479 -0.459822 0.601272
vn 0.672037 -0.280372 0.685389
vn 0.694281 -0.139082 0.706138
vn 0.587676 -0.173042 -0.790375
vn 0.604277 -0.204546 -0.770072
vn 0.595106 -0.409347 -0.691580
vn 0.723829 -0.598429 -0.343445
vn 0.893966 -0.445929 -4.44069e-2
vn 0.646913 -0.608054 0.460188
vn 0.601221 -0.764864 0.231338
vn 0.976721 -0.214440 5.54691e-3
vn 0.965015 -0.262190 1.32825e-3
vn 0.979191 -0.202929 -2.16501e-3
vn 0.709667 0.694596 0.117935
vn 0.960431 -0.263694 -8.96525e-2
vn 0.980033 -0.198644 8.68890e-3
vn 0.00000e+0 -0.720398 0.693561
vn 0.00000e+0 -0.830507 0.557008
vn 0.00000e+0 -0.926503 0.376286
vn 0.00000e+0 -0.983789 0.179328
vn 0.00000e+0 -0.999982 6.02641e-3
vn 4.17699e-17 -0.987287 -0.158947
vn 4.18078e-17 -0.940911 -0.338653
vn 0.00000e+0 -0.855131 -0.518412
vn 0.00000e+0 -0.734761 -0.678326
vn 0.00000e+0 -0.591014 -0.806662
vn 0.00000e+0 -0.431722 -0.902006
vn 0.00000e+0 -0.263763 -0.964588
vn 0.00000e+0 -0.128160 -0.991753
vn 0.00000e+0 -4.84769e-2 -0.998824
vn 0.00000e+0 1.35672e-3 -0.999999
vn 4.71726e-3 -0.829275 -0.558821
vn 2.07881e-16 -0.692993 0.720945
vn 0.00000e+0 1.15960e-2 0.999933
vn 0.00000e+0 -5.21443e-2 0.998640
vn 0.00000e+0 -0.157170 0.987572
vn 0.00000e+0 -0.306251 0.951951
vn 0.00000e+0 -0.470012 0.882660
vn 0.00000e+0 -0.605829 0.795595
vn 2.32905e-17 -0.880686 -0.473700
vn 0.00000e+0 -0.718192 -0.695845
vn 0.00000e+0 -0.531773 -0.846887
vn 0.00000e+0 -0.366899 -0.930261
vn 0.00000e+0 -0.189465 -0.981888
vn 0.00000e+0 -4.82541e-2 -0.998835
vn 0.00000e+0 -0.130796 -0.991409
vn 0.00000e+0 -0.780113 -0.625638
vn 1.09036e-3 -0.810350 0.585945
vn 0.00000e+0 -6.93483e-2 0.997593
vn 0.00000e+0 -3.40764e-2 0.999419
vn 0.00000e+0 -0.120445 0.992720
vn 0.00000e+0 -0.371265 0.928527
vn 0.00000e+0 -0.579157 0.815216
vn 0.00000e+0 -0.729727 0.683739
vn 0.00000e+0 -0.883874 0.467726
vn 0.00000e+0 -0.978360 0.206909
vn 0.00000e+0 -0.999783 -2.08220e-2
vn 2.32501e-17 -0.970612 -0.240651
vn 7.51885e-2 -0.961435 0.264556
vn 4.32590e-17 -0.999981 -6.19159e-3
vn 2.87172e-16 -0.999985 5.39702e-3
vn 1.23459e-16 -0.999991 4.27864e-3
vn 7.98866e-18 -0.998835 -4.82470e-2
vn 2.80490e-16 -0.999993 3.71651e-3
vn 2.26622e-16 -0.999993 3.71651e-3
vn 0.981380 -0.192032 4.20916e-3
vn 0.980428 -0.196877 9.97632e-4
vn 0.980241 -0.197809 3.17107e-5
vn 0.980324 -0.197395 9.59294e-4
vn 0.689439 -0.334724 0.642365
vn 0.666128 -5.57366e-2 0.743752
vn 0.253856 0.506274 0.824163
vn 0.361253 -0.725288 0.586048
vn 0.372522 -0.605745 0.703065
vn 0.206666 -0.760585 0.615467
vn 0.718743 0.318771 0.617894
vn 0.772553 0.303242 0.557858
vn 0.938301 -0.134001 0.318802
vn 0.782873 -0.511741 0.353880
vn -0.347040 0.406645 -0.845105
vn -0.507701 0.755937 -0.413278
vn -0.477744 0.845623 -0.238082
vn -3.09347e-18 0.998375 -5.69934e-2
vn 3.22781e-4 0.998590 -5.30777e-2
vn -0.322621 0.946415 -1.46793e-2
vn -0.188571 0.873347 -0.449116
vn -2.47393e-19 0.999552 -2.99160e-2
vn -1.53755e-3 0.984313 -0.176427
vn 2.99500e-3 0.998907 -4.66509e-2
vn 4.86088e-2 0.979668 -0.194647
vn -1.65967e-2 0.939849 0.341187
vn -0.135741 0.964730 0.225545
vn 6.45312e-3 0.895909 0.444191
vn 0.296269 0.728375 0.617814
vn 0.659216 0.671146 0.339112
vn 0.719710 0.647229 0.251221
vn 0.649419 0.660324 0.377130
vn 0.662447 0.748810 2.11759e-2
vn -0.428758 0.776504 0.461744
vn -0.430839 0.762243 0.483077
vn -0.406360 0.822350 0.398261
vn 0.151943 0.483873 0.861847
vn -0.336759 0.467519 0.817325
vn -0.232760 0.951431 0.201499
vn -0.179069 0.949102 0.259113
vn 0.544135 0.581064 0.605212
vn -0.547343 0.642871 0.535847
vn -0.537218 0.817388 0.208023
vn 6.00773e-3 0.845756 0.533535
vn 1.07709e-2 0.957671 0.287664
vn 0.122552 0.973916 0.190969
vn 0.118076 0.839277 0.530729
vn 7.65833e-2 0.867422 0.491645
vn -0.493722 0.862388 -0.111917
vn 0.428956 0.872994 -0.232115
vn 0.204855 0.165002 0.964784
vn 0.247940 0.166844 0.954300
vn -2.48092e-3 0.892640 0.450763
vn -3.12807e-17 0.897717 0.440573
vn 0.130892 0.213636 0.968105
vn 5.73236e-2 0.895088 0.442189
vn 2.71894e-2 -0.976920 0.211866
vn 8.32986e-2 -0.791169 0.605899
vn -3.23384e-3 -0.999992 -2.30911e-3
vn 0.703152 0.637729 0.314449
vn 0.343728 0.915587 0.208688
vn 0.533464 0.826370 0.180355
vn 0.607744 0.792499 -5.09148e-2
vn 0.417414 0.861926 -0.287834
vn -0.385978 0.901670 -0.194968
vn -0.584306 0.810958 3.05719e-2
vn -0.263181 0.923357 0.279549
vn -9.34692e-2 0.970628 0.221687
vn -0.322125 0.900085 0.293399
vn -0.475579 0.739868 0.475835
vn -0.343248 0.165152 0.924611
vn 0.406703 0.111261 0.906760
vn 0.491181 0.713721 0.499343
vn -1.35085e-2 0.887452 0.460702
vn 7.13104e-2 0.889679 0.450983
vn 9.66038e-2 0.889098 0.447407
vn 0.119294 0.866129 0.485375
vn 0.215254 0.855100 0.471666
vn 0.736339 0.664920 0.125245
vn -0.630162 0.742045 0.228618
vn -0.444345 0.822033 0.356117
vn -0.185989 0.892725 0.410426
vn -7.42870e-2 0.892841 0.444203
vn -0.162066 0.979490 -0.119724
vn 0.123512 0.982566 -0.138958
vn -0.207092 0.931619 -0.298661
vn 0.191350 0.930667 -0.311838
vn -0.563419 0.826006 1.65260e-2
vn 0.410635 0.905542 0.106646
vn 0.297546 0.939712 -0.168543
vn -0.486295 0.868880 -9.25413e-2
vn -1.23163e-2 0.980414 0.196560
vn -1.29400e-2 0.983288 0.181599
vn -5.86400e-2 0.959421 -0.275813
vn 3.21335e-2 0.959978 -0.278224
vn -8.93741e-2 0.879665 -0.467120
vn 7.02759e-2 0.878990 -0.471633
vn 2.94844e-2 0.857533 0.513584
vn 0.120202 0.862038 0.492384
vn 0.140501 0.853071 0.502523
vn 0.200398 0.842233 0.500485
vn 0.585924 0.748221 0.311222
vn -0.528283 0.833488 0.161911
vn -0.540210 0.777257 0.322559
vn -0.305974 0.860459 0.407420
vn -0.150983 0.870826 0.467831
vn -7.18287e-2 0.862894 0.500254
vn -0.130672 0.948431 -0.288796
vn 0.252266 0.949467 -0.186747
vn -0.494311 0.869285 8.44093e-4
vn 0.502705 0.846289 0.176304
vn 0.293379 0.955976 -6.16120e-3
vn -0.323027 0.937381 -0.130271
vn -1.06537e-2 0.919110 -0.393856
vn 0.109834 0.949463 -0.294036
vn -9.23646e-3 0.927167 0.374533
vn 5.01441e-2 0.914460 0.401558
vn -9.99629e-2 0.992652 -6.81814e-2
vn -0.358135 0.922872 0.141588
vn -0.340061 0.901653 0.267170
vn 0.752408 0.643985 0.138438
vn -1.69857e-2 0.957065 0.289376
vn 0.251934 0.936914 0.242323
vn 0.345490 0.936763 5.57881e-2
vn 0.163269 0.983148 -8.22391e-2
vn 8.12069e-2 0.940780 -0.329148
vn -1.16642e-2 0.889333 -0.457110
vn -0.104493 0.939783 -0.325407
vn 2.81103e-2 0.789993 0.612472
vn -0.116598 0.798404 0.590725
vn -0.225291 0.821066 0.524495
vn -0.294575 0.844821 0.446658
vn -0.317212 0.865652 0.387327
vn -0.305118 0.898868 0.314546
vn -0.248762 0.944595 0.214145
vn -0.158560 0.979602 0.123448
vn -8.31416e-2 0.993579 7.67385e-2
vn -1.28172e-2 0.997701 6.65410e-2
vn 5.86904e-2 0.995499 7.44082e-2
vn 0.129664 0.984936 0.114403
vn 0.208562 0.959213 0.190820
vn 0.261243 0.920521 0.290506
vn 0.271278 0.866915 0.418171
vn 0.246978 0.815236 0.523824
vn 0.221431 0.795625 0.563870
vn 0.163287 0.790530 0.590254
vn -0.379611 0.921596 -8.09720e-2
vn -0.632242 0.770767 7.86599e-2
vn -0.530818 0.847038 2.75521e-2
vn -0.491444 0.870420 -2.91721e-2
vn -0.494067 0.862237 -0.111559
vn 0.684390 0.666348 0.295957
vn -0.253414 0.959257 0.124928
vn -0.356068 0.917945 0.174907
vn 0.279731 0.939389 0.198237
vn 0.817527 0.514627 0.258475
vn 0.826336 0.497825 0.263322
vn 0.00000e+0 0.920793 0.390052
vn -3.60438e-2 0.879676 0.474205
vn 0.189902 0.977961 -8.67708e-2
vn 0.216456 0.975895 -2.78506e-2
vn 0.209632 0.977372 2.82610e-2
vn -0.645406 0.719673 0.255973
vn -0.643798 0.631171 0.432605
vn 0.135992 0.871362 0.471418
vn 0.139693 0.877546 0.458693
vn 0.139693 0.877546 0.458693
vn -0.591152 0.703998 0.393607
vn -0.294655 0.897503 0.328126
vn 0.719980 0.678782 0.144513
vn 0.973660 -0.228002 -6.39022e-4
vn 0.961709 -0.274070 9.76878e-4
vn 0.961248 -0.275681 1.24029e-3
vn 0.960800 -0.277241 -4.94999e-4
vn 0.960887 -0.276938 8.04277e-4
vn 0.961092 -0.276229 -8.84715e-4
vn 0.964585 -0.180654 0.192196
vn 0.979594 -0.200859 -7.19236e-3
vn 0.984719 -0.174146 1.41503e-3
vn 0.986005 -0.166482 -8.86910e-3
vn 0.983340 -0.181356 -1.23812e-2
vn 0.986563 -0.163221 7.17593e-3
vn 0.985826 -0.167551 8.59093e-3
vn 0.972480 -0.164160 0.165330
vn 4.68571e-2 0.899732 0.433919
vn 2.41489e-2 0.909254 0.415541
vn 7.30230e-3 0.946420 0.322857
vn 1.54191e-3 0.982901 0.184131
vn 5.59133e-2 0.963716 -0.261010
vn -0.323361 0.883292 -0.339459
vn -0.313792 0.877372 -0.362977
vn 4.82029e-3 0.973186 -0.229971
vn 2.35640e-2 0.977125 -0.211356
vn -0.707955 0.690038 -0.150490
vn -0.347803 0.904507 -0.246778
vn -0.822861 0.562161 -8.29140e-2
vn 0.231895 0.960861 -0.151562
vn 7.33705e-2 0.961154 -0.266084
vn 0.602632 0.763938 -0.230724
vn 0.971706 0.166678 -0.167348
vn 0.944971 0.293668 -0.144186
vn 4.10646e-2 0.939382 -0.340403
vn 7.74020e-2 0.968194 -0.237926
vn -0.300816 0.949741 -8.66126e-2
vn -5.22954e-2 0.983357 0.173996
vn -0.586393 -0.778147 0.225010
vn -9.03072e-3 0.965660 -0.259652
vn -0.699355 -0.706149 0.110707
vn -3.40891e-2 0.985278 -0.167528
vn -0.635662 -0.771968 1.14246e-4
vn -0.416111 0.906976 6.51556e-2
vn -0.103255 0.993380 -5.03356e-2
vn -0.214087 0.902115 0.374639
vn 0.281372 0.896995 0.340926
vn -0.416327 0.888064 -0.194974
vn -0.484622 0.185663 -0.854793
vn -0.529290 -0.365922 -0.765476
vn -0.219729 0.967529 -0.124926
vn -0.784575 0.620021 3.89146e-3
vn -0.847441 0.523677 -8.72196e-2
vn -0.976780 -0.214231 2.45048e-3
vn -0.495836 0.813179 0.304773
vn -6.51141e-2 0.981566 -0.179688
vn -0.741967 0.669916 2.64103e-2
vn -0.655107 -0.454423 -0.603602
vn -0.972563 -0.232622 2.99522e-3
vn -0.115249 0.960438 0.253528
vn -0.493982 0.814888 -0.303214
vn -0.597160 0.774483 0.208749
vn -0.989420 -0.140858 3.47436e-2
vn -0.973839 -0.211499 -8.31024e-2
vn -0.931026 -0.296082 -0.213367
vn -0.378459 0.746372 0.547447
vn -0.899229 5.90292e-2 0.433477
vn -0.971125 0.238564 -2.02570e-3
vn -0.970934 -0.239271 6.04608e-3
vn -0.972577 -0.232558 -3.19745e-3
vn -0.605901 0.795071 -2.73186e-2
vn -0.631406 -0.775446 3.15536e-3
vn -0.690528 0.705653 0.158824
vn -0.937144 0.343517 6.12991e-2
vn -0.975147 -0.221550 -1.71939e-3
vn -0.971489 -0.237078 1.60804e-3
vn -0.699287 0.707473 0.102374
vn -0.633821 -0.773472 3.44278e-3
vn 1.48497e-3 0.994627 -0.103510
vn 7.96900e-2 0.994433 6.89355e-2
vn -0.534800 -0.642041 0.549339
vn -0.988244 0.148211 -3.75181e-2
vn -0.892231 -0.420629 -0.164301
vn -0.661132 -0.367069 0.654343
vn -0.687054 -0.197119 0.699357
vn -0.587374 0.800393 -0.119847
vn -0.683146 0.729889 -2.39723e-2
vn -0.631687 -0.770020 8.96655e-2
vn -0.968129 -0.191067 0.161924
vn -0.940287 0.326963 9.46379e-2
vn -0.833034 0.542931 0.106210
vn -2.81460e-2 0.968298 -0.248206
vn -0.693283 0.720638 6.32379e-3
vn -0.960930 -0.197575 0.193847
vn -0.807659 0.575131 0.130044
vn -0.568110 0.821778 4.39536e-2
vn -0.704530 0.700970 0.110807
vn -0.574314 -0.684130 -0.449589
vn -0.918081 -0.331534 -0.217285
vn -0.942192 0.230090 0.243584
vn -0.811653 -0.183195 -0.554671
vn -0.829848 0.523995 0.191786
vn -0.629858 0.776657 -9.09075e-3
vn -0.844974 -0.509882 0.161364
vn -0.922019 0.387052 8.45096e-3
vn -0.795720 -0.120076 0.593642
vn -0.919494 -0.267259 0.288278
vn -0.951369 0.290643 -0.102098
vn -0.783115 -0.310080 0.539057
vn -0.949887 0.164038 -0.266096
vn -0.935348 -3.89355e-2 -0.351579
vn -0.524719 0.755647 -0.392006
vn -0.901019 0.138807 -0.410970
vn -3.46741e-2 -0.976557 0.212448
vn -0.113261 0.433626 0.893947
vn 8.45903e-2 0.934985 0.344453
vn -2.31074e-2 0.984481 0.173964
vn -5.02604e-2 0.914373 0.401740
vn -6.82040e-2 0.891057 0.448739
vn -0.116345 -0.763821 0.634855
vn 0.129699 0.975722 0.176478
vn -1.78659e-2 0.883703 0.467708
vn -3.10963e-16 -0.999985 5.39702e-3
vn -7.11782e-17 -0.999991 4.27864e-3
vn -3.18427e-16 -0.888962 0.457981
vn 0.164369 0.983336 7.76748e-2
vn 0.121876 0.992332 -2.05888e-2
vn -8.33372e-18 -0.999981 -6.19159e-3
vn -3.52543e-3 -0.915113 -0.403182
vn 9.78063e-3 -0.534353 -0.845205
vn 3.58016e-3 -0.732440 -0.680823
vn 0.00000e+0 -0.965196 -0.261528
vn 1.60675e-2 0.415576 -0.909416
vn 9.84823e-3 0.854119 -0.519985
vn 6.22371e-3 0.907051 -0.420975
vn -0.827190 -0.392110 0.402502
vn -3.16598e-2 0.967299 0.251655
vn -2.47062e-3 0.999831 1.82030e-2
vn -1.03133e-4 0.998275 5.87098e-2
vn -0.687828 0.706161 0.168018
vn -0.925547 0.340164 0.166289
vn -0.616705 0.637274 0.462121
vn -7.68775e-3 0.959153 0.282783
vn -4.01683e-3 0.979995 0.198982
vn 0.00000e+0 -0.856813 -0.515628
vn -0.147376 0.978149 0.146647
vn -0.370808 0.918078 0.140121
vn -0.592706 0.784468 0.182511
vn -0.738002 0.671920 6.22618e-2
vn -0.433627 0.864111 0.255498
vn -0.139821 0.990175 1.71393e-3
vn -0.516642 0.854634 5.17860e-2
vn -0.633330 -0.773877 2.65228e-3
vn -0.967511 0.252179 1.81086e-2
vn -0.970950 -0.239273 -1.93892e-3
vn -0.971333 -0.237721 -5.32876e-4
vn -2.51484e-16 -0.999993 3.71651e-3
vn -0.945381 0.320216 6.09666e-2
vn -0.973283 -0.229592 -2.74049e-3
vn -0.971417 -0.237376 1.14116e-3
vn -1.79557e-16 -0.999993 3.71651e-3
vn -0.633486 -0.773749 2.95075e-3
vn -0.754809 0.655794 1.40550e-2
vn -0.769220 0.638983 -3.12417e-4
vn -0.580265 0.813866 -3.02393e-2
vn -0.670118 0.742228 -6.25968e-3
vn -0.683284 0.729608 -2.81941e-2
vn -0.275508 0.961270 -7.36087e-3
vn -0.453853 0.881130 0.132765
vn -0.564910 0.742076 0.360832
vn -0.592829 0.713177 0.374076
vn -0.668751 0.739281 7.89694e-2
vn -0.654363 0.750394 9.33731e-2
vn 0.340426 0.894249 -0.290566
vn 8.19924e-2 0.973203 -0.214831
vn 7.22618e-2 0.974061 -0.214439
vn 2.93656e-2 0.999123 2.98635e-2
vn -5.27914e-3 0.996530 8.30699e-2
vn -4.74160e-3 0.993230 0.116071
vn 3.01118e-3 0.975702 -0.219082
vn -0.707576 0.691139 -0.147184
vn 9.64350e-2 0.972748 -0.210859
vn -0.252594 -0.247920 -0.935271
vn 1.38261e-2 -0.287287 -0.957745
vn -0.298480 -0.527281 -0.795541
vn 0.317836 -0.546540 -0.774774
vn 0.364751 0.119275 -0.923434
vn -0.330656 0.127117 -0.935151
vn -0.432354 0.367779 -0.823291
vn -0.412084 -0.560125 -0.718643
vn 0.438011 -0.583574 -0.683804
vn 0.476819 0.379930 -0.792652
vn 9.70946e-3 -0.887107 -0.461461
vn 9.75716e-3 -0.884967 -0.465552
vn 1.22763e-2 0.766534 -0.642087
vn 1.82865e-2 0.535803 -0.844145
vn 8.44916e-4 -0.714615 -0.699518
vn 8.95770e-4 -0.712410 -0.701763
vn 2.07995e-3 0.569458 -0.822018
vn 1.85621e-3 0.581089 -0.813838
vn 0.312572 -0.771276 -0.554466
vn 0.445513 -0.243735 -0.861459
vn -0.409349 -0.245464 -0.878739
vn -0.288973 -0.770739 -0.567852
vn -0.439083 -0.676890 -0.590784
vn 0.452396 -0.681433 -0.575315
vn 0.548972 0.261799 -0.793783
vn -0.527907 0.254249 -0.810353
vn -0.942239 0.334758 -1.10935e-2
vn -0.831332 0.539971 -0.131599
vn -0.759112 0.645393 -8.49560e-2
vn -0.848689 0.519873 -9.72572e-2
vn -0.346921 0.917866 -0.192788
vn -0.989489 0.142318 -2.56168e-2
vn -0.649736 0.743442 0.158547
vn -0.596415 0.749708 0.286753
vn -0.629608 0.712001 0.310884
vn -0.770949 0.632568 7.41235e-2
vn -0.689357 0.717281 0.101461
vn -0.433937 0.898096 7.15671e-2
vn -7.24221e-2 0.990143 -0.119885
vn 0.474276 0.812918 -0.337974
vn 8.55944e-2 0.974148 -0.209068
vn 7.54570e-2 0.973586 -0.215492
vn 6.76747e-2 0.974940 -0.211926
vn -0.268825 0.945864 -0.181862
vn -0.157417 0.947415 -0.278613
vn -0.369770 0.928221 4.09324e-2
vn -9.91868e-2 0.975851 -0.194619
vn -7.79665e-2 0.976142 -0.202653
vn -0.188180 0.974064 -0.125652
vn -0.226584 0.962341 -0.150201
vn -0.232991 0.960522 -0.152027
vn -0.136135 0.960165 -0.244030
vn -0.508848 0.857671 -7.39911e-2
vn -0.463559 0.882364 -8.09073e-2
vn -0.450151 0.891341 -5.36218e-2
vn -0.437107 0.897694 -5.55319e-2
vn -0.434230 0.898378 -6.60342e-2
vn -0.409484 0.910490 -5.77167e-2
vn -0.384776 0.920970 -6.13354e-2
vn -0.653063 0.757223 1.10276e-2
vn -0.654197 0.756260 9.80867e-3
vn -0.630333 0.776195 1.42044e-2
vn -0.874086 0.482447 5.67295e-2
vn -0.895627 0.438697 7.34646e-2
vn -0.980540 -0.178804 -8.10539e-2
vn -1.74913e-2 0.979685 -0.199777
vn 5.39084e-2 0.970006 -0.237026
vn 0.164062 0.912222 -0.375413
vn 0.466916 0.870304 -0.156720
vn 4.72765e-2 0.978111 -0.202643
vn -0.416857 0.908673 2.33063e-2
vn -0.669126 -0.583324 -0.460438
vn -0.789366 -0.300895 -0.535129
vn -0.818319 -0.108089 -0.564510
vn -0.822932 -0.474239 0.312859
vn -0.900228 -0.314075 0.301573
vn -0.802839 -0.105217 0.586838
vn -0.785753 -0.185637 0.590027
vn -0.861368 -0.507286 2.65494e-2
vn -0.652170 -0.696840 -0.298476
vn -0.800270 -0.394221 -0.451838
vn -0.958403 -0.220403 0.181344
vn -0.967547 -0.165792 0.190697
vn -0.893767 0.444776 5.79193e-2
vn -0.941909 0.329648 -6.43389e-2
vn -0.931986 -0.110061 -0.345381
vn -0.957194 1.67118e-2 -0.288963
vn -0.984729 0.155228 7.88252e-2
vn -0.980258 -0.102813 0.168892
vn -0.981749 -0.160145 0.102582
vn -0.458288 -0.645660 -0.610816
vn -0.595093 -0.173675 -0.784666
vn -1.95873e-3 -0.999984 -5.26050e-3
vn -0.611418 -0.278161 -0.740807
vn -0.977725 -0.209862 3.42882e-3
vn -0.985933 -0.165460 -2.36408e-2
vn -0.768164 -0.473619 0.430825
vn -0.870752 -0.325086 -0.368930
vn -0.979479 0.104606 0.172273
vn -0.979427 -0.201153 -1.61475e-2
vn -0.983085 -0.180444 -3.13682e-2
vn -0.986401 -0.164214 6.82036e-3
vn -0.985641 -0.168655 8.24233e-3
vn -0.914766 -0.398342 6.72874e-2
vn -0.626053 -0.693325 0.356874
vn -0.868324 -0.406830 -0.283730
vn -0.653479 -0.459822 0.601272
vn -0.672037 -0.280372 0.685389
vn -0.694281 -0.139082 0.706138
vn -0.587676 -0.173042 -0.790375
vn -0.604277 -0.204546 -0.770072
vn -0.595106 -0.409347 -0.691580
vn -0.723829 -0.598429 -0.343445
vn -0.893966 -0.445929 -4.44069e-2
vn -0.646913 -0.608054 0.460188
vn -0.601221 -0.764864 0.231338
vn -0.976721 -0.214440 5.54691e-3
vn -0.965015 -0.262190 1.32825e-3
vn -0.979191 -0.202929 -2.16501e-3
vn -0.709667 0.694596 0.117935
vn -0.960431 -0.263694 -8.96525e-2
vn -0.976982 -0.212605 1.74458e-2
vn 0.00000e+0 -0.720398 0.693561
vn 0.00000e+0 -0.830507 0.557008
vn 0.00000e+0 -0.926503 0.376286
vn 0.00000e+0 -0.983789 0.179328
vn 0.00000e+0 -0.999982 6.02641e-3
vn -4.17699e-17 -0.987287 -0.158947
vn -4.18078e-17 -0.940911 -0.338653
vn 0.00000e+0 -0.855131 -0.518412
vn 0.00000e+0 -0.734761 -0.678326
vn 0.00000e+0 -0.591014 -0.806662
vn 0.00000e+0 -0.431722 -0.902006
vn 0.00000e+0 -0.263763 -0.964588
vn 0.00000e+0 -0.128160 -0.991753
vn 0.00000e+0 -4.84769e-2 -0.998824
vn 0.00000e+0 1.35672e-3 -0.999999
vn -4.71726e-3 -0.829275 -0.558821
vn -2.07881e-16 -0.692993 0.720945
vn 0.00000e+0 1.15960e-2 0.999933
vn 0.00000e+0 -5.21443e-2 0.998640
vn 0.00000e+0 -0.157170 0.987572
vn 0.00000e+0 -0.306251 0.951951
vn 0.00000e+0 -0.470012 0.882660
vn 0.00000e+0 -0.605829 0.795595
vn -2.32905e-17 -0.880686 -0.473700
vn 0.00000e+0 -0.718192 -0.695845
vn 0.00000e+0 -0.531773 -0.846887
vn 0.00000e+0 -0.366899 -0.930261
vn 0.00000e+0 -0.189465 -0.981888
vn 0.00000e+0 -4.82541e-2 -0.998835
vn 0.00000e+0 -0.130796 -0.991409
vn 0.00000e+0 -0.780113 -0.625638
vn -1.09036e-3 -0.810350 0.585945
vn 0.00000e+0 -6.93483e-2 0.997593
vn 0.00000e+0 -3.40764e-2 0.999419
vn 0.00000e+0 -0.120445 0.992720
vn 0.00000e+0 -0.371265 0.928527
vn 0.00000e+0 -0.579157 0.815216
vn 0.00000e+0 -0.729727 0.683739
vn 0.00000e+0 -0.883874 0.467726
vn 0.00000e+0 -0.978360 0.206909
vn 0.00000e+0 -0.999783 -2.08220e-2
vn -2.32501e-17 -0.970612 -0.240651
vn -7.51885e-2 -0.961435 0.264556
vn -3.20448e-17 -0.999981 -6.19159e-3
vn -2.87172e-16 -0.999985 5.39702e-3
vn -1.23459e-16 -0.999991 4.27864e-3
vn 3.23032e-18 -0.998835 -4.82470e-2
vn -2.80490e-16 -0.999993 3.71651e-3
vn -2.26622e-16 -0.999993 3.71651e-3
vn -0.981380 -0.192032 4.20916e-3
vn -0.980428 -0.196877 9.97632e-4
vn -0.980241 -0.197809 3.17107e-5
vn -0.980324 -0.197395 9.59294e-4
vn -0.712881 -0.329917 0.618834
vn -0.666128 -5.57366e-2 0.743752
vn -0.253856 0.506274 0.824163
vn -0.361253 -0.725288 0.586048
vn -0.372522 -0.605745 0.703065
vn -0.206666 -0.760585 0.615467
vn -0.742864 0.303919 0.596479
vn -0.803709 0.267733 0.531386
vn -0.945174 -0.141407 0.294364
vn -0.782873 -0.511741 0.353880
vn 0.347040 0.406645 -0.845105
vn 0.507701 0.755937 -0.413278
vn 0.477744 0.845623 -0.238082
vn -3.22781e-4 0.998590 -5.30777e-2
vn 0.322621 0.946415 -1.46793e-2
vn 0.188571 0.873347 -0.449116
vn 1.53755e-3 0.984313 -0.176427
vn -2.99500e-3 0.998907 -4.66509e-2
vn -4.86088e-2 0.979668 -0.194647
vn 1.65967e-2 0.939849 0.341187
vn 0.135741 0.964730 0.225545
vn -6.45312e-3 0.895909 0.444191
vn -0.296269 0.728375 0.617814
vn -0.659216 0.671146 0.339112
vn -0.719710 0.647229 0.251221
vn -0.649419 0.660324 0.377130
vn -0.662447 0.748810 2.11759e-2
vn 0.428758 0.776504 0.461744
vn 0.430839 0.762243 0.483077
vn 0.406360 0.822350 0.398261
vn -0.151943 0.483873 0.861847
vn 0.336759 0.467519 0.817325
vn 0.232760 0.951431 0.201499
vn 0.179069 0.949102 0.259113
vn -0.544135 0.581064 0.605212
vn 0.547343 0.642871 0.535847
vn 0.537218 0.817388 0.208023
vn -6.00773e-3 0.845756 0.533535
vn -1.07709e-2 0.957671 0.287664
vn -0.122552 0.973916 0.190969
vn -0.118076 0.839277 0.530729
vn -7.65833e-2 0.867422 0.491645
vn 0.493722 0.862388 -0.111917
vn -0.428956 0.872994 -0.232115
vn -0.204855 0.165002 0.964784
vn -0.247940 0.166844 0.954300
vn 2.48092e-3 0.892640 0.450763
vn -0.130892 0.213636 0.968105
vn -5.73236e-2 0.895088 0.442189
vn -2.71894e-2 -0.976920 0.211866
vn -8.32986e-2 -0.791169 0.605899
vn 3.23384e-3 -0.999992 -2.30911e-3
vn -0.703152 0.637729 0.314449
vn -0.343728 0.915587 0.208688
vn -0.533464 0.826370 0.180355
vn -0.607744 0.792499 -5.09148e-2
vn -0.417414 0.861926 -0.287834
vn 0.385978 0.901670 -0.194968
vn 0.584306 0.810958 3.05719e-2
vn 0.263181 0.923357 0.279549
vn 9.34692e-2 0.970628 0.221687
vn 0.322125 0.900085 0.293399
vn 0.475579 0.739868 0.475835
vn 0.343248 0.165152 0.924611
vn -0.406703 0.111261 0.906760
vn -0.491181 0.713721 0.499343
vn 1.35085e-2 0.887452 0.460702
vn -7.13104e-2 0.889679 0.450983
vn -9.66038e-2 0.889098 0.447407
vn -0.119294 0.866129 0.485375
vn -0.215254 0.855100 0.471666
vn -0.736339 0.664920 0.125245
vn 0.630162 0.742045 0.228618
vn 0.444345 0.822033 0.356117
vn 0.185989 0.892725 0.410426
vn 7.42870e-2 0.892841 0.444203
vn 0.162066 0.979490 -0.119724
vn -0.123512 0.982566 -0.138958
vn 0.207092 0.931619 -0.298661
vn -0.191350 0.930667 -0.311838
vn 0.563419 0.826006 1.65260e-2
vn -0.410635 0.905542 0.106646
vn -0.297546 0.939712 -0.168543
vn 0.486295 0.868880 -9.25413e-2
vn 1.23163e-2 0.980414 0.196560
vn 1.29400e-2 0.983288 0.181599
vn 5.86400e-2 0.959421 -0.275813
vn -3.21335e-2 0.959978 -0.278224
vn 8.93741e-2 0.879665 -0.467120
vn -7.02759e-2 0.878990 -0.471633
vn -2.94844e-2 0.857533 0.513584
vn -0.120202 0.862038 0.492384
vn -0.140501 0.853071 0.502523
vn -0.200398 0.842233 0.500485
vn -0.585924 0.748221 0.311222
vn 0.528283 0.833488 0.161911
vn 0.540210 0.777257 0.322559
vn 0.305974 0.860459 0.407420
vn 0.150983 0.870826 0.467831
vn 7.18287e-2 0.862894 0.500254
vn 0.130672 0.948431 -0.288796
vn -0.252266 0.949467 -0.186747
vn 0.494311 0.869285 8.44093e-4
vn -0.502705 0.846289 0.176304
vn -0.293379 0.955976 -6.16120e-3
vn 0.323027 0.937381 -0.130271
vn 1.06537e-2 0.919110 -0.393856
vn -0.109834 0.949463 -0.294036
vn 9.23646e-3 0.927167 0.374533
vn -5.01441e-2 0.914460 0.401558
vn 9.99629e-2 0.992652 -6.81814e-2
vn 0.358135 0.922872 0.141588
vn 0.340061 0.901653 0.267170
vn -0.752408 0.643985 0.138438
vn 1.69857e-2 0.957065 0.289376
vn -0.251934 0.936914 0.242323
vn -0.345490 0.936763 5.57881e-2
vn -0.163269 0.983148 -8.22391e-2
vn -8.12069e-2 0.940780 -0.329148
vn 1.16642e-2 0.889333 -0.457110
vn 0.104493 0.939783 -0.325407
vn -2.81103e-2 0.789993 0.612472
vn 0.116598 0.798404 0.590725
vn 0.225291 0.821066 0.524495
vn 0.294575 0.844821 0.446658
vn 0.317212 0.865652 0.387327
vn 0.305118 0.898868 0.314546
vn 0.248762 0.944595 0.214145
vn 0.158560 0.979602 0.123448
vn 8.31416e-2 0.993579 7.67385e-2
vn 1.28172e-2 0.997701 6.65410e-2
vn -5.86904e-2 0.995499 7.44082e-2
vn -0.129664 0.984936 0.114403
vn -0.208562 0.959213 0.190820
vn -0.261243 0.920521 0.290506
vn -0.271278 0.866915 0.418171
vn -0.246978 0.815236 0.523824
vn -0.221431 0.795625 0.563870
vn -0.163287 0.790530 0.590254
vn 0.379611 0.921596 -8.09720e-2
vn 0.632242 0.770767 7.86599e-2
vn 0.530818 0.847038 2.75521e-2
vn 0.491444 0.870420 -2.91721e-2
vn 0.494067 0.862237 -0.111559
vn -0.684390 0.666348 0.295957
vn 0.253414 0.959257 0.124928
vn 0.356068 0.917945 0.174907
vn -0.279731 0.939389 0.198237
vn -0.817527 0.514627 0.258475
vn -0.826336 0.497825 0.263322
vn 3.60438e-2 0.879676 0.474205
vn -0.189902 0.977961 -8.67708e-2
vn -0.216456 0.975895 -2.78506e-2
vn -0.209632 0.977372 2.82610e-2
vn 0.645406 0.719673 0.255973
vn 0.643798 0.631171 0.432605
vn -0.135992 0.871362 0.471418
vn -0.139693 0.877546 0.458693
vn -0.139693 0.877546 0.458693
vn 0.591152 0.703998 0.393607
vn 0.294655 0.897503 0.328126
vn -0.719980 0.678782 0.144513
vn -0.973660 -0.228002 -6.39022e-4
vn -0.961709 -0.274070 9.76878e-4
vn -0.961248 -0.275681 1.24029e-3
vn -0.960800 -0.277241 -4.94999e-4
vn -0.960887 -0.276938 8.04277e-4
vn -0.961092 -0.276229 -8.84715e-4
vn -0.964585 -0.180654 0.192196
vn -0.979594 -0.200859 -7.19236e-3
vn -0.984719 -0.174146 1.41503e-3
vn -0.986005 -0.166482 -8.86910e-3
vn -0.983340 -0.181356 -1.23812e-2
vn -0.986563 -0.163221 7.17593e-3
vn -0.985826 -0.167551 8.59093e-3
vn -0.972480 -0.164160 0.165330
vn -4.68571e-2 0.899732 0.433919
vn -2.41489e-2 0.909254 0.415541
vn -7.30230e-3 0.946420 0.322857
vn -1.54191e-3 0.982901 0.184131
vn 7.78708e-2 0.972263 -0.220546
vn 7.03450e-2 0.973507 -0.217567
vn 0.719778 0.177831 0.671041
vn -4.82029e-3 0.973186 -0.229971
vn 5.70158e-2 0.975995 -0.210197
vn -0.895860 0.434684 -9.21070e-2
vn 8.92107e-2 0.969447 -0.228504
vn -0.639506 0.736021 -0.222048
vn -0.231895 0.960861 -0.151562
vn 3.24829e-2 0.967237 -0.251790
vn -0.602632 0.763938 -0.230724
vn -0.971706 0.166678 -0.167348
vn -0.944971 0.293668 -0.144186
vn 2.82979e-2 0.971479 -0.235433
vn -7.74020e-2 0.968194 -0.237926
vn -0.206620 0.915992 0.343899
vn 0.970888 -7.84382e-2 0.226328
vn 0.955811 -0.167148 0.241841
vn 0.930782 -0.218279 0.293257
vn 0.951305 -0.130265 0.279374
vn -0.949547 -0.188259 0.250835
vn -0.965760 -0.104217 0.237584
vn -0.946573 -0.151385 0.284748
vn -0.925679 -0.234873 0.296569
vn 8.19023e-2 0.995179 -5.39604e-2
vn -9.60312e-2 0.979395 0.177660
vn -0.630355 0.771273 -8.82566e-2
vn -0.269697 0.955292 -0.121162
vn -0.206542 0.978061 2.71521e-2
vn 0.281430 0.957600 6.16431e-2
vn 0.204043 0.976025 -7.57714e-2
vn 0.153186 0.987854 -2.60575e-2
vn -0.366509 0.905217 0.215066
vn -0.655914 0.733547 0.178005
vn -0.589079 0.801822 0.100333
vn 0.238206 0.943733 0.229403
vn 0.116645 0.953313 0.278545
vn 0.257939 0.954399 0.150301
vn 0.224975 0.956924 0.183531
vn 0.271023 0.962046 -3.18565e-2
vn -0.199847 0.976361 -8.23468e-2
vn -0.306878 0.938330 0.159256
vn 0.277636 0.946442 0.164818
vn 0.117487 0.969307 0.215964
vn -8.19023e-2 0.995179 -5.39604e-2
vn 9.60312e-2 0.979395 0.177660
vn 0.585989 0.804336 -9.82826e-2
vn 0.269697 0.955292 -0.121162
vn 0.213450 0.976918 8.35794e-3
vn -0.281430 0.957600 6.16431e-2
vn -0.204043 0.976025 -7.57714e-2
vn -0.153186 0.987854 -2.60575e-2
vn 0.366509 0.905217 0.215066
vn 0.655914 0.733547 0.178005
vn 0.589079 0.801822 0.100333
vn -0.238206 0.943733 0.229403
vn -0.116645 0.953313 0.278545
vn -0.257939 0.954399 0.150301
vn -0.224975 0.956924 0.183531
vn -0.271023 0.962046 -3.18565e-2
vn 0.227943 0.970421 -7.95257e-2
vn 0.306878 0.938330 0.159256
vn -0.277636 0.946442 0.164818
vn -0.117487 0.969307 0.215964
vn 0.353087 0.932814 -7.20294e-2
vn 0.978061 0.202426 -4.91994e-2
vn 0.985831 0.123695 -0.113302
vn -8.59244e-2 0.993281 -7.75268e-2
vn -8.69054e-4 0.999714 -2.38929e-2
vn 0.995527 4.77280e-2 -8.15374e-2
vn -0.168904 0.704931 0.688871
vn -0.353087 0.932814 -7.20294e-2
vn -0.978001 0.203370 -4.64244e-2
vn -0.985831 0.123695 -0.113302
vn 8.59244e-2 0.993281 -7.75268e-2
vn 8.69054e-4 0.999714 -2.38929e-2
vn -0.995527 4.77280e-2 -8.15374e-2
vn 0.168904 0.704931 0.688871
vn 0.524570 0.848215 -7.31922e-2
vn 0.986153 0.160903 -4.01455e-2
vn -0.965336 0.257255 -4.41097e-2
vn 0.990814 -1.76720e-2 0.134075
vn -0.993294 -4.32971e-2 0.107198
vn -8.57917e-4 0.227412 -0.973798
vn -1.19537e-3 -0.289946 -0.957042
vn 8.57917e-4 0.227412 -0.973798
vn 1.19537e-3 -0.289946 -0.957042
vn 6.07645e-17 0.977452 -0.211159
vn -6.33099e-17 0.977452 -0.211159
vn 2.63777e-16 0.977452 -0.211159
vn 5.49065e-16 0.977452 -0.211159
vn 7.29871e-16 0.977452 -0.211159
vn 1.74414e-15 0.977452 -0.211159
vn 3.73604e-15 0.977452 -0.211159
vn 4.91552e-15 0.977452 -0.211159
vn 5.27946e-15 0.977452 -0.211159
vn 4.45060e-15 0.977452 -0.211159
vn 2.65440e-15 0.977452 -0.211159
vn 1.67152e-15 0.977452 -0.211159
vn 1.05117e-15 0.977452 -0.211159
vn 1.08720e-15 0.977452 -0.211159
vn 1.36616e-15 0.977452 -0.211159
vn 7.51961e-16 0.977452 -0.211159
vn -3.12833e-15 0.977452 -0.211159
vn -2.46092e-15 0.977452 -0.211159
vn -9.39888e-16 0.977452 -0.211159
vn -6.62171e-16 0.977452 -0.211159
vn -2.27255e-16 0.977452 -0.211159
vn -3.50810e-17 0.977452 -0.211159
vn -2.37585e-16 0.977452 -0.211159
vn -1.40413e-16 0.977452 -0.211159
vn -6.28063e-17 0.977452 -0.211159
vn -3.58586e-16 0.977452 -0.211159
vn -7.23419e-17 0.977452 -0.211159
vn -2.44605e-16 0.977452 -0.211159
vn -8.04455e-16 0.977452 -0.211159
vn -6.15143e-16 0.977452 -0.211159
vn -9.66040e-16 0.977452 -0.211159
vn -2.09887e-15 0.977452 -0.211159
vn -2.03542e-16 0.977452 -0.211159
vn -4.62910e-16 0.977452 -0.211159
vn -5.07735e-16 0.977452 -0.211159
vn -4.86628e-16 0.977452 -0.211159
vn -4.67206e-16 0.977452 -0.211159
vn -3.39110e-16 0.977452 -0.211159
vn -2.69420e-16 0.977452 -0.211159
vn -1.59255e-16 0.977452 -0.211159
g miura-body_default
usemtl default
f 1//1 8//8 24//24 107//107
f 2//2 266//266 286//286 297//297
f 3//3 5//5 20//20 79//79
f 8//8 1//1 5//5 12//12
f 12//12 5//5 3//3 10//10
f 13//13 139//139 138//138 157//157
f 13//13 157//157 158//158
f 14//14 62//62 1099//1099 1116//1116
f 14//14 135//135 106//106 1119//1119
f 15//15 130//130 129//129 1104//1104
f 15//15 373//373 382//382
f 16//16 79//79 159//159
f 16//16 538//538 1148//1148 1147//1147
f 17//17 242//242 545//545
f 18//18 181//181 188//188 189//189 362//362
f 20//20 5//5 1//1 13//13
f 30//30 56//56 138//138
f 30//30 138//138 139//139
f 31//31 17//17 545//545
f 31//31 166//166 216//216
f 31//31 227//227 234//234
f 35//35 19//19 99//99 261//261
f 35//35 94//94 252//252
f 37//37 7//7 404//404 405//405
f 39//39 241//241 245//245
f 43//43 270//270 288//288
f 44//44 267//267 287//287 298//298
f 45//45 306//306 305//305 282//282 1121//1121
f 46//46 381//381 515//515
f 48//48 43//43 275//275
f 48//48 275//275 359//359
f 52//52 71//71 285//285 295//295
f 56//56 60//60 154//154
f 60//60 40//40 21//21 154//154
f 68//68 50//50 53//53 72//72
f 68//68 1117//1117 281//281 291//291
f 73//73 69//69 290//290
f 73//73 280//280 1131//1131 1130//1130
f 74//74 85//85 249//249 258//258
f 77//77 22//22 207//207
f 83//83 80//80 78//78 84//84
f 83//83 228//228 221//221
f 84//84 78//78 82//82 90//90
f 87//87 256//256 531//531
f 90//90 82//82 77//77 88//88
f 90//90 88//88 263//263
f 91//91 17//17 31//31
f 91//91 31//31 234//234
f 91//91 234//234 237//237
f 93//93 91//91 237//237 239//239 259//259
f 96//96 17//17 91//91 93//93 260//260
f 101//101 39//39 98//98 102//102
f 102//102 18//18 101//101
f 104//104 398//398 395//395 400//400
f 105//105 377//377 504//504
f 107//107 24//24 33//33 108//108
f 108//108 33//33 25//25 126//126
f 110//110 115//115 128//128 535//535
f 110//110 386//386 1109//1109
f 111//111 506//506 533//533 532//532
f 113//113 55//55 11//11 117//117
f 114//114 67//67 49//49 112//112
f 117//117 11//11 75//75 121//121
f 118//118 9//9 34//34 120//120
f 118//118 120//120 35//35 4//4 330//330
f 120//120 34//34 28//28 119//119
f 124//124 100//100 42//42 123//123
f 126//126 25//25 64//64 127//127
f 126//126 106//106 108//108
f 127//127 64//64 65//65 128//128 1120//1120
f 127//127 116//116 106//106 126//126
f 128//128 65//65 41//41 133//133 535//535
f 130//130 45//45 129//129
f 130//130 274//274 289//289
f 131//131 15//15 512//512
f 131//131 46//46 358//358
f 131//131 130//130 15//15
f 133//133 41//41 26//26 132//132
f 134//134 121//121 75//75 86//86
f 135//135 14//14 140//140
f 135//135 30//30 108//108 106//106
f 136//136 56//56 30//30 135//135
f 137//137 56//56 136//136
f 137//137 60//60 56//56
f 137//137 141//141 144//144 149//149
f 138//138 56//56 154//154 155//155
f 139//139 13//13 1//1 107//107
f 139//139 107//107 108//108 30//30
f 140//140 136//136 135//135
f 141//141 53//53 50//50 144//144
f 141//141 136//136 140//140
f 141//141 137//137 136//136
f 143//143 49//49 637//637 671//671
f 147//147 112//112 49//49 143//143
f 148//148 55//55 113//113 152//152
f 148//148 143//143 671//671 675//675
f 152//152 147//147 143//143 148//148
f 154//154 21//21 32//32 155//155
f 156//156 20//20 13//13 158//158
f 158//158 155//155 32//32 156//156
f 158//158 157//157 138//138 155//155
f 159//159 80//80 83//83
f 159//159 83//83 246//246
f 159//159 246//246 551//551
f 160//160 156//156 32//32 161//161
f 161//161 32//32 21//21 162//162
f 162//162 21//21 40//40
f 163//163 40//40 60//60 164//164
f 164//164 60//60 137//137 149//149 57//57
f 165//165 540//540 166//166 536//536
f 168//168 218//218 245//245
f 172//172 539//539 167//167 537//537
f 173//173 541//541 1154//1154 1153//1153
f 174//174 542//542 1151//1151 1150//1150
f 175//175 18//18 102//102 19//19
f 177//177 175//175 19//19 119//119
f 180//180 179//179 177//177 122//122
f 181//181 18//18 175//175 178//178
f 183//183 182//182 181//181 178//178
f 185//185 184//184 179//179 180//180
f 186//186 179//179 184//184 190//190
f 187//187 178//178 175//175 177//177 179//179 186//186
f 188//188 181//181 182//182 192//192
f 189//189 188//188 192//192 193//193
f 190//190 184//184 185//185 193//193
f 190//190 191//191 187//187 186//186
f 191//191 183//183 178//178 187//187
f 191//191 190//190 193//193 192//192
f 192//192 182//182 183//183 191//191
f 193//193 185//185 180//180 189//189
f 195//195 194//194 120//120 119//119
f 196//196 195//195 119//119 19//19
f 197//197 35//35 120//120 194//194
f 197//197 196//196 19//19 35//35
f 198//198 199//199 200//200 201//201
f 199//199 198//198 197//197 194//194
f 200//200 199//199 194//194 195//195
f 201//201 196//196 197//197 198//198
f 201//201 200//200 195//195 196//196
f 202//202 163//163 164//164 57//57
f 203//203 22//22 77//77 82//82
f 204//204 80//80 159//159 206//206
f 205//205 78//78 80//80 204//204
f 205//205 203//203 82//82 78//78
f 206//206 159//159 79//79
f 207//207 22//22 202//202
f 208//208 40//40 212//212
f 208//208 203//203 205//205 210//210
f 209//209 161//161 162//162 210//210
f 209//209 204//204 206//206 213//213
f 210//210 162//162 40//40 208//208
f 210//210 205//205 204//204 209//209
f 211//211 22//22 212//212
f 211//211 163//163 202//202 22//22
f 212//212 22//22 203//203 208//208
f 212//212 40//40 163//163 211//211
f 213//213 160//160 161//161 209//209
f 213//213 206//206 79//79 20//20 156//156 160//160
f 214//214 174//174 1150//1150 1149//1149
f 215//215 165//165 536//536 217//217
f 215//215 226//226 227//227
f 216//216 540//540 165//165 31//31
f 219//219 172//172 537//537 218//218
f 220//220 173//173 1153//1153 1152//1152
f 221//221 214//214 246//246
f 221//221 222//222 174//174 214//214
f 222//222 221//221 228//228 229//229
f 222//222 223//223 220//220 542//542
f 223//223 222//222 229//229 230//230
f 223//223 224//224 219//219 543//543
f 224//224 223//223 230//230 231//231
f 224//224 225//225 172//172 219//219
f 225//225 224//224 231//231 232//232
f 226//226 215//215 539//539 544//544
f 227//227 31//31 165//165
f 227//227 165//165 215//215
f 227//227 226//226 233//233 234//234
f 228//228 83//83 84//84
f 229//229 228//228 84//84 235//235
f 230//230 229//229 235//235
f 231//231 230//230 235//235 236//236
f 232//232 233//233 226//226 544//544
f 233//233 232//232 236//236
f 233//233 236//236 237//237
f 235//235 84//84 90//90 238//238
f 236//236 232//232 231//231
f 237//237 234//234 233//233
f 238//238 236//236 235//235
f 238//238 239//239 236//236
f 239//239 237//237 236//236
f 239//239 238//238 240//240
f 241//241 39//39 243//243
f 242//242 167//167 217//217
f 243//243 39//39 101//101 244//244
f 243//243 244//244 364//364 368//368
f 244//244 101//101 18//18 362//362
f 245//245 241//241 168//168
f 246//246 83//83 221//221
f 246//246 214//214 538//538 551//551
f 247//247 255//255 263//263 1133//1133
f 249//249 89//89 81//81 258//258
f 251//251 97//97 99//99 262//262
f 251//251 262//262 98//98 547//547
f 252//252 4//4 35//35
f 255//255 240//240 263//263
f 256//256 264//264 531//531
f 257//257 76//76 23//23 519//519
f 257//257 81//81 89//89 248//248
f 257//257 248//248 87//87 76//76
f 258//258 81//81 36//36 348//348
f 259//259 239//239 240//240 254//254
f 259//259 254//254 92//92 93//93
f 260//260 93//93 92//92 250//250
f 260//260 250//250 95//95 96//96
f 261//261 99//99 97//97 253//253
f 261//261 253//253 94//94 35//35
f 262//262 99//99 19//19 102//102 98//98
f 263//263 88//88 1133//1133
f 263//263 240//240 238//238 90//90
f 265//265 77//77 207//207
f 265//265 207//207 279//279
f 265//265 264//264 88//88 77//77
f 268//268 7//7 921//921 923//923
f 272//272 57//57 149//149 277//277
f 273//273 271//271 50//50 68//68
f 274//274 130//130 131//131 275//275
f 275//275 43//43 274//274
f 275//275 131//131 359//359
f 276//276 144//144 50//50 271//271
f 277//277 149//149 144//144 276//276
f 278//278 202//202 57//57 272//272
f 279//279 207//207 202//202 278//278
f 280//280 292//292 1131//1131
f 282//282 305//305 304//304 69//69 1118//1118
f 285//285 66//66 54//54 295//295
f 286//286 267//267 44//44 297//297
f 287//287 270//270 43//43 298//298
f 288//288 274//274 43//43
f 289//289 45//45 130//130
f 290//290 280//280 73//73
f 291//291 273//273 68//68
f 292//292 281//281 1117//1117 1131//1131
f 293//293 51//51 145//145 525//525
f 293//293 271//271 273//273 283//283
f 293//293 283//283 70//70 51//51
f 294//294 51//51 70//70 284//284
f 294//294 52//52 146//146 521//521
f 294//294 284//284 71//71 52//52
f 295//295 54//54 142//142 350//350
f 297//297 44//44 125//125 361//361
f 300//300 299//299 291//291 281//281
f 301//301 300//300 281//281 292//292
f 302//302 301//301 292//292 280//280
f 303//303 302//302 280//280 290//290
f 304//304 303//303 290//290 69//69
f 307//307 306//306 45//45 289//289
f 308//308 307//307 289//289 274//274
f 309//309 308//308 274//274 288//288
f 310//310 309//309 288//288 270//270
f 311//311 310//310 270//270 287//287
f 312//312 311//311 287//287 267//267
f 313//313 286//286 266//266 314//314
f 313//313 312//312 267//267 286//286
f 314//314 269//269 406//406 268//268 923//923 789//789 834//834
f 315//315 114//114 112//112 343//343
f 316//316 315//315 66//66 285//285
f 317//317 316//316 285//285 71//71
f 318//318 317//317 71//71 284//284
f 319//319 318//318 284//284 70//70
f 320//320 319//319 70//70 283//283
f 321//321 273//273 291//291 299//299
f 321//321 320//320 283//283 273//273
f 323//323 322//322 255//255 247//247
f 324//324 323//323 247//247 256//256
f 325//325 324//324 256//256 87//87
f 326//326 325//325 87//87 248//248
f 327//327 326//326 248//248 89//89
f 328//328 249//249 85//85 329//329
f 328//328 327//327 89//89 249//249
f 328//328 329//329 134//134 86//86 75//75 646//646 659//659 849//849 848//848
f 329//329 85//85 74//74 345//345
f 331//331 330//330 4//4 252//252
f 332//332 331//331 252//252 94//94
f 333//333 332//332 94//94 253//253
f 334//334 333//333 253//253 97//97
f 335//335 334//334 97//97 251//251
f 336//336 335//335 251//251 95//95
f 337//337 336//336 95//95 250//250
f 338//338 337//337 250//250 92//92
f 339//339 338//338 92//92 254//254
f 340//340 240//240 255//255 322//322
f 340//340 339//339 254//254 240//240
f 341//341 2//2 355//355
f 341//341 103//103 269//269 314//314
f 341//341 314//314 266//266 2//2
f 342//342 6//6 61//61 344//344
f 342//342 117//117 121//121 345//345
f 343//343 54//54 66//66 315//315
f 343//343 112//112 147//147 346//346
f 344//344 61//61 153//153 347//347
f 344//344 113//113 117//117 342//342
f 345//345 74//74 6//6 342//342
f 345//345 121//121 134//134 329//329
f 346//346 142//142 54//54 343//343
f 347//347 152//152 113//113 344//344
f 347//347 153//153 142//142 346//346
f 347//347 346//346 147//147 152//152
f 348//348 6//6 74//74 258//258
f 348//348 36//36 518//518
f 349//349 59//59 151//151 351//351
f 349//349 61//61 6//6 348//348
f 350//350 146//146 52//52 295//295
f 351//351 151//151 146//146 350//350
f 351//351 153//153 61//61 349//349
f 351//351 350//350 142//142 153//153
f 352//352 125//125 360//360
f 352//352 353//353 356//356
f 352//352 356//356 355//355
f 353//353 352//352 48//48 358//358
f 353//353 358//358 46//46 376//376
f 354//354 376//376 391//391
f 354//354 391//391 394//394 399//399
f 355//355 2//2 361//361
f 355//355 125//125 352//352
f 356//356 357//357 355//355
f 357//357 109//109 103//103 341//341
f 357//357 341//341 355//355
f 357//357 356//356 353//353 354//354 399//399
f 358//358 359//359 131//131
f 359//359 358//358 48//48
f 360//360 48//48 352//352
f 360//360 125//125 44//44 298//298
f 361//361 2//2 297//297
f 361//361 125//125 355//355
f 362//362 189//189 180//180 122//122 363//363
f 364//364 124//124 123//123 368//368
f 365//365 100//100 124//124 366//366
f 366//366 124//124 364//364 367//367
f 367//367 363//363 122//122 366//366
f 367//367 364//364 244//244 362//362 363//363
f 368//368 123//123 370//370
f 368//368 370//370 372//372
f 369//369 42//42 889//889
f 369//369 171//171 170//170 371//371
f 370//370 123//123 42//42 371//371
f 370//370 169//169 168//168 372//372
f 371//371 42//42 369//369
f 371//371 170//170 169//169 370//370
f 372//372 168//168 241//241
f 372//372 241//241 243//243
f 372//372 243//243 368//368
f 374//374 379//379 388//388
f 375//375 104//104 400//400
f 376//376 354//354 353//353
f 376//376 390//390 391//391
f 377//377 408//408 499//499 504//504
f 378//378 111//111 375//375 380//380
f 382//382 373//373 389//389
f 383//383 376//376 46//46
f 385//385 387//387 1107//1107 1122//1122
f 388//388 384//384 386//386 110//110 374//374
f 389//389 373//373 38//38 1108//1108
f 390//390 376//376 383//383
f 391//391 390//390 396//396
f 391//391 396//396 392//392
f 392//392 394//394 391//391
f 392//392 396//396 412//412 465//465
f 393//393 395//395 394//394 392//392 464//464
f 394//394 395//395 398//398 399//399
f 398//398 104//104 109//109
f 399//399 398//398 109//109 357//357
f 400//400 395//395 393//393 397//397
f 400//400 397//397 380//380 375//375
f 401//401 27//27 402//402 403//403
f 402//402 27//27 37//37 405//405
f 402//402 104//104 375//375 403//403
f 403//403 375//375 111//111 532//532
f 404//404 103//103 109//109 405//405
f 405//405 109//109 104//104 402//402
f 406//406 269//269 103//103 404//404
f 406//406 404//404 7//7 268//268
f 407//407 379//379 504//504
f 409//409 378//378 380//380 410//410 470//470
f 410//410 380//380 397//397 411//411 471//471
f 411//411 397//397 393//393 472//472
f 412//412 396//396 390//390 413//413 466//466
f 413//413 390//390 383//383 414//414 467//467
f 414//414 468//468 449//449
f 415//415 509//509 459//459 436//436
f 416//416 432//432 507//507
f 417//417 416//416 382//382 389//389
f 417//417 418//418 419//419 420//420
f 417//417 420//420 439//439 440//440
f 418//418 417//417 389//389 385//385
f 420//420 388//388 379//379 407//407
f 420//420 407//407 439//439
f 420//420 419//419 384//384 388//388
f 426//426 449//449 468//468
f 427//427 495//495 502//502 469//469
f 432//432 416//416 440//440 442//442 473//473
f 435//435 457//457 497//497 496//496
f 440//440 416//416 417//417
f 441//441 439//439 407//407 431//431 475//475
f 442//442 440//440 439//439 441//441 474//474
f 449//449 425//425 414//414
f 458//458 426//426 517//517
f 460//460 433//433 431//431 494//494
f 464//464 392//392 422//422 445//445
f 464//464 445//445 421//421 393//393
f 465//465 412//412 423//423 446//446
f 465//465 446//446 422//422 392//392
f 466//466 413//413 424//424 447//447
f 466//466 447//447 423//423 412//412
f 467//467 414//414 425//425 448//448
f 467//467 448//448 424//424 413//413
f 469//469 409//409 428//428 451//451
f 469//469 451//451 427//427
f 469//469 502//502 503//503
f 470//470 410//410 429//429 452//452
f 470//470 452//452 428//428 409//409
f 471//471 411//411 430//430 453//453
f 471//471 453//453 429//429 410//410
f 472//472 393//393 421//421 454//454
f 472//472 454//454 430//430 411//411
f 473//473 442//442 444//444 462//462
f 473//473 462//462 434//434 432//432
f 474//474 441//441 443//443 461//461
f 474//474 461//461 444//444 442//442
f 475//475 431//431 433//433 455//455
f 475//475 455//455 443//443 441//441
f 476//476 445//445 422//422 446//446 493//493
f 476//476 463//463 477//477
f 477//477 454//454 421//421 445//445 476//476
f 477//477 463//463 478//478
f 478//478 453//453 430//430 454//454 477//477
f 478//478 463//463 479//479
f 479//479 452//452 429//429 453//453 478//478
f 479//479 463//463 480//480
f 480//480 451//451 428//428 452//452 479//479
f 480//480 463//463 481//481
f 481//481 450//450 427//427 451//451 480//480
f 481//481 463//463 482//482
f 482//482 457//457 435//435 450//450 481//481
f 482//482 463//463 483//483
f 483//483 460//460 438//438 457//457 482//482
f 483//483 463//463 484//484
f 484//484 455//455 433//433 460//460 483//483
f 484//484 463//463 485//485
f 485//485 461//461 443//443 455//455 484//484
f 485//485 463//463 486//486
f 486//486 462//462 444//444 461//461 485//485
f 486//486 463//463 487//487
f 487//487 456//456 434//434 462//462 486//486
f 487//487 463//463 488//488
f 488//488 459//459 437//437 456//456 487//487
f 488//488 463//463 489//489
f 489//489 458//458 436//436 459//459 488//488
f 489//489 463//463 490//490
f 490//490 449//449 426//426 458//458 489//489
f 490//490 463//463 491//491
f 491//491 448//448 425//425 449//449 490//490
f 491//491 463//463 492//492
f 492//492 447//447 424//424 448//448 491//491
f 492//492 463//463 493//493
f 493//493 446//446 423//423 447//447 492//492
f 493//493 463//463 476//476
f 495//495 427//427 450//450
f 495//495 501//501 502//502
f 496//496 495//495 450//450 435//435
f 496//496 497//497 408//408 501//501
f 498//498 438//438 460//460 494//494
f 498//498 494//494 500//500
f 498//498 497//497 457//457 438//438
f 499//499 408//408 500//500
f 500//500 408//408 497//497 498//498
f 500//500 494//494 431//431 407//407 499//499
f 501//501 495//495 496//496
f 502//502 408//408 377//377 503//503
f 502//502 501//501 408//408
f 503//503 378//378 409//409 469//469
f 504//504 379//379 374//374 105//105
f 504//504 499//499 407//407
f 506//506 111//111 378//378 503//503
f 506//506 503//503 377//377 105//105
f 507//507 432//432 434//434 456//456
f 507//507 508//508 416//416
f 508//508 507//507 456//456 437//437
f 509//509 508//508 437//437 459//459
f 510//510 415//415 381//381 511//511
f 510//510 416//416 508//508 509//509
f 510//510 509//509 415//415
f 511//511 381//381 514//514
f 511//511 382//382 416//416 510//510
f 512//512 15//15 513//513
f 512//512 46//46 131//131
f 513//513 15//15 382//382
f 514//514 381//381 46//46 512//512
f 514//514 512//512 513//513
f 514//514 513//513 382//382 511//511
f 515//515 381//381 415//415 516//516
f 515//515 383//383 46//46
f 516//516 415//415 517//517
f 516//516 468//468 414//414 383//383 515//515
f 517//517 415//415 436//436 458//458
f 517//517 426//426 468//468 516//516
f 518//518 59//59 349//349
f 518//518 349//349 348//348
f 519//519 23//23 523//523
f 519//519 36//36 81//81 257//257
f 520//520 58//58 150//150 522//522
f 520//520 59//59 518//518 523//523
f 521//521 145//145 51//51 294//294
f 521//521 146//146 151//151 522//522
f 522//522 150//150 145//145 521//521
f 522//522 151//151 59//59 520//520
f 523//523 23//23 58//58 520//520
f 523//523 518//518 36//36 519//519
f 524//524 76//76 87//87
f 524//524 87//87 531//531
f 524//524 265//265 526//526
f 525//525 145//145 150//150 528//528
f 525//525 276//276 271//271 293//293
f 526//526 23//23 76//76 524//524
f 526//526 265//265 279//279 530//530
f 527//527 58//58 23//23 529//529
f 527//527 272//272 277//277 528//528
f 528//528 150//150 58//58 527//527
f 528//528 277//277 276//276 525//525
f 529//529 23//23 530//530
f 529//529 278//278 272//272 527//527
f 530//530 23//23 526//526
f 530//530 279//279 278//278 529//529
f 531//531 264//264 265//265 524//524
f 532//532 47//47 401//401 403//403
f 533//533 505//505 47//47 532//532
f 533//533 506//506 105//105 534//534
f 534//534 105//105 374//374 110//110 535//535
f 534//534 132//132 26//26 505//505 533//533
f 535//535 133//133 132//132 534//534
f 537//537 167//167 242//242 549//549
f 538//538 16//16 551//551
f 538//538 214//214 1149//1149 1148//1148
f 539//539 172//172 225//225 544//544
f 539//539 215//215 217//217 167//167
f 540//540 216//216 166//166
f 541//541 219//219 218//218 168//168 169//169 1154//1154
f 542//542 174//174 222//222
f 542//542 220//220 1152//1152 1151//1151
f 543//543 219//219 541//541
f 543//543 220//220 223//223
f 543//543 541//541 173//173 220//220
f 544//544 225//225 232//232
f 545//545 242//242 217//217 536//536
f 545//545 536//536 166//166 31//31
f 546//546 17//17 96//96 548//548
f 546//546 39//39 245//245 550//550
f 547//547 95//95 251//251
f 547//547 98//98 39//39 548//548
f 548//548 39//39 546//546
f 548//548 96//96 95//95 547//547
f 549//549 242//242 17//17 550//550
f 549//549 245//245 218//218 537//537
f 550//550 17//17 546//546
f 550//550 245//245 549//549
f 551//551 16//16 159//159
f 553//553 787//787 834//834 861//861
f 554//554 556//556 12//12 10//10
f 556//556 552//552 8//8 12//12
f 558//558 552//552 556//556 565//565
f 560//560 655//655 656//656
f 560//560 891//891 574//574 1084//1084
f 564//564 627//627 563//563 697//697
f 564//564 644//644 716//716 717//717
f 567//567 723//723 686//686 732//732
f 569//569 633//633 632//632 664//664
f 570//570 562//562 617//617
f 570//570 688//688 1056//1056 737//737
f 570//570 689//689 1052//1052 1061//1061
f 572//572 555//555 773//773
f 572//572 564//564 717//717 718//718
f 572//572 620//620 774//774 782//782
f 576//576 566//566 685//685
f 577//577 794//794 808//808
f 580//580 894//894 901//901
f 580//580 901//901 1031//1031
f 581//581 878//878 879//879
f 583//583 598//598 803//803 813//813
f 584//584 599//599 804//804 814//814
f 585//585 600//600 1079//1079 1123//1123
f 587//587 591//591 662//662
f 588//588 672//672 662//662 591//591 687//687
f 588//588 687//687 686//686 723//723
f 596//596 582//582 791//791 793//793
f 596//596 793//793 811//811
f 597//597 810//810 823//823 824//824
f 597//597 824//824 825//825 802//802 1125//1125
f 598//598 804//804 838//838 839//839
f 599//599 805//805 836//836 837//837
f 600//600 585//585 582//582 596//596
f 601//601 800//800 810//810
f 603//603 613//613 769//769 778//778
f 604//604 614//614 785//785 786//786
f 605//605 609//609 724//724 726//726
f 606//606 565//565 556//556 554//554
f 606//606 682//682 727//727
f 609//609 604//604 567//567 724//724
f 610//610 607//607 682//682
f 611//611 605//605 607//607 610//610
f 611//611 610//610 749//749
f 613//613 603//603 1040//1040
f 613//613 777//777 844//844 845//845
f 614//614 604//604 609//609 616//616
f 614//614 784//784 1134//1134
f 615//615 769//769 846//846 847//847
f 616//616 609//609 605//605 611//611
f 616//616 759//759 761//761 784//784
f 618//618 771//771 857//857 858//858
f 619//619 618//618 775//775 780//780
f 620//620 773//773 851//851 852//852
f 621//621 772//772 855//855 856//856
f 622//622 621//621 771//771 781//781
f 623//623 774//774 853//853 854//854
f 624//624 627//627 564//564 625//625 783//783
f 626//626 563//563 627//627
f 627//627 624//624 575//575 626//626
f 630//630 892//892 897//897 1021//1021
f 630//630 895//895 1020//1020 1022//1022
f 631//631 633//633 569//569 660//660
f 631//631 660//660 559//559 1126//1126
f 632//632 24//24 8//8 552//552
f 632//632 552//552 558//558 664//664
f 633//633 33//33 24//24 632//632
f 633//633 631//631 651//651
f 634//634 629//629 916//916
f 635//635 640//640 1089//1089
f 637//637 49//49 67//67 639//639
f 642//642 11//11 55//55 638//638
f 644//644 28//28 34//34 645//645
f 644//644 645//645 715//715 716//716
f 645//645 34//34 9//9 643//643
f 646//646 75//75 11//11 642//642
f 647//647 698//698 700//700 701//701
f 648//648 42//42 100//100 649//649
f 651//651 25//25 33//33 633//633
f 651//651 631//631 641//641 652//652
f 652//652 64//64 25//25 651//651
f 653//653 65//65 64//64 652//652 1127//1127
f 654//654 579//579 655//655
f 655//655 579//579 809//809
f 655//655 794//794 795//795
f 656//656 580//580 1028//1028
f 657//657 26//26 41//41 658//658
f 660//660 569//569 587//587 661//661
f 660//660 661//661 665//665
f 661//661 587//587 662//662
f 661//661 662//662 666//666
f 663//663 587//587 569//569
f 664//664 663//663 569//569
f 665//665 559//559 660//660
f 665//665 661//661 666//666
f 668//668 582//582 585//585 666//666
f 672//672 668//668 666//666 662//662
f 675//675 638//638 55//55 148//148
f 675//675 671//671 866//866 867//867
f 676//676 667//667 870//870 871//871
f 677//677 566//566 576//576 591//591
f 677//677 591//591 587//587
f 678//678 571//571 566//566 677//677
f 678//678 663//663 680//680 681//681
f 678//678 677//677 587//587 663//663
f 679//679 571//571 678//678 681//681
f 680//680 663//663 664//664 558//558
f 681//681 558//558 565//565 679//679
f 681//681 680//680 558//558
f 682//682 561//561 1067//1067
f 682//682 606//606 561//561
f 683//683 679//679 565//565 606//606 727//727 734//734
f 684//684 571//571 679//679 683//683
f 685//685 566//566 571//571 684//684
f 687//687 591//591 576//576 686//686
f 688//688 570//570 748//748
f 688//688 736//736 1054//1054 561//561
f 689//689 737//737 1169//1169 1168//1168
f 690//690 738//738 1166//1166 1165//1165
f 691//691 762//762 766//766
f 694//694 740//740 1057//1057 695//695 741//741
f 697//697 698//698 644//644 564//564
f 699//699 697//697 563//563 702//702
f 699//699 702//702 703//703 704//704
f 701//701 700//700 705//705 706//706
f 707//707 700//700 698//698 697//697 699//699 708//708
f 707//707 708//708 712//712 711//711
f 708//708 699//699 704//704 712//712
f 710//710 701//701 706//706 714//714
f 711//711 705//705 700//700 707//707
f 712//712 704//704 703//703 713//713
f 713//713 703//703 702//702 709//709
f 713//713 714//714 711//711 712//712
f 714//714 706//706 705//705 711//711
f 714//714 713//713 709//709 710//710
f 715//715 645//645 572//572 718//718
f 715//715 718//718 719//719 720//720
f 716//716 715//715 720//720 721//721
f 717//717 716//716 721//721 722//722
f 719//719 718//718 717//717 722//722
f 722//722 721//721 720//720 719//719
f 723//723 567//567 728//728
f 725//725 607//607 605//605 726//726
f 727//727 682//682 607//607 725//725
f 728//728 567//567 604//604
f 728//728 604//604 786//786
f 729//729 576//576 685//685 731//731
f 729//729 724//724 567//567 733//733
f 730//730 684//684 683//683 734//734
f 730//730 725//725 726//726 731//731
f 731//731 685//685 684//684 730//730
f 731//731 726//726 724//724 729//729
f 732//732 686//686 576//576 733//733
f 733//733 567//567 732//732
f 733//733 576//576 729//729
f 734//734 727//727 725//725 730//730
f 735//735 696//696 743//743 742//742
f 736//736 688//688 748//748
f 736//736 1055//1055 735//735 1054//1054
f 737//737 689//689 570//570
f 737//737 1056//1056 1170//1170 1169//1169
f 738//738 690//690 763//763
f 738//738 1052//1052 1167//1167 1166//1166
f 739//739 1053//1053 1164//1164 1163//1163
f 740//740 694//694 746//746 745//745
f 741//741 695//695 1057//1057 1059//1059
f 742//742 610//610 767//767
f 742//742 749//749 610//610
f 743//743 696//696 1058//1058
f 744//744 741//741 1059//1059
f 748//748 747//747 736//736
f 750//750 749//749 742//742 743//743
f 751//751 750//750 743//743 744//744
f 752//752 751//751 744//744 745//745
f 752//752 753//753 757//757
f 753//753 746//746 1060//1060
f 753//753 752//752 745//745 746//746
f 754//754 755//755 758//758
f 755//755 570//570 617//617
f 755//755 748//748 570//570
f 755//755 754//754 747//747 748//748
f 756//756 611//611 749//749 750//750
f 756//756 750//750 751//751
f 756//756 757//757 759//759
f 757//757 753//753 754//754
f 757//757 756//756 751//751 752//752
f 757//757 758//758 760//760
f 757//757 760//760 759//759
f 758//758 755//755 617//617
f 758//758 757//757 754//754
f 759//759 616//616 611//611 756//756
f 761//761 759//759 760//760
f 761//761 775//775 859//859 860//860
f 762//762 691//691 890//890
f 764//764 575//575 762//762
f 764//764 762//762 890//890
f 765//765 626//626 575//575 764//764
f 766//766 739//739 691//691
f 766//766 762//762 575//575
f 767//767 610//610 682//682
f 767//767 735//735 742//742
f 768//768 776//776 842//842 843//843
f 769//769 613//613 845//845 846//846
f 769//769 615//615 608//608 778//778
f 770//770 615//615 847//847 848//848
f 771//771 618//618 619//619 781//781
f 771//771 621//621 856//856 857//857
f 772//772 621//621 1063//1063
f 772//772 623//623 854//854 855//855
f 773//773 555//555 850//850 851//851
f 773//773 620//620 572//572
f 774//774 620//620 852//852 853//853
f 774//774 623//623 625//625 782//782
f 775//775 618//618 858//858 859//859
f 775//775 761//761 760//760 780//780
f 777//777 768//768 843//843 844//844
f 778//778 608//608 573//573 1035//1035
f 779//779 602//602 557//557 868//868
f 779//779 608//608 615//615 770//770
f 779//779 770//770 612//612 602//602
f 780//780 760//760 758//758 617//617 619//619
f 781//781 619//619 617//617 562//562 622//622
f 782//782 625//625 564//564 572//572
f 783//783 625//625 623//623 772//772
f 784//784 614//614 616//616
f 784//784 761//761 776//776
f 784//784 776//776 768//768 1134//1134
f 788//788 807//807 831//831 832//832
f 790//790 808//808 829//829 830//830
f 791//791 582//582 668//668 796//796
f 792//792 588//588 723//723 798//798
f 793//793 803//803 840//840 841//841
f 794//794 577//577 795//795
f 794//794 809//809 827//827 828//828
f 795//795 577//577 581//581
f 795//795 656//656 655//655
f 796//796 668//668 672//672 797//797
f 797//797 672//672 588//588 792//792
f 798//798 723//723 728//728 799//799
f 799//799 728//728 786//786
f 800//800 812//812 821//821 822//822
f 801//801 811//811 819//819 820//820
f 802//802 825//825 826//826 579//579 1128//1128
f 803//803 598//598 839//839 840//840
f 803//803 793//793 791//791 813//813
f 804//804 598//598 583//583 814//814
f 804//804 599//599 837//837 838//838
f 805//805 595//595 835//835 836//836
f 806//806 788//788 832//832 833//833
f 807//807 790//790 830//830 831//831
f 808//808 790//790 577//577
f 808//808 794//794 828//828 829//829
f 809//809 579//579 826//826 827//827
f 809//809 794//794 655//655
f 810//810 597//597 601//601
f 810//810 800//800 822//822 823//823
f 812//812 800//800 1132//1132
f 812//812 801//801 820//820 821//821
f 813//813 791//791 796//796 1041//1041
f 814//814 583//583 669//669 1037//1037
f 815//815 584//584 670//670 870//870
f 815//815 586//586 595//595 805//805
f 815//815 805//805 599//599 584//584
f 817//817 553//553 881//881
f 817//817 578//578 788//788 806//806
f 817//817 806//806 787//787 553//553
f 818//818 577//577 790//790 807//807
f 818//818 578//578 650//650 880//880
f 818//818 807//807 788//788 578//578
f 819//819 811//811 793//793 841//841
f 819//819 841//841 321//321 299//299
f 820//820 819//819 299//299 300//300
f 821//821 820//820 300//300 301//301
f 822//822 821//821 301//301 302//302
f 823//823 822//822 302//302 303//303
f 824//824 823//823 303//303 304//304
f 825//825 824//824 304//304 305//305
f 826//826 825//825 305//305 306//306
f 827//827 826//826 306//306 307//307
f 828//828 827//827 307//307 308//308
f 829//829 828//828 308//308 309//309
f 830//830 829//829 309//309 310//310
f 831//831 830//830 310//310 311//311
f 832//832 831//831 311//311 312//312
f 833//833 832//832 312//312 313//313
f 834//834 787//787 806//806 833//833
f 834//834 789//789 628//628 861//861
f 834//834 833//833 313//313 314//314
f 835//835 595//595 586//586 863//863
f 836//836 835//835 639//639 67//67 114//114 315//315 316//316
f 837//837 836//836 316//316 317//317
f 838//838 837//837 317//317 318//318
f 839//839 838//838 318//318 319//319
f 840//840 839//839 319//319 320//320
f 841//841 840//840 320//320 321//321
f 842//842 776//776 761//761 860//860
f 842//842 860//860 340//340 322//322
f 843//843 842//842 322//322 323//323
f 844//844 843//843 323//323 324//324
f 845//845 844//844 324//324 325//325
f 846//846 845//845 325//325 326//326
f 847//847 846//846 326//326 327//327
f 848//848 847//847 327//327 328//328
f 849//849 612//612 770//770 848//848
f 849//849 659//659 646//646 865//865
f 850//850 555//555 572//572 645//645 643//643
f 850//850 643//643 9//9 118//118 330//330
f 851//851 850//850 330//330 331//331
f 852//852 851//851 331//331 332//332
f 853//853 852//852 332//332 333//333
f 854//854 853//853 333//333 334//334
f 855//855 854//854 334//334 335//335
f 856//856 855//855 335//335 336//336
f 857//857 856//856 336//336 337//337
f 858//858 857//857 337//337 338//338
f 859//859 858//858 338//338 339//339
f 860//860 859//859 339//339 340//340
f 861//861 628//628 634//634 877//877
f 862//862 557//557 602//602 865//865
f 862//862 642//642 638//638 864//864
f 863//863 586//586 667//667 866//866
f 863//863 637//637 639//639 835//835
f 864//864 592//592 557//557 862//862
f 864//864 638//638 675//675 867//867
f 865//865 602//602 612//612 849//849
f 865//865 646//646 642//642 862//862
f 866//866 667//667 676//676 867//867
f 866//866 671//671 637//637 863//863
f 867//867 676//676 592//592 864//864
f 868//868 557//557 592//592 869//869
f 868//868 573//573 608//608 779//779
f 868//868 869//869 1034//1034
f 869//869 590//590 1034//1034
f 869//869 592//592 676//676 871//871
f 870//870 667//667 586//586 815//815
f 870//870 670//670 674//674 871//871
f 871//871 674//674 590//590 869//869
f 872//872 581//581 880//880
f 872//872 650//650 875//875
f 873//873 874//874 894//894
f 875//875 553//553 861//861
f 875//875 650//650 881//881
f 875//875 861//861 877//877
f 875//875 876//876 872//872
f 875//875 877//877 876//876
f 876//876 873//873 872//872
f 877//877 634//634 916//916 917//917
f 878//878 580//580 656//656 879//879
f 878//878 581//581 872//872 873//873
f 879//879 656//656 795//795
f 879//879 795//795 581//581
f 880//880 650//650 872//872
f 881//881 553//553 875//875
f 881//881 650//650 578//578 817//817
f 882//882 563//563 626//626 765//765
f 882//882 710//710 709//709 702//702 563//563
f 883//883 647//647 701//701 710//710 882//882
f 883//883 882//882 765//765 884//884 886//886
f 885//885 647//647 883//883 886//886
f 885//885 649//649 100//100 365//365
f 886//886 884//884 649//649 885//885
f 887//887 648//648 649//649 884//884
f 887//887 764//764 890//890
f 887//887 884//884 765//765 764//764
f 888//888 648//648 887//887
f 888//888 692//692 693//693 889//889
f 889//889 42//42 648//648 888//888
f 889//889 693//693 171//171 369//369
f 890//890 691//691 692//692 888//888
f 890//890 888//888 887//887
f 892//892 635//635 904//904 902//902 906//906
f 893//893 898//898 915//915 918//918
f 894//894 580//580 878//878 873//873
f 898//898 893//893 636//636 896//896
f 900//900 560//560 1029//1029
f 900//900 891//891 560//560
f 901//901 894//894 908//908
f 902//902 904//904 1087//1087 1129//1129
f 903//903 907//907 934//934 935//935
f 906//906 897//897 892//892
f 906//906 902//902 936//936 937//937
f 907//907 891//891 900//900
f 907//907 900//900 933//933 934//934
f 907//907 903//903 905//905 1088//1088
f 909//909 894//894 874//874
f 909//909 908//908 894//894
f 909//909 912//912 910//910
f 910//910 914//914 909//909
f 910//910 939//939 963//963 982//982
f 911//911 938//938 962//962 981//981
f 914//914 908//908 909//909
f 915//915 911//911 913//913 918//918
f 917//917 874//874 873//873 876//876 877//877
f 917//917 912//912 909//909 874//874
f 917//917 916//916 913//913 912//912
f 918//918 629//629 893//893
f 918//918 913//913 916//916 629//629
f 919//919 629//629 634//634 922//922
f 920//920 401//401 47//47 1048//1048
f 920//920 893//893 629//629 919//919
f 920//920 919//919 27//27 401//401
f 921//921 628//628 789//789 923//923
f 922//922 37//37 27//27 919//919
f 922//922 634//634 628//628 921//921
f 922//922 921//921 7//7 37//37
f 924//924 897//897 906//906 937//937
f 924//924 1016//1016 1021//1021
f 925//925 1018//1018 1019//1019
f 926//926 945//945 969//969 987//987
f 927//927 946//946 970//970 988//988
f 928//928 947//947 971//971 989//989
f 929//929 940//940 964//964 983//983
f 930//930 941//941 965//965 984//984
f 931//931 942//942 966//966
f 932//932 1025//1025 1026//1026
f 933//933 1024//1024 1023//1023
f 934//934 933//933 957//957
f 937//937 936//936 935//935 934//934
f 944//944 968//968 986//986
f 949//949 951//951 979//979 990//990
f 952//952 967//967 1012//1012 1013//1013
f 953//953 976//976 1025//1025 932//932
f 954//954 973//973 1023//1023 1024//1024
f 955//955 974//974 1014//1014 1015//1015
f 956//956 924//924 937//937
f 957//957 956//956 937//937 934//934
f 958//958 960//960 972//972 992//992
f 959//959 961//961 978//978 991//991
f 962//962 939//939 910//910 981//981
f 963//963 940//940 929//929 982//982
f 964//964 941//941 930//930 983//983
f 965//965 942//942 931//931 984//984
f 966//966 985//985 931//931
f 967//967 944//944 1012//1012
f 968//968 945//945 926//926 986//986
f 969//969 946//946 927//927 987//987
f 970//970 947//947 928//928 988//988
f 971//971 938//938 911//911 989//989
f 972//972 950//950 948//948 992//992
f 973//973 951//951 949//949 1023//1023
f 975//975 953//953 932//932 1033//1033
f 976//976 954//954 1024//1024 1025//1025
f 978//978 960//960 958//958 991//991
f 979//979 961//961 959//959 990//990
f 981//981 910//910 912//912 913//913 911//911
f 982//982 929//929 914//914 910//910
f 983//983 930//930 908//908 914//914 929//929
f 984//984 931//931 901//901 908//908 930//930
f 985//985 966//966 943//943
f 986//986 926//926 896//896 1020//1020
f 986//986 1019//1019 1012//1012 944//944
f 987//987 927//927 898//898 896//896 926//926
f 988//988 928//928 915//915 898//898 927//927
f 989//989 911//911 915//915 928//928
f 990//990 959//959 957//957 933//933 949//949
f 991//991 958//958 956//956 957//957 959//959
f 992//992 948//948 924//924 956//956 958//958
f 993//993 962//962 938//938 971//971 994//994
f 993//993 980//980 1010//1010
f 994//994 971//971 947//947 970//970 995//995
f 994//994 980//980 993//993
f 995//995 970//970 946//946 969//969 996//996
f 995//995 980//980 994//994
f 996//996 969//969 945//945 968//968 997//997
f 996//996 980//980 995//995
f 997//997 968//968 944//944 967//967 998//998
f 997//997 980//980 996//996
f 998//998 967//967 952//952 974//974 999//999
f 998//998 980//980 997//997
f 999//999 974//974 955//955 977//977 1000//1000
f 999//999 980//980 998//998
f 1000//1000 977//977 950//950 972//972 1001//1001
f 1000//1000 980//980 999//999
f 1001//1001 972//972 960//960 978//978 1002//1002
f 1001//1001 980//980 1000//1000
f 1002//1002 978//978 961//961 979//979 1003//1003
f 1002//1002 980//980 1001//1001
f 1003//1003 979//979 951//951 973//973 1004//1004
f 1003//1003 980//980 1002//1002
f 1004//1004 973//973 954//954 976//976 1005//1005
f 1004//1004 980//980 1003//1003
f 1005//1005 976//976 953//953 975//975 1006//1006
f 1005//1005 980//980 1004//1004
f 1006//1006 975//975 943//943 966//966 1007//1007
f 1006//1006 980//980 1005//1005
f 1007//1007 966//966 942//942 965//965 1008//1008
f 1007//1007 980//980 1006//1006
f 1008//1008 965//965 941//941 964//964 1009//1009
f 1008//1008 980//980 1007//1007
f 1009//1009 964//964 940//940 963//963 1010//1010
f 1009//1009 980//980 1008//1008
f 1010//1010 963//963 939//939 962//962 993//993
f 1010//1010 980//980 1009//1009
f 1011//1011 948//948 950//950 977//977
f 1011//1011 977//977 955//955 1015//1015
f 1013//1013 1012//1012 1018//1018
f 1013//1013 1014//1014 974//974 952//952
f 1015//1015 1014//1014 925//925 1017//1017
f 1016//1016 924//924 948//948 1011//1011 1017//1017
f 1017//1017 925//925 1016//1016
f 1017//1017 1011//1011 1015//1015
f 1018//1018 925//925 1014//1014 1013//1013
f 1019//1019 1018//1018 1012//1012
f 1020//1020 895//895 925//925 1019//1019
f 1020//1020 896//896 636//636 1022//1022
f 1020//1020 1019//1019 986//986
f 1021//1021 895//895 630//630
f 1021//1021 897//897 924//924
f 1021//1021 1016//1016 925//925 895//895
f 1023//1023 949//949 933//933
f 1025//1025 1024//1024 933//933 1026//1026
f 1026//1026 933//933 900//900 1027//1027
f 1027//1027 899//899 932//932 1026//1026
f 1027//1027 900//900 1029//1029 1030//1030
f 1028//1028 560//560 656//656
f 1028//1028 580//580 899//899 1030//1030
f 1029//1029 560//560 1028//1028
f 1029//1029 1028//1028 1030//1030
f 1030//1030 899//899 1027//1027
f 1031//1031 899//899 580//580
f 1031//1031 901//901 931//931 985//985 1032//1032
f 1032//1032 932//932 899//899 1031//1031
f 1032//1032 985//985 943//943 1033//1033
f 1033//1033 932//932 1032//1032
f 1033//1033 943//943 975//975
f 1034//1034 573//573 868//868
f 1035//1035 568//568 603//603 778//778
f 1035//1035 573//573 1034//1034 1039//1039
f 1036//1036 589//589 568//568 1039//1039
f 1036//1036 590//590 674//674 1038//1038
f 1037//1037 669//669 673//673 1038//1038
f 1037//1037 670//670 584//584 814//814
f 1038//1038 673//673 589//589 1036//1036
f 1038//1038 674//674 670//670 1037//1037
f 1039//1039 568//568 1035//1035
f 1039//1039 1034//1034 590//590 1036//1036
f 1040//1040 603//603 568//568 1042//1042
f 1040//1040 786//786 785//785 1047//1047
f 1041//1041 669//669 583//583 813//813
f 1041//1041 796//796 797//797 1044//1044
f 1042//1042 568//568 1046//1046
f 1042//1042 786//786 1040//1040
f 1043//1043 589//589 673//673 1044//1044
f 1043//1043 792//792 798//798 1045//1045
f 1044//1044 673//673 669//669 1041//1041
f 1044//1044 797//797 792//792 1043//1043
f 1045//1045 568//568 589//589 1043//1043
f 1045//1045 798//798 799//799 1046//1046
f 1046//1046 568//568 1045//1045
f 1046//1046 799//799 786//786 1042//1042
f 1047//1047 613//613 1040//1040
f 1047//1047 777//777 613//613
f 1047//1047 785//785 777//777
f 1048//1048 47//47 505//505 1049//1049
f 1048//1048 636//636 893//893 920//920
f 1048//1048 1049//1049 1022//1022 636//636
f 1049//1049 505//505 26//26 657//657 1050//1050
f 1050//1050 630//630 1022//1022 1049//1049
f 1050//1050 657//657 658//658 1051//1051
f 1051//1051 635//635 892//892 630//630 1050//1050
f 1051//1051 653//653 640//640 635//635
f 1051//1051 658//658 41//41 65//65 653//653
f 1052//1052 689//689 1168//1168 1167//1167
f 1052//1052 738//738 763//763 1061//1061
f 1053//1053 690//690 1165//1165 1164//1164
f 1053//1053 739//739 766//766 1065//1065
f 1055//1055 694//694 741//741 1058//1058 696//696 735//735
f 1056//1056 688//688 561//561 606//606 554//554 1170//1170
f 1057//1057 740//740 1059//1059
f 1058//1058 741//741 744//744 743//743
f 1059//1059 740//740 745//745 744//744
f 1060//1060 746//746 694//694 1055//1055
f 1060//1060 747//747 754//754 753//753
f 1060//1060 1055//1055 736//736 747//747
f 1061//1061 562//562 570//570
f 1061//1061 763//763 562//562
f 1062//1062 562//562 1066//1066
f 1062//1062 575//575 1064//1064
f 1063//1063 621//621 622//622 1064//1064
f 1063//1063 624//624 783//783 772//772
f 1064//1064 575//575 624//624 1063//1063
f 1064//1064 622//622 562//562 1062//1062
f 1065//1065 763//763 690//690 1053//1053
f 1065//1065 766//766 1066//1066
f 1066//1066 562//562 763//763 1065//1065
f 1066//1066 766//766 575//575 1062//1062
f 1067//1067 561//561 1054//1054
f 1067//1067 767//767 682//682
f 1067//1067 1054//1054 735//735 767//767
f 1068//1068 1069//1069 1070//1070 1071//1071
f 1069//1069 1068//1068 360//360 298//298
f 1070//1070 1069//1069 298//298 43//43
f 1071//1071 48//48 360//360 1068//1068
f 1071//1071 1070//1070 43//43 48//48
f 1072//1072 1073//1073 1074//1074 1075//1075
f 1073//1073 1072//1072 818//818 880//880
f 1074//1074 1073//1073 880//880 581//581
f 1075//1075 577//577 818//818 1072//1072
f 1075//1075 1074//1074 581//581 577//577
f 1078//1078 1124//1124 1132//1132
f 1079//1079 593//593 559//559 1123//1123
f 1084//1084 654//654 655//655 560//560
f 1087//1087 905//905 903//903 1129//1129
f 1088//1088 574//574 891//891 907//907
f 1089//1089 904//904 635//635
f 1091//1091 1076//1076 594//594 1081//1081
f 1091//1091 1081//1081 640//640 1083//1083
f 1091//1091 1082//1082 593//593 1076//1076
f 1091//1091 1083//1083 641//641 1082//1082
f 1092//1092 1076//1076 593//593 1079//1079
f 1092//1092 1078//1078 601//601 1080//1080
f 1092//1092 1079//1079 600//600 1078//1078
f 1092//1092 1080//1080 594//594 1076//1076
f 1093//1093 1077//1077 594//594 1080//1080
f 1093//1093 1080//1080 601//601 1086//1086
f 1093//1093 1084//1084 574//574 1077//1077
f 1093//1093 1085//1085 654//654 1084//1084
f 1093//1093 1086//1086 816//816 1085//1085
f 1094//1094 1081//1081 594//594 1090//1090
f 1094//1094 1087//1087 904//904 1089//1089
f 1094//1094 1089//1089 640//640 1081//1081
f 1094//1094 1090//1090 905//905 1087//1087
f 1095//1095 1077//1077 574//574 1088//1088
f 1095//1095 1088//1088 905//905 1090//1090
f 1095//1095 1090//1090 594//594 1077//1077
f 1099//1099 72//72 53//53 1116//1116
f 1100//1100 73//73 1130//1130
f 1104//1104 38//38 373//373 15//15
f 1107//1107 386//386 384//384 1122//1122
f 1108//1108 387//387 385//385 389//389
f 1109//1109 115//115 110//110
f 1111//1111 1096//1096 62//62 1102//1102
f 1111//1111 1101//1101 63//63 1096//1096
f 1111//1111 1102//1102 116//116 1103//1103
f 1111//1111 1103//1103 115//115 1101//1101
f 1112//1112 1096//1096 63//63 1100//1100
f 1112//1112 1098//1098 72//72 1099//1099
f 1112//1112 1099//1099 62//62 1096//1096
f 1113//1113 1097//1097 38//38 1104//1104
f 1113//1113 1100//1100 63//63 1097//1097
f 1113//1113 1104//1104 129//129 1105//1105
f 1113//1113 1105//1105 296//296 1106//1106
f 1113//1113 1106//1106 73//73 1100//1100
f 1114//1114 1101//1101 115//115 1109//1109
f 1114//1114 1107//1107 387//387 1110//1110
f 1114//1114 1109//1109 386//386 1107//1107
f 1114//1114 1110//1110 63//63 1101//1101
f 1115//1115 1097//1097 63//63 1110//1110
f 1115//1115 1108//1108 38//38 1097//1097
f 1115//1115 1110//1110 387//387 1108//1108
f 1116//1116 53//53 141//141 140//140 14//14
f 1117//1117 68//68 72//72 1098//1098
f 1118//1118 69//69 73//73 1106//1106
f 1118//1118 1106//1106 296//296 282//282
f 1119//1119 106//106 116//116 1102//1102
f 1119//1119 1102//1102 62//62 14//14
f 1120//1120 128//128 115//115 1103//1103
f 1120//1120 1103//1103 116//116 127//127
f 1121//1121 282//282 296//296 1105//1105
f 1121//1121 1105//1105 129//129 45//45
f 1122//1122 384//384 419//419 418//418 385//385
f 1123//1123 559//559 665//665 666//666 585//585
f 1124//1124 596//596 811//811 801//801
f 1124//1124 801//801 812//812 1132//1132
f 1124//1124 1078//1078 600//600 596//596
f 1125//1125 802//802 816//816 1086//1086
f 1125//1125 1086//1086 601//601 597//597
f 1126//1126 559//559 593//593 1082//1082
f 1126//1126 1082//1082 641//641 631//631
f 1127//1127 652//652 641//641 1083//1083
f 1127//1127 1083//1083 640//640 653//653
f 1128//1128 579//579 654//654 1085//1085
f 1128//1128 1085//1085 816//816 802//802
f 1129//1129 903//903 935//935 936//936 902//902
f 1130//1130 1098//1098 1112//1112
f 1130//1130 1112//1112 1100//1100
f 1131//1131 1117//1117 1098//1098 1130//1130
f 1132//1132 601//601 1078//1078
f 1132//1132 800//800 601//601
f 1133//1133 88//88 264//264
f 1133//1133 264//264 256//256 247//247
f 1134//1134 768//768 777//777 785//785
f 1134//1134 785//785 614//614
f 1135//1135 29//29 365//365 366//366 122//122
f 1135//1135 122//122 177//177 1136//1136
f 1136//1136 176//176 29//29 1135//1135
f 1136//1136 177//177 119//119 28//28 176//176
f 1137//1137 29//29 176//176 1138//1138
f 1137//1137 647//647 885//885 365//365 29//29
f 1138//1138 176//176 28//28 644//644 698//698
f 1138//1138 698//698 647//647 1137//1137
f 1139//1139 170//170 171//171 1171//1171
f 1140//1140 1139//1139 1171//1171 1172//1172
f 1141//1141 1140//1140 1172//1172 1173//1173
f 1142//1142 1141//1141 1173//1173 1174//1174
f 1143//1143 1142//1142 1174//1174 1175//1175
f 1144//1144 1143//1143 1175//1175 1176//1176
f 1145//1145 1144//1144 1176//1176 1177//1177
f 1146//1146 3//3 1147//1147
f 1146//1146 1145//1145 1177//1177 1178//1178
f 1147//1147 3//3 79//79 16//16
f 1147//1147 1148//1148 1145//1145 1146//1146
f 1148//1148 1149//1149 1144//1144 1145//1145
f 1149//1149 1150//1150 1143//1143 1144//1144
f 1150//1150 1151//1151 1142//1142 1143//1143
f 1151//1151 1152//1152 1141//1141 1142//1142
f 1152//1152 1153//1153 1140//1140 1141//1141
f 1153//1153 1154//1154 1139//1139 1140//1140
f 1154//1154 169//169 170//170 1139//1139
f 1155//1155 554//554 10//10 1178//1178
f 1156//1156 1155//1155 1178//1178 1177//1177
f 1157//1157 1156//1156 1177//1177 1176//1176
f 1158//1158 1157//1157 1176//1176 1175//1175
f 1159//1159 1158//1158 1175//1175 1174//1174
f 1160//1160 1159//1159 1174//1174 1173//1173
f 1161//1161 1160//1160 1173//1173 1172//1172
f 1162//1162 693//693 692//692 1163//1163
f 1162//1162 1161//1161 1172//1172 1171//1171
f 1163//1163 692//692 691//691 739//739
f 1163//1163 1164//1164 1161//1161 1162//1162
f 1164//1164 1165//1165 1160//1160 1161//1161
f 1165//1165 1166//1166 1159//1159 1160//1160
f 1166//1166 1167//1167 1158//1158 1159//1159
f 1167//1167 1168//1168 1157//1157 1158//1158
f 1168//1168 1169//1169 1156//1156 1157//1157
f 1169//1169 1170//1170 1155//1155 1156//1156
f 1170//1170 554//554 1155//1155
f 1171//1171 171//171 693//693 1162//1162
f 1178//1178 10//10 3//3 1146//1146
