# Exported from Wings 3D 0.98.26
mtllib ./buz_miura_interior2.mtl
o miura-interior
#981 vertices, 928 faces
v 326.025 998.694 -121.251
v 326.025 956.248 -795.106
v 326.025 998.694 -565.325
v 804.471 62.6899 -565.325
v -8.73396e-6 997.058 -123.075
v -8.73396e-6 958.960 -792.764
v -8.73396e-6 144.361 -565.325
v -8.73396e-6 998.860 -565.325
v 607.430 972.839 -182.104
v 607.430 972.839 -565.325
v 756.143 829.256 -565.325
v 869.889 685.190 -639.064
v 871.416 348.723 -501.444
v -8.73396e-6 972.839 -61.4008
v -8.73396e-6 680.772 532.877
v 681.787 869.063 73.5887
v 681.787 901.048 -565.325
v -8.73396e-6 901.048 73.5887
v 837.944 233.160 -565.325
v 800.184 754.896 -548.069
v -8.73396e-6 147.618 107.523
v 784.999 771.766 64.6776
v 919.141 640.449 151.498
v 871.416 348.723 108.628
v 837.944 231.149 100.578
v 844.301 712.164 61.7112
v 804.471 65.9470 107.523
v 808.720 66.9133 -810.509
v -8.73396e-6 148.584 -701.819
v 871.416 348.723 -847.443
v 914.511 586.719 -855.566
v 770.920 784.721 -861.776
v 567.606 927.480 -797.017
v 758.877 851.759 -881.739
v 840.068 233.116 -834.570
v 839.021 689.296 -863.044
v 669.652 680.772 440.842
v 303.715 972.839 -61.4008
v 340.893 901.048 73.5887
v 266.288 65.9470 148.535
v 410.740 62.6899 -565.325
v 404.360 66.9133 -810.509
v 309.776 680.772 535.169
v 746.850 676.578 378.196
v 782.190 677.895 313.938
v 845.133 669.125 279.704
v 681.787 901.048 -109.928
v 644.609 936.943 -54.2574
v -8.73396e-6 148.025 217.071
v 919.141 601.388 212.559
v 874.742 348.723 218.632
v 805.534 233.313 409.026
v 409.562 66.3541 416.839
v 793.717 66.3541 416.839
v 782.113 777.515 -8.40843
v 681.787 901.048 -165.553
v 644.609 945.314 -561.779
v 644.609 950.459 -164.769
v 644.609 945.314 -216.786
v 676.939 892.433 -870.073
v 660.774 933.593 -676.686
v 707.483 884.618 -650.664
v 758.606 821.834 -614.734
v 878.391 678.781 -419.436
v 881.721 676.307 82.9660
v 919.141 640.449 -363.392
v 838.332 722.096 -672.109
v 733.180 868.189 -748.588
v 783.098 803.277 -720.641
v 668.856 927.975 -771.213
v 918.965 622.092 -603.684
v 857.900 734.852 -553.309
v 740.245 878.607 -654.306
v 790.765 811.244 -617.030
v 894.053 677.303 -441.348
v 873.679 713.612 -508.695
v 668.459 936.226 -701.418
v 855.742 290.920 -841.007
v 824.394 150.015 -822.540
v 892.964 467.721 -851.505
v 895.278 494.586 130.063
v 895.278 491.927 215.437
v 895.278 494.586 -464.358
v 895.191 485.408 -563.850
v 510.057 62.6899 -565.325
v 653.775 65.9470 148.535
v 521.014 66.9133 -810.509
v 514.612 66.3541 416.839
v 821.207 147.925 -565.325
v 821.207 148.548 104.050
v 790.324 149.834 412.932
v 837.944 232.154 -380.196
v 854.680 290.942 -533.385
v 854.680 289.936 104.603
v 858.826 291.018 214.104
v 854.680 290.439 -440.820
v 882.190 408.222 -849.474
v 882.190 408.222 -676.474
v 883.347 421.655 119.345
v 886.088 428.761 217.193
v 883.347 421.655 -482.901
v 883.303 417.065 -532.647
v -326.025 998.694 -121.251
v -326.025 956.248 -795.106
v -326.025 998.694 -565.325
v -804.471 62.6899 -565.325
v -607.430 972.839 -182.104
v -607.430 972.839 -565.325
v -756.143 829.256 -565.325
v -869.889 685.190 -639.064
v -871.416 348.723 -501.444
v -681.787 869.063 73.5887
v -681.787 901.048 -565.325
v -837.944 233.160 -565.325
v -800.184 754.896 -548.069
v -784.999 771.766 64.6776
v -919.141 640.449 151.498
v -871.416 348.723 108.628
v -837.944 231.149 100.578
v -844.301 712.164 61.7112
v -804.471 65.9470 107.523
v -808.720 66.9133 -810.509
v -871.416 348.723 -847.443
v -914.511 586.719 -855.566
v -770.920 784.721 -861.776
v -567.606 927.480 -797.017
v -758.877 851.759 -881.739
v -840.068 233.116 -834.570
v -839.021 689.296 -863.044
v -669.652 680.772 440.842
v -303.715 972.839 -61.4008
v -340.893 901.048 73.5887
v -273.466 65.9470 146.659
v -410.740 62.6899 -565.325
v -404.360 66.9133 -810.509
v -309.776 680.772 535.169
v -746.850 676.578 378.196
v -782.190 677.895 313.938
v -845.133 669.125 279.704
v -681.787 901.048 -109.928
v -644.609 936.943 -54.2574
v -919.141 601.388 212.559
v -874.742 348.723 218.632
v -805.534 233.313 409.026
v -409.562 66.3541 416.839
v -793.717 66.3541 416.839
v -782.113 777.515 -8.40843
v -681.787 901.048 -165.553
v -644.609 945.314 -561.779
v -644.609 950.459 -164.769
v -644.609 945.314 -216.786
v -676.939 892.433 -870.073
v -660.774 933.593 -676.686
v -707.484 884.618 -650.664
v -758.606 821.834 -614.734
v -878.391 678.781 -419.436
v -881.721 676.307 82.9660
v -919.141 640.449 -363.392
v -838.332 722.096 -672.109
v -733.180 868.189 -748.588
v -783.098 803.277 -720.641
v -668.856 927.975 -771.213
v -918.965 622.092 -603.684
v -857.900 734.852 -553.309
v -740.245 878.607 -654.306
v -790.765 811.244 -617.030
v -894.054 677.303 -441.348
v -873.679 713.612 -508.695
v -668.459 936.226 -701.418
v -855.742 290.920 -841.007
v -824.394 150.015 -822.540
v -892.964 467.721 -851.505
v -895.278 494.586 130.063
v -895.278 491.927 215.437
v -895.278 494.586 -464.358
v -895.191 485.408 -563.850
v -510.057 62.6899 -565.325
v -646.597 65.9470 146.659
v -521.014 66.9133 -810.509
v -514.612 66.3541 416.839
v -821.207 147.925 -565.325
v -821.207 148.548 104.050
v -790.324 149.834 412.932
v -837.944 232.154 -380.196
v -854.680 290.942 -533.385
v -854.680 289.936 104.603
v -858.826 291.018 214.104
v -854.680 290.439 -440.820
v -882.190 408.222 -849.474
v -882.190 408.222 -676.474
v -883.347 421.655 119.345
v -886.088 428.761 217.193
v -883.347 421.655 -482.901
v -883.303 417.065 -532.647
v 417.167 149.834 412.932
v -8.73396e-6 203.393 213.165
v -417.167 149.834 412.932
v -424.772 233.313 409.026
v -8.73396e-6 237.990 209.258
v 424.772 233.313 409.026
v -432.377 291.018 214.104
v -8.73396e-6 291.018 213.786
v 432.377 291.018 214.104
v -439.982 348.723 218.632
v -8.73396e-6 348.723 218.314
v 439.982 348.723 218.632
v -445.404 428.761 217.193
v -8.73396e-6 411.889 216.876
v 403.167 448.927 217.436
v -447.639 491.927 215.437
v -8.73396e-6 475.056 215.437
v 404.998 529.578 215.194
v -459.570 601.388 212.559
v -8.73396e-6 601.388 212.559
v 459.570 601.388 212.559
v -422.567 669.125 279.704
v -8.73396e-6 669.125 279.704
v 422.567 669.125 279.704
v -391.095 677.895 313.938
v -8.73396e-6 677.895 313.938
v 391.095 677.895 313.938
v -373.425 676.578 378.196
v -8.73396e-6 676.578 378.196
v 373.425 676.578 378.196
v -334.826 680.772 440.842
v -8.73396e-6 680.772 440.842
v 334.826 680.772 440.842
v 106.904 680.772 534.023
v 106.028 147.752 217.546
v -106.904 680.772 534.023
v -106.028 147.752 217.546
v 141.699 203.393 213.165
v -141.699 203.393 213.165
v -144.587 237.990 209.258
v 144.587 237.990 209.258
v -147.475 291.018 213.786
v 147.475 291.018 213.786
v -150.363 348.723 218.314
v 150.363 348.723 218.314
v -152.422 411.889 216.876
v 152.422 411.889 216.876
v -154.480 475.056 215.437
v 154.480 475.056 215.437
v -158.598 601.388 212.559
v 158.598 601.388 212.559
v -145.828 669.125 279.704
v 145.828 669.125 279.704
v -134.967 677.895 313.938
v 134.967 677.895 313.938
v -128.869 676.578 378.196
v 128.869 676.578 378.196
v -115.548 680.772 440.842
v 115.548 680.772 440.842
v 196.027 137.217 415.992
v -127.191 680.772 534.137
v 197.225 149.834 412.932
v -200.348 233.313 409.026
v -176.938 291.018 214.104
v -179.653 348.723 218.632
v -181.589 428.761 217.193
v -183.796 491.927 215.437
v -188.695 601.388 212.559
v -173.502 669.125 279.704
v -160.580 677.895 313.938
v -153.325 676.578 378.196
v -137.476 680.772 440.842
v 127.191 680.772 534.137
v -196.027 137.217 415.992
v -197.225 149.834 412.932
v 200.348 233.313 409.026
v 176.938 291.018 214.104
v 179.653 348.723 218.632
v 181.589 428.761 217.193
v 183.796 491.927 215.437
v 188.695 601.388 212.559
v 173.502 669.125 279.704
v 160.580 677.895 313.938
v 153.325 676.578 378.196
v 137.476 680.772 440.842
v 106.081 148.584 -701.819
v 105.524 147.618 107.523
v 105.524 144.361 -565.325
v -106.081 148.584 -701.819
v -105.524 147.618 107.523
v -105.524 144.361 -565.325
v 405.899 66.1506 262.181
v 789.793 66.1506 262.181
v 516.220 66.1506 262.181
v -405.899 66.1506 262.181
v -789.793 66.1506 262.181
v -516.220 66.1506 262.181
v 126.674 66.9133 -810.509
v 214.570 66.0818 417.314
v -126.008 65.9470 107.523
v -126.008 62.6899 -565.325
v -214.570 66.0818 417.314
v 126.008 65.9470 107.523
v 126.008 62.6899 -565.325
v -126.674 66.9133 -810.509
v -128.230 66.4637 221.356
v 128.230 66.4637 221.356
v -114.313 586.719 -746.875
v 114.313 586.719 -746.875
v -8.73396e-6 586.719 -746.875
v -129.634 586.719 -855.566
v 129.634 586.719 -855.566
v -509.908 586.719 -855.566
v -319.301 586.719 -855.566
v 319.301 586.719 -855.566
v 509.908 586.719 -855.566
v -113.137 512.461 -740.439
v -111.961 438.203 -734.002
v -110.785 363.945 -727.565
v -109.609 289.687 -721.129
v -108.433 220.106 -714.692
v -107.257 194.731 -708.255
v 113.137 512.461 -740.439
v 111.961 438.203 -734.002
v 110.785 363.945 -727.565
v 109.609 289.687 -721.129
v 108.433 220.106 -714.692
v 107.257 194.731 -708.255
v -8.73396e-6 194.731 -708.255
v -8.73396e-6 220.106 -714.692
v -8.73396e-6 289.687 -721.129
v -8.73396e-6 363.945 -727.565
v -8.73396e-6 438.203 -734.002
v -8.73396e-6 512.461 -740.439
v -127.097 141.171 -816.946
v -127.520 215.429 -823.383
v -127.942 289.687 -829.820
v -128.365 363.945 -836.256
v -128.788 438.203 -842.693
v -129.211 512.461 -849.130
v 129.211 512.461 -849.130
v 128.788 438.203 -842.693
v 128.365 363.945 -836.256
v 127.942 289.687 -829.820
v 127.520 215.429 -823.383
v 127.097 141.171 -816.946
v -392.209 141.171 -816.946
v -380.057 215.429 -823.383
v -367.906 289.687 -829.820
v -355.755 363.945 -836.256
v -343.603 438.203 -842.693
v -331.452 512.461 -849.130
v -519.428 141.171 -816.946
v -517.841 215.429 -823.383
v -516.255 289.687 -829.820
v -514.668 363.945 -836.256
v -513.081 438.203 -842.693
v -511.495 512.461 -849.130
v 331.452 512.461 -849.130
v 343.603 438.203 -842.693
v 355.755 363.945 -836.256
v 367.906 289.687 -829.820
v 380.057 215.429 -823.383
v 392.209 141.171 -816.946
v 511.495 512.461 -849.130
v 513.081 438.203 -842.693
v 514.668 363.945 -836.256
v 516.255 289.687 -829.820
v 517.841 215.429 -823.383
v 519.428 141.171 -816.946
v -117.129 107.108 219.451
v 117.129 107.108 219.451
v -8.73396e-6 586.719 -855.566
v 707.084 62.6899 -565.325
v 747.143 65.9470 107.523
v -707.084 62.6899 -565.325
v -747.143 65.9470 107.523
v -181.254 65.9470 107.523
v -220.872 62.6899 -565.325
v 181.254 65.9470 107.523
v 220.872 62.6899 -565.325
v 653.006 66.1506 262.181
v -653.006 66.1506 262.181
v -267.064 66.3071 241.768
v 267.064 66.3071 241.768
v 410.740 161.516 -564.901
v 510.057 161.516 -564.901
v 220.872 161.516 -564.901
v 707.084 161.516 -564.901
v -410.740 161.516 -564.901
v -510.057 161.516 -564.901
v -220.872 161.516 -564.901
v -707.084 161.516 -564.901
v 737.692 64.3184 -247.275
v -729.940 64.3184 -247.275
v 190.704 186.242 -247.275
v 737.692 186.242 -247.275
v -198.457 186.242 -247.275
v -729.940 186.242 -247.275
v -198.457 64.3184 -228.901
v 190.704 64.3184 -228.901
v 707.084 177.233 -471.483
v -220.872 177.233 -471.483
v 220.872 177.233 -471.483
v -707.084 177.233 -471.483
v -663.373 685.638 -576.997
v -264.157 685.638 -576.997
v -264.157 685.638 -670.415
v -323.999 725.363 -670.415
v -594.587 725.363 -670.415
v -663.373 685.638 -670.415
v 264.157 685.638 -576.997
v 663.373 685.638 -576.997
v 663.373 685.638 -670.415
v 592.972 725.363 -670.415
v 325.615 725.363 -670.415
v 264.157 685.638 -670.415
v -329.398 725.363 -576.997
v -601.195 725.363 -576.997
v 601.195 725.363 -576.997
v 329.398 725.363 -576.997
v -359.326 857.985 -587.516
v -355.143 857.985 -659.896
v -564.795 857.985 -659.896
v -569.915 857.985 -587.516
v 569.915 857.985 -587.516
v 563.543 857.985 -659.896
v 356.395 857.985 -659.896
v 359.326 857.985 -587.516
v -327.978 685.638 -576.997
v -599.551 685.638 -576.997
v 595.533 685.638 -576.997
v 331.997 685.638 -576.997
v -636.794 177.233 -471.483
v -291.162 177.233 -471.483
v 303.279 177.233 -471.483
v 624.677 177.233 -471.483
v -646.178 186.242 -247.275
v -282.218 186.242 -247.275
v 638.122 186.242 -247.275
v 290.274 186.242 -247.275
v 269.875 269.604 113.216
v 266.288 219.626 168.301
v 651.432 269.591 113.160
v 653.775 219.626 168.301
v 182.812 268.106 72.4863
v 181.254 219.626 127.289
v 745.585 268.106 72.4863
v 747.143 219.626 127.289
v -274.782 269.523 111.271
v -273.466 219.626 166.425
v -646.534 269.520 111.258
v -646.597 219.626 166.425
v -184.088 268.116 72.5280
v -181.254 219.626 127.289
v -744.309 268.116 72.5280
v -747.143 219.626 127.289
v 523.521 448.927 217.436
v 527.252 529.578 215.194
v 501.920 547.338 72.0403
v 499.701 500.656 60.9131
v 428.114 500.656 60.9131
v 429.204 547.338 72.0403
v 326.025 956.248 -795.106
v -8.73396e-6 104.925 -1770.30
v -8.73396e-6 958.960 -792.764
v 593.552 943.460 -905.980
v -8.73396e-6 699.999 -1835.25
v -8.73396e-6 66.9133 -810.509
v 567.606 927.480 -899.533
v -8.73396e-6 643.120 -1928.20
v 526.293 104.925 -1759.07
v 462.750 66.9133 -810.509
v 521.697 96.9423 -1478.37
v 428.639 693.671 -1846.44
v 405.460 639.956 -1933.99
v 494.420 78.3167 -953.995
v 594.891 828.293 -1424.59
v 592.759 800.029 -1534.64
v 593.150 773.310 -1644.72
v 585.791 740.718 -1768.65
v 365.380 740.718 -1769.50
v 225.120 740.718 -1767.90
v -8.73396e-6 740.718 -1766.09
v -8.73396e-6 773.310 -1644.43
v -8.73396e-6 800.029 -1533.40
v -8.73396e-6 828.293 -1424.01
v -8.73396e-6 860.298 -1303.98
v -8.73396e-6 892.302 -1157.76
v -8.73396e-6 924.307 -1036.10
v -8.73396e-6 952.508 -914.430
v 594.556 860.298 -1308.14
v 594.222 892.302 -1155.67
v 593.887 924.307 -1037.78
v 296.943 924.307 -1036.94
v 297.111 892.302 -1156.72
v 297.278 860.298 -1306.06
v 297.446 828.293 -1424.30
v 296.380 800.029 -1534.02
v 296.575 773.310 -1644.57
v 296.776 947.984 -910.205
v -8.73396e-6 912.473 -926.596
v 593.585 912.473 -931.604
v 296.793 912.473 -922.878
v -8.73396e-6 731.251 -1656.59
v 594.590 816.459 -1319.78
v 594.678 788.195 -1435.60
v 592.798 761.476 -1545.64
v 592.414 731.251 -1657.11
v -8.73396e-6 761.476 -1544.50
v -8.73396e-6 788.195 -1434.95
v -8.73396e-6 816.459 -1315.99
v -8.73396e-6 848.464 -1172.38
v -8.73396e-6 880.468 -1048.26
v 594.255 848.464 -1170.92
v 593.920 880.468 -1049.57
v 296.960 880.468 -1048.92
v 297.128 848.464 -1171.65
v 297.295 816.459 -1317.88
v 297.339 788.195 -1435.27
v 296.399 761.476 -1545.07
v 281.965 731.251 -1656.90
v 310.920 731.251 -1657.06
v 571.605 690.507 -1857.02
v 544.864 653.729 -1983.39
v 508.058 87.6295 -1216.18
v 523.995 100.933 -1618.72
v 548.822 78.3167 -953.995
v 548.822 87.6295 -1198.72
v 548.822 95.6119 -1419.86
v 548.822 100.933 -1593.85
v 548.822 104.925 -1744.25
v 521.014 66.9133 -810.509
v 538.473 638.533 -1941.09
v 563.785 690.824 -1855.96
v -8.73396e-6 720.359 -1800.67
v 434.333 717.195 -1807.97
v 75.2362 720.359 -1801.57
v 578.698 715.613 -1812.84
v 592.779 783.697 -1535.85
v 592.782 755.225 -1646.62
v 296.952 905.332 -1038.64
v 297.119 873.328 -1159.89
v 289.270 754.203 -1646.45
v 303.748 754.203 -1646.53
v 296.784 933.173 -912.250
v -8.73396e-6 935.435 -916.222
v 593.569 930.911 -914.501
v -8.73396e-6 755.225 -1646.22
v 594.573 841.323 -1309.67
v 594.785 811.188 -1425.80
v -8.73396e-6 783.697 -1534.66
v -8.73396e-6 811.188 -1425.19
v -8.73396e-6 841.323 -1305.69
v -8.73396e-6 873.328 -1160.78
v -8.73396e-6 905.332 -1037.89
v 594.238 873.328 -1159.00
v 593.904 905.332 -1039.38
v 297.287 841.323 -1307.68
v 297.392 811.188 -1425.50
v 296.389 783.697 -1535.25
v 594.088 864.466 -1110.24
v -326.025 956.248 -795.106
v -593.552 943.460 -905.980
v -567.606 927.480 -899.533
v -526.293 104.925 -1759.07
v -462.750 66.9133 -810.509
v -521.697 96.9423 -1478.37
v -428.639 693.671 -1846.44
v -405.460 639.956 -1933.99
v -494.420 78.3167 -953.995
v -594.891 828.293 -1424.59
v -592.759 800.029 -1534.64
v -593.150 773.310 -1644.72
v -585.791 740.718 -1768.65
v -365.380 740.718 -1769.50
v -225.120 740.718 -1767.90
v -594.557 860.298 -1308.14
v -594.222 892.302 -1155.67
v -593.887 924.307 -1037.78
v -296.943 924.307 -1036.94
v -297.111 892.302 -1156.72
v -297.278 860.298 -1306.06
v -297.446 828.293 -1424.30
v -296.380 800.029 -1534.02
v -296.575 773.310 -1644.57
v -296.776 947.984 -910.205
v -593.586 912.473 -931.604
v -296.793 912.473 -922.878
v -594.590 816.459 -1319.78
v -594.678 788.195 -1435.60
v -592.798 761.476 -1545.64
v -592.414 731.251 -1657.11
v -594.255 848.464 -1170.92
v -593.920 880.468 -1049.57
v -296.960 880.468 -1048.92
v -297.128 848.464 -1171.65
v -297.295 816.459 -1317.88
v -297.339 788.195 -1435.27
v -296.399 761.476 -1545.07
v -281.965 731.251 -1656.90
v -310.920 731.251 -1657.06
v -627.247 708.106 -1818.13
v -571.605 690.507 -1857.02
v -544.864 653.729 -1983.39
v -508.058 87.6295 -1216.18
v -523.995 100.933 -1618.72
v -548.822 78.3167 -953.995
v -548.822 87.6295 -1198.72
v -548.822 95.6119 -1419.86
v -548.822 100.933 -1593.85
v -548.822 104.925 -1744.25
v -521.014 66.9133 -810.509
v -538.473 638.533 -1941.09
v -563.785 690.824 -1855.96
v -434.333 717.195 -1807.97
v -75.2362 720.359 -1801.57
v -578.698 715.613 -1812.84
v -592.779 783.697 -1535.85
v -592.782 755.225 -1646.62
v -296.952 905.332 -1038.64
v -297.119 873.328 -1159.89
v -289.270 754.203 -1646.45
v -303.748 754.203 -1646.53
v -296.784 933.173 -912.250
v -593.569 930.911 -914.501
v -594.573 841.323 -1309.67
v -594.785 811.188 -1425.80
v -594.238 873.328 -1159.00
v -593.904 905.332 -1039.38
v -297.287 841.323 -1307.68
v -297.392 811.188 -1425.50
v -296.389 783.697 -1535.25
v -594.088 864.466 -1110.24
v -628.934 921.784 -924.282
v -450.814 194.097 -1788.22
v -441.743 283.269 -1817.38
v -432.672 372.440 -1846.53
v -423.602 461.612 -1875.68
v -414.531 550.784 -1904.84
v -547.097 193.859 -1777.06
v -545.372 282.794 -1809.86
v -543.647 371.729 -1842.67
v -541.923 460.663 -1875.48
v -540.198 549.598 -1908.28
v -8.73396e-6 553.421 -1901.88
v -8.73396e-6 463.722 -1875.56
v -8.73396e-6 374.022 -1849.25
v -8.73396e-6 284.323 -1822.93
v -8.73396e-6 194.624 -1796.61
v 414.531 550.784 -1904.84
v 423.602 461.612 -1875.68
v 432.672 372.440 -1846.53
v 441.743 283.269 -1817.38
v 450.814 194.097 -1788.22
v 540.198 549.598 -1908.28
v 541.923 460.663 -1875.48
v 543.647 371.729 -1842.67
v 545.372 282.794 -1809.86
v 547.097 193.859 -1777.06
v -608.008 470.794 -1903.67
v -576.436 562.261 -1943.53
v 576.436 562.261 -1943.53
v -471.488 543.311 -1706.33
v -470.067 541.174 -1619.61
v -467.785 537.283 -1480.22
v -454.195 528.070 -1218.99
v -440.791 518.434 -961.289
v -419.442 616.670 -922.336
v 0.111851 616.623 -922.331
v 419.442 616.670 -922.336
v 440.791 518.434 -961.289
v 454.195 528.070 -1218.99
v 467.785 537.283 -1480.22
v 470.067 541.174 -1619.61
v 471.488 543.311 -1706.33
v -0.113173 573.389 -1773.89
v -122.597 702.572 -1009.40
v -126.624 670.540 -1696.11
v -431.408 638.729 -1686.55
v -431.243 638.992 -1681.10
v -428.282 645.501 -1543.33
v -413.537 658.741 -1283.82
v -399.411 671.512 -1033.29
v -394.255 673.260 -1006.68
v 157.527 670.249 -1696.09
v 153.274 702.860 -1009.41
v 425.044 673.260 -1006.68
v 430.200 671.512 -1033.29
v 444.327 658.741 -1283.82
v 459.072 645.501 -1543.33
v 462.032 638.992 -1681.10
v 462.197 638.729 -1686.55
v -5.69167e-2 584.198 -1561.00
v 5.55954e-2 605.815 -1135.22
v -125.617 678.548 -1524.43
v -124.611 686.556 -1352.75
v -123.604 694.564 -1181.08
v 154.337 694.707 -1181.08
v 155.401 686.555 -1352.75
v 156.464 678.402 -1524.42
v -8.50447e-2 573.258 -1726.86
v -126.121 669.009 -1669.69
v 156.995 668.790 -1669.68
v -1.29352 590.865 -1478.30
v -1.22500 604.030 -1219.01
v -125.114 682.552 -1438.59
v -124.107 690.560 -1266.92
v 154.869 690.631 -1266.92
v 155.932 682.478 -1438.59
v -77.1467 653.201 -1351.48
v 93.3801 653.200 -1351.48
v -77.4704 647.472 -1468.58
v -76.8230 658.931 -1234.38
v 93.0735 658.974 -1234.38
v 93.6867 647.427 -1468.58
v 1.75218 768.467 -1471.38
v 1.80628 788.360 -1257.84
v -79.4972 778.542 -1363.24
v 96.3498 778.542 -1363.24
v 80.8892 786.483 -1277.99
v -67.0348 786.483 -1277.99
v 81.3129 770.542 -1449.11
v -67.5049 770.542 -1449.11
v 46.2003 788.051 -1261.16
v 94.6773 783.041 -1314.94
v -78.1174 783.041 -1314.94
v -38.6709 788.051 -1261.16
v 94.9726 774.036 -1411.60
v 46.4619 768.852 -1467.25
v -39.0187 768.852 -1467.25
v -78.4315 774.037 -1411.60
v 45.9243 631.502 -1226.70
v 93.2268 656.087 -1292.93
v -76.9848 656.066 -1292.93
v -39.0240 631.480 -1226.69
v 93.5334 650.314 -1410.03
v 46.1966 619.146 -1473.44
v -39.3820 619.168 -1473.44
v -77.3085 650.337 -1410.03
v 65.6658 787.478 -1267.31
v 96.2708 780.857 -1338.38
v -74.3954 784.960 -1294.34
v -19.4907 788.309 -1258.38
v 90.4457 772.100 -1432.39
v 24.4202 768.541 -1470.59
v -55.2622 769.489 -1460.41
v -79.5806 776.226 -1388.10
v 24.3085 788.309 -1258.38
v 90.0549 784.960 -1294.33
v -79.4137 780.857 -1338.38
v -54.8228 787.478 -1267.31
v 96.4288 776.226 -1388.10
v 66.0389 769.489 -1460.42
v -19.7040 768.541 -1470.59
v -74.8171 772.100 -1432.39
v 22.3496 617.766 -1222.85
v 93.1502 657.531 -1263.66
v -77.0658 654.634 -1322.21
v -57.9235 645.206 -1230.54
v 93.4567 651.757 -1380.76
v 69.9416 633.286 -1471.01
v -20.3377 605.017 -1475.87
v -77.3895 648.904 -1439.31
v 69.4989 645.238 -1230.54
v 93.3034 654.644 -1322.21
v -76.9039 657.499 -1263.66
v -20.1245 617.755 -1222.85
v 93.6100 648.870 -1439.31
v 22.4515 605.005 -1475.87
v -58.4262 633.320 -1471.01
v -77.2276 651.769 -1380.76
v 548.822 82.9731 -1076.36
v 548.822 91.6207 -1309.29
v 548.822 98.2727 -1506.85
v 548.822 93.6163 -1364.57
v 548.822 89.6251 -1254.00
v 548.822 85.3013 -1137.54
v 534.918 72.6150 -882.252
v 548.822 80.6449 -1015.18
v 548.822 103.927 -1706.65
v 548.822 102.929 -1669.05
v 548.822 101.931 -1631.45
v 587.191 793.308 -934.803
v 580.796 674.143 -938.002
v 574.401 554.977 -941.200
v 568.006 435.812 -944.399
v 561.611 316.647 -947.598
v 555.217 197.482 -950.797
v 587.478 766.540 -1053.40
v 581.035 652.613 -1057.22
v 574.592 538.685 -1061.05
v 568.150 424.757 -1064.88
v 561.707 310.829 -1068.70
v 555.264 196.901 -1072.53
v 587.765 739.773 -1174.89
v 581.274 631.082 -1178.86
v 574.784 522.392 -1182.83
v 568.293 413.701 -1186.80
v 561.803 305.011 -1190.77
v 555.312 196.320 -1194.75
v 588.127 689.254 -1433.35
v 581.576 590.314 -1431.10
v 575.025 491.373 -1428.85
v 568.474 392.433 -1426.60
v 561.924 293.493 -1424.36
v 555.373 194.552 -1422.11
v 586.187 641.205 -1648.07
v 579.959 551.160 -1639.03
v 573.732 461.115 -1630.00
v 567.504 371.069 -1620.96
v 561.277 281.024 -1611.92
v 555.049 190.979 -1602.88
v 555.360 195.169 -1310.79
v 561.898 298.717 -1312.29
v 568.437 402.266 -1313.79
v 574.975 505.814 -1315.29
v 581.513 609.362 -1316.79
v 588.052 712.911 -1318.28
v 555.104 193.016 -1512.39
v 561.386 287.759 -1517.94
v 567.669 382.503 -1523.48
v 573.951 477.246 -1529.02
v 580.234 571.990 -1534.56
v 586.516 666.733 -1540.10
v 588.219 708.678 -1417.06
v 581.652 606.168 -1408.31
v 575.086 503.657 -1399.56
v 568.520 401.147 -1390.82
v 561.954 298.637 -1382.07
v 555.388 196.127 -1373.32
v 555.358 197.011 -1261.96
v 561.894 304.396 -1269.91
v 568.429 411.781 -1277.86
v 574.965 519.167 -1285.81
v 581.501 626.552 -1293.76
v 588.037 733.937 -1301.72
v 543.297 195.229 -886.859
v 551.675 317.843 -891.466
v 560.054 440.456 -896.073
v 568.433 563.070 -900.680
v 576.811 685.684 -905.287
v 585.190 808.297 -909.894
v 587.463 787.520 -1035.93
v 581.023 669.707 -1032.47
v 574.583 551.895 -1029.01
v 568.143 434.082 -1025.55
v 561.702 316.270 -1022.09
v 555.262 198.457 -1018.63
v 587.621 753.157 -1114.14
v 581.155 641.848 -1118.04
v 574.688 530.538 -1121.94
v 568.221 419.229 -1125.84
v 561.755 307.920 -1129.74
v 555.288 196.611 -1133.64
v 580.510 649.463 -1749.05
v 575.228 558.208 -1729.45
v 569.947 466.952 -1709.85
v 564.666 375.697 -1690.25
v 559.384 284.442 -1670.65
v 554.103 193.187 -1651.05
v 574.430 628.087 -1792.30
v 570.162 540.560 -1771.76
v 565.894 453.034 -1751.21
v 561.626 365.508 -1730.67
v 557.358 277.982 -1710.13
v 553.090 190.455 -1689.59
v 568.350 606.710 -1835.54
v 565.095 522.913 -1814.06
v 561.841 439.116 -1792.58
v 558.586 355.319 -1771.10
v 555.331 271.521 -1749.61
v 552.076 187.724 -1728.13
v -530.283 70.7145 -858.338
v -539.553 74.5156 -906.167
v -548.822 81.4210 -1035.57
v -548.822 84.5253 -1117.14
v -548.822 91.6207 -1309.29
v -548.822 89.6251 -1254.00
v -548.822 98.2727 -1506.85
v -548.822 101.931 -1631.45
v -548.822 102.929 -1669.05
v -548.822 103.927 -1706.65
v -548.822 99.1596 -1535.85
v -548.822 100.047 -1564.85
v -527.670 189.851 -911.098
v -534.326 312.789 -909.170
v -540.982 435.727 -907.243
v -547.638 558.665 -905.315
v -554.294 681.603 -903.388
v -560.950 804.542 -901.460
v -539.324 193.600 -866.361
v -548.365 316.485 -922.952
v -557.406 439.370 -882.408
v -566.446 562.255 -890.431
v -575.487 685.141 -898.454
v -584.528 808.026 -906.477
v -547.272 194.224 -909.801
v -554.991 313.932 -913.435
v -562.710 433.640 -917.069
v -570.429 553.348 -920.703
v -578.148 673.057 -924.336
v -585.867 792.765 -927.970
v -555.262 196.462 -966.194
v -561.702 314.607 -978.392
v -568.143 432.752 -990.591
v -574.583 550.897 -1002.79
v -581.023 669.042 -1014.99
v -587.463 787.187 -1027.19
v -555.264 195.571 -1037.57
v -561.707 309.720 -1039.57
v -568.150 423.870 -1041.57
v -574.592 538.019 -1043.57
v -581.035 652.169 -1045.57
v -587.478 766.319 -1047.57
v -555.288 195.945 -1116.16
v -561.755 307.365 -1115.17
v -568.221 418.786 -1114.19
v -574.688 530.206 -1113.20
v -581.155 641.626 -1112.21
v -587.621 753.046 -1111.23
v -555.312 196.320 -1194.75
v -561.803 305.011 -1190.77
v -568.293 413.701 -1186.80
v -574.784 522.392 -1182.83
v -581.274 631.082 -1178.86
v -587.765 739.773 -1174.89
v -555.360 195.169 -1310.79
v -561.898 298.717 -1312.29
v -568.437 402.266 -1313.79
v -574.975 505.814 -1315.29
v -581.513 609.362 -1316.79
v -588.052 712.911 -1318.28
v -588.037 733.937 -1301.72
v -581.501 626.552 -1293.76
v -574.965 519.167 -1285.81
v -568.430 411.781 -1277.86
v -561.894 304.396 -1269.91
v -555.358 197.011 -1261.96
v -555.373 194.552 -1422.11
v -561.924 293.493 -1424.36
v -568.474 392.433 -1426.60
v -575.025 491.373 -1428.85
v -581.576 590.314 -1431.10
v -588.127 689.254 -1433.35
v -555.049 190.979 -1602.88
v -561.277 281.024 -1611.92
v -567.504 371.069 -1620.96
v -573.732 461.115 -1630.00
v -579.959 551.160 -1639.03
v -586.187 641.205 -1648.07
v -586.499 685.779 -1531.71
v -580.220 587.862 -1527.56
v -573.940 489.944 -1523.42
v -567.660 392.026 -1519.28
v -561.381 294.108 -1515.14
v -555.101 196.190 -1511.00
v -554.103 193.187 -1651.05
v -559.384 284.442 -1670.65
v -564.666 375.697 -1690.25
v -569.947 466.952 -1709.85
v -575.228 558.208 -1729.45
v -580.510 649.463 -1749.05
v -560.025 189.383 -1690.35
v -571.229 275.837 -1711.64
v -582.432 362.290 -1732.94
v -593.636 448.744 -1754.24
v -604.840 535.198 -1775.53
v -616.043 621.652 -1796.83
v -552.076 187.724 -1728.13
v -555.331 271.521 -1749.61
v -558.586 355.319 -1771.10
v -561.841 439.116 -1792.58
v -565.095 522.913 -1814.06
v -568.350 606.710 -1835.54
v -555.104 193.776 -1537.25
v -561.386 288.393 -1538.65
v -567.669 383.010 -1540.05
v -573.951 477.626 -1541.45
v -580.234 572.243 -1542.85
v -586.516 666.860 -1544.25
v -555.102 193.644 -1576.53
v -561.382 287.240 -1588.21
v -567.662 380.837 -1599.89
v -573.942 474.434 -1611.58
v -580.222 568.031 -1623.26
v -586.502 661.628 -1634.94
vt 1.08129e-2 2.16539e-2
vt 1.15315e-2 1.46466e-2
vt 1.89897e-2 2.34163e-2
vt 2.09388e-2 0.810084
vt 2.10963e-2 0.810965
vt 2.70006e-2 0.779926
vt 2.71582e-2 0.780807
vt 2.95548e-2 3.04237e-2
vt 3.52472e-2 0.751470
vt 3.54048e-2 0.752351
vt 3.70129e-2 2.16539e-2
vt 3.77315e-2 1.46466e-2
vt 4.03777e-2 0.871642
vt 4.49219e-2 0.871652
vt 4.52480e-2 0.810945
vt 4.54055e-2 0.811826
vt 4.94661e-2 0.871663
vt 5.04593e-2 0.717183
vt 5.06169e-2 0.718065
vt 5.20857e-2 0.872350
vt 5.40104e-2 0.871674
vt 5.40263e-2 0.811444
vt 5.41838e-2 0.812325
vt 5.47356e-2 0.794631
vt 5.57917e-2 0.401460
vt 5.76227e-2 0.400185
vt 5.90734e-2 0.794629
vt 5.96485e-2 0.779237
vt 5.98061e-2 0.780118
vt 6.07500e-2 0.872365
vt 6.10351e-2 0.699969
vt 6.11926e-2 0.700850
vt 6.12298e-2 0.458008
vt 6.17423e-2 0.787899
vt 6.18999e-2 0.788780
vt 6.21076e-2 0.488393
vt 6.23596e-2 0.456747
vt 6.32549e-2 0.486729
vt 6.42829e-2 0.604101
vt 6.60660e-2 0.794638
vt 6.66820e-2 0.602618
vt 6.76431e-2 0.871705
vt 6.87417e-2 0.342327
vt 6.87417e-2 0.566043
vt 6.90936e-2 0.717620
vt 6.94143e-2 0.872381
vt 7.03736e-2 0.794647
vt 7.11150e-2 0.749822
vt 7.12726e-2 0.750703
vt 7.27433e-2 0.759577
vt 7.29009e-2 0.760458
vt 7.32249e-2 0.717606
vt 7.35055e-2 0.681973
vt 7.44519e-2 0.683521
vt 7.71777e-2 0.343639
vt 7.71777e-2 0.564731
vt 7.80786e-2 0.872397
vt 7.81027e-2 0.478857
vt 7.87365e-2 0.370946
vt 7.87365e-2 0.537424
vt 8.00830e-2 0.454185
vt 8.01371e-2 0.830040
vt 8.26658e-2 0.717612
vt 8.33148e-2 0.830063
vt 8.34516e-2 0.640609
vt 8.49717e-2 0.871674
vt 8.51252e-2 0.794619
vt 8.67368e-2 0.717621
vt 8.67429e-2 0.872413
vt 8.73764e-2 0.640583
vt 8.84264e-2 0.865359
vt 9.03054e-2 0.830077
vt 9.03813e-2 0.400062
vt 9.12304e-2 0.867102
vt 9.13343e-2 0.713887
vt 9.14918e-2 0.714768
vt 9.22411e-2 0.239970
vt 9.27212e-2 0.477763
vt 9.27649e-2 0.452404
vt 9.33421e-2 0.476407
vt 9.36360e-2 0.871658
vt 9.43004e-2 0.398948
vt 9.44865e-2 0.830096
vt 9.46495e-2 0.731644
vt 9.48071e-2 0.732525
vt 9.57852e-2 0.475695
vt 9.61256e-2 0.603003
vt 9.61380e-2 0.451551
vt 9.69268e-2 0.336837
vt 9.69268e-2 0.571533
vt 9.71631e-2 0.338442
vt 9.71631e-2 0.569927
vt 9.76590e-2 0.455485
vt 9.78096e-2 0.563598
vt 9.84149e-2 0.682059
vt 9.92656e-2 0.640587
vt 9.92898e-2 0.366187
vt 9.92898e-2 0.542182
vt 9.92910e-2 0.604246
vt 0.100376 0.872381
vt 0.101496 0.830107
vt 0.101528 0.563559
vt 0.101892 0.614493
vt 0.101898 0.454185
vt 0.102300 0.871642
vt 0.102607 0.717532
vt 0.103100 0.640595
vt 0.103640 0.794594
vt 0.103714 0.683343
vt 0.105830 0.325414
vt 0.105880 0.787761
vt 0.106379 0.703992
vt 0.106537 0.704874
vt 0.106858 0.657453
vt 0.107226 0.335381
vt 0.107226 0.572989
vt 0.108189 0.787731
vt 0.108265 0.390795
vt 0.108318 0.365018
vt 0.108318 0.543351
vt 0.109703 0.830025
vt 0.109792 0.438739
vt 0.109792 0.469630
vt 0.109879 0.615746
vt 0.109984 0.454185
vt 0.110894 0.787796
vt 0.110963 0.865405
vt 0.111197 0.787773
vt 0.111436 0.879431
vt 0.111503 0.794581
vt 0.111823 0.700414
vt 0.112168 0.486587
vt 0.112531 0.658502
vt 0.114008 0.872350
vt 0.114426 0.880970
vt 0.115085 0.871600
vt 0.115184 0.701259
vt 0.115232 0.866911
vt 0.115363 0.880098
vt 0.115370 0.864496
vt 0.115373 0.876637
vt 0.115423 0.893181
vt 0.115679 0.486536
vt 0.115706 0.847559
vt 0.115709 0.859841
vt 0.115849 0.830428
vt 0.115852 0.843862
vt 0.115865 0.563562
vt 0.115992 0.813284
vt 0.115995 0.827069
vt 0.116135 0.795343
vt 0.116138 0.808763
vt 0.116218 0.779622
vt 0.116236 0.792117
vt 0.116250 0.787801
vt 0.116581 0.373547
vt 0.116789 0.743374
vt 0.117346 0.379174
vt 0.117346 0.529196
vt 0.117526 0.333925
vt 0.117526 0.574445
vt 0.117597 0.386482
vt 0.117686 0.407969
vt 0.117686 0.500401
vt 0.117836 0.744016
vt 0.117848 0.829986
vt 0.117865 0.616998
vt 0.118071 0.454185
vt 0.118204 0.659552
vt 0.118544 0.702105
vt 0.118883 0.744658
vt 0.119030 0.787668
vt 0.119222 0.787211
vt 0.119463 0.563569
vt 0.119561 0.829765
vt 0.119901 0.872318
vt 0.120089 0.640446
vt 0.120488 0.786773
vt 0.120773 0.381144
vt 0.120875 0.325905
vt 0.121687 0.787623
vt 0.121754 0.786334
vt 0.121903 0.926412
vt 0.122212 0.193120
vt 0.122309 0.717515
vt 0.123141 0.829530
vt 0.123178 0.794577
vt 0.123808 0.303828
vt 0.124020 0.428364
vt 0.125016 0.344252
vt 0.125381 0.927931
vt 0.125526 0.745259
vt 0.125793 0.872286
vt 0.126526 0.409576
vt 0.126720 0.829294
vt 0.127267 0.475584
vt 0.127302 0.745495
vt 0.127869 0.871557
vt 0.128357 0.745311
vt 0.128444 0.745458
vt 0.129159 0.688697
vt 0.129316 0.689579
vt 0.129366 0.702895
vt 0.129370 0.717505
vt 0.129831 0.409513
vt 0.130515 0.522803
vt 0.131004 0.745494
vt 0.131653 0.324446
vt 0.131685 0.872255
vt 0.132088 0.745469
vt 0.132465 0.486537
vt 0.133205 0.660532
vt 0.133762 0.570023
vt 0.135290 0.316754
vt 0.135504 0.291609
vt 0.135826 0.486542
vt 0.136061 0.794546
vt 0.136240 0.745421
vt 0.137009 0.617243
vt 0.137044 0.618168
vt 0.137168 0.692072
vt 0.137326 0.692953
vt 0.137571 0.563359
vt 0.137578 0.872223
vt 0.137630 0.293520
vt 0.137684 0.702954
vt 0.138189 0.292426
vt 0.139039 0.163719
vt 0.139352 0.216860
vt 0.140256 0.664462
vt 0.140653 0.871515
vt 0.140884 0.332565
vt 0.140884 0.575805
vt 0.140978 0.640436
vt 0.143710 0.703194
vt 0.143982 0.332489
vt 0.143982 0.575880
vt 0.144056 0.717512
vt 0.144203 0.363091
vt 0.145044 0.332414
vt 0.145044 0.575956
vt 0.145757 0.703188
vt 0.147011 0.660597
vt 0.147236 0.640428
vt 0.148944 0.794514
vt 0.149065 0.409511
vt 0.151009 0.703156
vt 0.152190 0.409516
vt 0.152979 0.703164
vt 0.154426 0.209670
vt 0.154895 0.129892
vt 0.155054 0.486273
vt 0.155110 0.318779
vt 0.156338 0.618240
vt 0.157037 0.717492
vt 0.159646 0.563356
vt 0.160118 0.660893
vt 0.160340 0.794479
vt 0.160511 0.660882
vt 0.161746 0.893172
vt 0.162926 0.880546
vt 0.163389 0.381929
vt 0.164145 0.864611
vt 0.164147 0.876757
vt 0.164291 0.703111
vt 0.164546 0.849772
vt 0.164547 0.861387
vt 0.164716 0.830553
vt 0.164718 0.844005
vt 0.164887 0.813127
vt 0.164888 0.826878
vt 0.164934 0.640447
vt 0.165058 0.795703
vt 0.165059 0.809140
vt 0.165103 0.563351
vt 0.165157 0.779562
vt 0.165165 0.792054
vt 0.165309 0.880530
vt 0.165665 0.332486
vt 0.165665 0.575884
vt 0.166380 0.312056
vt 0.166511 0.893139
vt 0.168553 0.332490
vt 0.168553 0.575880
vt 0.169403 0.332494
vt 0.169403 0.575876
vt 0.170018 0.717471
vt 0.170019 0.342401
vt 0.170019 0.432327
vt 0.170439 4.29244e-2
vt 0.172536 0.409187
vt 0.173349 0.127732
vt 0.173574 0.660853
vt 0.173870 0.660860
vt 0.175264 0.618576
vt 0.175797 0.136211
vt 0.176526 0.618592
vt 0.178013 0.640437
vt 0.178315 0.486277
vt 0.180026 0.717442
vt 0.182576 0.400768
vt 0.182970 0.486275
vt 0.185812 0.563382
vt 0.187722 0.414672
vt 0.187722 0.467611
vt 0.190018 0.332100
vt 0.190018 0.576270
vt 0.191093 0.640428
vt 0.191739 0.222319
vt 0.191844 0.262562
vt 0.192271 4.57932e-2
vt 0.192343 0.660802
vt 0.192624 0.251077
vt 0.192933 0.332078
vt 0.192933 0.576291
vt 0.193812 0.332056
vt 0.193812 0.576313
vt 0.194761 0.618556
vt 0.196139 0.618551
vt 0.196241 0.926564
vt 0.196983 0.409198
vt 0.198082 0.243401
vt 0.198990 0.563383
vt 0.199407 0.187132
vt 0.199712 0.640405
vt 0.199854 0.927338
vt 0.200837 0.409198
vt 0.201107 0.299666
vt 0.201762 0.419606
vt 0.202361 0.166826
vt 0.205425 0.480191
vt 0.206007 0.141101
vt 0.206690 0.486317
vt 0.206828 0.865599
vt 0.207381 0.879622
vt 0.207635 0.242526
vt 0.208428 0.866168
vt 0.210544 0.880198
vt 0.211121 0.122586
vt 0.212167 0.563385
vt 0.212911 0.880016
vt 0.212911 0.893076
vt 0.212920 0.864726
vt 0.212920 0.876877
vt 0.213386 0.848829
vt 0.213386 0.861354
vt 0.213581 0.242959
vt 0.213584 0.830678
vt 0.213584 0.844148
vt 0.213782 0.812970
vt 0.213782 0.826688
vt 0.213980 0.796064
vt 0.213980 0.809518
vt 0.214095 0.779502
vt 0.214095 0.791991
vt 0.215525 0.243693
vt 0.215652 0.332118
vt 0.215652 0.576251
vt 0.217248 0.682475
vt 0.218704 0.332122
vt 0.218704 0.576248
vt 0.219399 0.563369
vt 0.219718 0.332125
vt 0.219718 0.576245
vt 0.219966 0.486329
vt 0.220330 0.682339
vt 0.220394 0.618492
vt 0.220948 0.438445
vt 0.221137 0.603276
vt 0.221385 0.451802
vt 0.222010 0.475977
vt 0.222394 0.451353
vt 0.222566 0.475399
vt 0.223462 0.399196
vt 0.223618 0.603268
vt 0.223952 0.398960
vt 0.227568 0.409252
vt 0.228256 0.102910
vt 0.229356 0.865645
vt 0.230138 0.183374
vt 0.232054 4.92194e-2
vt 0.232419 0.865978
vt 0.233144 7.60647e-2
vt 0.233242 0.486342
vt 0.233844 0.254117
vt 0.235833 0.287275
vt 0.237716 0.884491
vt 0.239085 0.486332
vt 0.240135 0.457283
vt 0.240942 0.409275
vt 0.241173 0.840442
vt 0.244631 0.796393
vt 0.245154 0.682373
vt 0.245221 0.274749
vt 0.246403 0.682216
vt 0.248088 0.752344
vt 0.248398 0.208369
vt 0.248446 0.332187
vt 0.248446 0.576183
vt 0.251546 0.708295
vt 0.251880 0.332190
vt 0.251880 0.576179
vt 0.253240 0.603004
vt 0.253277 0.332194
vt 0.253277 0.576176
vt 0.254317 0.409299
vt 0.255003 0.664246
vt 0.256372 0.602569
vt 0.256408 0.486638
vt 0.256637 0.456650
vt 0.256915 0.486966
vt 0.257814 0.457358
vt 0.258461 0.620197
vt 0.258535 0.193282
vt 0.258772 0.409296
vt 0.259311 0.893139
vt 0.260513 0.880530
vt 0.261274 0.400099
vt 0.261694 0.876757
vt 0.261695 0.864611
vt 0.261918 0.576148
vt 0.261918 0.332221
vt 0.262224 0.861387
vt 0.262226 0.849772
vt 0.262450 0.844005
vt 0.262451 0.830553
vt 0.262676 0.826878
vt 0.262677 0.813127
vt 0.262889 0.400908
vt 0.262895 0.880546
vt 0.262901 0.809140
vt 0.262903 0.795703
vt 0.263025 0.792054
vt 0.263034 0.779562
vt 0.264076 0.893172
vt 0.267652 0.115671
vt 0.270073 0.294960
vt 0.270560 0.274885
vt 0.275391 0.332256
vt 0.275391 0.576114
vt 0.278458 0.576111
vt 0.278458 0.332259
vt 0.279487 0.576107
vt 0.279487 0.332263
vt 0.291697 0.545806
vt 0.291709 0.545815
vt 0.291942 0.545987
vt 0.291954 0.545995
vt 0.292059 0.546073
vt 0.292293 0.546245
vt 0.293895 0.507301
vt 0.296527 0.621902
vt 0.301618 0.332324
vt 0.301618 0.576045
vt 0.303512 0.325068
vt 0.304952 0.154177
vt 0.305165 4.79684e-2
vt 0.305287 0.262494
vt 0.305922 0.576042
vt 0.305922 0.332328
vt 0.308188 0.332331
vt 0.308188 0.576038
vt 0.308343 0.401446
vt 0.310010 0.298391
vt 0.310010 0.609979
vt 0.310398 0.893181
vt 0.310459 0.880098
vt 0.310467 0.876637
vt 0.310471 0.864496
vt 0.311063 0.859841
vt 0.311066 0.847559
vt 0.311316 0.843862
vt 0.311319 0.830428
vt 0.311569 0.827069
vt 0.311572 0.813284
vt 0.311818 0.295918
vt 0.311818 0.612451
vt 0.311823 0.808763
vt 0.311825 0.795343
vt 0.311955 0.792117
vt 0.311973 0.779622
vt 0.313965 0.593157
vt 0.313965 0.315212
vt 0.315067 0.470568
vt 0.315234 0.742411
vt 0.315391 0.721275
vt 0.316433 0.156427
vt 0.316589 0.177563
vt 0.316970 0.765135
vt 0.317036 0.730055
vt 0.317103 0.694976
vt 0.317169 0.659896
vt 0.317369 0.554658
vt 0.317569 0.449419
vt 0.317664 0.667691
vt 0.317676 0.199231
vt 0.317769 0.344181
vt 0.317968 0.238942
vt 0.318035 0.203863
vt 0.318081 0.790571
vt 0.318101 0.168783
vt 0.318168 0.133704
vt 0.318636 0.803289
vt 0.318875 0.173304
vt 0.318987 0.143162
vt 0.319191 0.816008
vt 0.319279 0.108267
vt 0.319834 9.55487e-2
vt 0.320390 8.28304e-2
vt 0.320661 0.920583
vt 0.320697 0.828311
vt 0.321393 0.891642
vt 0.321747 4.92194e-2
vt 0.321791 0.539690
vt 0.321896 7.05270e-2
vt 0.322124 0.862701
vt 0.322857 0.833758
vt 0.323402 5.82235e-2
vt 0.323589 0.804818
vt 0.324308 0.777684
vt 0.324908 0.767520
vt 0.325563 0.749430
vt 0.325675 0.623634
vt 0.326184 0.696401
vt 0.328028 0.435112
vt 0.328106 0.392383
vt 0.328516 0.608812
vt 0.330140 0.633152
vt 0.330387 0.632444
vt 0.330761 0.337658
vt 0.330761 0.570712
vt 0.332211 0.387253
vt 0.332211 0.521116
vt 0.332337 0.349152
vt 0.332807 0.454185
vt 0.335240 0.677934
vt 0.336261 0.591498
vt 0.336261 0.316872
vt 0.338800 0.713479
vt 0.338899 0.604703
vt 0.338899 0.303666
vt 0.339417 0.458068
vt 0.339426 0.222319
vt 0.340013 0.250104
vt 0.340947 0.658258
vt 0.341194 0.657550
vt 0.341751 0.393544
vt 0.341964 0.747057
vt 0.342481 0.614951
vt 0.342481 0.293418
vt 0.345721 0.141101
vt 0.345768 0.717130
vt 0.346967 0.181707
vt 0.347154 9.34589e-2
vt 0.348165 0.122586
vt 0.348689 0.816179
vt 0.349616 0.242959
vt 0.350040 0.425485
vt 0.350618 0.102910
vt 0.351321 0.243693
vt 0.351391 0.591416
vt 0.351391 0.316953
vt 0.353062 7.60647e-2
vt 0.355506 4.92194e-2
vt 0.356331 0.735000
vt 0.356551 0.589839
vt 0.356551 0.318531
vt 0.356964 0.199231
vt 0.357222 0.590148
vt 0.357530 0.163838
vt 0.357552 0.173304
vt 0.359748 0.254117
vt 0.359937 0.759267
vt 0.361506 9.99853e-2
vt 0.363495 0.743159
vt 0.364693 0.155679
vt 0.365436 0.274749
vt 0.371195 0.757105
vt 0.371969 0.920855
vt 0.372045 0.625312
vt 0.372173 0.891911
vt 0.372377 0.862965
vt 0.372393 0.141734
vt 0.372581 0.834019
vt 0.372785 0.805076
vt 0.372892 0.671157
vt 0.372976 0.777941
vt 0.373048 0.767775
vt 0.373175 0.749680
vt 0.373549 0.696651
vt 0.373574 0.624905
vt 0.373677 0.357115
vt 0.373679 0.358190
vt 0.373714 0.416255
vt 0.375390 0.435363
vt 0.375403 0.358724
vt 0.375690 0.392821
vt 0.376169 0.406375
vt 0.376200 0.354423
vt 0.376334 0.702047
vt 0.376420 0.397139
vt 0.376422 0.396313
vt 0.376581 0.701339
vt 0.377580 0.454760
vt 0.377702 0.360460
vt 0.377704 0.362395
vt 0.377739 0.407139
vt 0.377776 0.361485
vt 0.377788 0.360614
vt 0.377811 0.405798
vt 0.377862 0.294960
vt 0.379440 9.30434e-2
vt 0.379739 0.359403
vt 0.379740 0.363766
vt 0.380838 0.360172
vt 0.380840 0.361365
vt 0.380875 0.406150
vt 0.380940 0.756513
vt 0.381003 0.723090
vt 0.381070 0.687790
vt 0.381073 0.805056
vt 0.381242 0.597004
vt 0.381392 0.321850
vt 0.381392 0.586520
vt 0.381607 0.404967
vt 0.381637 0.329482
vt 0.381637 0.578888
vt 0.381779 0.314181
vt 0.381846 0.278880
vt 0.381880 0.395491
vt 0.381910 0.245458
vt 0.381921 0.353751
vt 0.381922 0.396814
vt 0.382576 0.521116
vt 0.382576 0.387253
vt 0.382582 0.454185
vt 0.382740 0.408672
vt 0.385719 0.627429
vt 0.385927 0.325282
vt 0.388885 0.631571
vt 0.392760 0.390208
vt 0.401652 0.406733
vt 0.402209 0.850844
vt 0.406107 0.744711
vt 0.407305 0.154127
vt 0.407949 0.358705
vt 0.408048 0.357960
vt 0.408049 0.359073
vt 0.408067 0.415943
vt 0.410577 0.354286
vt 0.410671 0.411251
vt 0.410687 0.396886
vt 0.410688 0.396050
vt 0.410840 0.744219
vt 0.411296 0.358637
vt 0.412039 0.154619
vt 0.412054 0.360082
vt 0.412055 0.361950
vt 0.412072 0.407417
vt 0.412166 0.361608
vt 0.412172 0.360744
vt 0.412183 0.406605
vt 0.413409 0.515977
vt 0.413530 9.39265e-2
vt 0.414052 0.360491
vt 0.414053 0.362265
vt 0.415171 0.360490
vt 0.415172 0.361723
vt 0.415189 0.409857
vt 0.415340 0.396802
vt 0.416169 0.395430
vt 0.416189 0.353508
vt 0.417013 0.396768
vt 0.417869 0.406056
vt 0.418059 4.57932e-2
vt 0.418169 4.91291e-2
vt 0.420108 0.718680
vt 0.420788 0.749932
vt 0.420905 9.39784e-2
vt 0.420913 0.696901
vt 0.421188 0.768028
vt 0.421644 0.778197
vt 0.421981 0.805337
vt 0.422305 0.834283
vt 0.422629 0.863231
vt 0.422739 0.102910
vt 0.422753 0.435612
vt 0.422952 0.892178
vt 0.422956 0.752723
vt 0.423277 0.392886
vt 0.423277 0.921124
vt 0.423346 0.896632
vt 0.423742 7.60647e-2
vt 0.424127 7.19931e-2
vt 0.424155 0.146115
vt 0.426475 0.222319
vt 0.428049 0.187132
vt 0.428759 0.166826
vt 0.429381 0.141101
vt 0.429797 0.242959
vt 0.430253 0.122586
vt 0.431361 0.243693
vt 0.433956 0.254117
vt 0.436147 0.222319
vt 0.436292 0.274749
vt 0.437470 0.181711
vt 0.438132 0.161407
vt 0.438706 0.242959
vt 0.438793 0.141103
vt 0.439721 0.122588
vt 0.439892 4.29244e-2
vt 0.440254 0.243693
vt 0.440649 0.105576
vt 0.441225 0.673769
vt 0.441394 0.294960
vt 0.441577 9.44373e-2
vt 0.442202 0.254117
vt 0.442420 0.358805
vt 0.442420 0.359956
vt 0.442420 0.415631
vt 0.442472 0.674579
vt 0.443896 0.358505
vt 0.443896 0.405288
vt 0.444165 0.274749
vt 0.444705 0.324950
vt 0.444843 0.782971
vt 0.444904 0.751205
vt 0.444955 0.354148
vt 0.444955 0.395787
vt 0.444955 0.396633
vt 0.444971 0.715683
vt 0.445116 0.639350
vt 0.445445 0.465753
vt 0.445590 0.389420
vt 0.445658 0.353898
vt 0.445718 0.322132
vt 0.446406 0.359704
vt 0.446406 0.361506
vt 0.446406 0.407695
vt 0.446555 0.360875
vt 0.446555 0.361732
vt 0.446555 0.407412
vt 0.448365 0.358957
vt 0.448365 0.360765
vt 0.448365 0.412404
vt 0.448453 0.294960
vt 0.449237 0.577193
vt 0.449503 0.360808
vt 0.449503 0.362081
vt 0.449503 0.408277
vt 0.450458 0.353266
vt 0.450458 0.395368
vt 0.450458 0.396642
vt 0.451236 0.324913
vt 0.452212 0.714418
vt 0.453040 7.65340e-2
vt 0.454232 0.684456
vt 0.454697 0.321850
vt 0.454697 0.586520
vt 0.454760 0.442757
vt 0.455379 0.718561
vt 0.455431 0.214381
vt 0.455533 0.779443
vt 0.455780 0.778735
vt 0.463065 0.329482
vt 0.463065 0.578888
vt 0.465325 0.694216
vt 0.465435 0.683255
vt 0.465936 0.586520
vt 0.465936 0.321850
vt 0.466524 0.204622
vt 0.466634 0.215582
vt 0.467325 0.766204
vt 0.469924 0.406056
vt 0.476487 0.454185
vt 0.476496 0.358637
vt 0.476773 0.415943
vt 0.476790 0.359073
vt 0.476791 0.357960
vt 0.476934 0.387253
vt 0.476934 0.521116
vt 0.477315 0.694116
vt 0.478514 0.204721
vt 0.479221 0.396050
vt 0.479222 0.396886
vt 0.479332 0.354286
vt 0.479844 0.358705
vt 0.480739 0.407417
vt 0.480756 0.361950
vt 0.480757 0.360082
vt 0.480928 0.406605
vt 0.480939 0.360744
vt 0.480945 0.361608
vt 0.481373 0.807573
vt 0.481620 0.806865
vt 0.482677 0.362265
vt 0.482678 0.360491
vt 0.483817 0.409857
vt 0.483835 0.361723
vt 0.483836 0.360490
vt 0.483902 0.396768
vt 0.484727 0.353508
vt 0.484747 0.395430
vt 0.485066 0.638409
vt 0.485576 0.396802
vt 0.485651 0.242959
vt 0.485651 0.254117
vt 0.485651 0.274749
vt 0.485651 0.294960
vt 0.485651 0.324545
vt 0.486059 0.411251
vt 0.486140 0.406733
vt 0.487113 0.105576
vt 0.487114 9.44373e-2
vt 0.487114 0.122588
vt 0.487114 7.66243e-2
vt 0.487114 0.222319
vt 0.487114 0.181711
vt 0.487114 0.161407
vt 0.487114 0.141103
vt 0.487117 0.243693
vt 0.493402 0.732268
vt 0.493993 0.731886
vt 0.494052 0.758745
vt 0.494642 0.758362
vt 0.494656 9.44979e-2
vt 0.494656 0.349152
vt 0.494656 0.425485
vt 0.494656 0.458549
vt 0.495116 0.786018
vt 0.495707 0.785635
vt 0.499338 0.721398
vt 0.500537 0.177440
vt 0.508747 0.809429
vt 0.508804 0.779320
vt 0.508872 0.743577
vt 0.508877 0.722633
vt 0.508989 0.681696
vt 0.509284 0.526540
vt 0.509401 0.464659
vt 0.509469 0.428916
vt 0.509526 0.398807
vt 0.511125 0.416255
vt 0.511160 0.358190
vt 0.511162 0.357115
vt 0.511623 0.406375
vt 0.512389 0.358724
vt 0.512899 0.723847
vt 0.513487 0.396313
vt 0.513490 0.397139
vt 0.513709 0.354423
vt 0.513990 0.408672
vt 0.514520 0.735879
vt 0.514542 0.813727
vt 0.515073 0.407139
vt 0.515100 0.722530
vt 0.515107 0.362395
vt 0.515109 0.360460
vt 0.515300 0.405798
vt 0.515322 0.360614
vt 0.515335 0.361485
vt 0.515718 0.162960
vt 0.516299 0.176308
vt 0.516760 0.495307
vt 0.516989 0.363766
vt 0.516991 0.359403
vt 0.518132 0.406150
vt 0.518166 0.361365
vt 0.518168 0.360172
vt 0.518993 0.396814
vt 0.518995 0.353751
vt 0.519036 0.395491
vt 0.519135 0.743883
vt 0.520066 0.324913
vt 0.520333 0.154955
vt 0.520895 0.699626
vt 0.521187 7.65340e-2
vt 0.522849 0.294960
vt 0.526597 0.324950
vt 0.527137 0.274749
vt 0.527571 0.457232
vt 0.527952 0.539724
vt 0.528107 0.573171
vt 0.528308 0.458339
vt 0.528476 0.652789
vt 0.528690 0.540830
vt 0.528845 0.574278
vt 0.529101 0.254117
vt 0.529213 0.653896
vt 0.529908 0.294960
vt 0.532597 0.242959
vt 0.532650 9.44373e-2
vt 0.533578 0.105576
vt 0.533941 0.751803
vt 0.533980 0.243693
vt 0.534506 0.122588
vt 0.535010 0.274749
vt 0.535139 0.147035
vt 0.535435 0.141103
vt 0.536096 0.161407
vt 0.536758 0.181711
vt 0.537346 0.254117
vt 0.538081 0.222319
vt 0.541506 0.242959
vt 0.542874 0.243693
vt 0.542971 0.732620
vt 0.543561 0.732237
vt 0.543974 0.122586
vt 0.544847 0.141101
vt 0.545469 0.166826
vt 0.545804 0.744896
vt 0.546179 0.187132
vt 0.547002 0.153942
vt 0.547174 0.760107
vt 0.547355 0.858147
vt 0.547362 0.854503
vt 0.547370 0.850455
vt 0.547523 0.769487
vt 0.547531 0.765439
vt 0.547538 0.761795
vt 0.547600 0.729003
vt 0.547644 0.705735
vt 0.547753 0.222319
vt 0.547754 0.648035
vt 0.547945 0.852480
vt 0.548106 0.767464
vt 0.548245 0.674543
vt 0.548345 0.618262
vt 0.548372 0.138732
vt 0.548494 0.553088
vt 0.548509 0.543663
vt 0.548520 0.854505
vt 0.548680 0.683543
vt 0.548689 0.765441
vt 0.548780 0.625012
vt 0.548809 0.355175
vt 0.548824 0.345750
vt 0.548958 0.260931
vt 0.549258 7.24421e-2
vt 0.556724 0.760842
vt 0.557375 0.827902
vt 0.557963 0.853694
vt 0.557966 0.827519
vt 0.558554 0.853311
vt 0.558561 0.874054
vt 0.558687 0.808873
vt 0.559151 0.873671
vt 0.559278 0.808490
vt 0.559415 0.909904
vt 0.560005 0.909521
vt 0.561759 0.861250
vt 0.568406 9.39784e-2
vt 0.570310 0.960410
vt 0.570497 0.861834
vt 0.570511 0.854547
vt 0.570518 0.850499
vt 0.570672 0.769531
vt 0.570680 0.765483
vt 0.570694 0.758195
vt 0.570881 0.659619
vt 0.572650 0.835887
vt 0.572704 0.807434
vt 0.572773 0.771470
vt 0.572863 0.724042
vt 0.573122 0.587326
vt 0.573212 0.539898
vt 0.573280 0.503934
vt 0.573334 0.475482
vt 0.575781 9.39265e-2
vt 0.576528 0.771496
vt 0.578760 0.547857
vt 0.579082 0.922245
vt 0.579673 0.921862
vt 0.581319 0.633152
vt 0.581566 0.632444
vt 0.583325 0.773114
vt 0.585376 0.325282
vt 0.585863 0.874792
vt 0.586453 0.874409
vt 0.589246 0.851046
vt 0.589836 0.850663
vt 0.592610 0.827260
vt 0.592780 0.733715
vt 0.593201 0.826877
vt 0.593370 0.733332
vt 0.593440 0.294960
vt 0.593818 0.807573
vt 0.593904 0.760794
vt 0.594409 0.807190
vt 0.594494 0.760412
vt 0.595030 0.787916
vt 0.595620 0.787533
vt 0.597886 0.458125
vt 0.598016 0.486048
vt 0.598277 0.542540
vt 0.598409 0.571016
vt 0.598624 0.459232
vt 0.598661 0.625455
vt 0.598753 0.487155
vt 0.598787 0.652655
vt 0.599015 0.543647
vt 0.599146 0.572123
vt 0.599398 0.626562
vt 0.599524 0.653762
vt 0.605856 0.960478
vt 0.605866 0.274749
vt 0.606043 0.861902
vt 0.606239 0.758263
vt 0.606426 0.659687
vt 0.608975 0.908774
vt 0.611555 0.254117
vt 0.621686 0.242959
vt 0.622913 0.243693
vt 0.626063 0.122586
vt 0.628507 0.141101
vt 0.630249 0.166826
vt 0.630967 0.187132
vt 0.634801 0.222319
vt 0.636554 0.862344
vt 0.636605 0.835549
vt 0.636674 0.799363
vt 0.636736 0.766388
vt 0.636961 0.648112
vt 0.637023 0.615137
vt 0.637092 0.578952
vt 0.637143 0.552156
vt 0.639271 0.425485
vt 0.640760 0.600406
vt 0.641402 0.960545
vt 0.641589 0.861969
vt 0.641785 0.758330
vt 0.641972 0.659754
vt 0.642157 9.34589e-2
vt 0.644180 0.820360
vt 0.646011 0.685742
vt 0.646258 0.685034
vt 0.649894 0.458068
vt 0.653752 0.822381
vt 0.653846 0.806222
vt 0.654093 0.805514
vt 0.655029 0.727618
vt 0.655276 0.726910
vt 0.655391 0.777877
vt 0.655638 0.777169
vt 0.656974 0.349152
vt 0.676947 0.960613
vt 0.677010 0.927754
vt 0.677072 0.894895
vt 0.677134 0.862036
vt 0.677331 0.758398
vt 0.677393 0.725539
vt 0.677456 0.692680
vt 0.677518 0.659821
vt 0.679690 0.723831
vt 0.679937 0.723123
vt 0.685791 0.585993
vt 0.689168 0.476850
vt 0.689571 0.546628
vt 0.689916 0.480180
vt 0.690506 0.547316
vt 0.694286 0.507951
vt 0.695162 0.633659
vt 0.695889 0.632543
vt 0.697976 0.763379
vt 0.698223 0.762671
vt 0.700458 0.888802
vt 0.700505 0.863664
vt 0.700574 0.827257
vt 0.700610 0.808734
vt 0.700799 0.708899
vt 0.700834 0.690376
vt 0.700903 0.653969
vt 0.700951 0.628831
vt 0.701229 0.294960
vt 0.702759 0.652956
vt 0.711235 0.796332
vt 0.711482 0.795624
vt 0.711832 0.869224
vt 0.712493 0.960680
vt 0.712581 0.914520
vt 0.712625 0.891252
vt 0.712680 0.862104
vt 0.712694 0.854817
vt 0.712702 0.850768
vt 0.712855 0.769801
vt 0.712863 0.765752
vt 0.712877 0.758465
vt 0.712932 0.729317
vt 0.712976 0.706049
vt 0.713064 0.659889
vt 0.724179 0.871648
vt 0.726081 0.274749
vt 0.737458 0.254117
vt 0.744547 0.921886
vt 0.745137 0.921503
vt 0.749596 0.787891
vt 0.750187 0.787508
vt 0.757721 0.242959
vt 0.758709 0.243693
vt 0.763106 0.122586
vt 0.764251 0.973174
vt 0.764361 0.915260
vt 0.764406 0.891778
vt 0.764475 0.855150
vt 0.764483 0.851080
vt 0.764560 0.810383
vt 0.764637 0.769685
vt 0.764645 0.765615
vt 0.764715 0.728987
vt 0.764759 0.705505
vt 0.768221 0.141101
vt 0.769143 0.807326
vt 0.769734 0.806944
vt 0.771867 0.166826
vt 0.774821 0.187132
vt 0.774848 0.703659
vt 0.776911 0.874311
vt 0.777501 0.873928
vt 0.779483 0.918087
vt 0.782489 0.222319
vt 0.782826 0.850538
vt 0.783416 0.850155
vt 0.783887 0.480191
vt 0.784936 0.701812
vt 0.788702 0.826768
vt 0.789293 0.826386
vt 0.790808 0.457232
vt 0.790884 0.473670
vt 0.791546 0.458339
vt 0.791622 0.474776
vt 0.791635 0.635922
vt 0.791709 0.651762
vt 0.792373 0.637029
vt 0.792446 0.652869
vt 0.794605 0.920915
vt 0.794650 0.897406
vt 0.794980 0.723474
vt 0.795025 0.699965
vt 0.798796 0.849012
vt 0.798920 0.807436
vt 0.799387 0.848629
vt 0.799511 0.807054
vt 0.801589 0.414672
vt 0.801589 0.467611
vt 0.802767 0.500386
vt 0.802976 0.503553
vt 0.803282 0.611487
vt 0.803472 0.610538
vt 0.807520 0.920939
vt 0.808862 0.871300
vt 0.809066 0.732268
vt 0.809097 0.760183
vt 0.809148 0.788095
vt 0.809452 0.870917
vt 0.809656 0.731886
vt 0.809687 0.759801
vt 0.809739 0.787713
vt 0.812243 0.699998
vt 0.813514 0.136211
vt 0.815207 0.810479
vt 0.815207 0.810479
vt 0.819292 0.342401
vt 0.819292 0.432327
vt 0.820434 0.920964
vt 0.821759 0.915850
vt 0.822350 0.915468
vt 0.824345 0.650974
vt 0.825082 0.652081
vt 0.829462 0.700031
vt 0.830013 0.611140
vt 0.830750 0.612247
vt 0.833348 0.920988
vt 0.835172 0.461236
vt 0.835353 0.500455
vt 0.835535 0.539675
vt 0.835681 0.571306
vt 0.835909 0.462342
vt 0.836091 0.501562
vt 0.836272 0.540782
vt 0.836419 0.572413
vt 0.840530 0.810527
vt 0.840530 0.810527
vt 0.840530 0.810527
vt 0.844996 0.846064
vt 0.845586 0.845681
vt 0.846262 0.921013
vt 0.846681 0.700063
vt 0.846861 0.810539
vt 0.846861 0.810539
vt 0.849992 0.899910
vt 0.850272 0.163719
vt 0.850331 0.721180
vt 0.853191 0.810551
vt 0.853191 0.810551
vt 0.857932 0.921035
vt 0.858351 0.700085
vt 0.859522 0.810563
vt 0.859522 0.810563
vt 0.865853 0.810575
vt 0.865853 0.810575
vt 0.865853 0.810575
vt 0.867099 0.193120
vt 0.868437 0.325905
vt 0.869603 0.921057
vt 0.870022 0.700108
vt 0.872184 0.810587
vt 0.878515 0.810599
vt 0.879510 0.459905
vt 0.879881 0.539930
vt 0.880020 0.570050
vt 0.880248 0.461012
vt 0.880415 0.625958
vt 0.880618 0.541037
vt 0.880758 0.571157
vt 0.881153 0.627065
vt 0.881273 0.921079
vt 0.884845 0.810611
vt 0.887826 0.733720
vt 0.888417 0.733337
vt 0.891176 0.810623
vt 0.891176 0.810623
vt 0.891176 0.810623
vt 0.891176 0.810623
vt 0.891749 0.760861
vt 0.892339 0.760478
vt 0.892943 0.921101
vt 0.893363 0.700152
vt 0.895656 0.788049
vt 0.896247 0.787666
vt 0.897070 0.239970
vt 0.897756 0.807292
vt 0.898346 0.806909
vt 0.899877 0.826514
vt 0.900468 0.826131
vt 0.900578 0.845942
vt 0.901168 0.845560
vt 0.901284 0.865403
vt 0.901874 0.865020
vt 0.902652 0.904286
vt 0.903242 0.903904
vt 0.905335 0.902414
vt 0.905683 0.718886
vt 0.911310 0.921136
vt 0.911729 0.700187
vt 0.916499 0.810671
vt 0.916499 0.810671
vt 0.916499 0.810671
vt 0.917851 0.700198
vt 0.923973 0.700210
vt 0.929676 0.921171
vt 0.930095 0.700222
vt 0.934966 0.902874
vt 0.935316 0.718538
vt 0.937615 0.921186
vt 0.938034 0.700237
vt 0.941823 0.810719
vt 0.941823 0.810719
vt 0.945555 0.921201
vt 0.945974 0.700252
vt 0.953494 0.921216
vt 0.953913 0.700267
vt 0.961433 0.921231
vt 0.961852 0.700282
vt 0.964597 0.903335
vt 0.964948 0.718190
vt 0.967146 0.810767
vn -5.22954e-2 -0.983357 -0.173996
vn -4.88066e-2 -0.994477 9.29187e-2
vn -1.10496e-19 -0.980826 -0.194888
vn 0.00000e+0 0.999915 1.30457e-2
vn 4.83349e-17 -0.996124 8.79650e-2
vn -0.416111 -0.906976 -6.51556e-2
vn -0.257622 -0.962370 8.64622e-2
vn -0.784575 -0.620021 -3.89146e-3
vn -0.847441 -0.523677 8.72196e-2
vn -0.976780 0.214231 -2.45048e-3
vn 0.00000e+0 -0.904956 -0.425505
vn -0.495836 -0.813179 -0.304773
vn -0.741967 -0.669916 -2.64103e-2
vn 5.42225e-20 -0.892738 -0.450576
vn -0.972563 0.232622 -2.99522e-3
vn -0.597160 -0.774483 -0.208749
vn 3.92482e-17 0.999993 -3.65600e-3
vn -0.652168 -0.741333 -0.158436
vn -0.947107 -0.318256 -4.12488e-2
vn -0.976812 0.213651 1.38615e-2
vn -0.960605 0.274816 -4.14119e-2
vn -0.716075 -0.694286 -7.21373e-2
vn 3.22487e-32 0.744126 0.668039
vn -0.671311 0.214842 0.709355
vn -0.730904 -0.297078 0.614430
vn -0.743552 -0.467589 0.478008
vn -0.644421 -0.593993 0.481553
vn -0.672213 0.237279 0.701304
vn -0.683751 -0.526360 0.505401
vn -5.02604e-2 -0.914373 -0.401740
vn -6.82042e-2 -0.891069 -0.448713
vn -9.82367e-18 0.731158 0.682208
vn -0.738002 -0.671920 -6.22618e-2
vn -0.433627 -0.864111 -0.255498
vn 5.44517e-17 0.679154 -0.733996
vn -2.46003e-3 0.689507 -0.724275
vn -0.754809 -0.655794 -1.40550e-2
vn -0.769220 -0.638983 3.12417e-4
vn -0.598721 -0.800668 2.15355e-2
vn -0.670118 -0.742228 6.25968e-3
vn -0.683284 -0.729608 2.81941e-2
vn -0.265259 -0.768102 0.582802
vn -0.482680 -0.864160 -0.142296
vn -0.564910 -0.742076 -0.360832
vn -0.592829 -0.713177 -0.374076
vn -0.668751 -0.739281 -7.89694e-2
vn -0.683012 -0.727482 -6.53053e-2
vn -0.942239 -0.334758 1.10935e-2
vn -0.831332 -0.539971 0.131599
vn -0.759112 -0.645393 8.49560e-2
vn -0.848689 -0.519873 9.72572e-2
vn -0.402041 -0.898140 0.178067
vn -0.989489 -0.142318 2.56168e-2
vn -0.649736 -0.743442 -0.158547
vn -0.596415 -0.749708 -0.286753
vn -0.629608 -0.712001 -0.310884
vn -0.770949 -0.632568 -7.41235e-2
vn -0.689357 -0.717281 -0.101461
vn -0.463708 -0.882176 -8.21031e-2
vn -0.660873 0.258761 0.704478
vn -0.685177 0.215008 0.695919
vn -0.877143 0.182022 0.444397
vn -0.986354 0.163902 1.55868e-2
vn -0.986401 0.164214 -6.82036e-3
vn -0.985641 0.168655 -8.24233e-3
vn 2.55629e-3 0.736235 0.676721
vn -8.20297e-16 0.689906 -0.723899
vn -0.981380 0.192032 -4.20916e-3
vn -0.982866 0.181208 -3.37416e-2
vn -0.973660 0.228002 6.39022e-4
vn -0.961709 0.274070 -9.76878e-4
vn -0.949316 0.314220 -8.06069e-3
vn -0.961092 0.276229 8.84715e-4
vn -0.683374 0.170554 0.709867
vn -0.984719 0.174146 -1.41503e-3
vn -0.987697 0.156140 8.70985e-3
vn -0.986563 0.163221 -7.17593e-3
vn -0.985826 0.167551 -8.59093e-3
vn 5.22954e-2 -0.983357 -0.173996
vn 4.88066e-2 -0.994477 9.29187e-2
vn 0.416111 -0.906976 -6.51556e-2
vn 0.257622 -0.962370 8.64622e-2
vn 0.784575 -0.620021 -3.89146e-3
vn 0.847441 -0.523677 8.72196e-2
vn 0.976780 0.214231 -2.45048e-3
vn 0.495836 -0.813179 -0.304773
vn 0.741967 -0.669916 -2.64103e-2
vn 0.972563 0.232622 -2.99522e-3
vn 0.597160 -0.774483 -0.208749
vn 0.652168 -0.741333 -0.158436
vn 0.947107 -0.318256 -4.12488e-2
vn 0.976812 0.213651 1.38615e-2
vn 0.960605 0.274816 -4.14119e-2
vn 0.716075 -0.694286 -7.21373e-2
vn 0.671311 0.214842 0.709355
vn 0.730904 -0.297078 0.614430
vn 0.743552 -0.467589 0.478008
vn 0.644421 -0.593993 0.481553
vn 0.672213 0.237279 0.701304
vn 0.683751 -0.526360 0.505401
vn 5.02604e-2 -0.914373 -0.401740
vn 6.82042e-2 -0.891069 -0.448713
vn -1.73602e-18 0.731158 0.682208
vn 0.738002 -0.671920 -6.22618e-2
vn 0.433627 -0.864111 -0.255498
vn 2.46003e-3 0.689507 -0.724275
vn 0.754809 -0.655794 -1.40550e-2
vn 0.769220 -0.638983 3.12417e-4
vn 0.598721 -0.800668 2.15355e-2
vn 0.670118 -0.742228 6.25968e-3
vn 0.683284 -0.729608 2.81941e-2
vn 0.265259 -0.768102 0.582802
vn 0.482680 -0.864160 -0.142296
vn 0.564910 -0.742076 -0.360832
vn 0.592829 -0.713177 -0.374076
vn 0.668751 -0.739281 -7.89694e-2
vn 0.683012 -0.727482 -6.53053e-2
vn 0.942239 -0.334758 1.10935e-2
vn 0.831332 -0.539971 0.131599
vn 0.759112 -0.645393 8.49560e-2
vn 0.848689 -0.519873 9.72572e-2
vn 0.402041 -0.898140 0.178067
vn 0.989489 -0.142318 2.56168e-2
vn 0.649736 -0.743442 -0.158547
vn 0.596415 -0.749708 -0.286753
vn 0.629608 -0.712001 -0.310884
vn 0.770949 -0.632568 -7.41235e-2
vn 0.689357 -0.717281 -0.101461
vn 0.463708 -0.882176 -8.21031e-2
vn 0.660873 0.258761 0.704478
vn 0.685177 0.215008 0.695919
vn 0.877143 0.182022 0.444397
vn 0.986354 0.163902 1.55868e-2
vn 0.986401 0.164214 -6.82036e-3
vn 0.985641 0.168655 -8.24233e-3
vn -2.55629e-3 0.736235 0.676721
vn 8.20275e-16 0.689906 -0.723899
vn 0.981380 0.192032 -4.20916e-3
vn 0.982866 0.181208 -3.37416e-2
vn 0.973660 0.228002 6.39022e-4
vn 0.961709 0.274070 -9.76878e-4
vn 0.949316 0.314220 -8.06069e-3
vn 0.961092 0.276229 8.84715e-4
vn 0.683374 0.170554 0.709867
vn 0.984719 0.174146 -1.41503e-3
vn 0.987697 0.156140 8.70985e-3
vn 0.986563 0.163221 -7.17593e-3
vn 0.985826 0.167551 -8.59093e-3
vn -1.36631e-3 -4.75511e-2 -0.998868
vn -2.16878e-18 -9.36368e-2 -0.995606
vn 1.36631e-3 -4.75511e-2 -0.998868
vn 0.00000e+0 -0.616956 -0.786998
vn 0.00000e+0 -1.36282e-2 -0.999907
vn 0.00000e+0 -0.616956 -0.786998
vn 0.00000e+0 -0.566566 -0.824016
vn 0.00000e+0 8.16555e-2 -0.996661
vn 0.00000e+0 -0.566566 -0.824016
vn 1.08420e-18 3.01622e-2 -0.999545
vn 0.00000e+0 2.77633e-2 -0.999615
vn 1.34141e-4 3.20650e-2 -0.999486
vn -2.75784e-19 -2.28868e-2 -0.999738
vn 0.00000e+0 -2.27733e-2 -0.999741
vn -2.90178e-18 -2.70399e-2 -0.999634
vn -1.92593e-34 -2.27733e-2 -0.999741
vn -1.67790e-18 0.368470 -0.929640
vn -2.09267e-34 0.370101 -0.928992
vn 2.43350e-4 0.366203 -0.930535
vn 0.00000e+0 0.867678 -0.497127
vn 0.00000e+0 0.867678 -0.497127
vn 0.00000e+0 0.867678 -0.497127
vn 0.00000e+0 0.993378 -0.114891
vn 0.00000e+0 0.993378 -0.114891
vn 0.00000e+0 0.993378 -0.114891
vn 1.10410e-16 0.999731 -2.31768e-2
vn 0.00000e+0 0.999731 -2.31768e-2
vn -1.10410e-16 0.999731 -2.31768e-2
vn 1.61404e-16 0.999441 -3.34191e-2
vn -6.16642e-32 0.999441 -3.34191e-2
vn -1.10366e-16 0.999441 -3.34191e-2
vn 0.799198 0.279324 -0.532222
vn -0.799198 0.279324 -0.532222
vn 0.541396 -0.223493 -0.810519
vn -0.541396 -0.223493 -0.810519
vn -0.550903 -0.173285 -0.816381
vn 0.550903 -0.173285 -0.816381
vn -0.238163 -6.41659e-2 -0.969103
vn 0.238163 -6.41659e-2 -0.969103
vn -6.90428e-3 2.81865e-2 -0.999579
vn 6.90428e-3 2.81865e-2 -0.999579
vn -9.30379e-3 -2.30194e-2 -0.999692
vn 9.30379e-3 -2.30194e-2 -0.999692
vn -6.85501e-3 -2.40472e-2 -0.999687
vn 6.85501e-3 -2.40472e-2 -0.999687
vn -1.90333e-3 0.369662 -0.929164
vn 1.90333e-3 0.369662 -0.929164
vn 0.00000e+0 0.867678 -0.497127
vn 0.00000e+0 0.867678 -0.497127
vn 0.00000e+0 0.993378 -0.114891
vn 0.00000e+0 0.993378 -0.114891
vn -7.43836e-16 0.999731 -2.31768e-2
vn 7.43836e-16 0.999731 -2.31768e-2
vn -8.31868e-16 0.999441 -3.34191e-2
vn 3.69599e-16 0.999441 -3.34191e-2
vn 0.686570 -0.121463 -0.716846
vn 0.541746 -0.197002 -0.817130
vn -0.584837 -0.507214 -0.633008
vn -0.270910 -0.416842 -0.867670
vn -6.90388e-3 2.93860e-2 -0.999544
vn -9.30384e-3 -2.30762e-2 -0.999690
vn -6.85501e-3 -2.61806e-2 -0.999634
vn -1.90404e-3 0.368847 -0.929488
vn 0.00000e+0 0.867678 -0.497127
vn 0.00000e+0 0.993378 -0.114891
vn -5.55727e-16 0.999731 -2.31768e-2
vn -5.04470e-16 0.999441 -3.34191e-2
vn -0.686570 -0.121463 -0.716846
vn -0.541746 -0.197002 -0.817130
vn 0.584837 -0.507214 -0.633008
vn 0.270910 -0.416842 -0.867670
vn 7.18068e-3 3.02790e-2 -0.999516
vn 1.04914e-2 -2.22083e-2 -0.999698
vn 8.23554e-3 -2.73885e-2 -0.999591
vn 2.41598e-3 0.367747 -0.929923
vn 0.00000e+0 0.867678 -0.497127
vn 0.00000e+0 0.993378 -0.114891
vn 5.55727e-16 0.999731 -2.31768e-2
vn 9.32381e-17 0.999441 -3.34191e-2
vn 0.728842 0.515398 0.450726
vn 0.613335 0.789795 -6.64585e-3
vn 0.616089 0.787605 1.05701e-2
vn -0.728842 0.515398 0.450726
vn -0.613335 0.789795 -6.64585e-3
vn -0.616089 0.787605 1.05701e-2
vn 3.80735e-4 0.999999 -1.63391e-3
vn -7.98940e-5 0.999999 -1.55430e-3
vn -3.66200e-4 0.999999 -1.60165e-3
vn 7.19868e-5 0.999999 -1.53523e-3
vn -0.531983 0.584852 0.612325
vn 0.531983 0.584852 0.612325
vn 6.68974e-32 0.737006 0.675886
vn -2.03126e-3 6.52354e-3 0.999977
vn -1.71371e-17 1.74927e-2 0.999847
vn -1.71371e-17 1.74927e-2 0.999847
vn 2.03126e-3 6.52354e-3 0.999977
vn -0.653442 5.83848e-2 0.754721
vn -0.650866 5.86038e-2 0.756928
vn -0.648287 5.88216e-2 0.759121
vn -0.645731 6.09662e-2 0.761127
vn -0.644816 0.114210 0.755757
vn -0.642576 0.129551 0.755191
vn 0.653442 5.83848e-2 0.754721
vn 0.650866 5.86038e-2 0.756928
vn 0.648287 5.88216e-2 0.759121
vn 0.645731 6.09662e-2 0.761127
vn 0.644816 0.114210 0.755757
vn 0.642576 0.129551 0.755191
vn 1.23446e-31 0.192299 0.981336
vn 1.48364e-31 0.169509 0.985529
vn 2.95824e-31 8.92354e-2 0.996011
vn 2.95823e-31 8.63565e-2 0.996264
vn 4.93038e-31 8.63565e-2 0.996264
vn 2.46519e-31 8.63565e-2 0.996264
vn 7.02495e-19 8.63565e-2 0.996264
vn 0.00000e+0 8.63565e-2 0.996264
vn 0.00000e+0 8.63565e-2 0.996264
vn 0.00000e+0 8.63565e-2 0.996264
vn 0.00000e+0 8.63565e-2 0.996264
vn 0.00000e+0 8.63565e-2 0.996264
vn -7.34384e-3 0.100815 0.994878
vn -1.31759e-2 9.52705e-2 0.995364
vn -1.62077e-2 8.99607e-2 0.995813
vn -1.55933e-2 8.18411e-2 0.996523
vn -1.17129e-2 7.39689e-2 0.997192
vn -6.10206e-3 7.20711e-2 0.997381
vn 0.00000e+0 8.63565e-2 0.996264
vn 0.00000e+0 8.63565e-2 0.996264
vn 0.00000e+0 8.63565e-2 0.996264
vn 0.00000e+0 8.63565e-2 0.996264
vn 0.00000e+0 8.63565e-2 0.996264
vn -7.02495e-19 8.63565e-2 0.996264
vn 6.10206e-3 7.20711e-2 0.997381
vn 1.17129e-2 7.39689e-2 0.997192
vn 1.55933e-2 8.18411e-2 0.996523
vn 1.62077e-2 8.99607e-2 0.995813
vn 1.31759e-2 9.52705e-2 0.995364
vn 7.34384e-3 0.100815 0.994878
vn -0.932737 0.238507 -0.270398
vn 0.932737 0.238507 -0.270398
vn -2.40717e-17 0.884239 0.467034
vn -1.06525e-4 0.999999 -1.47532e-3
vn 9.59824e-5 0.999999 -1.45958e-3
vn -7.32400e-4 0.999998 -1.66409e-3
vn 7.61471e-4 0.999998 -1.71406e-3
vn 7.51249e-3 -9.15729e-2 -0.995770
vn -7.06538e-3 -9.16078e-2 -0.995770
vn -0.702744 -3.67273e-2 -0.710495
vn 0.703043 -3.64740e-2 -0.710212
vn 0.702710 -3.67107e-2 -0.710529
vn -0.703013 -3.64587e-2 -0.710242
vn -0.689811 0.709439 -0.144417
vn 0.687663 0.711236 -0.145817
vn 0.691633 0.707955 -0.142979
vn -0.689859 0.709485 -0.143964
vn 0.886270 0.394394 0.242855
vn 0.886444 0.388018 0.252308
vn -0.887158 0.391297 0.244618
vn -0.885800 0.390427 0.250848
vn -0.556413 0.419014 0.717518
vn 0.556860 0.410322 0.722179
vn 0.776199 0.380705 -0.502572
vn 0.443193 0.231939 -0.865901
vn -0.421358 0.226017 -0.878279
vn -0.764283 0.384733 -0.517545
vn -0.556069 0.412188 0.721726
vn 0.555616 0.420714 0.717141
vn 0.762037 0.386149 -0.519796
vn 0.417799 0.225275 -0.880168
vn -0.439804 0.231325 -0.867791
vn -0.773807 0.382315 -0.505032
vn 0.418387 0.318035 0.850768
vn -0.429825 0.333801 0.838944
vn 0.430634 0.336041 0.837634
vn -0.419572 0.320312 0.849329
vn 0.502185 0.672580 0.543550
vn 0.517891 0.693615 -0.500686
vn -0.500153 0.670295 -0.548226
vn -0.519354 0.696028 0.495799
vn 0.521575 0.698867 0.489433
vn 0.497682 0.666853 -0.554634
vn -0.516193 0.690001 -0.507388
vn -0.505155 0.675247 0.537457
vn -2.95232e-16 0.102139 0.994770
vn -1.50808e-16 0.102139 0.994770
vn -3.01026e-18 0.102139 0.994770
vn -4.98877e-17 0.102139 0.994770
vn -7.45031e-17 0.788148 0.615486
vn -1.93861e-16 0.788148 0.615486
vn -1.97734e-16 0.788148 0.615486
vn -1.98050e-17 0.788148 0.615486
vn 1.07344e-2 0.990629 -0.136159
vn -1.11429e-2 0.990641 -0.136037
vn -1.05023e-2 0.990695 -0.135694
vn 1.08752e-2 0.990708 -0.135572
vn -7.42658e-2 0.968176 0.238997
vn -0.210954 0.348221 0.913368
vn 6.83137e-2 0.968228 0.240559
vn 0.194885 0.347717 0.917122
vn -0.589426 0.789370 0.171673
vn -0.732572 0.254132 0.631471
vn 0.581702 0.794262 0.175418
vn 0.717116 0.258006 0.647439
vn 6.58314e-2 0.968516 0.240091
vn 0.189776 0.348066 0.918061
vn -6.07762e-2 0.968526 0.241378
vn -0.175962 0.347596 0.920986
vn 0.579666 0.797780 0.165932
vn 0.716562 0.260690 0.646977
vn -0.572796 0.802054 0.169157
vn -0.702641 0.264552 0.660536
vn 0.532212 0.643047 -0.550672
vn 0.515164 -0.393234 -0.761559
vn -0.526397 -0.364735 -0.768033
vn -0.523026 0.666141 -0.531696
vn -2.52099e-5 0.994128 -0.108207
vn -1.43120e-17 -0.856505 0.516138
vn 3.76882e-2 0.382368 0.923241
vn -1.15950e-16 -0.352248 0.935907
vn 0.387737 0.804170 0.450522
vn 0.598510 0.783219 0.168385
vn 0.654033 0.754991 4.72098e-2
vn 9.84823e-3 -0.854119 0.519985
vn 2.34751e-2 -0.344740 0.938405
vn 0.651249 0.747330 0.131805
vn 1.98975e-19 -0.873500 0.486824
vn -4.92474e-4 -0.893867 0.448332
vn 0.00000e+0 -0.860932 0.508720
vn 0.00000e+0 -0.868780 0.495199
vn 0.00000e+0 -0.865426 0.501037
vn 1.76367e-17 -0.860294 0.509799
vn 0.00000e+0 -0.867106 0.498124
vn 0.00000e+0 -0.860619 0.509249
vn 1.40954e-3 -0.860423 0.509578
vn -1.62651e-3 -0.867516 0.497406
vn 3.53251e-3 -0.860108 0.510100
vn 4.91674e-4 -0.865457 0.500982
vn 1.02961e-3 -0.868731 0.495283
vn 1.20041e-3 -0.862220 0.506532
vn 1.60138e-3 -0.862476 0.506096
vn 0.656120 0.752139 6.15922e-2
vn 0.654053 0.755757 3.23333e-2
vn -0.458317 0.540617 -0.705463
vn 6.50531e-19 -0.862438 0.506162
vn 6.36870e-3 -0.858923 0.512066
vn 3.70411e-3 -0.858926 0.512087
vn 2.45369e-3 -0.238319 0.971184
vn -2.87000e-3 -0.299140 0.954205
vn 2.81263e-3 -0.258311 0.966058
vn 3.05226e-3 -0.260303 0.965522
vn -5.77670e-3 -0.378875 0.925430
vn -4.39645e-19 -0.280262 0.959924
vn 1.37273e-20 -0.255242 0.966877
vn -1.54012e-18 -0.243914 0.969797
vn -2.91331e-18 -0.233323 0.972399
vn 1.42587e-17 -0.236971 0.971517
vn 5.03570e-18 -0.296003 0.955187
vn -2.63204e-18 -0.240307 0.970697
vn 6.50579e-3 -0.235082 0.971954
vn 1.00227e-3 -0.233702 0.972308
vn 1.94763e-3 -0.243348 0.969937
vn -0.999516 2.95059e-2 -9.83812e-3
vn -0.387746 0.804165 0.450524
vn -0.567296 0.805117 0.173093
vn -0.654033 0.754991 4.72098e-2
vn -9.84823e-3 -0.854119 0.519985
vn -2.34751e-2 -0.344740 0.938405
vn -0.651249 0.747330 0.131805
vn 4.92474e-4 -0.893867 0.448332
vn -1.40954e-3 -0.860423 0.509578
vn 1.62651e-3 -0.867516 0.497406
vn -3.53251e-3 -0.860108 0.510100
vn -4.91674e-4 -0.865457 0.500982
vn -1.02961e-3 -0.868731 0.495283
vn -1.20041e-3 -0.862220 0.506532
vn -1.60138e-3 -0.862476 0.506096
vn 0.636305 -0.619466 0.459759
vn -0.656120 0.752139 6.15922e-2
vn -0.654053 0.755757 3.23333e-2
vn 1.46895e-2 0.306786 -0.951665
vn -6.36870e-3 -0.858923 0.512066
vn -3.70411e-3 -0.858926 0.512087
vn -2.45369e-3 -0.238319 0.971184
vn 2.87000e-3 -0.299140 0.954205
vn -2.81263e-3 -0.258311 0.966058
vn -3.05226e-3 -0.260303 0.965522
vn 5.77670e-3 -0.378875 0.925430
vn -6.50579e-3 -0.235082 0.971954
vn -1.00227e-3 -0.233702 0.972308
vn -1.94763e-3 -0.243348 0.969937
vn 0.999526 2.92595e-2 -9.55783e-3
vn 0.494990 -0.850238 -0.179110
vn 8.20896e-2 0.287802 0.954165
vn 3.94408e-2 0.310070 0.949895
vn 1.81014e-2 0.311411 0.950103
vn -1.14338e-3 0.312485 0.949922
vn -1.86570e-2 0.313351 0.949454
vn 0.720940 0.203800 0.662353
vn 0.664767 0.244803 0.705802
vn 0.631645 0.254360 0.732343
vn 0.217946 0.484011 0.847486
vn -0.385404 0.350920 0.853416
vn -2.97301e-16 0.296607 0.955000
vn -5.15108e-16 0.296285 0.955100
vn -5.13053e-16 0.295977 0.955195
vn -3.06200e-16 0.295681 0.955287
vn -8.67491e-17 0.292196 0.956358
vn 1.86570e-2 0.313351 0.949454
vn 1.14338e-3 0.312485 0.949922
vn -1.81014e-2 0.311411 0.950103
vn -3.94408e-2 0.310070 0.949895
vn -8.20896e-2 0.287802 0.954165
vn -0.320903 0.457236 0.829431
vn -0.604649 0.261730 0.752261
vn -0.631645 0.254360 0.732343
vn -0.664767 0.244803 0.705802
vn -0.720940 0.203800 0.662353
vn 0.857727 0.433566 0.276271
vn 0.130203 0.347104 0.928744
vn -0.768378 0.430322 0.473728
vn -0.711117 0.324565 -0.623674
vn -0.968258 0.249197 1.94357e-2
vn -0.970529 0.238460 3.47955e-2
vn -0.973596 0.222088 5.27934e-2
vn -0.975584 0.206833 7.38627e-2
vn -0.653156 0.453675 0.606272
vn 1.75259e-2 0.747287 0.664270
vn 0.639898 0.397132 0.657888
vn 0.984503 0.122566 0.125423
vn 0.992257 0.111566 5.45739e-2
vn 0.993233 0.110196 3.66853e-2
vn 0.994064 0.107113 1.90541e-2
vn 0.740854 0.219027 -0.634951
vn 1.84289e-2 0.556332 -0.830756
vn 0.171322 0.962224 0.211598
vn 0.163083 0.919556 -0.357521
vn -0.503275 0.781351 -0.369061
vn -0.601350 0.798954 7.14818e-3
vn -0.611017 0.791541 -1.10420e-2
vn -0.625191 0.780468 2.39924e-3
vn -0.638313 0.769433 -2.30174e-2
vn -0.461450 0.854439 0.238744
vn -0.127090 0.924031 -0.360575
vn -0.137591 0.967943 0.210131
vn 0.477238 0.813040 0.333483
vn 0.698789 0.714126 4.14347e-2
vn 0.708719 0.705472 5.04894e-3
vn 0.708652 0.705493 -9.55459e-3
vn 0.710018 0.704151 6.85208e-3
vn 0.582881 0.699986 -0.412636
vn 5.24592e-2 0.996081 -7.12126e-2
vn 5.20244e-2 0.997909 -3.83589e-2
vn 0.259520 0.964123 -5.58275e-2
vn 0.250447 0.967024 -4.62592e-2
vn 0.258629 0.965027 -4.28259e-2
vn -0.207732 0.977380 -3.96863e-2
vn -0.192313 0.980201 -4.71237e-2
vn -0.208709 0.976087 -6.07917e-2
vn 5.13824e-2 0.998361 -2.52037e-2
vn 0.268496 0.963171 -1.45164e-2
vn -0.218971 0.975608 -1.55045e-2
vn 0.373537 0.926276 -4.98361e-2
vn 0.373256 0.926839 -4.06099e-2
vn -0.300167 0.953180 -3.67073e-2
vn -0.300292 0.952164 -5.66326e-2
vn -0.843411 0.484189 -0.232849
vn -0.996660 5.60552e-2 -5.93803e-2
vn -0.995725 5.69565e-2 -7.27153e-2
vn -0.995137 5.68712e-2 -8.04225e-2
vn -0.994732 5.68135e-2 -8.53204e-2
vn -0.994452 5.67730e-2 -8.85602e-2
vn -0.994261 5.67439e-2 -9.06951e-2
vn -0.997449 5.66259e-2 -4.34737e-2
vn -0.998053 5.65841e-2 -2.62572e-2
vn -0.998263 5.65330e-2 -1.65781e-2
vn -0.998353 5.64804e-2 -1.00542e-2
vn -0.998393 5.64280e-2 -5.16238e-3
vn -0.998409 5.63760e-2 -1.22850e-3
vn -0.998239 5.84456e-2 -1.01056e-2
vn -0.998183 5.96656e-2 -8.38807e-3
vn -0.998200 5.96200e-2 -6.55138e-3
vn -0.998213 5.95762e-2 -4.62912e-3
vn -0.998223 5.95350e-2 -2.57807e-3
vn -0.998228 5.94977e-2 -3.23406e-4
vn -0.997563 6.08410e-2 -3.41579e-2
vn -0.997718 6.44243e-2 -2.02124e-2
vn -0.997821 6.48810e-2 -1.19488e-2
vn -0.997852 6.51735e-2 -6.60511e-3
vn -0.997857 6.53778e-2 -2.84662e-3
vn -0.997851 6.55291e-2 -4.49138e-5
vn -0.997385 6.77598e-2 2.51258e-2
vn -0.997302 6.95452e-2 2.34822e-2
vn -0.997362 6.92101e-2 2.18814e-2
vn -0.997442 6.87524e-2 1.95385e-2
vn -0.997550 6.81014e-2 1.60090e-2
vn -0.997690 6.71215e-2 1.04380e-2
vn -0.998037 6.26232e-2 -9.85799e-4
vn -0.998037 6.24524e-2 -4.72079e-3
vn -0.998017 6.22393e-2 -9.38812e-3
vn -0.997956 6.19498e-2 -1.57127e-2
vn -0.997789 6.15136e-2 -2.51754e-2
vn -0.997358 5.96330e-2 -4.14747e-2
vn -0.997764 6.68311e-2 4.79696e-4
vn -0.997771 6.67199e-2 -9.77505e-4
vn -0.997776 6.66173e-2 -2.32067e-3
vn -0.997779 6.65223e-2 -3.56267e-3
vn -0.997780 6.64342e-2 -4.71452e-3
vn -0.998093 6.15542e-2 -4.56112e-3
vn -0.997430 6.10267e-2 -3.75439e-2
vn -0.997757 6.29807e-2 -2.26835e-2
vn -0.997885 6.34561e-2 -1.40930e-2
vn -0.997930 6.37701e-2 -8.35164e-3
vn -0.997941 6.40001e-2 -4.10146e-3
vn -0.997938 6.41832e-2 -6.79571e-4
vn -0.998139 6.09639e-2 -1.26009e-3
vn -0.998136 6.08133e-2 -5.08449e-3
vn -0.998113 6.06176e-2 -9.76418e-3
vn -0.998048 6.03430e-2 -1.60637e-2
vn -0.997878 5.99196e-2 -2.54831e-2
vn -0.997450 5.78972e-2 -4.17204e-2
vn -0.963935 4.92897e-2 -0.261533
vn -0.964957 4.93717e-2 -0.257722
vn -0.966294 4.94792e-2 -0.252643
vn -0.968117 4.96267e-2 -0.245532
vn -0.970753 4.98415e-2 -0.234849
vn -0.974895 5.01832e-2 -0.216935
vn -0.997801 5.37697e-2 -3.87629e-2
vn -0.998240 5.48093e-2 -2.26375e-2
vn -0.998400 5.48057e-2 -1.39172e-2
vn -0.998463 5.48018e-2 -8.26430e-3
vn -0.998489 5.47985e-2 -4.13346e-3
vn -0.998497 5.47959e-2 -8.20112e-4
vn -0.998169 5.85331e-2 -1.52562e-2
vn -0.998215 5.84325e-2 -1.23075e-2
vn -0.998253 5.83319e-2 -9.37441e-3
vn -0.998282 5.82313e-2 -6.45691e-3
vn -0.998303 5.81308e-2 -3.55495e-3
vn -0.998315 5.80304e-2 -6.68470e-4
vn -0.993863 7.44151e-2 8.18441e-2
vn -0.994684 7.26179e-2 7.30117e-2
vn -0.995510 7.06053e-2 6.30497e-2
vn -0.996327 6.83194e-2 5.16258e-2
vn -0.997110 6.56689e-2 3.82035e-2
vn -0.997807 6.24925e-2 2.18211e-2
vn -0.991983 7.25875e-2 0.103442
vn -0.993529 6.94687e-2 8.98534e-2
vn -0.994985 6.60698e-2 7.50926e-2
vn -0.996308 6.23542e-2 5.90133e-2
vn -0.997440 5.82792e-2 4.14457e-2
vn -0.998305 5.37948e-2 2.21930e-2
vn -0.989767 0.107046 9.43492e-2
vn -0.979500 0.158232 0.124667
vn -0.983299 7.56077e-2 0.165546
vn -0.987787 6.82222e-2 0.140083
vn -0.992517 5.85393e-2 0.107161
vn -0.997042 4.51280e-2 6.22098e-2
vn 0.626337 0.420241 -0.656582
vn 0.866200 0.486039 -0.116032
vn -0.278616 -0.218959 -0.935110
vn -0.380369 -1.49998e-2 -0.924713
vn -0.365613 2.79041e-2 -0.930349
vn -0.415346 -4.13950e-2 -0.908721
vn -0.141568 -2.62298e-2 -0.989581
vn 0.136988 1.56437e-2 -0.990449
vn 0.456787 -0.231320 -0.858974
vn 0.285158 2.24794e-2 -0.958217
vn 0.339939 0.113995 -0.933513
vn 0.386358 3.54144e-3 -0.922342
vn 0.578675 1.83679e-2 -0.815352
vn 0.738629 5.46894e-2 -0.671890
vn 0.976094 3.12433e-2 -0.215090
vn 0.961742 5.11200e-2 -0.269146
vn 0.978068 7.60721e-2 -0.193899
vn 0.993254 5.85527e-2 -0.100092
vn 0.994818 5.96791e-2 -8.23117e-2
vn 0.996262 5.97371e-2 -6.23975e-2
vn 0.996129 5.25751e-2 -7.04452e-2
vn 0.997096 5.37433e-2 -5.39550e-2
vn 0.997606 5.45526e-2 -4.24935e-2
vn 0.997858 5.50684e-2 -3.53098e-2
vn 0.997929 5.52695e-2 -3.29082e-2
vn 0.997800 5.38122e-2 -3.87165e-2
vn 0.998418 5.62295e-2 -4.45243e-4
vn 0.998418 5.61075e-2 -3.54617e-3
vn 0.998406 5.59381e-2 -7.50029e-3
vn 0.998365 5.56858e-2 -1.28863e-2
vn 0.998250 5.52664e-2 -2.10547e-2
vn 0.997863 5.44147e-2 -3.61865e-2
vn 0.998319 5.79506e-2 -4.96793e-5
vn 0.998315 5.79725e-2 -2.46223e-3
vn 0.998304 5.79959e-2 -5.07518e-3
vn 0.998284 5.80209e-2 -7.91451e-3
vn 0.998253 5.80477e-2 -1.10109e-2
vn 0.998208 5.80764e-2 -1.44010e-2
vn 0.998230 5.94715e-2 -1.04450e-5
vn 0.998227 5.94842e-2 -2.02636e-3
vn 0.998220 5.95029e-2 -3.93350e-3
vn 0.998210 5.95265e-2 -5.82020e-3
vn 0.998195 5.95546e-2 -7.74563e-3
vn 0.998251 5.83199e-2 -9.69522e-3
vn 0.998005 6.31245e-2 -1.50530e-3
vn 0.997998 6.29628e-2 -5.91459e-3
vn 0.997964 6.27520e-2 -1.13703e-2
vn 0.997875 6.24595e-2 -1.85624e-2
vn 0.997655 6.20154e-2 -2.89479e-2
vn 0.997206 5.90341e-2 -4.57663e-2
vn 0.997450 5.78972e-2 -4.17204e-2
vn 0.997878 5.99196e-2 -2.54831e-2
vn 0.998048 6.03430e-2 -1.60637e-2
vn 0.998113 6.06176e-2 -9.76418e-3
vn 0.998136 6.08133e-2 -5.08449e-3
vn 0.998139 6.09639e-2 -1.26009e-3
vn 0.997894 6.48368e-2 1.88512e-3
vn 0.997894 6.48464e-2 1.58621e-3
vn 0.997894 6.48548e-2 1.26269e-3
vn 0.997894 6.48623e-2 9.16882e-4
vn 0.997894 6.48688e-2 5.50895e-4
vn 0.998115 6.13660e-2 7.35230e-4
vn 0.997712 6.70814e-2 8.38815e-3
vn 0.997642 6.77100e-2 1.12171e-2
vn 0.997630 6.79084e-2 1.10588e-2
vn 0.997664 6.77805e-2 8.49561e-3
vn 0.997723 6.73483e-2 3.55328e-3
vn 0.997773 6.65742e-2 -4.18521e-3
vn 0.997188 6.25499e-2 -4.12853e-2
vn 0.997564 6.42960e-2 -2.70550e-2
vn 0.997764 6.45890e-2 -1.72064e-2
vn 0.997847 6.47942e-2 -1.01395e-2
vn 0.997877 6.49422e-2 -4.93114e-3
vn 0.997881 6.50507e-2 -1.03267e-3
vn 0.995976 6.20330e-2 -6.46876e-2
vn 0.991235 4.74717e-2 -0.123283
vn 0.984459 3.50829e-2 -0.172076
vn 0.976948 2.47304e-2 -0.212041
vn 0.969463 1.61175e-2 -0.244709
vn 0.962382 8.93051e-3 -0.271554
vn 0.995155 9.57150e-2 2.24750e-2
vn 0.993830 0.102289 4.28869e-2
vn 0.992259 0.108163 6.10167e-2
vn 0.990704 0.113070 7.56423e-2
vn 0.989318 0.117057 8.68789e-2
vn 0.988151 0.120286 9.53354e-2
vn 0.985078 8.63343e-2 0.148891
vn 0.956411 0.116294 0.267868
vn 0.922843 0.138201 0.359529
vn 0.904348 0.274968 0.326415
vn 0.934436 0.218589 0.281156
vn 0.918143 4.09099e-2 0.394132
vn 0.997830 6.57596e-2 -3.17944e-3
vn 0.997809 6.55683e-2 -8.82964e-3
vn 0.997742 6.53541e-2 -1.55064e-2
vn 0.997594 6.50916e-2 -2.38689e-2
vn 0.997292 6.47456e-2 -3.48930e-2
vn 0.996736 6.32132e-2 -5.02223e-2
vn 0.997750 6.69924e-2 -2.52106e-3
vn 0.997761 6.64822e-2 -7.30716e-3
vn 0.997746 6.58923e-2 -1.26930e-2
vn 0.997691 6.51820e-2 -1.90708e-2
vn 0.997568 6.42976e-2 -2.69203e-2
vn 0.997387 6.21154e-2 -3.68847e-2
vn -5.25161e-2 -0.981137 0.186044
vn -5.25161e-2 -0.981137 0.186044
vn -5.11662e-17 -0.120485 0.992715
vn -0.981395 0.191894 -6.36774e-3
vn -0.981395 0.191894 -6.36774e-3
vn 3.10911e-4 0.999981 6.17308e-3
vn 3.10911e-4 0.999981 6.17308e-3
vn 9.62778e-17 -0.984166 0.177250
vn 9.62778e-17 -0.984166 0.177250
vn -5.11662e-17 -0.120485 0.992715
vn 1.08420e-19 -0.902164 -0.431393
vn 1.08420e-19 -0.902164 -0.431393
vn -1.23260e-31 1.00000 0.00000e+0
vn -1.23260e-31 1.00000 0.00000e+0
vn -0.985896 0.163916 -3.37661e-2
vn -0.985896 0.163916 -3.37661e-2
vn 3.10892e-4 0.999995 -3.09703e-3
vn 3.10892e-4 0.999995 -3.09703e-3
vn -0.510287 0.682858 0.522792
vn -0.510287 0.682858 0.522792
vn -0.510287 0.682858 0.522792
vn -0.114360 -0.869389 0.480713
vn -0.114360 -0.869389 0.480713
vn -0.114360 -0.869389 0.480713
vn -0.114360 -0.869389 0.480713
vn -0.129041 -0.886300 -0.444770
vn -0.129041 -0.886300 -0.444770
vn -8.18554e-17 0.999441 -3.34191e-2
vn -8.18554e-17 0.999441 -3.34191e-2
vn 7.39563e-4 0.999996 -2.85829e-3
vn 7.39563e-4 0.999996 -2.85829e-3
vn -0.221246 -0.124409 0.967250
vn -0.221246 -0.124409 0.967250
vn -1.31891e-17 0.999852 1.72232e-2
vn -1.31891e-17 0.999852 1.72232e-2
vn 0.00000e+0 4.29434e-3 -0.999991
vn 0.00000e+0 4.29434e-3 -0.999991
vn -5.62289e-2 -0.899404 -0.433487
vn -5.62289e-2 -0.899404 -0.433487
vn 0.00000e+0 1.00000 5.75939e-16
vn 0.00000e+0 1.00000 5.75939e-16
vn -0.410196 -0.824758 -0.389248
vn -0.410196 -0.824758 -0.389248
vn -8.18877e-17 0.999731 -2.31768e-2
vn -8.18877e-17 0.999731 -2.31768e-2
vn -0.485130 -0.813135 -0.321654
vn -0.485130 -0.813135 -0.321654
vn 0.00000e+0 0.993378 -0.114891
vn 0.00000e+0 0.993378 -0.114891
vn -0.569403 -0.789728 -0.228277
vn -0.569403 -0.789728 -0.228277
vn -0.569403 -0.789728 -0.228277
vn 0.00000e+0 0.867678 -0.497127
vn 0.00000e+0 0.867678 -0.497127
vn -0.944671 -0.317204 -8.35308e-2
vn -0.944671 -0.317204 -8.35308e-2
vn -5.35972e-4 0.366137 -0.930561
vn -5.35972e-4 0.366137 -0.930561
vn -0.977591 0.208686 2.76623e-2
vn -0.977591 0.208686 2.76623e-2
vn -2.85852e-4 3.21818e-2 -0.999482
vn -2.85852e-4 3.21818e-2 -0.999482
vn -0.946410 0.312004 -8.34386e-2
vn -0.946410 0.312004 -8.34386e-2
vn 0.00000e+0 -0.616956 -0.786998
vn 0.00000e+0 -0.616956 -0.786998
vn -0.989002 0.131911 -6.68950e-2
vn -1.64291e-16 0.689906 -0.723899
vn -1.64291e-16 0.689906 -0.723899
vn -0.985580 0.166315 3.11745e-2
vn -0.985580 0.166315 3.11745e-2
vn -1.58455e-3 -2.94497e-2 -0.999565
vn -1.58455e-3 -2.94497e-2 -0.999565
vn -1.06197e-17 0.999852 1.72232e-2
vn -1.06197e-17 0.999852 1.72232e-2
vn 0.00000e+0 4.29434e-3 -0.999991
vn 0.00000e+0 4.29434e-3 -0.999991
vn -1.59788e-4 0.999998 -1.79234e-3
vn -1.59788e-4 0.999998 -1.79234e-3
vn 0.203992 -0.124888 0.970974
vn 0.203992 -0.124888 0.970974
vn -0.983877 0.157823 -8.41265e-2
vn -0.983877 0.157823 -8.41265e-2
vn -8.75959e-17 -4.67460e-2 -0.998907
vn -8.75959e-17 -4.67460e-2 -0.998907
vn -0.935452 0.353074 -1.64125e-2
vn -0.935452 0.353074 -1.64125e-2
vn 0.00000e+0 -0.566566 -0.824016
vn 0.00000e+0 -0.566566 -0.824016
vn -0.988409 0.150815 1.74190e-2
vn -0.988409 0.150815 1.74190e-2
vn -1.37776e-3 -2.07686e-2 -0.999783
vn -1.37776e-3 -2.07686e-2 -0.999783
vn 5.25161e-2 -0.981137 0.186044
vn 5.25161e-2 -0.981137 0.186044
vn -5.11662e-17 -0.120485 0.992715
vn 0.981395 0.191894 -6.36774e-3
vn 0.981395 0.191894 -6.36774e-3
vn -2.94926e-4 0.999981 6.17403e-3
vn -2.94926e-4 0.999981 6.17403e-3
vn 0.985896 0.163916 -3.37661e-2
vn 0.985896 0.163916 -3.37661e-2
vn -2.94909e-4 0.999995 -3.09607e-3
vn -2.94909e-4 0.999995 -3.09607e-3
vn 0.510287 0.682858 0.522792
vn 0.510287 0.682858 0.522792
vn 0.510287 0.682858 0.522792
vn 0.114360 -0.869389 0.480713
vn 0.114360 -0.869389 0.480713
vn 0.114360 -0.869389 0.480713
vn 0.114360 -0.869389 0.480713
vn 0.129041 -0.886300 -0.444770
vn 0.129041 -0.886300 -0.444770
vn 8.18554e-17 0.999441 -3.34191e-2
vn 8.18554e-17 0.999441 -3.34191e-2
vn -7.10492e-4 0.999996 -2.79377e-3
vn -7.10492e-4 0.999996 -2.79377e-3
vn 0.197899 -0.125047 0.972214
vn 0.197899 -0.125047 0.972214
vn -3.58198e-18 0.900886 -0.434055
vn -3.58198e-18 0.900886 -0.434055
vn 0.00000e+0 4.29434e-3 -0.999991
vn -3.58198e-18 0.900886 -0.434055
vn 5.62289e-2 -0.899404 -0.433487
vn 5.62289e-2 -0.899404 -0.433487
vn 1.02018e-16 1.00000 -1.15188e-16
vn 1.02018e-16 1.00000 -1.15188e-16
vn 0.410196 -0.824758 -0.389248
vn 0.410196 -0.824758 -0.389248
vn 8.18877e-17 0.999731 -2.31768e-2
vn 8.18877e-17 0.999731 -2.31768e-2
vn 0.485130 -0.813135 -0.321654
vn 0.485130 -0.813135 -0.321654
vn 0.00000e+0 0.993378 -0.114891
vn 0.00000e+0 0.993378 -0.114891
vn 0.569403 -0.789728 -0.228277
vn 0.569403 -0.789728 -0.228277
vn 0.569403 -0.789728 -0.228277
vn 0.00000e+0 0.867678 -0.497127
vn 0.00000e+0 0.867678 -0.497127
vn 0.944671 -0.317204 -8.35308e-2
vn 0.944671 -0.317204 -8.35308e-2
vn -1.24445e-18 0.368470 -0.929640
vn -1.24445e-18 0.368470 -0.929640
vn 0.977591 0.208686 2.76623e-2
vn 0.977591 0.208686 2.76623e-2
vn 8.12063e-19 3.01622e-2 -0.999545
vn 8.12063e-19 3.01622e-2 -0.999545
vn 0.946410 0.312004 -8.34386e-2
vn 0.946410 0.312004 -8.34386e-2
vn 0.00000e+0 -0.616956 -0.786998
vn 0.00000e+0 -0.616956 -0.786998
vn 0.989002 0.131911 -6.68950e-2
vn 1.64247e-16 0.689906 -0.723899
vn 1.64247e-16 0.689906 -0.723899
vn 0.985580 0.166315 3.11745e-2
vn 0.985580 0.166315 3.11745e-2
vn -2.15709e-18 -2.70399e-2 -0.999634
vn -2.15709e-18 -2.70399e-2 -0.999634
vn -5.89206e-18 0.900886 -0.434055
vn -5.89206e-18 0.900886 -0.434055
vn -5.89206e-18 0.900886 -0.434055
vn 0.00000e+0 4.29434e-3 -0.999991
vn 1.43974e-4 0.999998 -1.75419e-3
vn 1.43974e-4 0.999998 -1.75419e-3
vn -0.183174 -0.125412 0.975048
vn -0.183174 -0.125412 0.975048
vn 0.983877 0.157823 -8.41265e-2
vn 0.983877 0.157823 -8.41265e-2
vn 8.75959e-17 -4.67460e-2 -0.998907
vn 8.75959e-17 -4.67460e-2 -0.998907
vn 0.935452 0.353074 -1.64125e-2
vn 0.935452 0.353074 -1.64125e-2
vn 0.00000e+0 -0.566566 -0.824016
vn 0.00000e+0 -0.566566 -0.824016
vn 0.988409 0.150815 1.74190e-2
vn 0.988409 0.150815 1.74190e-2
vn -2.01523e-19 -2.28868e-2 -0.999738
vn -2.01523e-19 -2.28868e-2 -0.999738
vn 1.39308e-3 -1.87457e-2 -0.999823
vn 1.39308e-3 -1.87457e-2 -0.999823
vn 1.39308e-3 -1.87457e-2 -0.999823
vn -0.692501 -0.642433 -0.328211
vn -0.692501 -0.642433 -0.328211
vn 1.51247e-3 -3.00698e-2 -0.999547
vn 1.51247e-3 -3.00698e-2 -0.999547
vn 1.51247e-3 -3.00698e-2 -0.999547
vn -0.693353 0.720268 -2.18322e-2
vn -0.693353 0.720268 -2.18322e-2
vn 1.51984e-3 -0.902163 -0.431392
vn -7.47469e-16 1.00000 0.00000e+0
vn -7.47469e-16 1.00000 0.00000e+0
vn -1.51984e-3 -0.902163 -0.431392
vn -1.76553e-16 1.00000 0.00000e+0
vn -1.76553e-16 1.00000 0.00000e+0
vn -1.51984e-3 -0.902163 -0.431392
vn 1.02018e-16 1.00000 0.00000e+0
vn 1.02018e-16 1.00000 0.00000e+0
vn 1.51984e-3 -0.902163 -0.431392
vn -9.24022e-16 1.00000 0.00000e+0
vn -9.24022e-16 1.00000 0.00000e+0
vn -0.989002 0.131911 -6.68950e-2
vn -2.37969e-16 0.999999 -1.31626e-3
vn -2.37969e-16 0.999999 -1.31626e-3
vn 0.989002 0.131911 -6.68950e-2
vn 8.64652e-17 0.999999 -1.31626e-3
vn 8.64652e-17 0.999999 -1.31626e-3
vn 0.987789 0.123652 9.47835e-2
vn 0.987789 0.123652 9.47835e-2
vn -1.96473e-17 0.731158 0.682208
vn -1.96473e-17 0.731158 0.682208
vn 0.616898 0.485932 -0.619118
vn 0.616898 0.485932 -0.619118
vn 0.616898 0.485932 -0.619118
vn 0.616898 0.485932 -0.619118
vn -0.968686 0.248195 -6.84720e-3
vn -0.968686 0.248195 -6.84720e-3
vn -7.10492e-4 0.999990 -4.33306e-3
vn -7.10492e-4 0.999990 -4.33306e-3
vn -0.970530 0.240951 3.60732e-3
vn -0.970530 0.240951 3.60732e-3
vn 9.79603e-17 0.999981 6.19159e-3
vn 9.79603e-17 0.999981 6.19159e-3
vn -0.616898 0.485932 -0.619118
vn -0.616898 0.485932 -0.619118
vn -0.616898 0.485932 -0.619118
vn -0.616898 0.485932 -0.619118
vn 0.968686 0.248195 -6.84720e-3
vn 7.39563e-4 0.999990 -4.38303e-3
vn 7.39563e-4 0.999990 -4.38303e-3
vn 0.968686 0.248195 -6.84720e-3
vn 0.970530 0.240951 3.60732e-3
vn 0.970530 0.240951 3.60732e-3
vn -2.72456e-17 0.999981 6.19159e-3
vn -2.72456e-17 0.999981 6.19159e-3
vn -0.987789 0.123652 9.47835e-2
vn -0.987789 0.123652 9.47835e-2
vn 1.96473e-17 0.731158 0.682208
vn 1.96473e-17 0.731158 0.682208
vn -0.947609 0.243772 -0.206430
vn -7.32400e-4 0.999998 -1.66409e-3
vn -7.32400e-4 0.999998 -1.66409e-3
vn -0.947609 0.243772 -0.206430
vn 0.947609 0.243772 -0.206430
vn 7.61471e-4 0.999998 -1.71406e-3
vn 7.61471e-4 0.999998 -1.71406e-3
vn 0.947609 0.243772 -0.206430
vn -0.389377 0.380673 0.838734
vn -0.389377 0.380673 0.838734
vn -0.389377 0.380673 0.838734
vn -0.389377 0.380673 0.838734
vn 0.389377 0.380673 0.838734
vn 0.389377 0.380673 0.838734
vn 0.389377 0.380673 0.838734
vn 0.389377 0.380673 0.838734
vn -0.984217 6.42055e-3 0.176847
vn 1.40499e-18 8.63565e-2 0.996264
vn -0.984217 6.42055e-3 0.176847
vn 1.40499e-18 8.63565e-2 0.996264
vn -0.985077 5.48334e-3 0.172029
vn -0.985077 5.48334e-3 0.172029
vn 0.00000e+0 8.63565e-2 0.996264
vn 0.00000e+0 8.63565e-2 0.996264
vn -0.986072 3.86360e-3 0.166276
vn -0.986072 3.86360e-3 0.166276
vn 0.00000e+0 8.63565e-2 0.996264
vn 0.00000e+0 8.63565e-2 0.996264
vn -0.987166 3.21246e-3 0.159666
vn -0.987166 3.21246e-3 0.159666
vn 0.00000e+0 8.63565e-2 0.996264
vn 0.00000e+0 8.63565e-2 0.996264
vn -0.988224 2.62243e-3 0.152991
vn -0.988224 2.62243e-3 0.152991
vn 0.00000e+0 8.63565e-2 0.996264
vn 0.00000e+0 8.63565e-2 0.996264
vn -0.989239 2.03104e-3 0.146294
vn -0.989239 2.03104e-3 0.146294
vn 0.00000e+0 8.63565e-2 0.996264
vn 0.00000e+0 8.63565e-2 0.996264
vn 0.989239 2.03104e-3 0.146294
vn 0.00000e+0 8.63565e-2 0.996264
vn 0.989239 2.03104e-3 0.146294
vn 0.00000e+0 8.63565e-2 0.996264
vn 0.988224 2.62243e-3 0.152991
vn 0.988224 2.62243e-3 0.152991
vn 0.00000e+0 8.63565e-2 0.996264
vn 0.00000e+0 8.63565e-2 0.996264
vn 0.987166 3.21246e-3 0.159666
vn 0.987166 3.21246e-3 0.159666
vn 0.00000e+0 8.63565e-2 0.996264
vn 0.00000e+0 8.63565e-2 0.996264
vn 0.986072 3.86360e-3 0.166276
vn 0.986072 3.86360e-3 0.166276
vn 0.00000e+0 8.63565e-2 0.996264
vn 0.00000e+0 8.63565e-2 0.996264
vn 0.985077 5.48334e-3 0.172029
vn 0.985077 5.48334e-3 0.172029
vn 0.00000e+0 8.63565e-2 0.996264
vn 0.00000e+0 8.63565e-2 0.996264
vn 0.984217 6.42055e-3 0.176847
vn 0.984217 6.42055e-3 0.176847
vn -1.40499e-18 8.63565e-2 0.996264
vn -1.40499e-18 8.63565e-2 0.996264
vn 3.10911e-4 0.999981 6.17308e-3
vn 3.10911e-4 0.999981 6.17308e-3
vn 0.872850 2.15137e-2 -0.487514
vn 0.872850 2.15137e-2 -0.487514
vn 0.872850 2.15137e-2 -0.487514
vn 1.00736e-4 0.999996 -2.66249e-3
vn 1.00736e-4 0.999996 -2.66249e-3
vn 1.00736e-4 0.999996 -2.66249e-3
vn 0.843528 -6.92475e-2 0.532603
vn 0.843528 -6.92475e-2 0.532603
vn -2.94926e-4 0.999981 6.17403e-3
vn -2.94926e-4 0.999981 6.17403e-3
vn -0.878521 1.66697e-2 -0.477412
vn -0.878521 1.66697e-2 -0.477412
vn -0.878521 1.66697e-2 -0.477412
vn -1.00623e-4 0.999996 -2.64612e-3
vn -1.00623e-4 0.999996 -2.64612e-3
vn -1.00623e-4 0.999996 -2.64612e-3
vn -0.837798 -7.10108e-2 0.541342
vn -0.837798 -7.10108e-2 0.541342
vn -7.10492e-4 0.999990 -4.33306e-3
vn -7.10492e-4 0.999990 -4.33306e-3
vn 0.846034 -7.09881e-2 0.528382
vn 0.846034 -7.09881e-2 0.528382
vn 9.79603e-17 0.999981 6.19159e-3
vn 9.79603e-17 0.999981 6.19159e-3
vn 0.879447 1.31622e-2 -0.475815
vn 0.879447 1.31622e-2 -0.475815
vn 0.879447 1.31622e-2 -0.475815
vn 7.39563e-4 0.999990 -4.38303e-3
vn 7.39563e-4 0.999990 -4.38303e-3
vn -0.852956 -6.81885e-2 0.517509
vn -0.852956 -6.81885e-2 0.517509
vn -2.72456e-17 0.999981 6.19159e-3
vn -2.72456e-17 0.999981 6.19159e-3
vn -0.874028 1.69362e-2 -0.485580
vn -0.874028 1.69362e-2 -0.485580
vn -0.874028 1.69362e-2 -0.485580
vn -1.00737e-2 -0.123457 -0.992299
vn 0.00000e+0 4.29434e-3 -0.999991
vn -1.00737e-2 -0.123457 -0.992299
vn -1.00737e-2 -0.123457 -0.992299
vn 0.00000e+0 4.29434e-3 -0.999991
vn 9.47067e-3 -0.123504 -0.992299
vn 9.47067e-3 -0.123504 -0.992299
vn 9.47067e-3 -0.123504 -0.992299
vn 6.21784e-4 0.999988 -4.87778e-3
vn 0.997305 2.34870e-2 -6.95067e-2
vn 0.997305 2.34870e-2 -6.95067e-2
vn -5.89817e-4 0.999988 -4.87587e-3
vn -0.997652 1.87035e-2 -6.58908e-2
vn -0.997652 1.87035e-2 -6.58908e-2
vn 1.69531e-16 0.999988 -4.84076e-3
vn 0.997853 1.34028e-2 -6.41062e-2
vn 0.997853 1.34028e-2 -6.41062e-2
vn -2.81098e-17 0.999988 -4.84076e-3
vn -0.997595 1.75189e-2 -6.70578e-2
vn -0.997595 1.75189e-2 -6.70578e-2
vn -1.37776e-3 -2.07686e-2 -0.999783
vn -1.37776e-3 -2.07686e-2 -0.999783
vn 0.668419 -0.667572 -0.327970
vn 0.668419 -0.667572 -0.327970
vn -1.58455e-3 -2.94497e-2 -0.999565
vn -1.58455e-3 -2.94497e-2 -0.999565
vn 0.716366 0.696910 -3.37161e-2
vn 0.716366 0.696910 -3.37161e-2
vn -4.24725e-2 -0.999097 1.13111e-3
vn -4.24725e-2 -0.999097 1.13111e-3
vn 3.92146e-2 -8.11888e-4 -0.999230
vn 0.00000e+0 -0.997983 6.34813e-2
vn 0.00000e+0 -0.997983 6.34813e-2
vn 3.92146e-2 -8.11888e-4 -0.999230
vn -7.29549e-2 -0.995455 -6.12202e-2
vn -7.22162e-3 -0.360249 0.932828
vn -0.908188 2.89701e-2 -0.417559
vn -7.29549e-2 -0.995455 -6.12202e-2
vn -0.522758 1.69394e-2 -0.852313
vn -0.522758 1.69394e-2 -0.852313
vn -4.09921e-4 -0.993781 -0.111354
vn 1.00181e-3 -7.01343e-2 0.997537
vn -0.998261 5.87742e-2 -4.49754e-3
vn -1.88430e-4 -0.992916 -0.118816
vn 2.04049e-3 -7.47524e-2 0.997200
vn -0.998473 5.51061e-2 3.81479e-3
vn -1.42908e-4 -0.992971 -0.118357
vn 5.88561e-4 -0.103135 0.994667
vn -0.998231 5.83206e-2 -1.15204e-2
vn 1.34078e-4 -0.996448 -8.42084e-2
vn -0.895960 -0.320902 0.307048
vn -0.895960 -0.320902 0.307048
vn -0.895960 -0.320902 0.307048
vn 2.36305e-3 -0.858539 0.512743
vn -3.71177e-4 -0.996439 -8.43202e-2
vn -3.71177e-4 -0.996439 -8.43202e-2
vn 2.36305e-3 -0.858539 0.512743
vn 3.71377e-3 -0.859482 0.511153
vn 3.71377e-3 -0.859482 0.511153
vn -6.17180e-4 -0.996385 -8.49491e-2
vn -6.17180e-4 -0.996385 -8.49491e-2
vn 4.33685e-19 -0.863155 0.504940
vn 0.00000e+0 -0.996341 -8.54664e-2
vn 4.33685e-19 -0.863155 0.504940
vn 0.00000e+0 -0.996341 -8.54664e-2
vn -1.35525e-20 -0.993030 -0.117858
vn 5.42101e-20 -9.82073e-2 0.995166
vn -1.35525e-20 -0.993030 -0.117858
vn 5.42101e-20 -9.82073e-2 0.995166
vn 0.00000e+0 -0.992874 -0.119168
vn -3.03577e-18 -7.61904e-2 0.997093
vn 0.00000e+0 -0.992874 -0.119168
vn -3.03577e-18 -7.61904e-2 0.997093
vn 0.00000e+0 -0.993964 -0.109704
vn -5.63785e-18 -6.91800e-2 0.997604
vn 0.00000e+0 -0.993964 -0.109704
vn -5.63785e-18 -6.91800e-2 0.997604
vn 0.00000e+0 -0.996065 -8.86240e-2
vn 0.00000e+0 -8.74254e-2 0.996171
vn 0.00000e+0 -0.996065 -8.86240e-2
vn 0.00000e+0 -8.74254e-2 0.996171
vn 0.00000e+0 -0.994121 -0.108279
vn 9.97471e-18 -0.161121 0.986935
vn 0.00000e+0 -0.994121 -0.108279
vn 9.97471e-18 -0.161121 0.986935
vn 0.00000e+0 -0.994443 -0.105280
vn -4.98735e-18 -9.15552e-2 0.995800
vn 0.00000e+0 -0.994443 -0.105280
vn -4.98735e-18 -9.15552e-2 0.995800
vn 0.00000e+0 -0.997983 6.34813e-2
vn -8.67460e-19 -0.119484 0.992836
vn 0.00000e+0 -0.997983 6.34813e-2
vn -8.67460e-19 -0.119484 0.992836
vn -1.96202e-4 -0.996225 -8.68035e-2
vn 6.81470e-3 -8.27625e-2 0.996546
vn -0.998474 5.50130e-2 -4.91434e-3
vn 7.26545e-5 -0.993934 -0.109980
vn -3.21229e-3 -0.169020 0.985607
vn -0.999996 6.13654e-5 -2.91073e-3
vn -1.72217e-3 -0.994273 -0.106854
vn 2.66955e-3 -8.66341e-2 0.996237
vn -0.998735 4.99320e-2 -5.92361e-3
vn -6.06159e-4 -0.994359 -0.106067
vn -6.06159e-4 -0.994359 -0.106067
vn 2.66897e-3 -8.90948e-2 0.996020
vn 2.66897e-3 -8.90948e-2 0.996020
vn 7.20927e-5 -0.994028 -0.109130
vn 7.20927e-5 -0.994028 -0.109130
vn -3.21447e-3 -0.165071 0.986276
vn -3.21447e-3 -0.165071 0.986276
vn -1.98259e-4 -0.996146 -8.77138e-2
vn -1.98259e-4 -0.996146 -8.77138e-2
vn 6.81335e-3 -8.50932e-2 0.996350
vn 6.81335e-3 -8.50932e-2 0.996350
vn -4.06883e-4 -0.993873 -0.110529
vn -4.06883e-4 -0.993873 -0.110529
vn 1.00184e-3 -6.96571e-2 0.997570
vn 1.00184e-3 -6.96571e-2 0.997570
vn -1.88710e-4 -0.992895 -0.118992
vn -1.88710e-4 -0.992895 -0.118992
vn 2.04038e-3 -7.54713e-2 0.997146
vn 2.04038e-3 -7.54713e-2 0.997146
vn -1.42607e-4 -0.993001 -0.118107
vn -1.42607e-4 -0.993001 -0.118107
vn 2.17954e-3 -0.100362 0.994949
vn 2.17954e-3 -0.100362 0.994949
vn 2.17954e-3 -0.100362 0.994949
vn -4.24725e-2 -0.999097 1.13111e-3
vn -4.24725e-2 -0.999097 1.13111e-3
vn -1.12351e-2 -0.241729 0.970279
vn -1.12351e-2 -0.241729 0.970279
vn 6.47164e-3 -0.911586 0.411058
vn 6.47164e-3 -0.911586 0.411058
vn -0.997188 5.51002e-2 -5.07999e-2
vn -0.997188 5.51002e-2 -5.07999e-2
vn 3.53616e-3 -0.859927 0.510405
vn 3.53616e-3 -0.859927 0.510405
vn -0.996960 5.80127e-2 -5.20079e-2
vn -0.996960 5.80127e-2 -5.20079e-2
vn 4.91682e-4 -0.865489 0.500928
vn 4.91682e-4 -0.865489 0.500928
vn -0.997416 5.75336e-2 -4.30145e-2
vn -0.997416 5.75336e-2 -4.30145e-2
vn 1.02991e-3 -0.868683 0.495368
vn 1.02991e-3 -0.868683 0.495368
vn -0.998383 5.67151e-2 -3.85295e-3
vn -0.998383 5.67151e-2 -3.85295e-3
vn 6.70016e-4 -0.861448 0.507846
vn 6.70016e-4 -0.861448 0.507846
vn -0.997489 6.58307e-2 2.61148e-2
vn -0.997489 6.58307e-2 2.61148e-2
vn -0.999228 3.83961e-2 -8.26940e-3
vn -1.62146e-3 -0.867927 0.496689
vn -1.62146e-3 -0.867927 0.496689
vn -0.999228 3.83961e-2 -8.26940e-3
vn -0.999228 3.83961e-2 -8.26940e-3
vn 1.41212e-3 -0.860228 0.509908
vn 1.41212e-3 -0.860228 0.509908
vn -0.998581 3.77940e-2 -3.75163e-2
vn -0.998581 3.77940e-2 -3.75163e-2
vn -0.998581 3.77940e-2 -3.75163e-2
vn 0.467438 -0.828756 0.307677
vn 0.467438 -0.828756 0.307677
vn -0.992978 -2.34309e-2 0.115955
vn -0.992978 -2.34309e-2 0.115955
vn 0.577982 -0.362784 0.730975
vn 0.577982 -0.362784 0.730975
vn 0.577982 -0.362784 0.730975
vn -0.685451 0.727757 -2.29518e-2
vn -0.685451 0.727757 -2.29518e-2
vn -0.685451 0.727757 -2.29518e-2
vn -0.685451 0.727757 -2.29518e-2
vn -1.32582e-2 0.999269 3.58670e-2
vn -1.32582e-2 0.999269 3.58670e-2
vn -0.998229 5.94802e-2 8.66811e-4
vn -0.998229 5.94802e-2 8.66811e-4
vn -2.07433e-2 0.999262 3.23221e-2
vn -2.07433e-2 0.999262 3.23221e-2
vn -0.997846 6.55945e-2 1.17024e-3
vn -0.997846 6.55945e-2 1.17024e-3
vn -2.22593e-2 0.999350 2.83526e-2
vn -2.22593e-2 0.999350 2.83526e-2
vn -0.997760 6.65262e-2 7.00000e-3
vn -0.997760 6.65262e-2 7.00000e-3
vn -0.600068 0.619478 0.506128
vn -0.600068 0.619478 0.506128
vn -0.600068 0.619478 0.506128
vn 0.591919 -0.279821 0.755865
vn 0.591919 -0.279821 0.755865
vn 0.591919 -0.279821 0.755865
vn 0.591919 -0.279821 0.755865
vn 1.48022e-2 -0.858963 0.511824
vn 0.467438 -0.828756 0.307677
vn 1.48022e-2 -0.858963 0.511824
vn 0.467438 -0.828756 0.307677
vn 1.48022e-2 -0.858963 0.511824
vn -0.702352 -0.562795 0.435848
vn 3.10506e-2 -0.871160 0.490017
vn -0.702352 -0.562795 0.435848
vn -0.702352 -0.562795 0.435848
vn -0.702352 -0.562795 0.435848
vn 1.94791e-3 -0.242782 0.970079
vn 1.94791e-3 -0.242782 0.970079
vn -0.998473 5.51061e-2 3.81479e-3
vn 7.83594e-4 -0.259226 0.965816
vn 7.83594e-4 -0.259226 0.965816
vn -0.998231 5.83206e-2 -1.15204e-2
vn 2.85366e-3 -0.472820 0.881155
vn 2.85366e-3 -0.472820 0.881155
vn -0.964487 4.51999e-2 -0.260233
vn -0.964487 4.51999e-2 -0.260233
vn 6.50879e-3 -0.233197 0.972408
vn 6.50879e-3 -0.233197 0.972408
vn -0.997057 5.61294e-2 -5.22161e-2
vn -0.997057 5.61294e-2 -5.22161e-2
vn 1.00218e-3 -0.234082 0.972216
vn 1.00218e-3 -0.234082 0.972216
vn -0.997122 5.93585e-2 -4.71663e-2
vn -0.997122 5.93585e-2 -4.71663e-2
vn -0.999996 4.02102e-4 -2.93297e-3
vn -2.86710e-3 -0.302273 0.953217
vn -2.86710e-3 -0.302273 0.953217
vn -0.999996 4.02102e-4 -2.93297e-3
vn 2.45488e-3 -0.236331 0.971670
vn 2.45488e-3 -0.236331 0.971670
vn -0.997382 5.27229e-2 -4.94938e-2
vn -0.997382 5.27229e-2 -4.94938e-2
vn 4.24725e-2 -0.999097 1.13111e-3
vn 4.24725e-2 -0.999097 1.13111e-3
vn 3.92146e-2 -8.11888e-4 -0.999230
vn 7.29549e-2 -0.995455 -6.12202e-2
vn 0.494990 -0.850238 -0.179110
vn 7.22162e-3 -0.360249 0.932828
vn 0.494990 -0.850238 -0.179110
vn 7.29549e-2 -0.995455 -6.12202e-2
vn 0.206457 3.61066e-2 -0.977789
vn 0.206457 3.61066e-2 -0.977789
vn 4.09921e-4 -0.993781 -0.111354
vn -1.00181e-3 -7.01343e-2 0.997537
vn 0.998377 5.54102e-2 -1.31829e-2
vn 1.88430e-4 -0.992916 -0.118816
vn -2.04049e-3 -7.47524e-2 0.997200
vn 0.998062 6.02961e-2 1.53974e-2
vn 1.42908e-4 -0.992971 -0.118357
vn -5.88561e-4 -0.103135 0.994667
vn 0.998059 6.21691e-2 -3.57392e-3
vn 0.725326 -0.662988 0.185337
vn -1.34078e-4 -0.996448 -8.42084e-2
vn 0.725326 -0.662988 0.185337
vn 0.725326 -0.662988 0.185337
vn 0.725326 -0.662988 0.185337
vn -2.36305e-3 -0.858539 0.512743
vn 3.71177e-4 -0.996439 -8.43202e-2
vn 3.71177e-4 -0.996439 -8.43202e-2
vn -2.36305e-3 -0.858539 0.512743
vn -3.71377e-3 -0.859482 0.511153
vn -3.71377e-3 -0.859482 0.511153
vn 6.17180e-4 -0.996385 -8.49491e-2
vn 6.17180e-4 -0.996385 -8.49491e-2
vn 1.96202e-4 -0.996225 -8.68035e-2
vn -6.81470e-3 -8.27625e-2 0.996546
vn 0.998474 5.50130e-2 -4.91434e-3
vn -7.26545e-5 -0.993934 -0.109980
vn 3.21229e-3 -0.169020 0.985607
vn 0.999996 6.13654e-5 -2.91073e-3
vn 1.72217e-3 -0.994273 -0.106854
vn -2.66955e-3 -8.66341e-2 0.996237
vn 0.998463 5.40816e-2 -1.20812e-2
vn 6.06159e-4 -0.994359 -0.106067
vn 6.06159e-4 -0.994359 -0.106067
vn -2.66897e-3 -8.90948e-2 0.996020
vn -2.66897e-3 -8.90948e-2 0.996020
vn -7.20927e-5 -0.994028 -0.109130
vn -7.20927e-5 -0.994028 -0.109130
vn 3.21447e-3 -0.165071 0.986276
vn 3.21447e-3 -0.165071 0.986276
vn 1.98259e-4 -0.996146 -8.77138e-2
vn 1.98259e-4 -0.996146 -8.77138e-2
vn -6.81335e-3 -8.50932e-2 0.996350
vn -6.81335e-3 -8.50932e-2 0.996350
vn 4.06883e-4 -0.993873 -0.110529
vn 4.06883e-4 -0.993873 -0.110529
vn -1.00184e-3 -6.96571e-2 0.997570
vn -1.00184e-3 -6.96571e-2 0.997570
vn 1.88710e-4 -0.992895 -0.118992
vn 1.88710e-4 -0.992895 -0.118992
vn -2.04038e-3 -7.54713e-2 0.997146
vn -2.04038e-3 -7.54713e-2 0.997146
vn 1.42607e-4 -0.993001 -0.118107
vn 1.42607e-4 -0.993001 -0.118107
vn -2.17954e-3 -0.100362 0.994949
vn -2.17954e-3 -0.100362 0.994949
vn -2.17954e-3 -0.100362 0.994949
vn 4.24725e-2 -0.999097 1.13111e-3
vn 4.24725e-2 -0.999097 1.13111e-3
vn 1.12351e-2 -0.241729 0.970279
vn 1.12351e-2 -0.241729 0.970279
vn -6.47164e-3 -0.911586 0.411058
vn -6.47164e-3 -0.911586 0.411058
vn 0.996910 5.92288e-2 -5.15913e-2
vn 0.996910 5.92288e-2 -5.15913e-2
vn -3.53616e-3 -0.859927 0.510405
vn -3.53616e-3 -0.859927 0.510405
vn 0.996822 5.63177e-2 -5.63444e-2
vn 0.996822 5.63177e-2 -5.63444e-2
vn -4.91682e-4 -0.865489 0.500928
vn -4.91682e-4 -0.865489 0.500928
vn 0.998324 5.78592e-2 1.10735e-3
vn 0.998324 5.78592e-2 1.10735e-3
vn -1.02991e-3 -0.868683 0.495368
vn -1.02991e-3 -0.868683 0.495368
vn 0.996325 6.18754e-2 -5.92262e-2
vn 0.996325 6.18754e-2 -5.92262e-2
vn -6.70016e-4 -0.861448 0.507846
vn -6.70016e-4 -0.861448 0.507846
vn 0.997774 6.60921e-2 -8.83631e-3
vn 0.997774 6.60921e-2 -8.83631e-3
vn 0.999233 3.83079e-2 -8.09872e-3
vn 1.62146e-3 -0.867927 0.496689
vn 1.62146e-3 -0.867927 0.496689
vn 0.999233 3.83079e-2 -8.09872e-3
vn 0.999233 3.83079e-2 -8.09872e-3
vn -1.41212e-3 -0.860228 0.509908
vn -1.41212e-3 -0.860228 0.509908
vn 0.998847 3.59171e-2 -3.18483e-2
vn 0.998847 3.59171e-2 -3.18483e-2
vn 0.998847 3.59171e-2 -3.18483e-2
vn -0.467438 -0.828756 0.307677
vn 0.738263 -0.322290 0.592535
vn -0.467438 -0.828756 0.307677
vn 0.738263 -0.322290 0.592535
vn 0.738263 -0.322290 0.592535
vn -0.577982 -0.362784 0.730975
vn -0.577982 -0.362784 0.730975
vn -0.577982 -0.362784 0.730975
vn 0.688020 0.725533 -1.51819e-2
vn 0.688020 0.725533 -1.51819e-2
vn 0.688020 0.725533 -1.51819e-2
vn 0.688020 0.725533 -1.51819e-2
vn 1.32582e-2 0.999269 3.58670e-2
vn 1.32582e-2 0.999269 3.58670e-2
vn 0.998230 5.94668e-2 1.03823e-3
vn 0.998230 5.94668e-2 1.03823e-3
vn 2.07433e-2 0.999262 3.23221e-2
vn 2.07433e-2 0.999262 3.23221e-2
vn 0.997894 6.48318e-2 2.02812e-3
vn 0.997894 6.48318e-2 2.02812e-3
vn 2.22593e-2 0.999350 2.83526e-2
vn 2.22593e-2 0.999350 2.83526e-2
vn 0.997758 6.66398e-2 6.11189e-3
vn 0.997758 6.66398e-2 6.11189e-3
vn 0.600068 0.619478 0.506128
vn 0.600068 0.619478 0.506128
vn 0.600068 0.619478 0.506128
vn -0.591919 -0.279821 0.755865
vn -0.591919 -0.279821 0.755865
vn -0.591919 -0.279821 0.755865
vn -0.591919 -0.279821 0.755865
vn -1.48022e-2 -0.858963 0.511824
vn -0.467438 -0.828756 0.307677
vn -1.48022e-2 -0.858963 0.511824
vn -0.467438 -0.828756 0.307677
vn -1.48022e-2 -0.858963 0.511824
vn 3.70005e-2 -0.863735 0.502586
vn 3.70005e-2 -0.863735 0.502586
vn 3.70005e-2 -0.863735 0.502586
vn -3.10506e-2 -0.871160 0.490017
vn 3.70005e-2 -0.863735 0.502586
vn -1.94791e-3 -0.242782 0.970079
vn -1.94791e-3 -0.242782 0.970079
vn 0.996899 6.09724e-2 -4.97543e-2
vn 0.996899 6.09724e-2 -4.97543e-2
vn -7.83594e-4 -0.259226 0.965816
vn -7.83594e-4 -0.259226 0.965816
vn 0.997268 6.04249e-2 -4.24877e-2
vn 0.997268 6.04249e-2 -4.24877e-2
vn -2.85366e-3 -0.472820 0.881155
vn 0.939541 -0.311386 -0.142482
vn -2.85366e-3 -0.472820 0.881155
vn 0.939541 -0.311386 -0.142482
vn 0.939541 -0.311386 -0.142482
vn -6.50879e-3 -0.233197 0.972408
vn -6.50879e-3 -0.233197 0.972408
vn 0.997057 5.61294e-2 -5.22161e-2
vn 0.997057 5.61294e-2 -5.22161e-2
vn -1.00218e-3 -0.234082 0.972216
vn -1.00218e-3 -0.234082 0.972216
vn 0.998377 5.54102e-2 -1.31829e-2
vn 0.999996 4.02102e-4 -2.93297e-3
vn 2.86710e-3 -0.302273 0.953217
vn 2.86710e-3 -0.302273 0.953217
vn 0.999996 4.02102e-4 -2.93297e-3
vn -2.45488e-3 -0.236331 0.971670
vn -2.45488e-3 -0.236331 0.971670
vn 0.997643 5.23391e-2 -4.43752e-2
vn 0.997643 5.23391e-2 -4.43752e-2
vn 5.41527e-2 0.995666 -7.56070e-2
vn 5.41527e-2 0.995666 -7.56070e-2
vn -3.98209e-3 3.56858e-2 -0.999355
vn -3.98209e-3 3.56858e-2 -0.999355
vn 5.37611e-2 0.998215 -2.60207e-2
vn 5.37611e-2 0.998215 -2.60207e-2
vn -2.24762e-3 0.205073 0.978744
vn -2.24762e-3 0.205073 0.978744
vn 0.575214 0.816948 -4.15283e-2
vn 0.575214 0.816948 -4.15283e-2
vn -0.999822 -1.83465e-2 4.30627e-3
vn -0.999822 -1.83465e-2 4.30627e-3
vn -0.473880 0.879457 -4.46448e-2
vn -0.473880 0.879457 -4.46448e-2
vn 0.999719 -2.32660e-2 4.49069e-3
vn 0.999719 -2.32660e-2 4.49069e-3
vn 0.580968 0.812516 -4.78985e-2
vn 0.580968 0.812516 -4.78985e-2
vn -0.769476 0.111259 -0.628910
vn -0.769476 0.111259 -0.628910
vn 0.580896 0.813231 -3.48636e-2
vn 0.580896 0.813231 -3.48636e-2
vn -0.753137 0.220292 0.619884
vn -0.753137 0.220292 0.619884
vn -0.485179 0.873897 -3.00935e-2
vn -0.485179 0.873897 -3.00935e-2
vn 0.718982 0.236947 0.653392
vn 0.718982 0.236947 0.653392
vn -0.484794 0.872654 -5.87421e-2
vn -0.484794 0.872654 -5.87421e-2
vn 0.734019 0.122669 -0.667958
vn 0.734019 0.122669 -0.667958
vn -3.98209e-3 3.56858e-2 -0.999355
vn -3.98209e-3 3.56858e-2 -0.999355
vn -3.38791e-17 0.995689 -9.27527e-2
vn -2.24762e-3 0.205073 0.978744
vn -2.24762e-3 0.205073 0.978744
vn -3.38791e-17 0.995689 -9.27527e-2
vn -0.999822 -1.83465e-2 4.30627e-3
vn -0.999822 -1.83465e-2 4.30627e-3
vn -3.38791e-17 0.995689 -9.27527e-2
vn 0.999719 -2.32660e-2 4.49069e-3
vn 0.999719 -2.32660e-2 4.49069e-3
vn -3.38791e-17 0.995689 -9.27527e-2
vn 0.718982 0.236947 0.653392
vn 0.718982 0.236947 0.653392
vn -3.38791e-17 0.995689 -9.27527e-2
vn -0.753137 0.220292 0.619884
vn -0.753137 0.220292 0.619884
vn -3.38791e-17 0.995689 -9.27527e-2
vn 0.734019 0.122669 -0.667958
vn 0.734019 0.122669 -0.667958
vn -3.38791e-17 0.995689 -9.27527e-2
vn -0.769476 0.111259 -0.628910
vn -0.769476 0.111259 -0.628910
vn -3.38791e-17 0.995689 -9.27527e-2
vn 0.116482 0.219642 0.968602
vn 0.116482 0.219642 0.968602
vn -3.38791e-17 0.995689 -9.27527e-2
vn 0.998034 6.48693e-3 6.23313e-2
vn 0.998034 6.48693e-3 6.23313e-2
vn -3.38791e-17 0.995689 -9.27527e-2
vn -0.998697 5.57161e-3 5.07180e-2
vn -0.998697 5.57161e-3 5.07180e-2
vn -3.38791e-17 0.995689 -9.27527e-2
vn -0.140947 0.219456 0.965388
vn -0.140947 0.219456 0.965388
vn -3.38791e-17 0.995689 -9.27527e-2
vn 0.998361 -4.88672e-3 -5.70221e-2
vn 0.998361 -4.88672e-3 -5.70221e-2
vn -3.38791e-17 0.995689 -9.27527e-2
vn 0.151669 4.77846e-2 -0.987276
vn 0.151669 4.77846e-2 -0.987276
vn -3.38791e-17 0.995689 -9.27527e-2
vn -0.182759 4.83557e-2 -0.981968
vn -0.182759 4.83557e-2 -0.981968
vn -3.38791e-17 0.995689 -9.27527e-2
vn -0.998977 -3.65095e-3 -4.50778e-2
vn -0.998977 -3.65095e-3 -4.50778e-2
vn -3.38791e-17 0.995689 -9.27527e-2
vn -0.496240 0.868046 -1.55324e-2
vn 0.116482 0.219642 0.968602
vn 0.116482 0.219642 0.968602
vn -0.473940 0.879425 -4.46435e-2
vn 0.998034 6.48693e-3 6.23313e-2
vn 0.998034 6.48693e-3 6.23313e-2
vn 0.575156 0.816989 -4.15300e-2
vn -0.998697 5.57161e-3 5.07180e-2
vn -0.998697 5.57161e-3 5.07180e-2
vn 0.586583 0.809398 -2.81940e-2
vn -0.140947 0.219456 0.965388
vn -0.140947 0.219456 0.965388
vn -0.473820 0.879489 -4.46461e-2
vn 0.998361 -4.88672e-3 -5.70221e-2
vn 0.998361 -4.88672e-3 -5.70221e-2
vn -0.495590 0.865499 -7.28166e-2
vn 0.151669 4.77846e-2 -0.987276
vn 0.151669 4.77846e-2 -0.987276
vn 0.586612 0.808048 -5.42659e-2
vn -0.182759 4.83557e-2 -0.981968
vn -0.182759 4.83557e-2 -0.981968
vn 0.575271 0.816908 -4.15266e-2
vn -0.998977 -3.65095e-3 -4.50778e-2
vn -0.998977 -3.65095e-3 -4.50778e-2
vn 0.201880 0.260956 0.944006
vn 0.201880 0.260956 0.944006
vn -3.38791e-17 0.995689 -9.27527e-2
vn 0.999670 -1.78183e-2 1.85043e-2
vn 0.999670 -1.78183e-2 1.85043e-2
vn -3.38791e-17 0.995689 -9.27527e-2
vn -0.991780 5.67146e-2 0.114701
vn -0.991780 5.67146e-2 0.114701
vn -3.38791e-17 0.995689 -9.27527e-2
vn -6.61650e-2 0.207037 0.976093
vn -6.61650e-2 0.207037 0.976093
vn -3.38791e-17 0.995689 -9.27527e-2
vn 0.988550 4.59375e-2 -0.143734
vn 0.988550 4.59375e-2 -0.143734
vn -3.38791e-17 0.995689 -9.27527e-2
vn 8.62489e-2 3.52046e-2 -0.995651
vn 8.62489e-2 3.52046e-2 -0.995651
vn -3.38791e-17 0.995689 -9.27527e-2
vn -0.289249 9.28641e-2 -0.952739
vn -0.289249 9.28641e-2 -0.952739
vn -3.38791e-17 0.995689 -9.27527e-2
vn -0.999834 -1.65955e-2 -7.45534e-3
vn -0.999834 -1.65955e-2 -7.45534e-3
vn -3.38791e-17 0.995689 -9.27527e-2
vn 5.63173e-2 0.206371 0.976852
vn 5.63173e-2 0.206371 0.976852
vn -3.38791e-17 0.995689 -9.27527e-2
vn 0.987485 6.98264e-2 0.141414
vn 0.987485 6.98264e-2 0.141414
vn -3.38791e-17 0.995689 -9.27527e-2
vn -0.999782 -1.39508e-2 1.55396e-2
vn -0.999782 -1.39508e-2 1.55396e-2
vn -3.38791e-17 0.995689 -9.27527e-2
vn -0.247263 0.258136 0.933931
vn -0.247263 0.258136 0.933931
vn -3.38791e-17 0.995689 -9.27527e-2
vn 0.999727 -2.10478e-2 -1.01718e-2
vn 0.999727 -2.10478e-2 -1.01718e-2
vn -3.38791e-17 0.995689 -9.27527e-2
vn 0.237338 9.41465e-2 -0.966854
vn 0.237338 9.41465e-2 -0.966854
vn -3.38791e-17 0.995689 -9.27527e-2
vn -0.100841 3.65723e-2 -0.994230
vn -0.100841 3.65723e-2 -0.994230
vn -3.38791e-17 0.995689 -9.27527e-2
vn -0.992638 3.73544e-2 -0.115217
vn -0.992638 3.73544e-2 -0.115217
vn -3.38791e-17 0.995689 -9.27527e-2
vn -0.496240 0.868046 -1.55324e-2
vn 5.63173e-2 0.206371 0.976852
vn 5.63173e-2 0.206371 0.976852
vn -0.473940 0.879425 -4.46435e-2
vn 0.987485 6.98264e-2 0.141414
vn 0.987485 6.98264e-2 0.141414
vn 0.575156 0.816989 -4.15300e-2
vn -0.999782 -1.39508e-2 1.55396e-2
vn -0.999782 -1.39508e-2 1.55396e-2
vn 0.586583 0.809398 -2.81940e-2
vn -0.247263 0.258136 0.933931
vn -0.247263 0.258136 0.933931
vn -0.473820 0.879489 -4.46461e-2
vn 0.999727 -2.10478e-2 -1.01718e-2
vn 0.999727 -2.10478e-2 -1.01718e-2
vn -0.495590 0.865499 -7.28166e-2
vn 0.237338 9.41465e-2 -0.966854
vn 0.237338 9.41465e-2 -0.966854
vn 0.586612 0.808048 -5.42659e-2
vn -0.100841 3.65723e-2 -0.994230
vn -0.100841 3.65723e-2 -0.994230
vn 0.575271 0.816908 -4.15266e-2
vn -0.992638 3.73544e-2 -0.115217
vn -0.992638 3.73544e-2 -0.115217
vn -0.496240 0.868046 -1.55324e-2
vn 0.201880 0.260956 0.944006
vn 0.201880 0.260956 0.944006
vn -0.473940 0.879425 -4.46435e-2
vn 0.999670 -1.78183e-2 1.85043e-2
vn 0.999670 -1.78183e-2 1.85043e-2
vn 0.575156 0.816989 -4.15300e-2
vn -0.991780 5.67146e-2 0.114701
vn -0.991780 5.67146e-2 0.114701
vn 0.586583 0.809398 -2.81940e-2
vn -6.61650e-2 0.207037 0.976093
vn -6.61650e-2 0.207037 0.976093
vn -0.473820 0.879489 -4.46461e-2
vn 0.988550 4.59375e-2 -0.143734
vn 0.988550 4.59375e-2 -0.143734
vn -0.495590 0.865499 -7.28166e-2
vn 8.62489e-2 3.52046e-2 -0.995651
vn 8.62489e-2 3.52046e-2 -0.995651
vn 0.586612 0.808048 -5.42659e-2
vn -0.289249 9.28641e-2 -0.952739
vn -0.289249 9.28641e-2 -0.952739
vn 0.575271 0.816908 -4.15266e-2
vn -0.999834 -1.65955e-2 -7.45534e-3
vn -0.999834 -1.65955e-2 -7.45534e-3
vn -6.70630e-3 0.999310 3.65375e-2
vn -0.998411 5.63500e-2 5.54662e-4
vn -0.998411 5.63500e-2 5.54662e-4
vn -1.98094e-2 0.999184 3.51950e-2
vn -0.998032 6.27010e-2 7.12757e-4
vn -0.998032 6.27010e-2 7.12757e-4
vn -2.16769e-2 0.999331 2.94489e-2
vn -0.997760 6.68890e-2 1.23854e-3
vn -0.997760 6.68890e-2 1.23854e-3
vn -1.98094e-2 0.999184 3.51950e-2
vn -0.997932 6.42662e-2 8.82995e-4
vn -0.997932 6.42662e-2 8.82995e-4
vn -1.98094e-2 0.999184 3.51950e-2
vn -0.998136 6.10308e-2 5.09135e-4
vn -0.998136 6.10308e-2 5.09135e-4
vn -6.70630e-3 0.999310 3.65375e-2
vn -0.998317 5.79801e-2 7.70904e-4
vn -0.998317 5.79801e-2 7.70904e-4
vn -6.70630e-3 0.999310 3.65375e-2
vn -0.998497 5.47947e-2 6.92357e-4
vn -0.998497 5.47947e-2 6.92357e-4
vn -2.28417e-2 0.999367 2.72563e-2
vn -0.998659 3.72412e-2 3.59741e-2
vn -0.998659 3.72412e-2 3.59741e-2
vn -2.28417e-2 0.999367 2.72563e-2
vn -0.998603 5.14405e-2 1.21181e-2
vn -0.998603 5.14405e-2 1.21181e-2
vn -2.28417e-2 0.999367 2.72563e-2
vn -0.998072 6.07436e-2 1.27324e-2
vn -0.998072 6.07436e-2 1.27324e-2
vn 6.70630e-3 0.999310 3.65375e-2
vn 0.998414 5.62816e-2 9.39215e-4
vn 0.998414 5.62816e-2 9.39215e-4
vn 6.70630e-3 0.999310 3.65375e-2
vn 0.998319 5.79400e-2 1.10949e-3
vn 0.998319 5.79400e-2 1.10949e-3
vn 1.98094e-2 0.999184 3.51950e-2
vn 0.998001 6.31957e-2 4.96644e-4
vn 0.998001 6.31957e-2 4.96644e-4
vn 1.98094e-2 0.999184 3.51950e-2
vn 0.998136 6.10308e-2 5.09135e-4
vn 0.998136 6.10308e-2 5.09135e-4
vn 2.16769e-2 0.999331 2.94489e-2
vn 0.997879 6.50967e-2 6.41511e-4
vn 0.997879 6.50967e-2 6.41511e-4
vn 2.28417e-2 0.999367 2.72563e-2
vn 0.997017 6.97955e-2 -3.29375e-2
vn 0.997017 6.97955e-2 -3.29375e-2
vn 2.28417e-2 0.999367 2.72563e-2
vn 0.995655 9.23390e-2 1.20581e-2
vn 0.995655 9.23390e-2 1.20581e-2
vn 2.28417e-2 0.999367 2.72563e-2
vn 0.994288 6.88259e-2 8.15735e-2
vn 0.994288 6.88259e-2 8.15735e-2
vn 2.16769e-2 0.999331 2.94489e-2
vn 0.997829 6.58524e-2 -5.39601e-4
vn 0.997829 6.58524e-2 -5.39601e-4
vn 2.16769e-2 0.999331 2.94489e-2
vn 0.997737 6.72320e-2 -2.30562e-4
vn 0.997737 6.72320e-2 -2.30562e-4
g miura-interior_black-delete!
usemtl black-delete!
f 16/1162/12 39/1045/31 38/1027/30 48/1143/34
f 20/1035/16 11/1041/8 63/1054/45
f 37/1159/735 39/1045/31 16/1162/12 44/1191/750
f 38/1027/30 1/1037/1 9/1123/6 48/1143/34
f 38/1027/30 14/828/11 5/829/3 1/1037/1
f 39/1045/31 18/827/14 14/828/11 38/1027/30
f 43/1033/747 39/1045/31 37/1159/734
f 44/1191/751 16/1162/12 22/1203/18 45/1202/754
f 45/1202/755 22/1203/18 46/1230/759
f 47/1163/33 22/1203/18 16/1162/12
f 48/1143/34 47/1163/33 16/1162/12
f 55/600/37 11/1041/8 20/1035/16 26/545/22
f 56/763/38 17/1043/13 11/1041/8 55/600/37
f 57/1039/39 17/1043/13 56/763/38 59/794/41
f 58/1144/40 47/1163/33 48/1143/34 9/1123/6
f 62/1064/44 17/1043/13 57/1039/39 61/1076/43
f 63/1054/45 11/1041/8 17/1043/13 62/1064/44
f 65/528/47 26/545/22 20/1035/16 64/974/46
f 103/542/79 5/829/3 14/828/11 131/558/101
f 107/331/81 141/304/105 140/289/104 150/305/110
f 112/288/86 116/180/90 140/289/104
f 112/288/86 140/289/104 141/304/105
f 120/546/94 115/1036/89 109/1042/83 147/603/107
f 130/296/820 132/534/102 136/554/833
f 131/558/101 14/828/11 18/827/14 132/534/102
f 137/228/836 112/288/86 132/534/102 130/296/821
f 138/184/840 116/180/90 112/288/86 137/228/837
f 139/77/845 116/180/90 138/184/841
f 141/304/105 107/331/81 103/542/79 131/558/101
f 141/304/105 131/558/101 132/534/102 112/288/86
f 147/603/107 109/1042/83 113/1044/87 148/764/108
f 151/795/111 148/764/108 113/1044/87 149/1040/109
f 153/1077/113 149/1040/109 113/1044/87 154/1065/114
f 154/1065/114 113/1044/87 109/1042/83 155/1055/115
f 155/1055/115 109/1042/83 115/1036/89
f 156/975/116 115/1036/89 120/546/94 157/529/117
f 255/664/904 136/554/832 132/534/102 18/827/14 15/826/720 230/679/901
f 267/969/907 228/952/898 15/826/719 18/827/14 39/1045/31 43/1033/746
f 306/492/960 309/491/243 310/490/244 31/489/25 36/485/29 32/486/26 34/465/27 60/482/42 33/531/733 2/651/711 6/745/718 104/811/804 126/852/819 152/483/112 127/464/98 125/476/97 129/487/100 124/502/96 307/501/241 308/499/242 305/498/956 367/494/289
f 485/744/1141 460/745/1082 557/811/1277 581/796/1343
f 489/668/1152 488/616/1149 497/617/1182 498/669/375
f 495/666/1177 458/651/1078 460/745/1081 485/744/1139
f 495/666/1178 461/614/1084 464/637/1087 458/651/1079
f 498/669/375 496/750/374 484/749/1135 489/668/1153
f 499/722/376 478/723/1112 477/774/1109 516/776/387
f 504/751/377 479/752/1115 494/803/1172 515/802/386
f 505/728/378 480/729/1119 493/784/1168 514/786/385
f 506/742/379 481/741/1123 492/660/1164 513/662/384
f 507/720/380 482/719/1127 491/648/1160 512/649/383
f 508/739/381 483/738/1131 490/658/1156 511/659/382
f 511/659/382 490/658/1157 487/606/1146 510/607/1207
f 512/649/383 491/648/1161 486/593/1143 509/594/1203
f 513/662/384 492/660/1165 472/608/1090 500/610/1186
f 514/786/385 493/784/1169 473/849/1093 501/851/1189
f 515/802/386 494/803/1173 474/872/1096 502/871/1194
f 516/776/387 477/774/1110 476/812/1105 517/787/388
f 517/787/388 476/812/1104 475/846/1099 503/847/1198
f 534/850/1252 473/849/1094 493/784/1170 555/785/409
f 535/870/1255 474/872/1097 494/803/1174 539/805/398
f 536/667/395 489/668/1155 484/749/1136 550/748/406
f 536/269/395 511/268/382 510/146/1206 552/147/1273
f 537/657/396 490/658/1159 483/738/1132 549/737/405
f 537/271/396 512/270/383 509/149/1202 551/150/1270
f 538/801/397 494/803/1176 479/752/1116 543/753/401
f 538/417/397 516/416/387 517/435/388 539/430/398
f 539/805/398 494/803/1175 538/801/397
f 539/430/398 517/435/388 503/466/1197 535/467/1254
f 540/665/399 495/666/1180 485/744/1140 541/743/400
f 540/267/399 498/266/375 497/144/1181 542/145/1257
f 541/743/400 485/744/1142 581/796/1346 619/797/435
f 541/346/400 496/345/374 498/266/375 540/267/399
f 542/613/1258 461/614/1085 495/666/1179 540/665/399
f 543/753/401 479/752/1118 580/671/1342 617/673/433
f 543/341/401 499/342/376 516/416/387 538/417/397
f 544/592/1262 486/593/1144 491/648/1162 553/647/407
f 545/609/1266 472/608/1091 492/660/1167 554/661/408
f 546/730/402 480/729/1122 579/653/1337 627/652/438
f 546/344/402 504/343/377 515/263/386 555/264/409
f 547/740/403 481/741/1126 578/793/1332 626/792/437
f 547/354/403 505/355/378 514/433/385 554/434/408
f 548/718/404 482/719/1130 577/778/1329 625/779/436
f 548/353/404 506/352/379 513/273/384 553/274/407
f 549/737/405 483/738/1134 576/789/1325 616/790/432
f 549/351/405 507/350/380 512/270/383 537/271/396
f 550/748/406 484/749/1138 575/799/1321 615/800/431
f 550/349/406 508/348/381 511/268/382 536/269/395
f 551/605/1271 487/606/1147 490/658/1158 537/657/396
f 552/615/1274 488/616/1150 489/668/1154 536/667/395
f 553/647/407 491/648/1163 482/719/1128 548/718/404
f 553/274/407 513/273/384 500/151/1185 544/152/1261
f 554/661/408 492/660/1166 481/741/1124 547/740/403
f 554/434/408 514/433/385 501/480/1190 545/481/1265
f 555/785/409 493/784/1171 480/729/1120 546/730/402
f 555/264/409 515/263/386 502/140/1193 534/141/1251
f 557/811/1278 559/852/1284 558/865/1280 581/796/1344
f 575/799/1319 484/749/1137 496/750/374 583/798/417
f 583/798/417 582/867/1348 574/868/1315 575/799/1318
f 584/859/1352 566/861/1287 578/793/1331 592/791/420
f 585/599/1355 567/602/1290 579/653/1335 593/650/421
f 586/632/1360 568/630/1293 580/671/1339 594/672/422
f 587/596/1364 569/598/1297 570/642/1302 596/646/424
f 588/843/1369 572/844/1309 577/778/1327 591/777/419
f 589/855/1373 573/857/1312 576/789/1323 590/788/418
f 590/788/418 576/789/1322 483/738/1133 508/739/381
f 591/777/419 577/778/1326 482/719/1129 507/720/380
f 592/791/420 578/793/1330 481/741/1125 506/742/379
f 593/650/421 579/653/1334 480/729/1121 505/728/378
f 594/672/422 580/671/1338 479/752/1117 504/751/377
f 595/655/423 571/674/1307 478/723/1114 499/722/376
f 596/646/424 570/642/1303 571/674/1308 595/655/423
f 613/468/1418 586/469/1359 594/420/422 627/419/438
f 614/139/1422 587/142/1363 596/260/424 618/261/434
f 615/800/431 575/799/1320 574/868/1316 624/869/1443
f 615/425/431 590/426/418 508/348/381 550/349/406
f 616/790/432 576/789/1324 573/857/1313 623/858/1440
f 616/427/432 591/428/419 507/350/380 549/351/405
f 617/673/433 580/671/1341 618/670/434
f 617/278/433 595/282/423 499/342/376 543/341/401
f 618/670/434 580/671/1340 568/630/1294 614/633/1423
f 618/261/434 596/260/424 595/282/423 617/278/433
f 619/797/435 581/796/1345 558/865/1282 620/866/1428
f 619/423/435 583/424/417 496/345/374 541/346/400
f 620/470/1426 582/471/1347 583/424/417 619/423/435
f 621/478/1431 584/479/1351 592/432/420 625/431/436
f 622/153/1435 585/154/1356 593/277/421 626/276/437
f 623/474/1439 588/475/1368 591/428/419 616/427/432
f 624/472/1442 589/473/1372 590/426/418 615/425/431
f 625/779/436 577/778/1328 572/844/1310 621/845/1432
f 625/431/436 592/432/420 506/352/379 548/353/404
f 626/792/437 578/793/1333 566/861/1288 622/860/1436
f 626/276/437 593/277/421 505/355/378 547/354/403
f 627/652/438 579/653/1336 567/602/1291 613/601/1419
f 627/419/438 594/420/422 504/343/377 546/344/402
f 885/641/612 559/530/1285 557/532/1279 460/535/1083 458/533/1080 464/531/1088 527/1102/391 467/1103/369 463/1106/366 561/1109/412 607/1110/428 880/1075/607 881/1028/608 882/971/609 883/864/610 884/760/611
g miura-interior_default
usemtl default
f 6/535/716 2/533/709 3/634/2 8/636/5
f 6/535/717 8/636/5 105/635/80 104/532/802
f 8/636/5 3/634/2 1/781/1 5/775/3
f 8/636/5 5/775/3 103/780/79 105/635/80
f 9/766/6 1/781/1 3/634/2 10/627/7
f 12/575/9 66/689/48 64/654/46 75/644/57
f 22/856/18 26/853/22 46/911/758
f 23/894/19 50/914/763 46/911/760 26/853/22 65/873/47
f 23/894/19 65/873/47 64/654/46 66/689/48
f 30/506/24 97/503/74 360/726/282 361/834/283
f 32/486/26 36/485/29 67/565/49 69/552/51
f 33/531/730 10/627/7 3/634/2 2/533/710
f 33/531/732 60/482/42 70/537/52
f 35/1061/28 78/511/60 362/961/284 363/1019/285
f 36/485/29 31/489/25 12/575/9 67/565/49
f 55/832/37 26/853/22 22/856/18
f 56/767/38 47/782/33 58/768/40 59/757/41
f 56/767/38 55/832/37 22/856/18 47/782/33
f 59/759/41 9/766/6 10/627/7 57/624/39
f 59/759/41 58/769/40 9/766/6
f 61/566/43 57/624/39 10/627/7 33/531/731 70/537/52 77/561/59
f 66/689/48 12/575/9 71/578/53
f 68/540/50 34/465/27 32/477/26 69/549/51
f 70/537/52 60/482/42 34/465/27 68/540/50
f 71/578/53 12/575/9 31/489/25
f 72/76/54 20/85/16 63/51/45 74/49/56
f 72/76/54 67/19/49 12/32/9 76/113/58
f 73/29/55 62/35/44 61/23/43 77/16/59
f 73/29/55 68/7/50 69/10/51 74/49/56
f 74/49/56 63/51/45 62/35/44 73/29/55
f 74/49/56 69/10/51 67/19/49 72/76/54
f 75/202/57 64/222/46 20/85/16 76/113/58
f 76/113/58 12/32/9 75/202/57
f 76/113/58 20/85/16 72/76/54
f 77/16/59 70/5/52 68/7/50 73/29/55
f 78/511/60 30/506/24 361/834/283 362/961/284
f 79/1058/61 35/1061/28 363/1019/285 364/1066/286
f 80/500/62 31/489/25 310/490/244 359/618/281
f 97/503/74 80/500/62 359/618/281 360/726/282
f 104/532/803 105/635/80 108/626/82 126/530/816
f 107/765/81 150/770/110 151/758/111
f 108/626/82 105/635/80 103/780/79 107/765/81
f 116/863/90 120/862/94 147/833/107
f 123/509/95 170/515/130 349/968/271 350/842/272
f 124/502/96 110/576/84 163/583/123
f 128/518/99 171/1060/131 347/1073/269 348/1026/270
f 139/913/844 120/862/94 116/863/90
f 140/783/104 116/863/90 147/833/107 148/771/108
f 149/623/109 108/626/82 107/765/81 151/758/111
f 151/762/111 150/772/110 140/783/104 148/771/108
f 157/875/117 120/862/94 139/913/846 142/929/849 117/898/91
f 158/695/118 156/656/116 157/875/117 117/898/91
f 159/570/119 110/576/84 124/502/96 129/487/100
f 160/541/120 127/464/98 152/483/112 162/538/122
f 161/550/121 125/476/97 127/464/98 160/541/120
f 161/553/121 159/570/119 129/487/100 125/488/97
f 162/538/122 152/483/112 126/530/818
f 163/583/123 110/576/84 158/695/118
f 164/75/124 115/84/89 168/112/128
f 164/75/124 159/18/119 161/9/121 166/48/126
f 165/28/125 154/34/114 155/50/115 166/48/126
f 165/28/125 160/6/120 162/4/122 169/15/129
f 166/48/126 155/50/115 115/84/89 164/75/124
f 166/48/126 161/9/121 160/6/120 165/28/125
f 167/201/127 110/31/84 168/112/128
f 167/645/127 156/656/116 158/695/118 110/576/84
f 168/112/128 110/31/84 159/18/119 164/75/124
f 168/112/128 115/84/89 156/221/116 167/201/127
f 169/15/129 153/22/113 154/34/114 165/28/125
f 169/562/129 162/538/122 126/530/817 108/626/82 149/623/109 153/567/113
f 170/515/130 128/518/99 348/1026/270 349/968/271
f 171/1060/131 122/1056/814 179/1110/136 347/1073/269
f 172/507/132 189/508/144 351/736/273 352/631/274
f 180/922/137 146/924/862 183/450/879 197/449/151
f 189/508/144 123/509/95 350/842/272 351/736/273
f 197/449/151 145/921/106 180/922/137
f 197/449/151 183/450/878 144/451/859 198/569/152
f 198/569/152 144/451/860 187/939/882 201/938/155
f 254/916/204 229/917/180 232/446/182 256/445/205
f 256/445/205 232/446/182 235/755/185 270/761/218
f 257/638/206 198/569/152 201/938/155 258/937/207
f 257/638/206 234/640/184 233/447/183 269/448/217
f 258/937/207 236/936/186 234/640/184 257/638/206
f 269/448/217 197/449/151 198/569/152 257/638/206
f 269/448/217 233/447/183 231/918/181 268/919/216
f 270/761/218 235/755/185 237/931/187 271/930/219
f 292/1104/916 280/1105/228 282/1084/230 298/1083/941
f 294/958/924 284/957/232 285/1085/233 295/1086/928
f 295/1086/929 285/1085/233 283/1107/231 299/1108/944
f 296/920/932 145/921/106 197/449/151 269/448/217 268/919/216
f 296/920/934 268/919/216 231/918/181 365/926/287
f 298/1083/940 282/1084/230 281/956/229 297/955/936
f 301/932/955 297/955/939 281/956/229 229/917/180 366/925/288
f 305/498/959 302/497/238 304/494/240 367/494/289
f 311/625/245 302/497/238 305/498/957 334/628/985
f 312/733/246 311/625/245 334/628/984 333/734/981
f 313/839/247 312/733/246 333/734/980 332/840/977
f 314/965/248 313/839/247 332/840/976 331/966/973
f 315/1023/249 314/965/248 331/966/972 330/1024/969
f 316/1070/250 315/1023/249 330/1024/968 329/1071/966
f 317/622/251 318/732/252 336/731/992 335/620/990
f 318/732/252 319/838/253 337/836/996 336/731/993
f 319/838/253 320/964/254 338/963/1000 337/836/997
f 320/964/254 321/1022/255 339/1021/1004 338/963/1001
f 321/1022/255 322/1069/256 340/1068/1008 339/1021/1005
f 322/1069/256 280/1105/228 292/1104/917 340/1068/1009
f 329/1071/964 299/1108/945 283/1107/231 316/1070/250
f 329/1071/967 330/1024/970 342/1025/264 341/1072/263
f 330/1024/971 331/966/974 343/967/265 342/1025/264
f 331/966/975 332/840/978 344/841/266 343/967/265
f 332/840/979 333/734/982 345/735/267 344/841/266
f 333/734/983 334/628/986 346/629/268 345/735/267
f 334/628/987 305/498/958 308/499/242 346/629/268
f 335/620/988 306/492/961 303/493/239 317/622/251
f 335/620/991 336/731/994 354/727/276 353/619/275
f 336/731/995 337/836/998 355/835/277 354/727/276
f 337/836/999 338/963/1002 356/962/278 355/835/277
f 338/963/1003 339/1021/1006 357/1020/279 356/962/278
f 339/1021/1007 340/1068/1010 358/1067/280 357/1020/279
f 340/1068/1011 292/1104/918 42/1103/32 358/1067/280
f 341/1072/263 135/1109/103 299/1108/946 329/1071/965
f 346/629/268 308/499/242 307/501/241 352/631/274
f 347/1073/269 179/1110/136 135/1109/103 341/1072/263
f 348/1026/270 347/1073/269 341/1072/263 342/1025/264
f 349/968/271 348/1026/270 342/1025/264 343/967/265
f 350/842/272 349/968/271 343/967/265 344/841/266
f 351/736/273 350/842/272 344/841/266 345/735/267
f 352/631/274 307/501/241 124/502/96 172/507/132
f 352/631/274 351/736/273 345/735/267 346/629/268
f 353/619/275 309/491/243 306/492/962 335/620/989
f 358/1067/280 42/1103/32 87/1102/66 364/1066/286
f 359/618/281 310/490/244 309/491/243 353/619/275
f 360/726/282 359/618/281 353/619/275 354/727/276
f 361/834/283 360/726/282 354/727/276 355/835/277
f 362/961/284 361/834/283 355/835/277 356/962/278
f 363/1019/285 362/961/284 356/962/278 357/1020/279
f 364/1066/286 87/1102/66 28/1101/728 79/1058/61
f 364/1066/286 363/1019/285 357/1020/279 358/1067/280
f 365/926/287 231/918/181 284/957/232 294/958/925 300/934/948
f 365/926/287 300/934/951 296/920/935
f 366/925/288 229/917/180 254/916/204 293/915/923
f 366/925/288 293/915/921 301/932/952
f 367/494/289 304/494/240 303/493/239 306/492/963
f 368/1079/1016 383/1079/297 396/1046/304
f 370/1090/1026 389/1032/1063 393/1032/303 399/1053/307
f 373/1087/1040 386/1087/298 397/1050/305
f 375/1082/1049 395/1030/1069 390/1030/300 398/1049/306
f 381/1080/295 85/1080/784 41/1081/745 380/1081/294
f 382/1082/296 380/1081/294 41/1081/744 375/1082/1047
f 383/1079/297 368/1079/1015 85/1080/785 381/1080/295
f 384/1088/1051 134/1088/831 177/1089/870 385/1089/1054
f 386/1087/298 373/1087/1039 134/1088/830 384/1088/1050
f 387/1090/299 385/1089/1055 177/1089/871 370/1090/1024
f 393/1032/303 389/1032/1062 371/960/1030 451/960/359 450/1009/358
f 396/1046/304 391/1029/301 388/1029/1059 368/1079/1014
f 397/1050/305 392/1031/302 394/1031/1065 373/1087/1038
f 398/1049/306 382/1082/296 375/1082/1048
f 399/1053/307 387/1090/299 370/1090/1025
f 402/1087/310 401/1050/309 397/1050/305 386/1087/298
f 403/1088/311 402/1087/310 386/1087/298 384/1088/1052
f 404/1089/312 403/1088/311 384/1088/1053 385/1089/1056
f 404/1089/312 405/1090/313 400/1053/308 413/1052/321
f 405/1090/313 387/1090/299 399/1053/307 400/1053/308
f 405/1090/313 404/1089/312 385/1089/1057 387/1090/299
f 408/1079/316 407/1046/315 396/1046/304 383/1079/297
f 409/1080/317 408/1079/316 383/1079/297 381/1080/295
f 410/1081/318 409/1080/317 381/1080/295 380/1081/294
f 410/1081/318 411/1082/319 406/1049/314 415/1048/323
f 411/1082/319 382/1082/296 398/1049/306 406/1049/314
f 411/1082/319 410/1081/318 380/1081/294 382/1082/296
f 412/1051/320 401/1050/309 402/1087/310 403/1088/311
f 414/1047/322 407/1046/315 408/1079/316 409/1080/317
f 416/1051/324 417/1088/325 418/1089/326 419/1052/327
f 417/1088/325 416/1051/324 412/1051/320 403/1088/311
f 418/1089/326 417/1088/325 403/1088/311 404/1089/312
f 419/1052/327 418/1089/326 404/1089/312 413/1052/321
f 420/1047/328 421/1080/329 422/1081/330 423/1048/331
f 421/1080/329 420/1047/328 414/1047/322 409/1080/317
f 422/1081/330 421/1080/329 409/1080/317 410/1081/318
f 423/1048/331 422/1081/330 410/1081/318 415/1048/323
f 440/1007/348 390/1030/300 395/1030/1068 374/954/1043 441/954/349
f 443/953/351 369/953/1021 388/1029/1060 391/1029/301 442/1005/350
f 449/959/357 372/959/1035 394/1031/1066 392/1031/302 448/1008/356
f 454/927/360 455/933/361 456/935/362 457/928/363
f 455/933/361 454/927/360 453/927/1076 452/933/1072
f 456/935/362 455/933/361 452/933/1073 209/935/891
f 457/928/363 212/928/897 453/927/1077 454/927/360
f 457/928/363 456/935/362 209/935/892 212/928/896
f 620/460/1427 558/461/1281 629/455/440
f 832/1078/569 833/1034/570 782/1038/519 783/1091/520
f 833/1034/570 834/970/571 781/976/518 782/1038/519
f 880/1075/607 607/1110/428 868/940/605 886/876/613
f 886/876/613 868/940/605 869/556/606 892/548/619
f 886/876/613 887/804/614 881/1028/608 880/1075/607
f 887/804/614 886/876/613 892/548/619 893/536/620
f 887/804/614 888/747/615 882/971/609 881/1028/608
f 888/747/615 887/804/614 893/536/620 894/527/621
f 888/747/615 889/663/616 883/864/610 882/971/609
f 889/663/616 890/604/617 884/760/611 883/864/610
g miura-interior_gray
usemtl gray
f 469/98/371 462/104/365 465/61/367 470/60/372
f 510/440/1208 487/405/1148 551/402/1272 556/421/410
f 528/56/1238 519/44/1215 518/90/1211 529/92/1242
f 529/92/1241 469/98/371 470/60/372 528/56/1237
f 529/92/1244 518/90/1212 533/116/1247
f 530/125/392 462/104/365 532/123/394
f 530/125/392 478/168/1113 571/163/1305 611/122/430
f 531/120/393 469/98/371 529/92/1243
f 531/120/393 476/159/1103 477/164/1108 532/123/394
f 532/123/394 462/104/365 469/98/371 531/120/393
f 532/123/394 477/164/1107 478/168/1111 530/125/392
f 533/116/1246 475/161/1100 476/159/1106 531/120/393
f 533/116/1248 531/120/393 529/92/1245
f 551/8/1269 509/11/1201 556/1/410
f 564/59/415 465/61/367 462/104/365 563/97/414
f 608/55/1404 564/59/415 563/97/414 609/91/1408
f 609/91/1410 563/97/414 610/119/429
f 609/91/1409 598/89/1377 599/43/1382 608/55/1405
f 609/91/1412 610/119/429 612/115/1417
f 610/119/429 563/97/414 462/104/365 611/122/430
f 610/119/429 570/158/1304 569/160/1298 612/115/1415
f 611/122/430 462/104/365 530/125/392
f 611/122/430 571/163/1306 570/158/1301 610/119/429
f 612/115/1413 569/160/1296 597/110/425
f 612/115/1414 597/110/425 598/89/1378
f 612/115/1416 598/89/1379 609/91/1411
f 628/12/439 588/2/1367 623/3/1438
f 628/422/439 623/401/1441 573/404/1314 589/439/1374
f 630/574/441 560/675/411 459/457/364 644/436/455
f 630/574/441 631/456/442 636/505/447 635/612/446
f 631/456/442 630/574/441 644/436/455 643/380/454
f 631/456/442 632/397/443 637/414/448 636/505/447
f 632/397/443 631/456/442 643/380/454 642/313/453
f 632/397/443 633/310/444 638/322/449 637/414/448
f 633/310/444 632/397/443 642/313/453 641/253/452
f 633/310/444 634/214/445 639/225/450 638/322/449
f 634/214/445 564/59/415 608/55/1406 639/225/450
f 634/214/445 633/310/444 641/253/452 640/162/451
f 635/612/446 606/711/1402 560/675/411 630/574/441
f 638/322/449 639/225/450 656/227/467
f 639/225/450 608/55/1407 599/43/1383 656/227/467
f 640/162/451 465/61/367 564/59/415 634/214/445
f 640/162/451 641/253/452 646/156/457 645/93/456
f 641/253/452 642/313/453 647/215/458 646/156/457
f 642/313/453 643/380/454 648/250/459 647/215/458
f 643/380/454 644/436/455 649/292/460 648/250/459
f 644/436/455 459/457/364 466/311/368 649/292/460
f 645/93/456 470/60/372 465/61/367 640/162/451
f 645/93/456 646/156/457 651/118/462 650/78/461
f 646/156/457 647/215/458 652/188/463 651/118/462
f 647/215/458 648/250/459 653/229/464 652/188/463
f 648/250/459 649/292/460 654/251/465 653/229/464
f 649/292/460 466/311/368 526/290/1235 654/251/465
f 650/78/461 528/56/1239 470/60/372 645/93/456
f 654/251/465 526/224/1236 775/209/1669 867/195/604
f 656/227/467 599/43/1384 598/89/1381 969/208/696
f 656/227/467 655/336/466 638/322/449
f 657/58/468 519/44/1216 528/56/1240 650/78/461
f 659/1253/470 658/1265/469 560/1265/411 601/1253/427
f 660/1242/471 659/1253/470 601/1253/427 562/1242/413
f 661/1192/472 660/1242/471 562/1242/413 600/1192/426
f 662/1137/473 661/1192/472 600/1192/426 565/1137/416
f 663/1109/474 662/1137/473 565/1137/416 561/1109/412
f 664/1106/475 663/1109/474 561/1109/412 463/1106/366
f 665/1103/476 664/1106/475 463/1106/366 467/1103/369
f 666/1136/477 665/1103/476 467/1103/369 471/1136/373
f 667/1190/478 666/1136/477 471/1136/373 520/1190/389
f 668/1241/479 667/1190/478 520/1190/389 468/1241/370
f 669/1252/480 668/1241/479 468/1241/370 521/1252/390
f 670/1264/481 669/1252/480 521/1252/390 466/1264/368
f 671/1266/482 459/457/364 560/675/411 658/1265/469
f 671/1266/482 670/1264/481 466/311/368 459/457/364
f 674/1265/485 673/1266/484 671/1266/482 658/1265/469
f 675/1253/486 674/1265/485 658/1265/469 659/1253/470
f 675/1253/486 676/1242/487 690/1246/501 697/1257/508
f 676/1242/487 675/1253/486 659/1253/470 660/1242/471
f 677/1192/488 676/1242/487 660/1242/471 661/1192/472
f 678/1137/489 677/1192/488 661/1192/472 662/1137/473
f 678/1137/489 679/1109/490 672/1106/483 692/1161/503
f 679/1109/490 663/1109/474 664/1106/475 672/1106/483
f 679/1109/490 678/1137/489 662/1137/473 663/1109/474
f 682/1103/493 681/1106/492 664/1106/475 665/1103/476
f 683/1136/494 682/1103/493 665/1103/476 666/1136/477
f 684/1190/495 683/1136/494 666/1136/477 667/1190/478
f 685/1241/496 684/1190/495 667/1190/478 668/1241/479
f 686/1252/497 685/1241/496 668/1241/479 669/1252/480
f 687/1264/498 670/1264/481 671/1266/482 680/1266/491
f 687/1264/498 686/1252/497 669/1252/480 670/1264/481
f 689/1160/500 664/1106/475 681/1106/492 693/1161/504
f 692/1161/503 672/1106/483 664/1106/475 689/1160/500
f 693/1161/504 681/1106/492 682/1103/493 683/1136/494
f 696/1257/507 671/1266/482 673/1266/484 697/1257/508
f 696/1257/507 688/1247/499 695/1245/506 698/1256/509
f 697/1257/508 673/1266/484 674/1265/485 675/1253/486
f 697/1257/508 690/1246/501 688/1247/499 696/1257/507
f 698/1256/509 680/1266/491 671/1266/482 696/1257/507
f 698/1256/509 686/1252/497 687/1264/498 680/1266/491
f 698/1256/509 695/1245/506 685/1241/496 686/1252/497
f 701/1223/510 690/1246/501 676/1242/487 677/1192/488 691/1201/502
f 702/1183/511 691/1201/502 677/1192/488 678/1137/489 692/1161/503
f 703/1182/512 693/1161/504 683/1136/494 684/1190/495 694/1199/505
f 704/1220/513 694/1199/505 684/1190/495 685/1241/496 695/1245/506
f 705/1200/1457 713/1200/1485 742/1206/1572 766/1206/1645
f 706/1199/1461 714/1199/1488 736/1197/1554 760/1197/1627
f 707/1221/1465 718/1221/1500 741/1222/1569 765/1222/1642
f 709/1181/1473 715/1181/1491 735/1181/1551 759/1181/1624
f 727/1181/1528 719/1181/1503 743/1181/1575 751/1181/1600
f 728/1193/1531 720/1193/1506 744/1188/1578 752/1188/1603
f 729/1194/1532 753/1198/1604 705/1200/1455 691/1201/502 702/1183/511 708/1182/1467 761/1189/1628
f 730/1181/1535 754/1181/1607 708/1182/1466 702/1183/511 692/1161/503 689/1160/500 700/1181/1451 762/1181/1631
f 731/1207/1538 755/1206/1610 706/1199/1459 694/1199/505 704/1220/513 710/1221/1475 763/1217/1634
f 732/1222/1541 756/1222/1613 710/1221/1474 704/1220/513 695/1245/506 688/1247/499 699/1222/1447 764/1222/1637
f 733/1222/1546 725/1222/1521 749/1222/1593 757/1222/1618
f 734/1207/1549 726/1207/1524 750/1217/1596 758/1217/1621
f 735/1181/1550 719/1181/1502 727/1181/1527 759/1181/1623
f 736/1197/1553 720/1193/1505 728/1193/1530 760/1197/1626
f 741/1222/1568 725/1222/1520 733/1222/1545 765/1222/1641
f 742/1206/1571 726/1207/1523 734/1207/1548 766/1206/1644
f 743/1181/1574 712/1181/1481 700/1181/1452 751/1181/1599
f 744/1188/1577 715/1181/1490 709/1181/1472 752/1188/1602
f 749/1222/1592 711/1222/1478 699/1222/1448 757/1222/1617
f 749/1222/1594 725/1222/1522 741/1222/1570 718/1221/1501 750/1217/1597 726/1207/1525 742/1206/1573 713/1200/1486 745/1198/1582 721/1194/1510 737/1189/1558 716/1182/1495 746/1181/1585 722/1181/1513 738/1181/1561 712/1181/1483 743/1181/1576 719/1181/1504 735/1181/1552 715/1181/1492 744/1188/1579 720/1193/1507 736/1197/1555 714/1199/1489 747/1206/1588 723/1207/1516 739/1217/1564 717/1221/1498 748/1222/1591 724/1222/1519 740/1222/1567 711/1222/1480
f 750/1217/1595 718/1221/1499 707/1221/1464 758/1217/1620
f 753/1198/1606 729/1194/1534 721/1194/1509 745/1198/1581
f 753/1198/1605 745/1198/1580 713/1200/1484 705/1200/1456
f 754/1181/1609 730/1181/1537 722/1181/1512 746/1181/1584
f 754/1181/1608 746/1181/1583 716/1182/1493 708/1182/1468
f 755/1206/1612 731/1207/1540 723/1207/1515 747/1206/1587
f 755/1206/1611 747/1206/1586 714/1199/1487 706/1199/1460
f 756/1222/1615 732/1222/1543 724/1222/1518 748/1222/1590
f 756/1222/1614 748/1222/1589 717/1221/1496 710/1221/1476
f 759/1181/1622 727/1181/1526 751/1181/1598 700/1181/1450 689/1160/500 693/1161/504 703/1182/512 709/1181/1470
f 760/1197/1625 728/1193/1529 752/1188/1601 709/1181/1471 703/1182/512 694/1199/505 706/1199/1458
f 761/1189/1630 708/1182/1469 716/1182/1494 737/1189/1557
f 761/1189/1629 737/1189/1556 721/1194/1508 729/1194/1533
f 762/1181/1633 700/1181/1453 712/1181/1482 738/1181/1560
f 762/1181/1632 738/1181/1559 722/1181/1511 730/1181/1536
f 763/1217/1636 710/1221/1477 717/1221/1497 739/1217/1563
f 763/1217/1635 739/1217/1562 723/1207/1514 731/1207/1539
f 764/1222/1639 699/1222/1449 711/1222/1479 740/1222/1566
f 764/1222/1638 740/1222/1565 724/1222/1517 732/1222/1542
f 765/1222/1640 733/1222/1544 757/1222/1616 699/1222/1446 688/1247/499 690/1246/501 701/1223/510 707/1221/1462
f 766/1206/1643 734/1207/1547 758/1217/1619 707/1221/1463 701/1223/510 691/1201/502 705/1200/1454
f 769/1243/1652 525/1250/1230 521/1252/390 468/1241/370 524/1226/1227
f 771/1195/1658 768/1204/1649 770/1216/1655 524/1226/1226 468/1241/370 520/1190/389 523/1186/1223
f 773/1119/514 522/1135/1219 471/1136/373 467/1103/369 527/1102/391
f 774/1149/1664 767/1164/1646 772/1172/1661 523/1186/1222 520/1190/389 471/1136/373 522/1135/1218
f 775/1260/1667 526/1262/1234 466/1264/368 521/1252/390 525/1250/1231 777/1254/1673 776/1258/1670
f 778/580/515 497/454/1183 488/443/1151 552/441/1275 838/523/575
f 783/1091/520 522/1135/1220 773/1119/514 832/1078/569
f 784/452/521 510/440/1209 556/421/410 844/413/581
f 789/643/526 767/692/1647 774/1010/1665 843/951/580
f 790/367/527 509/399/1204 486/364/1145 544/361/1264 831/319/568
f 791/312/528 790/367/527 831/319/568 830/293/567
f 792/265/529 791/312/528 830/293/567 829/247/566
f 793/218/530 792/265/529 829/247/566 828/200/565
f 794/117/531 793/218/530 828/200/565 827/111/564
f 795/62/532 523/20/1225 772/387/1662 849/391/586
f 795/62/532 794/117/531 827/111/564 826/64/563
f 796/295/533 501/307/1191 473/286/1095 534/284/1253 502/280/1195 819/254/556
f 801/101/538 524/69/1228 770/57/1657 825/83/562
f 802/220/539 503/233/1200 475/161/1101 850/167/587
f 803/212/540 802/220/539 850/167/587 851/169/588
f 804/203/541 803/212/540 851/169/588 852/170/589
f 805/192/542 804/203/541 852/170/589 853/171/590
f 806/181/543 805/192/542 853/171/590 854/173/591
f 807/166/544 525/134/1232 769/100/1653 814/121/551
f 807/166/544 806/181/543 854/173/591 855/175/592
f 808/72/545 768/46/1651 771/30/1659 826/64/563
f 808/72/545 809/128/546 824/126/561 825/83/562
f 809/128/546 810/210/547 823/197/560 824/126/561
f 810/210/547 811/249/548 822/235/559 823/197/560
f 811/249/548 812/294/549 821/257/558 822/235/559
f 812/294/549 813/318/550 820/297/557 821/257/558
f 813/318/550 500/358/1187 472/317/1092 545/315/1267 820/297/557
f 814/121/551 769/100/1654 524/69/1229 801/101/538
f 814/121/551 815/172/552 806/181/543 807/166/544
f 815/172/552 814/121/551 801/101/538 800/155/537
f 815/172/552 816/199/553 805/192/542 806/181/543
f 816/199/553 815/172/552 800/155/537 799/207/536
f 816/199/553 817/226/554 804/203/541 805/192/542
f 817/226/554 816/199/553 799/207/536 798/242/535
f 817/226/554 818/243/555 803/212/540 804/203/541
f 818/243/555 817/226/554 798/242/535 797/259/534
f 818/243/555 819/254/556 802/220/539 803/212/540
f 819/254/556 502/280/1196 474/241/1098 535/237/1256 503/233/1199 802/220/539
f 819/254/556 818/243/555 797/259/534 796/295/533
f 820/297/557 545/315/1268 501/307/1192 796/295/533
f 821/257/558 820/297/557 796/295/533 797/259/534
f 822/235/559 821/257/558 797/259/534 798/242/535
f 823/197/560 822/235/559 798/242/535 799/207/536
f 824/126/561 823/197/560 799/207/536 800/155/537
f 825/83/562 770/57/1656 768/46/1650 808/72/545
f 825/83/562 824/126/561 800/155/537 801/101/538
f 826/64/563 771/30/1660 523/20/1224 795/62/532
f 826/64/563 827/111/564 809/128/546 808/72/545
f 827/111/564 828/200/565 810/210/547 809/128/546
f 828/200/565 829/247/566 811/249/548 810/210/547
f 829/247/566 830/293/567 812/294/549 811/249/548
f 830/293/567 831/319/568 813/318/550 812/294/549
f 831/319/568 544/361/1263 500/358/1188 813/318/550
f 834/970/571 835/837/572 780/848/517 781/976/518
f 835/837/572 834/970/571 833/1034/570 832/1078/569 773/1119/514 527/1102/391 464/531/1089 461/462/1086 542/459/1259 837/591/574 836/714/573
f 835/837/572 836/714/573 779/721/516 780/848/517
f 836/714/573 837/591/574 778/580/515 779/721/516
f 837/591/574 542/459/1260 497/454/1184 778/580/515
f 838/523/575 552/441/1276 510/440/1210 784/452/521
f 838/523/575 839/586/576 779/721/516 778/580/515
f 839/586/576 838/523/575 784/452/521 785/495/522
f 839/586/576 840/677/577 780/848/517 779/721/516
f 840/677/577 839/586/576 785/495/522 786/539/523
f 840/677/577 841/773/578 781/976/518 780/848/517
f 841/773/578 840/677/577 786/539/523 787/573/524
f 841/773/578 842/854/579 782/1038/519 781/976/518
f 842/854/579 841/773/578 787/573/524 788/621/525
f 842/854/579 843/951/580 783/1091/520 782/1038/519
f 843/951/580 774/1010/1666 522/1135/1221 783/1091/520
f 843/951/580 842/854/579 788/621/525 789/643/526
f 844/413/581 556/421/410 509/399/1205 790/367/527
f 844/413/581 845/407/582 785/495/522 784/452/521
f 845/407/582 844/413/581 790/367/527 791/312/528
f 845/407/582 846/400/583 786/539/523 785/495/522
f 846/400/583 845/407/582 791/312/528 792/265/529
f 846/400/583 847/396/584 787/573/524 786/539/523
f 847/396/584 846/400/583 792/265/529 793/218/530
f 847/396/584 848/392/585 788/621/525 787/573/524
f 848/392/585 847/396/584 793/218/530 794/117/531
f 848/392/585 849/391/586 789/643/526 788/621/525
f 849/391/586 772/387/1663 767/692/1648 789/643/526
f 849/391/586 848/392/585 794/117/531 795/62/532
f 850/167/587 475/161/1102 533/116/1249 856/124/593
f 851/169/588 850/167/587 856/124/593 857/133/594
f 852/170/589 851/169/588 857/133/594 858/137/595
f 853/171/590 852/170/589 858/137/595 859/165/596
f 854/173/591 853/171/590 859/165/596 860/178/597
f 855/175/592 777/176/1674 525/134/1233 807/166/544
f 855/175/592 854/173/591 860/178/597 861/186/598
f 856/124/593 533/116/1250 518/90/1213 862/103/599
f 857/133/594 856/124/593 862/103/599 863/114/600
f 858/137/595 857/133/594 863/114/600 864/131/601
f 859/165/596 858/137/595 864/131/601 865/157/602
f 860/178/597 859/165/596 865/157/602 866/182/603
f 861/186/598 776/193/1671 777/176/1675 855/175/592
f 861/186/598 860/178/597 866/182/603 867/195/604
f 862/103/599 518/90/1214 519/44/1217 657/58/468
f 863/114/600 862/103/599 657/58/468 650/78/461
f 864/131/601 863/114/600 650/78/461 651/118/462
f 865/157/602 864/131/601 651/118/462 652/188/463
f 866/182/603 865/157/602 652/188/463 653/229/464
f 867/195/604 775/209/1668 776/193/1672 861/186/598
f 867/195/604 866/182/603 653/229/464 654/251/465
f 868/1116/605 607/1110/428 561/1109/412 565/1137/416 602/1138/1386 869/1124/606
f 870/1158/1676 602/1138/1385 565/1137/416 600/1192/426 603/1187/1389 871/1169/1679
f 872/1205/1682 873/1196/1685 603/1187/1390 600/1192/426 562/1242/413 604/1227/1393
f 875/1255/1691 605/1251/1398 601/1253/427 560/1265/411 606/1263/1401 877/1261/1697 876/1259/1694
f 878/1248/1700 874/1244/1688 604/1227/1394 562/1242/413 601/1253/427 605/1251/1397 879/1249/1703
f 889/663/616 888/747/615 894/527/621 895/514/622
f 890/604/617 889/663/616 895/514/622 896/484/623
f 890/604/617 891/547/618 885/641/612 884/760/611
f 891/547/618 620/460/1430 629/455/440 558/461/1283 559/530/1286 885/641/612
f 891/547/618 890/604/617 896/484/623 897/463/624
f 892/548/619 869/556/606 602/231/1388 898/258/625
f 893/536/620 892/548/619 898/258/625 899/300/626
f 894/527/621 893/536/620 899/300/626 900/325/627
f 895/514/622 894/527/621 900/325/627 901/362/628
f 896/484/623 895/514/622 901/362/628 902/388/629
f 897/463/624 582/453/1349 620/460/1429 891/547/618
f 897/463/624 896/484/623 902/388/629 903/415/630
f 898/258/625 602/231/1387 870/198/1677 904/245/631
f 903/415/630 624/442/1444 574/444/1317 582/453/1350 897/463/624
f 904/245/631 870/198/1678 871/136/1680 910/217/637
f 904/245/631 905/287/632 899/300/626 898/258/625
f 905/287/632 904/245/631 910/217/637 911/255/638
f 905/287/632 906/308/633 900/325/627 899/300/626
f 906/308/633 905/287/632 911/255/638 912/298/639
f 906/308/633 907/340/634 901/362/628 900/325/627
f 907/340/634 906/308/633 912/298/639 913/323/640
f 907/340/634 908/384/635 902/388/629 901/362/628
f 908/384/635 907/340/634 913/323/640 914/365/641
f 908/384/635 909/406/636 903/415/630 902/388/629
f 909/406/636 589/439/1376 624/442/1445 903/415/630
f 909/406/636 908/384/635 914/365/641 915/390/642
f 910/217/637 871/136/1681 603/105/1392 916/187/643
f 911/255/638 910/217/637 916/187/643 917/238/644
f 912/298/639 911/255/638 917/238/644 918/272/645
f 913/323/640 912/298/639 918/272/645 919/303/646
f 914/365/641 913/323/640 919/303/646 920/333/647
f 915/390/642 628/422/439 589/439/1375 909/406/636
f 915/390/642 914/365/641 920/333/647 921/377/648
f 916/187/643 603/105/1391 873/81/1687 933/130/660
f 921/377/648 588/398/1370 628/422/439 915/390/642
f 922/108/649 872/66/1684 604/42/1395 934/67/661
f 922/108/649 923/185/650 932/204/659 933/130/660
f 923/185/650 924/234/651 931/244/658 932/204/659
f 924/234/651 925/256/652 930/275/657 931/244/658
f 925/256/652 926/299/653 929/302/656 930/275/657
f 926/299/653 927/321/654 928/327/655 929/302/656
f 927/321/654 584/357/1353 621/360/1433 928/327/655
f 928/327/655 621/360/1434 572/363/1311 588/398/1371 921/377/648
f 929/302/656 928/327/655 921/377/648 920/333/647
f 930/275/657 929/302/656 920/333/647 919/303/646
f 931/244/658 930/275/657 919/303/646 918/272/645
f 932/204/659 931/244/658 918/272/645 917/238/644
f 933/130/660 873/81/1686 872/66/1683 922/108/649
f 933/130/660 932/204/659 917/238/644 916/187/643
f 934/67/661 604/42/1396 874/21/1690 951/47/678
f 934/67/661 935/106/662 923/185/650 922/108/649
f 935/106/662 936/177/663 924/234/651 923/185/650
f 936/177/663 937/223/664 925/256/652 924/234/651
f 937/223/664 938/252/665 926/299/653 925/256/652
f 938/252/665 939/291/666 927/321/654 926/299/653
f 939/291/666 585/306/1357 622/314/1437 566/316/1289 584/357/1354 927/321/654
f 940/24/667 605/13/1399 875/230/1692 952/219/679
f 945/194/672 587/232/1365 614/236/1424 981/205/708
f 946/248/673 613/283/1421 567/285/1292 585/306/1358 939/291/666
f 947/216/674 946/248/673 939/291/666 938/252/665
f 948/174/675 947/216/674 938/252/665 937/223/664
f 949/107/676 948/174/675 937/223/664 936/177/663
f 950/68/677 949/107/676 936/177/663 935/106/662
f 951/47/678 874/21/1689 878/17/1701 970/40/697
f 951/47/678 950/68/677 935/106/662 934/67/661
f 952/219/679 875/230/1693 876/389/1695 958/368/685
f 952/219/679 953/213/680 941/45/668 940/24/667
f 953/213/680 952/219/679 958/368/685 959/329/686
f 953/213/680 954/206/681 942/65/669 941/45/668
f 954/206/681 953/213/680 959/329/686 960/301/687
f 954/206/681 955/196/682 943/94/670 942/65/669
f 955/196/682 954/206/681 960/301/687 961/262/688
f 955/196/682 956/189/683 944/132/671 943/94/670
f 956/189/683 955/196/682 961/262/688 962/239/689
f 956/189/683 957/179/684 945/194/672 944/132/671
f 957/179/684 569/160/1300 587/232/1366 945/194/672
f 957/179/684 956/189/683 962/239/689 963/190/690
f 958/368/685 876/389/1696 877/544/1698 964/458/691
f 959/329/686 958/368/685 964/458/691 965/438/692
f 960/301/687 959/329/686 965/438/692 966/386/693
f 961/262/688 960/301/687 966/386/693 967/328/694
f 962/239/689 961/262/688 967/328/694 968/281/695
f 963/190/690 597/110/425 569/160/1299 957/179/684
f 963/190/690 962/239/689 968/281/695 969/208/696
f 964/458/691 877/544/1699 606/711/1403 635/612/446
f 965/438/692 964/458/691 635/612/446 636/505/447
f 966/386/693 965/438/692 636/505/447 637/414/448
f 967/328/694 966/386/693 637/414/448 638/322/449
f 968/281/695 967/328/694 638/322/449 655/336/466
f 969/208/696 598/89/1380 597/110/425 963/190/690
f 969/208/696 968/281/695 655/336/466 656/227/467
f 970/40/697 878/17/1702 879/14/1704 976/27/703
f 970/40/697 971/63/698 950/68/677 951/47/678
f 971/63/698 972/96/699 949/107/676 950/68/677
f 972/96/699 973/148/700 948/174/675 949/107/676
f 973/148/700 974/211/701 947/216/674 948/174/675
f 974/211/701 975/246/702 946/248/673 947/216/674
f 975/246/702 586/279/1361 613/283/1420 946/248/673
f 976/27/703 879/14/1705 605/13/1400 940/24/667
f 976/27/703 977/52/704 971/63/698 970/40/697
f 977/52/704 976/27/703 940/24/667 941/45/668
f 977/52/704 978/70/705 972/96/699 971/63/698
f 978/70/705 977/52/704 941/45/668 942/65/669
f 978/70/705 979/102/706 973/148/700 972/96/699
f 979/102/706 978/70/705 942/65/669 943/94/670
f 979/102/706 980/143/707 974/211/701 973/148/700
f 980/143/707 979/102/706 943/94/670 944/132/671
f 980/143/707 981/205/708 975/246/702 974/211/701
f 981/205/708 614/236/1425 568/240/1295 586/279/1362 975/246/702
f 981/205/708 980/143/707 944/132/671 945/194/672
g miura-interior_miura-interior_auv
usemtl miura-interior_auv
f 4/993/714 28/881/729 87/882/66 85/995/783 368/994/1012
f 41/996/743 42/883/32 292/885/919 298/1000/943 375/998/1046
f 43/639/748 37/437/736 227/611/179
f 54/822/775 91/824/790 90/988/69 27/983/724 287/906/910
f 71/1165/53 31/1239/25 80/1237/62
f 78/1231/60 35/1228/28 19/1153/15 93/1140/71
f 79/1224/61 28/1218/727 4/1151/713 89/1152/68
f 81/978/63 23/972/19 66/1094/48 83/1117/64
f 82/945/779 50/949/764 23/972/19 81/978/63
f 83/1117/64 66/1094/48 71/1165/53 84/1150/65
f 84/1150/65 71/1165/53 80/1237/62
f 87/882/66 42/883/32 41/996/742 85/995/782
f 88/513/67 53/564/36 195/563/149
f 89/1152/68 4/1151/712 27/983/723 90/988/69
f 89/1152/68 19/1153/15 35/1228/28 79/1224/61
f 89/1152/68 90/988/69 92/1096/70
f 90/988/69 25/991/21 92/1096/70
f 91/824/791 52/830/772 25/991/21 90/988/69
f 92/1096/70 19/1153/15 89/1152/68
f 93/1140/71 13/1125/10 30/1233/24 78/1231/60
f 93/1140/71 19/1153/15 92/1096/70 96/1112/73
f 94/987/72 24/982/20 13/1125/10 96/1112/73
f 94/987/72 25/991/21 52/830/771 95/946/794
f 95/946/795 51/941/767 24/982/20 94/987/72
f 96/1112/73 13/1125/10 93/1140/71
f 96/1112/73 92/1096/70 25/991/21 94/987/72
f 97/1235/74 30/1233/24 13/1125/10 98/1184/75
f 98/1184/75 13/1125/10 102/1139/78
f 98/1184/75 80/1237/62 97/1235/74
f 99/980/76 24/982/20 51/941/768 100/942/799
f 99/980/76 81/978/63 83/1117/64 101/1121/77
f 100/942/798 82/945/778 81/978/63 99/980/76
f 101/1121/77 13/1125/10 24/982/20 99/980/76
f 101/1121/77 83/1117/64 84/1150/65 102/1139/78
f 102/1139/78 13/1125/10 101/1121/77
f 102/1139/78 84/1150/65 80/1237/62 98/1184/75
f 121/985/810 182/990/139 183/825/876 146/823/861 290/907/913
f 170/1232/130 123/1234/95 111/1126/85 185/1142/141
f 171/1225/131 128/1229/99 114/1157/88 181/1156/138
f 172/1238/132 124/1240/96 163/1166/123
f 172/1238/132 163/1166/123 176/1154/135
f 173/979/133 117/973/91 142/950/850 174/947/865
f 175/1118/134 158/1095/118 117/973/91 173/979/133
f 176/1154/135 163/1166/123 158/1095/118 175/1118/134
f 177/1001/868 134/1002/828 135/887/103 179/886/136
f 177/1001/869 179/886/136 122/884/815 106/997/807 370/999/1022
f 181/1156/138 106/1155/806 122/1219/813 171/1225/131
f 181/1156/138 114/1157/88 184/1097/140
f 182/990/139 119/992/93 144/831/858 183/825/877
f 182/990/139 121/985/809 106/1155/805 181/1156/138
f 184/1097/140 119/992/93 182/990/139
f 184/1097/140 182/990/139 181/1156/138
f 185/1142/141 111/1126/85 188/1113/143
f 185/1142/141 114/1157/88 128/1229/99 170/1232/130
f 186/989/142 118/984/92 143/943/853 187/948/881
f 186/989/142 119/992/93 184/1097/140 188/1113/143
f 187/948/880 144/831/857 119/992/93 186/989/142
f 188/1113/143 111/1126/85 118/984/92 186/989/142
f 188/1113/143 184/1097/140 114/1157/88 185/1142/141
f 189/1236/144 172/1238/132 190/1185/145
f 190/1185/145 111/1126/85 123/1234/95 189/1236/144
f 190/1185/145 172/1238/132 176/1154/135 194/1141/148
f 191/981/146 118/984/92 111/1126/85 193/1122/147
f 191/981/146 173/979/133 174/947/864 192/944/884
f 192/944/885 143/943/854 118/984/92 191/981/146
f 193/1122/147 111/1126/85 194/1141/148
f 193/1122/147 175/1118/134 173/979/133 191/981/146
f 194/1141/148 111/1126/85 190/1185/145
f 194/1141/148 176/1154/135 175/1118/134 193/1122/147
f 195/563/149 91/383/793 54/381/777 88/513/67
f 200/559/154 52/378/773 91/383/792 195/563/149
f 201/1014/155 187/1100/883 143/1111/855 204/1015/158
f 203/555/157 95/339/796 52/378/774 200/559/154
f 204/1015/158 143/1111/856 192/1114/886 207/1016/161
f 206/551/160 51/332/769 95/339/797 203/555/157
f 207/1016/161 192/1114/887 174/1115/866 210/1017/163
f 210/1017/163 174/1115/867 142/1120/851 213/1018/165
f 212/568/893 215/543/167 50/309/765 82/324/780 453/496/1074
f 213/1018/165 142/1120/852 139/1099/847 216/1013/168
f 216/1012/168 139/1098/848 138/1093/842 219/1011/171
f 218/560/170 46/356/761 50/309/766 215/543/167
f 219/1011/171 138/1093/843 137/1092/838 222/1006/174
f 221/572/173 45/385/756 46/347/762 218/557/170
f 222/1006/174 137/1092/839 130/1074/822 225/986/177
f 224/577/176 44/394/752 45/385/757 221/572/173
f 225/986/177 130/1074/823 136/977/834
f 227/611/179 37/437/737 44/394/753 224/577/176
f 229/756/180 49/816/35 196/814/150 232/716/182
f 230/874/902 15/810/721 226/809/178 252/878/202
f 231/526/181 49/597/35 21/595/17 284/525/232
f 232/716/182 196/814/150 199/813/153 235/713/185
f 233/892/183 196/814/150 49/816/35 231/877/181
f 234/893/184 199/813/153 196/814/150 233/892/183
f 235/713/185 199/813/153 202/815/156 237/710/187
f 236/896/186 202/815/156 199/813/153 234/893/184
f 237/710/187 202/815/156 205/820/159 239/709/189
f 238/899/188 205/820/159 202/815/156 236/896/186
f 239/709/189 205/820/159 208/819/162 241/707/191
f 240/900/190 208/819/162 205/820/159 238/899/188
f 241/707/191 208/819/162 211/818/164 243/706/193
f 242/901/192 211/818/164 208/819/162 240/900/190
f 243/706/193 211/818/164 214/817/166 245/704/195
f 244/903/194 214/817/166 211/818/164 242/901/192
f 245/704/195 214/817/166 217/821/169 247/712/197
f 246/895/196 217/821/169 214/817/166 244/903/194
f 247/708/197 217/806/169 220/807/172 249/717/199
f 248/888/198 220/807/172 217/806/169 246/891/196
f 249/717/199 220/807/172 223/808/175 251/724/201
f 250/880/200 223/808/175 220/807/172 248/888/198
f 251/724/201 223/808/175 226/809/178 253/746/203
f 252/878/202 226/809/178 223/808/175 250/880/200
f 253/746/203 226/809/178 15/810/722 228/754/900
f 255/879/905 230/874/903 252/878/202 266/890/215
f 258/908/207 201/1014/155 204/1015/158 259/909/208
f 259/909/208 204/1015/158 207/1016/161 260/910/209
f 259/909/208 238/899/188 236/896/186 258/908/207
f 260/910/209 207/1016/161 210/1017/163 261/912/210
f 260/910/209 240/900/190 238/899/188 259/909/208
f 261/912/210 210/1017/163 213/1018/165 262/923/211
f 261/912/210 242/901/192 240/900/190 260/910/209
f 262/923/211 213/1018/165 216/1013/168 263/905/212
f 262/923/211 244/903/194 242/901/192 261/912/210
f 263/904/212 216/1012/168 219/1011/171 264/902/213
f 263/905/212 246/895/196 244/903/194 262/923/211
f 264/902/213 219/1011/171 222/1006/174 265/897/214
f 264/902/213 248/888/198 246/891/196 263/904/212
f 265/897/214 222/1006/174 225/986/177 266/890/215
f 265/897/214 250/880/200 248/888/198 264/902/213
f 266/890/215 225/986/177 136/977/835 255/879/906
f 266/890/215 252/878/202 250/880/200 265/897/214
f 267/725/909 43/639/749 227/611/179 279/715/227
f 270/686/218 200/559/154 195/563/149 256/693/205
f 271/701/219 203/555/157 200/559/154 270/686/218
f 271/701/219 237/710/187 239/709/189 272/699/220
f 272/699/220 206/551/160 203/555/157 271/701/219
f 272/699/220 239/709/189 241/707/191 273/698/221
f 273/698/221 209/571/889 206/551/160 272/699/220
f 273/698/221 241/707/191 243/706/193 274/697/222
f 274/697/222 212/568/894 209/571/890 273/698/221
f 274/697/222 243/706/193 245/704/195 275/696/223
f 275/696/223 215/543/167 212/568/895 274/697/222
f 275/696/223 245/704/195 247/712/197 276/702/224
f 276/702/224 218/560/170 215/543/167 275/696/223
f 276/700/224 247/708/197 249/717/199 277/703/225
f 277/703/225 221/572/173 218/557/170 276/700/224
f 277/703/225 249/717/199 251/724/201 278/705/226
f 278/705/226 224/577/176 221/572/173 277/703/225
f 278/705/226 251/724/201 253/746/203 279/715/227
f 279/715/227 227/611/179 224/577/176 278/705/226
f 279/715/227 253/746/203 228/754/899 267/725/908
f 280/678/228 29/589/23 7/590/4 282/680/230
f 281/687/229 21/595/17 49/597/35 229/690/180
f 282/680/230 7/590/4 21/595/17 281/687/229
f 284/525/232 21/595/17 7/590/4 285/524/233
f 285/524/233 7/590/4 29/589/23 283/522/231
f 286/1176/234 40/1147/739 374/1131/1041 297/1132/937 301/1167/953 379/1170/293
f 286/1176/234 53/1210/36 88/1209/67 288/1175/235
f 288/1175/235 86/1145/786 40/1147/738 286/1176/234
f 289/1180/236 133/1148/824 178/1146/872 291/1179/237
f 289/1180/236 145/1214/106 296/1215/933 300/1168/949 378/1171/292
f 290/1177/915 146/1211/863 180/1213/137 291/1179/237 377/1178/291
f 291/1179/237 180/1213/137 145/1214/106 289/1180/236
f 293/676/920 254/694/204 256/693/205 195/563/149 53/564/36
f 295/1004/931 299/889/947 135/887/103 134/1002/829 373/1003/1037
f 311/512/245 312/516/246 327/582/261 328/581/262
f 312/516/246 313/517/247 326/584/260 327/582/261
f 313/517/247 314/519/248 325/585/259 326/584/260
f 314/519/248 315/520/249 324/587/258 325/585/259
f 315/520/249 316/521/250 323/588/257 324/587/258
f 316/521/250 283/522/231 29/589/23 323/588/257
f 317/688/251 303/691/239 304/579/240 328/581/262
f 318/685/252 317/688/251 328/581/262 327/582/261
f 319/684/253 318/685/252 327/582/261 326/584/260
f 320/683/254 319/684/253 326/584/260 325/585/259
f 321/682/255 320/683/254 325/585/259 324/587/258
f 322/681/256 321/682/255 324/587/258 323/588/257
f 323/588/257 29/589/23 280/678/228 322/681/256
f 328/581/262 304/579/240 302/510/238 311/512/245
f 369/1128/1018 27/1127/725 4/993/715 368/994/1013 388/1057/1058
f 369/1128/1017 86/1145/787 288/1175/235 376/1174/290
f 370/999/1023 106/997/808 121/1129/812 371/1130/1028 389/1059/1061
f 371/1130/1027 121/1129/811 290/1177/914 377/1178/291
f 376/1174/290 287/1173/912 27/1127/726 369/1128/1019
f 376/1174/290 288/1175/235 88/1209/67 54/1208/776 287/1173/911
f 377/1178/291 291/1179/237 178/1146/873 371/1130/1029
f 378/1171/292 300/1168/950 294/1134/927 372/1133/1033 133/1148/825 289/1180/236
f 379/1170/293 301/1167/954 293/1212/922 53/1210/36 286/1176/234
f 394/1063/1064 372/1133/1032 294/1134/926 295/1004/930 373/1003/1036
f 395/1062/1067 375/998/1045 298/1000/942 297/1132/938 374/1131/1042
f 412/129/320 413/335/321 425/334/333 424/127/332
f 413/335/321 400/379/308 425/334/333
f 414/338/322 415/135/323 427/138/335 426/337/334
f 415/135/323 406/74/314 427/138/335
f 419/320/327 413/335/321 412/129/320 416/183/324
f 423/191/331 415/135/323 414/338/322 420/326/328
f 424/127/332 401/71/309 412/129/320
f 425/334/333 400/379/308 399/393/307 428/366/336
f 426/337/334 407/382/315 414/338/322
f 427/138/335 406/74/314 398/54/306 430/109/338
f 428/366/336 399/393/307 393/403/303 432/375/340
f 428/366/336 429/95/337 424/127/332 425/334/333
f 429/95/337 397/53/305 401/71/309 424/127/332
f 429/95/337 428/366/336 432/375/340 433/87/341
f 430/109/338 398/54/306 390/39/300 435/99/343
f 430/109/338 431/359/339 426/337/334 427/138/335
f 431/359/339 396/395/304 407/382/315 426/337/334
f 431/359/339 430/109/338 435/99/343 434/369/342
f 433/87/341 392/41/302 397/53/305 429/95/337
f 434/369/342 391/408/301 396/395/304 431/359/339
f 436/80/344 435/99/343 390/39/300 440/36/348
f 437/79/345 40/73/740 86/376/788 439/372/347
f 438/373/346 434/369/342 435/99/343 436/80/344
f 439/372/347 86/376/789 369/418/1020 443/410/351
f 439/372/347 438/373/346 436/80/344 437/79/345
f 440/36/348 441/33/349 437/79/345 436/80/344
f 441/33/349 374/25/1044 40/73/741 437/79/345
f 442/409/350 391/408/301 434/369/342 438/373/346
f 443/410/351 442/409/350 438/373/346 439/372/347
f 444/86/352 433/87/341 432/375/340 446/371/354
f 444/86/352 445/88/353 449/37/357 448/38/356
f 445/88/353 133/82/826 372/26/1034 449/37/357
f 446/371/354 432/375/340 393/403/303 450/411/358
f 446/371/354 447/370/355 445/88/353 444/86/352
f 447/370/355 178/374/874 133/82/827 445/88/353
f 448/38/356 392/41/302 433/87/341 444/86/352
f 450/411/358 451/412/359 447/370/355 446/371/354
f 451/412/359 371/429/1031 178/374/875 447/370/355
f 452/504/1070 100/330/800 51/332/770 206/551/160 209/571/888
f 453/496/1075 82/324/781 100/330/801 452/504/1071
