# Exported from Wings 3D 0.98.26
mtllib ./buz_miura4.mtl
o miura-body
#1244 vertices, 1325 faces
v 326.025 998.694 -121.251
v 858.787 77.6820 1698.25
v 326.025 956.248 -795.106
v 919.770 104.925 -1744.25
v 326.025 998.694 -565.325
v 804.471 62.6899 -565.325
v -8.73396e-6 74.9041 1816.52
v -8.73396e-6 997.058 -123.075
v -8.73396e-6 104.925 -1770.30
v -8.73396e-6 958.960 -792.764
v -8.73396e-6 62.6899 -565.325
v -8.73396e-6 998.860 -565.325
v 607.430 972.839 -182.104
v 779.381 680.772 530.499
v 822.989 637.255 1564.53
v 593.552 943.460 -905.980
v 902.834 757.737 -1563.35
v 792.369 616.950 -2114.93
v 824.665 348.723 -2033.70
v 607.430 972.839 -565.325
v 756.143 829.256 -565.325
v 869.889 685.190 -639.064
v 871.416 348.723 -501.444
v -8.73396e-6 972.839 -61.4008
v -8.73396e-6 680.772 532.877
v -8.73396e-6 560.929 1709.07
v -8.73396e-6 348.723 2184.80
v -8.73396e-6 348.723 -2022.93
v -8.73396e-6 616.950 -2104.17
v 681.787 869.063 73.5887
v 775.999 805.762 -1436.06
v 681.787 901.048 -565.325
v -8.73396e-6 901.048 73.5887
v -8.73396e-6 205.265 -1894.21
v 874.001 205.265 -1904.97
v 837.944 233.160 -565.325
v -8.73396e-6 176.790 2046.26
v 795.782 700.020 1364.09
v 875.582 687.343 -1867.60
v 800.184 754.896 -548.069
v -8.73396e-6 627.801 1424.99
v -8.73396e-6 699.999 -1835.25
v 926.036 348.723 1725.11
v 883.176 180.404 1673.63
v 934.205 573.209 1372.68
v -8.73396e-6 72.4613 1453.22
v 836.629 498.459 1817.15
v -8.73396e-6 472.443 1933.09
v 882.745 348.723 1850.37
v -8.73396e-6 67.5756 545.717
v 919.141 554.702 539.701
v 871.416 348.723 547.375
v 837.944 232.702 535.300
v 847.630 644.446 531.605
v 804.471 67.5756 545.717
v -8.73396e-6 65.9470 107.523
v 784.999 771.766 64.6776
v 919.141 640.449 151.498
v 871.416 348.723 108.628
v 837.944 231.149 100.578
v 844.301 712.164 61.7112
v 804.471 65.9470 107.523
v 719.977 722.319 825.509
v 740.482 742.458 1138.81
v -8.73396e-6 662.588 828.664
v -8.73396e-6 669.902 1126.83
v 804.471 69.2041 775.816
v -8.73396e-6 69.2041 775.816
v -8.73396e-6 70.8327 1150.72
v 919.141 608.415 840.196
v 934.891 621.865 1236.47
v 870.215 361.958 796.466
v 837.944 219.827 774.052
v 836.882 703.164 866.533
v 857.278 722.153 1105.06
v 808.720 66.9133 -810.509
v -8.73396e-6 66.9133 -810.509
v 871.416 348.723 -847.443
v 914.511 586.719 -855.566
v 770.920 784.721 -861.776
v 567.606 927.480 -797.017
v 758.877 851.759 -881.739
v 840.068 233.116 -834.570
v 839.021 689.296 -863.044
v 735.080 859.122 -979.190
v 832.527 797.788 -1003.40
v 864.068 78.3167 -953.995
v -8.73396e-6 78.3167 -953.995
v 914.518 356.385 -976.752
v 912.838 616.950 -918.850
v 888.564 228.151 -951.487
v 885.655 712.375 -1002.02
v 894.560 765.747 -1437.38
v -8.73396e-6 96.9423 -1513.31
v 962.827 610.552 -1444.58
v 919.953 698.469 -1451.85
v 929.023 220.065 -1736.28
v 958.901 530.489 -1594.55
v 921.241 695.131 -1576.57
v 944.231 356.996 -1718.29
v 904.400 616.950 -1855.82
v 895.563 348.723 -1900.79
v -8.73396e-6 643.120 -1928.20
v 846.689 652.147 -1991.27
v 861.097 616.950 -1985.37
v 409.533 71.2779 1759.91
v 483.535 348.723 2122.94
v 489.884 560.929 1709.47
v 669.652 680.772 440.842
v 303.715 972.839 -61.4008
v 340.893 901.048 73.5887
v 428.192 180.401 1986.49
v 488.522 627.801 1421.40
v 412.434 72.4613 1420.99
v 499.667 472.443 1875.12
v 402.236 67.5756 545.717
v 402.236 65.9470 107.523
v 402.236 69.2041 775.816
v 402.236 70.8327 1150.72
v 486.417 669.902 1126.83
v 498.827 662.588 802.684
v 402.236 62.6899 -565.325
v 459.885 104.925 -1759.07
v 354.500 348.723 -2023.33
v 432.515 205.265 -1894.61
v 404.360 66.9133 -810.509
v 455.870 96.9423 -1478.37
v 306.900 616.950 -2104.57
v 428.639 693.671 -1846.44
v 405.460 639.956 -1933.99
v 880.235 178.597 1801.97
v 309.776 680.772 535.169
v 268.446 662.588 828.664
v 243.209 669.902 1126.83
v 891.048 665.636 1352.54
v 913.537 616.950 1489.44
v 898.948 549.893 1718.58
v 17.1856 560.929 1709.27
v 16.5045 627.801 1423.19
v 432.034 78.3167 -953.995
v 746.850 676.578 378.196
v 782.190 677.895 313.938
v 845.133 669.125 206.487
v 681.787 901.048 -109.928
v 644.609 936.943 -54.2574
v 780.786 679.334 422.219
v 869.510 653.230 274.786
v 804.471 66.7613 326.620
v -8.73396e-6 66.7613 326.620
v 919.141 585.826 321.606
v 871.416 348.723 318.523
v 837.944 232.469 311.770
v 402.236 66.7613 326.620
v -8.73396e-6 66.3541 217.071
v 919.141 601.388 212.559
v 871.416 348.723 218.314
v 837.944 233.313 209.258
v 402.236 66.3541 217.071
v 804.471 66.3541 217.071
v 782.113 777.515 -8.40843
v 681.787 901.048 -165.553
v 644.609 945.314 -561.779
v 644.609 950.459 -164.769
v 644.609 945.314 -216.786
v 676.939 892.433 -870.073
v 660.774 933.593 -676.686
v 707.483 884.618 -650.664
v 758.606 821.834 -614.734
v 878.391 678.781 -419.436
v 881.721 676.307 82.9660
v 594.891 828.293 -1424.59
v 592.759 800.029 -1534.64
v 593.150 773.310 -1644.72
v 585.791 740.718 -1768.65
v 365.380 740.718 -1769.50
v 225.120 740.718 -1767.90
v -8.73396e-6 740.718 -1766.09
v -8.73396e-6 773.310 -1644.43
v -8.73396e-6 800.029 -1533.40
v -8.73396e-6 828.293 -1424.01
v -8.73396e-6 860.298 -1303.98
v -8.73396e-6 892.302 -1157.76
v -8.73396e-6 924.307 -1036.10
v -8.73396e-6 952.508 -914.430
v 594.556 860.298 -1308.14
v 594.222 892.302 -1155.67
v 593.887 924.307 -1037.78
v 296.943 924.307 -1036.94
v 297.111 892.302 -1156.72
v 297.278 860.298 -1306.06
v 297.446 828.293 -1424.30
v 296.380 800.029 -1534.02
v 296.575 773.310 -1644.57
v 296.776 947.984 -910.205
v 813.899 438.132 -2060.77
v -8.73396e-6 438.132 -2050.01
v 315.881 438.132 -2050.41
v 780.645 466.598 -2068.53
v 426.310 466.591 -2059.53
v 422.503 574.509 -2096.76
v 778.775 574.503 -2105.85
v 763.718 569.554 -2123.40
v 765.430 471.547 -2111.32
v 441.284 471.541 -2111.32
v 437.801 569.559 -2123.40
v 544.422 466.593 -2062.53
v 662.534 466.596 -2065.53
v 660.017 574.505 -2102.82
v 541.260 574.507 -2099.79
v 549.333 471.543 -2111.32
v 657.381 471.545 -2111.32
v 655.079 569.556 -2123.40
v 546.440 569.557 -2123.40
v 546.228 233.148 -1920.54
v 542.936 320.799 -1999.33
v 733.689 320.840 -2007.72
v 732.430 233.119 -1929.14
v 726.495 240.989 -1983.10
v 552.099 241.015 -1983.11
v 549.015 318.445 -2010.75
v 727.675 318.481 -2010.76
v 919.141 640.449 -363.392
v 838.332 722.096 -672.109
v 733.180 868.189 -748.588
v 783.098 803.277 -720.641
v 668.856 927.975 -771.213
v 918.965 622.092 -603.684
v 857.900 734.852 -553.309
v 740.245 878.607 -654.306
v 790.765 811.244 -617.030
v 894.053 677.303 -441.348
v 873.679 713.612 -508.695
v 668.459 936.226 -701.418
v -8.73396e-6 912.473 -926.596
v 593.585 912.473 -931.604
v 296.793 912.473 -922.878
v -8.73396e-6 731.251 -1656.59
v 594.590 816.459 -1319.78
v 594.678 788.195 -1435.60
v 592.798 761.476 -1545.64
v 592.414 731.251 -1657.11
v -8.73396e-6 761.476 -1544.50
v -8.73396e-6 788.195 -1434.95
v -8.73396e-6 816.459 -1315.99
v -8.73396e-6 848.464 -1172.38
v -8.73396e-6 880.468 -1048.26
v 594.255 848.464 -1170.92
v 593.920 880.468 -1049.57
v 296.960 880.468 -1048.92
v 297.128 848.464 -1171.65
v 297.295 816.459 -1317.88
v 297.339 788.195 -1435.27
v 296.399 761.476 -1545.07
v 281.965 731.251 -1656.90
v 310.920 731.251 -1657.06
v 649.759 918.862 -972.239
v 639.164 902.705 -1038.50
v 661.970 886.548 -1104.76
v 684.776 870.390 -1171.02
v 707.582 854.233 -1237.28
v 730.388 838.076 -1303.54
v 753.194 821.919 -1369.80
v 740.195 852.452 -1036.30
v 745.310 845.782 -1093.41
v 750.425 839.112 -1150.52
v 755.540 832.442 -1207.62
v 760.654 825.772 -1264.73
v 765.769 819.102 -1321.84
v 770.884 812.432 -1378.95
v 848.035 789.778 -1111.90
v 863.543 781.767 -1220.39
v 879.051 773.757 -1328.89
v 897.088 707.740 -1151.96
v 908.520 703.104 -1301.90
v 955.381 605.961 -1246.84
v 627.247 708.106 -1818.13
v 747.992 760.901 -1604.03
v 571.605 690.507 -1857.02
v 544.864 653.729 -1983.39
v 739.340 734.503 -1711.08
v 664.316 900.108 -942.585
v 936.202 514.995 -1077.24
v 901.742 290.875 -957.404
v 876.130 155.672 -951.307
v 962.321 583.046 -1523.91
v 952.347 447.271 -1665.31
v 923.901 161.368 -1739.61
v 936.128 283.268 -1735.56
v 960.643 618.612 -1347.76
v 946.657 571.332 -1155.22
v 925.746 437.219 -1017.22
v 855.742 290.920 -841.007
v 824.394 150.015 -822.540
v 443.952 87.6295 -1216.18
v 914.237 700.786 -1376.88
v 920.597 696.800 -1514.21
v 889.449 276.994 -1902.88
v 899.981 482.837 -1878.30
v 457.877 100.933 -1618.72
v 952.717 611.456 -1082.85
v 932.285 486.668 -947.801
v 892.964 467.721 -851.505
v 823.228 73.6827 1559.30
v 856.700 190.002 1559.32
v -8.73396e-6 73.6827 1634.87
v 410.794 73.6827 1589.55
v 887.346 344.764 1539.10
v 895.278 451.712 543.538
v 895.278 494.586 130.063
v 894.295 478.089 858.243
v 904.490 478.108 1475.60
v 912.492 449.308 1721.84
v 895.278 467.274 324.804
v 895.278 475.056 215.437
v 895.278 494.586 -464.358
v 895.191 485.408 -563.850
v 926.281 621.073 1078.03
v 911.271 571.676 955.389
v 937.462 603.616 1308.64
v 883.347 423.007 822.416
v 854.680 293.205 781.050
v 821.207 144.902 773.358
v 839.964 128.309 1560.49
v 873.436 265.829 1553.40
v 895.604 415.780 1512.80
v 920.286 530.979 1428.62
v 931.326 627.622 1156.17
v 903.275 528.941 903.290
v 919.268 602.406 1012.37
v 883.347 400.218 545.456
v 854.680 290.713 541.337
v 411.614 73.0720 1505.27
v 821.207 150.139 540.509
v 402.236 70.0184 963.267
v 407.335 71.6470 1285.86
v 881.532 692.788 1247.92
v 875.828 127.654 1686.65
v 909.300 264.564 1699.37
v 495.702 528.941 903.290
v 495.702 571.676 955.389
v 495.702 602.406 1012.37
v 495.702 621.073 1078.03
v 495.702 627.622 1156.17
v 495.702 621.865 1236.47
v 495.702 603.616 1308.64
v 495.702 573.209 1372.68
v 495.702 530.979 1428.62
v 495.702 478.108 1475.60
v 495.702 415.780 1512.80
v 495.702 344.764 1539.10
v 495.702 265.829 1553.40
v 495.702 190.002 1559.32
v 495.702 128.309 1560.49
v 495.702 73.6827 1559.30
v 495.702 73.0720 1474.04
v 495.702 72.4104 1380.33
v 495.702 71.6470 1269.74
v 495.702 70.8327 1133.61
v 495.702 70.0184 963.267
v 495.702 69.2041 775.816
v 495.702 144.902 773.358
v 495.702 219.827 774.052
v 495.702 293.205 781.050
v 495.702 361.958 796.466
v 495.702 423.007 822.416
v 495.702 478.089 858.243
v 548.822 571.332 -1155.22
v 548.822 514.995 -1077.24
v 548.822 437.219 -1017.22
v 548.822 356.385 -976.752
v 548.822 290.875 -957.404
v 548.822 228.151 -951.487
v 548.822 155.672 -951.307
v 548.822 78.3167 -953.995
v 548.822 87.6295 -1198.72
v 548.822 95.6119 -1419.86
v 548.822 100.933 -1593.85
v 548.822 104.925 -1744.25
v 548.822 161.368 -1739.61
v 548.822 220.065 -1736.28
v 548.822 283.268 -1735.56
v 548.822 356.996 -1718.29
v 548.822 447.271 -1665.31
v 548.822 530.489 -1594.55
v 548.822 583.046 -1523.91
v 548.822 610.552 -1444.58
v 548.822 618.612 -1347.76
v 548.822 605.961 -1246.84
v 615.367 75.0207 1728.85
v 517.828 62.6899 -565.325
v 517.828 67.5756 545.717
v 517.828 65.9470 107.523
v 521.014 66.9133 -810.509
v 517.828 66.7613 326.620
v 517.828 66.3541 217.071
v 821.207 147.925 -565.325
v 821.207 148.548 104.050
v 821.207 149.615 322.279
v 821.207 149.834 213.165
v 829.865 262.756 1919.75
v 777.848 341.641 2026.48
v 688.154 348.723 2068.31
v 760.206 180.682 1900.28
v 712.574 209.670 1953.06
v 663.858 175.880 1941.89
v 850.052 415.780 1833.76
v 890.846 449.308 1784.48
v 881.490 263.660 1844.12
v 869.511 128.139 1750.11
v 517.132 616.950 -2109.75
v 509.504 616.950 -2109.23
v 538.473 638.533 -1941.09
v -8.73396e-6 603.842 -2042.52
v 316.756 603.526 -2043.45
v 512.401 603.383 -2048.36
v 563.785 690.824 -1855.96
v -8.73396e-6 720.359 -1800.67
v 434.333 717.195 -1807.97
v 75.2362 720.359 -1801.57
v 578.698 715.613 -1812.84
v 799.909 666.589 1497.14
v 488.931 607.739 1498.17
v 480.362 410.583 1993.07
v 775.669 393.644 1992.96
v 542.613 556.529 1740.57
v 549.995 483.741 1851.90
v 557.392 587.346 1649.63
v 557.264 468.620 1881.01
v 790.113 550.500 1740.52
v 775.029 598.387 1648.99
v 790.500 489.973 1851.81
v 629.891 620.674 1559.77
v 705.083 632.756 1559.56
v 590.150 660.660 1364.29
v 692.305 682.994 1380.83
v 575.208 599.552 1610.93
v 758.490 610.920 1610.51
v 775.769 471.172 1880.92
v 719.896 397.440 1988.94
v 702.966 441.473 1926.41
v 630.067 443.837 1925.86
v 634.161 384.426 2026.66
v 548.426 397.505 2028.03
v 750.306 446.836 1910.79
v 582.727 455.445 1910.85
v 555.778 348.723 2104.73
v 621.966 348.723 2086.52
v 517.229 404.044 2010.55
v -8.73396e-6 410.583 2058.95
v 244.795 348.723 2153.87
v 231.346 410.583 2026.01
v 204.766 73.0910 1788.22
v 214.096 178.595 2016.37
v 206.217 72.4613 1437.11
v 201.118 70.8327 1150.72
v 205.397 73.6827 1612.21
v 553.382 535.741 1627.56
v 543.552 509.459 1709.78
v 548.894 467.851 1846.57
v 556.659 460.565 1878.65
v 582.484 450.338 1908.87
v 750.094 444.990 1909.84
v 775.028 458.621 1873.72
v 789.388 471.996 1841.57
v 783.678 520.774 1702.89
v 770.839 540.719 1619.63
v 753.705 548.449 1580.48
v 699.902 558.783 1526.72
v 624.263 558.725 1530.74
v 570.676 547.312 1585.92
v 639.997 455.663 1893.76
v 693.423 453.367 1894.15
v 734.815 458.535 1874.26
v 758.297 473.482 1843.88
v 777.998 493.165 1805.63
v 777.512 512.323 1766.23
v 560.281 508.533 1766.06
v 560.200 487.886 1811.06
v 574.670 473.623 1848.87
v 596.615 463.158 1873.91
v 623.594 530.255 1673.76
v 703.636 531.421 1674.03
v 615.240 539.412 1697.90
v 713.989 540.579 1698.28
v 574.597 524.574 1734.28
v 759.027 527.031 1735.09
v 740.705 535.484 1713.68
v 590.405 533.697 1713.09
v 625.868 537.400 1624.92
v 698.354 539.059 1622.28
v 650.275 530.643 1673.85
v 676.956 531.032 1673.94
v 651.045 543.056 1687.56
v 677.914 543.453 1687.69
v 666.890 453.732 1896.71
v 716.383 454.808 1886.13
v 747.765 465.031 1860.17
v 769.478 483.080 1825.40
v 780.553 503.077 1785.44
v 566.547 517.430 1748.43
v 558.189 498.042 1788.09
v 566.245 479.993 1831.54
v 583.823 468.035 1862.39
v 615.956 458.920 1885.27
v 633.241 541.556 1691.79
v 728.818 538.336 1705.40
v 582.041 529.801 1722.69
v 769.243 520.409 1749.41
v 750.144 531.886 1723.38
v 601.216 536.847 1704.91
v 664.480 543.688 1686.19
v 695.719 542.350 1692.05
v 666.485 536.952 1791.59
v 666.517 442.655 1926.14
v 726.530 443.231 1918.13
v 762.561 451.806 1891.78
v 782.208 465.308 1857.65
v 786.533 492.477 1776.09
v 546.223 488.655 1778.17
v 552.776 464.208 1862.61
v 569.572 455.451 1893.76
v 606.276 447.087 1917.37
v 690.296 531.227 1673.99
v 663.615 530.838 1673.90
v 636.935 530.449 1673.80
v 666.688 501.032 1844.63
v 641.220 503.626 1838.91
v 625.154 508.184 1827.47
v 616.365 514.163 1812.04
v 612.337 523.187 1790.32
v 616.516 532.882 1770.49
v 624.263 539.067 1757.62
v 633.851 542.590 1748.73
v 649.863 544.944 1742.16
v 665.482 546.010 1739.37
v 681.102 545.342 1742.29
v 697.652 543.334 1748.97
v 708.315 540.109 1757.96
v 717.864 534.371 1770.98
v 723.519 525.705 1788.99
v 717.981 515.706 1808.97
v 707.125 506.682 1826.36
v 691.434 501.570 1839.34
v 583.573 523.765 1687.91
v 551.917 506.189 1736.53
v 559.831 510.583 1724.37
v 567.745 514.977 1712.22
v 575.659 519.371 1700.06
v 548.467 522.600 1668.67
v 563.563 512.704 1702.70
v 547.735 503.916 1727.01
v 544.888 499.057 1743.98
v 546.304 520.135 1796.24
v 550.003 571.938 1695.10
v -8.73396e-6 516.686 1821.08
v 494.776 516.686 1792.29
v 723.647 528.759 1681.25
v 743.657 526.097 1688.46
v 763.668 523.436 1695.68
v 777.259 526.838 1665.12
v 782.571 574.444 1694.76
v 829.809 567.857 1690.84
v 806.551 593.878 1652.53
v 798.332 572.189 1696.52
v 790.307 520.237 1796.16
v 785.106 502.717 1743.35
v 780.595 509.834 1736.87
v 837.944 232.154 -380.196
v 854.680 290.942 -533.385
v 854.680 289.936 104.603
v 854.680 290.596 318.231
v 854.680 291.018 213.786
v 854.680 290.439 -440.820
v 882.190 408.222 -849.474
v 883.347 407.999 321.663
v 882.190 408.222 -676.474
v 883.347 421.655 119.345
v 883.347 411.889 216.876
v 883.347 421.655 -482.901
v 883.303 417.065 -532.647
v 923.401 421.526 -962.276
v 224.144 472.443 1904.10
v 230.113 516.686 1806.69
v 238.053 560.929 1709.37
v 237.031 627.801 1422.30
v 592.779 783.697 -1535.85
v 592.782 755.225 -1646.62
v 296.952 905.332 -1038.64
v 297.119 873.328 -1159.89
v 289.270 754.203 -1646.45
v 303.748 754.203 -1646.53
v 296.784 933.173 -912.250
v -8.73396e-6 935.435 -916.222
v 593.569 930.911 -914.501
v -8.73396e-6 755.225 -1646.22
v 594.573 841.323 -1309.67
v 594.785 811.188 -1425.80
v -8.73396e-6 783.697 -1534.66
v -8.73396e-6 811.188 -1425.19
v -8.73396e-6 841.323 -1305.69
v -8.73396e-6 873.328 -1160.78
v -8.73396e-6 905.332 -1037.89
v 594.238 873.328 -1159.00
v 593.904 905.332 -1039.38
v 297.287 841.323 -1307.68
v 297.392 811.188 -1425.50
v 296.389 783.697 -1535.25
v 594.088 864.466 -1110.24
v 718.985 846.155 -1270.41
v 761.996 783.331 -1520.04
v 889.208 722.540 -1715.47
v 931.651 573.719 -1725.18
v 898.411 691.237 -1722.09
v 743.666 747.702 -1657.56
v 821.087 746.120 -1637.21
v 628.934 921.784 -924.282
v -326.025 998.694 -121.251
v -858.787 77.6820 1698.25
v -326.025 956.248 -795.106
v -919.770 104.925 -1744.25
v -326.025 998.694 -565.325
v -804.471 62.6899 -565.325
v -607.430 972.839 -182.104
v -779.381 680.772 530.499
v -822.989 637.255 1564.53
v -593.552 943.460 -905.980
v -902.834 757.737 -1563.35
v -792.369 616.950 -2114.93
v -824.665 348.723 -2033.70
v -607.430 972.839 -565.325
v -756.143 829.256 -565.325
v -869.889 685.190 -639.064
v -871.416 348.723 -501.444
v -681.787 869.063 73.5887
v -775.999 805.762 -1436.06
v -681.787 901.048 -565.325
v -874.001 205.265 -1904.97
v -837.944 233.160 -565.325
v -795.782 700.020 1364.09
v -875.582 687.343 -1867.60
v -800.184 754.896 -548.069
v -926.036 348.723 1725.11
v -883.176 180.404 1673.63
v -934.205 573.209 1372.68
v -836.629 498.459 1817.15
v -882.745 348.723 1850.37
v -919.141 554.702 539.701
v -871.416 348.723 547.375
v -837.944 232.702 535.300
v -847.630 644.446 531.605
v -804.471 67.5756 545.717
v -784.999 771.766 64.6776
v -919.141 640.449 151.498
v -871.416 348.723 108.628
v -837.944 231.149 100.578
v -844.301 712.164 61.7112
v -804.471 65.9470 107.523
v -719.977 722.319 825.509
v -740.482 742.458 1138.81
v -804.471 69.2041 775.816
v -919.141 608.415 840.196
v -934.891 621.865 1236.47
v -870.215 361.958 796.466
v -837.944 219.827 774.052
v -836.882 703.164 866.533
v -857.278 722.153 1105.06
v -808.720 66.9133 -810.509
v -871.416 348.723 -847.443
v -914.511 586.719 -855.566
v -770.920 784.721 -861.776
v -567.606 927.480 -797.017
v -758.877 851.759 -881.739
v -840.068 233.116 -834.570
v -839.021 689.296 -863.044
v -735.080 859.122 -979.190
v -832.527 797.788 -1003.40
v -864.068 78.3167 -953.995
v -914.518 356.385 -976.752
v -923.202 616.950 -918.850
v -888.564 228.151 -951.487
v -885.655 712.375 -1002.02
v -894.560 765.747 -1437.38
v -962.827 610.552 -1444.58
v -919.953 698.469 -1451.85
v -929.023 220.065 -1736.28
v -958.901 530.489 -1594.55
v -921.241 695.131 -1576.57
v -944.231 356.996 -1718.29
v -904.400 616.950 -1855.82
v -895.563 348.723 -1900.79
v -846.689 652.147 -1991.27
v -861.097 616.950 -1985.37
v -409.533 71.2779 1759.91
v -483.535 348.723 2122.94
v -489.884 560.929 1709.47
v -669.652 680.772 440.842
v -303.715 972.839 -61.4008
v -340.893 901.048 73.5887
v -428.192 180.401 1986.49
v -488.522 627.801 1421.40
v -412.434 72.4613 1420.99
v -499.667 472.443 1875.12
v -402.236 67.5756 545.717
v -402.236 65.9470 107.523
v -402.236 69.2041 775.816
v -402.236 70.8327 1150.72
v -486.417 669.902 1126.83
v -498.827 662.588 802.684
v -402.236 62.6899 -565.325
v -459.885 104.925 -1759.07
v -354.500 348.723 -2023.33
v -432.515 205.265 -1894.61
v -404.360 66.9133 -810.509
v -455.870 96.9423 -1478.37
v -306.900 616.950 -2104.57
v -428.639 693.671 -1846.44
v -405.460 639.956 -1933.99
v -880.235 178.597 1801.97
v -309.776 680.772 535.169
v -268.446 662.588 828.664
v -243.209 669.902 1126.83
v -891.048 665.636 1352.54
v -913.537 616.950 1489.44
v -898.948 549.893 1718.58
v -17.1856 560.929 1709.27
v -16.5045 627.801 1423.19
v -432.034 78.3167 -953.995
v -746.850 676.578 378.196
v -782.190 677.895 313.938
v -845.133 669.125 206.487
v -681.787 901.048 -109.928
v -644.609 936.943 -54.2574
v -780.786 679.334 422.219
v -869.510 653.230 274.786
v -804.471 66.7613 326.620
v -919.141 585.826 321.606
v -871.416 348.723 318.523
v -837.944 232.469 311.770
v -402.236 66.7613 326.620
v -919.141 601.388 212.559
v -871.416 348.723 218.314
v -837.944 233.313 209.258
v -402.236 66.3541 217.071
v -804.471 66.3541 217.071
v -782.113 777.515 -8.40843
v -681.787 901.048 -165.553
v -644.609 945.314 -561.779
v -644.609 950.459 -164.769
v -644.609 945.314 -216.786
v -676.939 892.433 -870.073
v -660.774 933.593 -676.686
v -707.484 884.618 -650.664
v -758.606 821.834 -614.734
v -878.391 678.781 -419.436
v -881.721 676.307 82.9660
v -594.891 828.293 -1424.59
v -592.759 800.029 -1534.64
v -593.150 773.310 -1644.72
v -585.791 740.718 -1768.65
v -365.380 740.718 -1769.50
v -225.120 740.718 -1767.90
v -594.557 860.298 -1308.14
v -594.222 892.302 -1155.67
v -593.887 924.307 -1037.78
v -296.943 924.307 -1036.94
v -297.111 892.302 -1156.72
v -297.278 860.298 -1306.06
v -297.446 828.293 -1424.30
v -296.380 800.029 -1534.02
v -296.575 773.310 -1644.57
v -296.776 947.984 -910.205
v -813.899 438.132 -2060.77
v -315.881 438.132 -2050.41
v -780.645 466.598 -2068.53
v -426.310 466.591 -2059.53
v -422.503 574.509 -2096.76
v -778.775 574.503 -2105.85
v -763.718 569.554 -2123.40
v -765.430 471.547 -2111.32
v -441.284 471.541 -2111.32
v -437.801 569.559 -2123.40
v -544.422 466.593 -2062.53
v -662.534 466.596 -2065.53
v -660.017 574.505 -2102.82
v -541.260 574.507 -2099.79
v -549.333 471.543 -2111.32
v -657.381 471.545 -2111.32
v -655.079 569.556 -2123.40
v -546.440 569.557 -2123.40
v -546.228 233.148 -1920.54
v -542.936 320.799 -1999.33
v -733.689 320.840 -2007.72
v -732.430 233.119 -1929.14
v -726.495 240.989 -1983.10
v -552.099 241.015 -1983.11
v -549.015 318.445 -2010.75
v -727.675 318.481 -2010.76
v -919.141 640.449 -363.392
v -838.332 722.096 -672.109
v -733.180 868.189 -748.588
v -783.098 803.277 -720.641
v -668.856 927.975 -771.213
v -918.965 622.092 -603.684
v -857.900 734.852 -553.309
v -740.245 878.607 -654.306
v -790.765 811.244 -617.030
v -894.054 677.303 -441.348
v -873.679 713.612 -508.695
v -668.459 936.226 -701.418
v -593.586 912.473 -931.604
v -296.793 912.473 -922.878
v -594.590 816.459 -1319.78
v -594.678 788.195 -1435.60
v -592.798 761.476 -1545.64
v -592.414 731.251 -1657.11
v -594.255 848.464 -1170.92
v -593.920 880.468 -1049.57
v -296.960 880.468 -1048.92
v -297.128 848.464 -1171.65
v -297.295 816.459 -1317.88
v -297.339 788.195 -1435.27
v -296.399 761.476 -1545.07
v -281.965 731.251 -1656.90
v -310.920 731.251 -1657.06
v -649.759 918.862 -972.239
v -639.164 902.705 -1038.50
v -661.970 886.548 -1104.76
v -684.776 870.390 -1171.02
v -707.582 854.233 -1237.28
v -730.388 838.076 -1303.54
v -753.194 821.919 -1369.80
v -740.195 852.452 -1036.30
v -745.310 845.782 -1093.41
v -750.425 839.112 -1150.52
v -755.540 832.442 -1207.62
v -760.655 825.772 -1264.73
v -765.769 819.102 -1321.84
v -770.884 812.432 -1378.95
v -848.035 789.778 -1111.90
v -863.543 781.767 -1220.39
v -879.051 773.757 -1328.89
v -897.088 707.740 -1151.96
v -908.521 703.104 -1301.90
v -955.381 605.961 -1246.84
v -627.247 708.106 -1818.13
v -747.992 760.901 -1604.03
v -571.605 690.507 -1857.02
v -544.864 653.729 -1983.39
v -739.340 734.503 -1711.08
v -664.316 900.108 -942.585
v -936.202 514.995 -1077.24
v -901.742 290.875 -957.404
v -876.130 155.672 -951.307
v -962.321 583.046 -1523.91
v -952.347 447.271 -1665.31
v -923.901 161.368 -1739.61
v -936.128 283.268 -1735.56
v -960.643 618.612 -1347.76
v -946.657 571.332 -1155.22
v -925.746 437.219 -1017.22
v -855.742 290.920 -841.007
v -824.394 150.015 -822.540
v -443.952 87.6295 -1216.18
v -914.237 700.786 -1376.88
v -920.597 696.800 -1514.21
v -889.449 276.994 -1902.88
v -899.981 482.837 -1878.30
v -457.877 100.933 -1618.72
v -952.717 611.456 -1082.85
v -932.285 486.668 -947.801
v -892.964 467.721 -851.505
v -823.228 73.6827 1559.30
v -856.700 190.002 1559.32
v -410.794 73.6827 1589.55
v -887.346 344.764 1539.10
v -895.278 451.712 543.538
v -895.278 494.586 130.063
v -894.295 478.089 858.243
v -904.490 478.108 1475.60
v -912.492 449.308 1721.84
v -895.278 467.274 324.804
v -895.278 475.056 215.437
v -895.278 494.586 -464.358
v -895.191 485.408 -563.850
v -926.281 621.073 1078.03
v -911.271 571.676 955.389
v -937.462 603.616 1308.64
v -883.347 423.007 822.416
v -854.680 293.205 781.050
v -821.207 144.902 773.358
v -839.964 128.309 1560.49
v -873.436 265.829 1553.40
v -895.604 415.780 1512.80
v -920.286 530.979 1428.62
v -931.326 627.622 1156.17
v -903.275 528.941 903.290
v -919.268 602.406 1012.37
v -883.347 400.218 545.456
v -854.680 290.713 541.337
v -411.614 73.0720 1505.27
v -821.207 150.139 540.509
v -402.236 70.0184 963.267
v -407.335 71.6470 1285.86
v -881.532 692.788 1247.92
v -875.828 127.654 1686.65
v -909.300 264.564 1699.37
v -495.702 528.941 903.290
v -495.702 571.676 955.389
v -495.702 602.406 1012.37
v -495.702 621.073 1078.03
v -495.702 627.622 1156.17
v -495.702 621.865 1236.47
v -495.702 603.616 1308.64
v -495.702 573.209 1372.68
v -495.702 530.979 1428.62
v -495.702 478.108 1475.60
v -495.702 415.780 1512.80
v -495.702 344.764 1539.10
v -495.702 265.829 1553.40
v -495.702 190.002 1559.32
v -495.702 128.309 1560.49
v -495.702 73.6827 1559.30
v -495.702 73.0720 1474.04
v -495.702 72.4104 1380.33
v -495.702 71.6470 1269.74
v -495.702 70.8327 1133.61
v -495.702 70.0184 963.267
v -495.702 69.2041 775.816
v -495.702 144.902 773.358
v -495.702 219.827 774.052
v -495.702 293.205 781.050
v -495.702 361.958 796.466
v -495.702 423.007 822.416
v -495.702 478.089 858.243
v -548.822 571.332 -1155.22
v -548.822 514.995 -1077.24
v -548.822 437.219 -1017.22
v -548.822 356.385 -976.752
v -548.822 290.875 -957.404
v -548.822 228.151 -951.487
v -548.822 155.672 -951.307
v -548.822 78.3167 -953.995
v -548.822 87.6295 -1198.72
v -548.822 95.6119 -1419.86
v -548.822 100.933 -1593.85
v -548.822 104.925 -1744.25
v -548.822 161.368 -1739.61
v -548.822 220.065 -1736.28
v -548.822 283.268 -1735.56
v -548.822 356.996 -1718.29
v -548.822 447.271 -1665.31
v -548.822 530.489 -1594.55
v -548.822 583.046 -1523.91
v -548.822 610.552 -1444.58
v -548.822 618.612 -1347.76
v -548.822 605.961 -1246.84
v -615.367 75.0207 1728.85
v -517.828 62.6899 -565.325
v -517.828 67.5756 545.717
v -517.828 65.9470 107.523
v -521.014 66.9133 -810.509
v -517.828 66.7613 326.620
v -517.828 66.3541 217.071
v -821.207 147.925 -565.325
v -821.207 148.548 104.050
v -821.207 149.615 322.279
v -821.207 149.834 213.165
v -829.865 262.756 1919.75
v -777.848 341.641 2026.48
v -688.154 348.723 2068.31
v -760.206 180.682 1900.28
v -712.574 209.670 1953.06
v -663.858 175.880 1941.89
v -850.052 415.780 1833.76
v -890.846 449.308 1784.48
v -881.490 263.660 1826.17
v -869.511 128.139 1750.11
v -517.132 616.950 -2109.75
v -509.504 616.950 -2109.23
v -538.473 638.533 -1941.09
v -316.756 603.526 -2043.45
v -512.401 603.383 -2048.36
v -563.785 690.824 -1855.96
v -434.333 717.195 -1807.97
v -75.2362 720.359 -1801.57
v -578.698 715.613 -1812.84
v -799.910 666.589 1497.14
v -488.931 607.739 1498.17
v -480.362 410.583 1993.07
v -775.669 393.644 1992.96
v -542.613 556.529 1740.57
v -549.995 483.741 1851.90
v -557.392 587.346 1649.63
v -557.264 468.620 1881.01
v -790.113 550.500 1740.52
v -775.029 598.387 1648.99
v -790.500 489.973 1851.81
v -629.891 620.674 1559.77
v -705.083 632.756 1559.56
v -590.150 660.660 1364.29
v -692.305 682.994 1380.83
v -575.208 599.552 1610.93
v -758.490 610.920 1610.51
v -775.769 471.172 1880.92
v -719.896 397.440 1988.94
v -702.966 441.473 1926.41
v -630.067 443.837 1925.86
v -634.161 384.426 2026.66
v -548.426 397.505 2028.03
v -750.306 446.836 1910.79
v -582.727 455.445 1910.85
v -555.778 348.723 2104.73
v -621.966 348.723 2086.52
v -517.229 404.044 2010.55
v -244.795 348.723 2153.87
v -231.346 410.583 2026.01
v -204.766 73.0910 1788.22
v -214.096 178.595 2016.37
v -206.217 72.4613 1437.11
v -201.118 70.8327 1150.72
v -205.397 73.6827 1612.21
v -553.383 535.741 1627.56
v -543.552 509.459 1709.78
v -548.894 467.851 1846.57
v -556.659 460.565 1878.65
v -582.484 450.338 1908.87
v -750.094 444.990 1909.84
v -775.028 458.621 1873.72
v -789.388 471.996 1841.57
v -783.678 520.774 1702.89
v -770.839 540.719 1619.63
v -753.705 548.449 1580.48
v -699.902 558.783 1526.72
v -624.263 558.725 1530.74
v -570.676 547.312 1585.92
v -639.997 455.663 1893.76
v -693.423 453.367 1894.15
v -734.815 458.535 1874.26
v -758.297 473.482 1843.88
v -777.998 493.165 1805.63
v -777.512 512.323 1766.23
v -560.281 508.533 1766.06
v -560.200 487.886 1811.06
v -574.670 473.623 1848.87
v -596.615 463.158 1873.91
v -623.594 530.255 1673.76
v -703.636 531.421 1674.03
v -615.240 539.412 1697.90
v -713.989 540.579 1698.28
v -574.597 524.574 1734.28
v -759.027 527.031 1735.09
v -740.705 535.484 1713.68
v -590.405 533.697 1713.09
v -625.868 537.400 1624.92
v -698.354 539.059 1622.28
v -650.275 530.643 1673.85
v -676.956 531.032 1673.94
v -651.045 543.056 1687.56
v -677.914 543.453 1687.69
v -666.890 453.732 1896.71
v -716.383 454.808 1886.13
v -747.765 465.031 1860.17
v -769.478 483.080 1825.40
v -780.553 503.077 1785.44
v -566.547 517.430 1748.43
v -558.189 498.042 1788.09
v -566.245 479.993 1831.54
v -583.823 468.035 1862.39
v -615.956 458.920 1885.27
v -633.241 541.556 1691.79
v -728.818 538.336 1705.40
v -582.041 529.801 1722.69
v -769.243 520.409 1749.41
v -750.144 531.886 1723.38
v -601.216 536.847 1704.91
v -664.480 543.688 1686.19
v -695.719 542.350 1692.05
v -666.485 536.952 1791.59
v -666.517 442.655 1926.14
v -726.530 443.231 1918.13
v -762.561 451.806 1891.78
v -782.208 465.308 1857.65
v -786.533 492.477 1776.09
v -546.223 488.655 1778.17
v -552.776 464.208 1862.61
v -569.572 455.451 1893.76
v -606.276 447.087 1917.37
v -690.296 531.227 1673.99
v -663.615 530.838 1673.90
v -636.935 530.449 1673.80
v -666.688 501.032 1844.63
v -641.220 503.626 1838.91
v -625.154 508.184 1827.47
v -616.365 514.163 1812.04
v -612.337 523.187 1790.32
v -616.516 532.882 1770.49
v -624.263 539.067 1757.62
v -633.851 542.590 1748.73
v -649.863 544.944 1742.16
v -665.482 546.010 1739.37
v -681.102 545.342 1742.29
v -697.652 543.334 1748.97
v -708.315 540.109 1757.96
v -717.864 534.371 1770.98
v -723.519 525.705 1788.99
v -717.981 515.706 1808.97
v -707.125 506.682 1826.36
v -691.434 501.570 1839.34
v -583.573 523.765 1687.91
v -551.917 506.189 1736.53
v -559.831 510.583 1724.37
v -567.745 514.977 1712.22
v -575.659 519.371 1700.06
v -548.467 522.600 1668.67
v -563.563 512.704 1702.70
v -547.735 503.916 1727.01
v -544.888 499.057 1743.98
v -546.304 520.135 1796.24
v -550.003 571.938 1695.10
v -494.776 516.686 1792.29
v -723.647 528.759 1681.25
v -743.657 526.097 1688.46
v -763.668 523.436 1695.68
v -777.259 526.838 1665.12
v -782.571 574.444 1694.76
v -829.809 567.857 1690.84
v -806.551 593.878 1652.53
v -798.332 572.189 1696.52
v -790.307 520.237 1796.16
v -785.106 502.717 1743.35
v -780.595 509.834 1736.87
v -837.944 232.154 -380.196
v -854.680 290.942 -533.385
v -854.680 289.936 104.603
v -854.680 290.596 318.231
v -854.680 291.018 213.786
v -854.680 290.439 -440.820
v -882.190 408.222 -849.474
v -883.347 407.999 321.663
v -882.190 408.222 -676.474
v -883.347 421.655 119.345
v -883.347 411.889 216.876
v -883.347 421.655 -482.901
v -883.303 417.065 -532.647
v -923.401 421.526 -962.276
v -224.144 472.443 1904.10
v -230.113 516.686 1806.69
v -238.053 560.929 1709.37
v -237.031 627.801 1422.30
v -592.779 783.697 -1535.85
v -592.782 755.225 -1646.62
v -296.952 905.332 -1038.64
v -297.119 873.328 -1159.89
v -289.270 754.203 -1646.45
v -303.748 754.203 -1646.53
v -296.784 933.173 -912.250
v -593.569 930.911 -914.501
v -594.573 841.323 -1309.67
v -594.785 811.188 -1425.80
v -594.238 873.328 -1159.00
v -593.904 905.332 -1039.38
v -297.287 841.323 -1307.68
v -297.392 811.188 -1425.50
v -296.389 783.697 -1535.25
v -594.088 864.466 -1110.24
v -718.985 846.155 -1270.41
v -761.996 783.331 -1520.04
v -889.208 722.540 -1715.47
v -931.651 573.719 -1725.18
v -898.411 691.237 -1722.09
v -743.666 747.702 -1657.56
v -821.087 746.120 -1637.21
v -628.934 921.784 -924.282
v 888.575 283.486 1811.50
v 905.023 284.514 1742.93
v 917.685 328.896 1746.42
v 885.444 329.401 1812.80
v -904.934 285.158 1739.74
v -888.688 284.077 1810.72
v -885.075 328.838 1810.14
v -917.812 328.271 1741.57
v -726.683 735.415 976.192
v -783.551 726.236 1255.75
v -852.625 712.324 978.299
v -792.982 714.951 829.033
v -811.499 734.638 1119.57
v -622.592 708.989 1120.95
v -616.916 699.900 815.674
v -492.622 666.245 964.756
v -851.486 682.105 1364.59
v -895.154 673.203 1308.28
v -867.911 712.373 1187.56
v -641.359 669.196 1390.97
v -743.250 696.793 1370.69
v -538.415 662.650 1263.97
v -706.140 714.962 1263.99
v -618.663 708.518 971.251
v -798.664 731.557 978.023
v -838.639 710.665 1246.23
v -630.884 693.166 1258.90
v -746.967 719.319 1289.40
v 726.683 735.415 976.192
v 783.551 726.236 1255.75
v 852.625 712.324 978.299
v 792.982 714.951 829.033
v 811.499 734.638 1119.57
v 622.592 708.989 1120.95
v 616.916 699.900 815.674
v 492.622 666.245 964.756
v 851.486 682.105 1364.59
v 895.154 673.203 1308.28
v 867.911 712.373 1187.56
v 641.359 669.196 1390.97
v 743.250 696.793 1370.69
v 538.415 662.650 1263.97
v 706.140 714.962 1263.99
v 618.663 708.518 971.251
v 798.664 731.557 978.023
v 838.639 710.665 1246.23
v 630.884 693.166 1258.90
v 746.967 719.319 1289.40
v 813.506 662.609 531.052
v 922.711 614.744 959.114
v 936.177 612.741 1272.56
v 724.517 680.772 485.671
v 255.827 666.245 977.746
v 935.834 588.412 1340.66
v 667.487 626.715 1559.67
v -813.506 662.609 531.052
v -922.711 614.744 959.114
v -936.177 612.741 1272.56
v -724.517 680.772 485.671
v -255.827 666.245 977.746
v -935.834 588.412 1340.66
v -667.487 626.715 1559.67
v 854.951 717.238 1041.68
v 924.496 617.909 1018.57
v -924.496 617.909 1018.57
v 936.297 565.973 -998.044
v -943.128 565.973 -998.044
v 61.3800 616.950 -2104.25
v 63.1762 438.132 -2050.09
v -61.3800 616.950 -2104.25
v -63.1762 438.132 -2050.09
vt 1.08129e-2 2.16539e-2
vt 1.15315e-2 1.46466e-2
vt 1.34220e-2 0.881373
vt 1.35539e-2 0.889936
vt 1.37326e-2 0.872223
vt 1.43438e-2 0.879473
vt 1.43529e-2 0.888437
vt 1.45707e-2 0.897324
vt 1.47981e-2 0.913452
vt 1.48295e-2 0.870415
vt 1.49822e-2 0.923234
vt 1.50579e-2 0.903119
vt 1.51588e-2 0.910860
vt 1.52099e-2 0.921438
vt 1.52486e-2 0.907871
vt 1.53519e-2 0.897211
vt 1.56027e-2 0.900188
vt 1.58777e-2 0.914963
vt 1.59813e-2 0.909265
vt 1.60544e-2 0.931913
vt 1.61374e-2 0.901116
vt 1.62061e-2 0.918260
vt 1.62508e-2 0.931826
vt 1.62875e-2 0.930580
vt 1.62947e-2 0.922414
vt 1.68081e-2 0.871515
vt 1.68434e-2 0.876069
vt 1.69575e-2 0.869534
vt 1.71100e-2 0.883451
vt 1.71924e-2 0.928951
vt 1.74546e-2 0.878203
vt 1.76764e-2 0.905426
vt 1.76955e-2 0.904987
vt 1.78931e-2 0.885151
vt 1.79157e-2 0.892621
vt 1.81383e-2 0.892527
vt 1.86141e-2 0.941539
vt 1.88533e-2 0.940155
vt 1.89897e-2 2.34163e-2
vt 1.92329e-2 0.940828
vt 1.95024e-2 0.939746
vt 2.04831e-2 0.901980
vt 2.05156e-2 0.901401
vt 2.09388e-2 0.810084
vt 2.10963e-2 0.810965
vt 2.16618e-2 0.912713
vt 2.26324e-2 0.950092
vt 2.36979e-2 0.949056
vt 2.41514e-2 0.914377
vt 2.46993e-2 0.910495
vt 2.57360e-2 0.951318
vt 2.69896e-2 0.951827
vt 2.70006e-2 0.779926
vt 2.71582e-2 0.780807
vt 2.72029e-2 0.919278
vt 2.82010e-2 0.957713
vt 2.86860e-2 0.912278
vt 2.95548e-2 3.04237e-2
vt 2.95880e-2 0.957396
vt 3.03186e-2 0.869519
vt 3.06116e-2 0.917978
vt 3.36651e-2 0.923327
vt 3.41946e-2 0.925332
vt 3.52151e-2 0.964633
vt 3.52472e-2 0.751470
vt 3.52937e-2 0.961294
vt 3.54048e-2 0.752351
vt 3.69818e-2 0.965277
vt 3.70129e-2 2.16539e-2
vt 3.77315e-2 1.46466e-2
vt 3.79297e-2 0.962583
vt 3.80450e-2 0.924335
vt 3.94555e-2 0.291515
vt 3.94555e-2 0.616855
vt 3.96538e-2 0.922392
vt 4.03777e-2 0.871642
vt 4.05566e-2 0.348020
vt 4.05566e-2 0.560350
vt 4.06667e-2 0.349586
vt 4.06667e-2 0.558784
vt 4.16577e-2 0.391180
vt 4.16577e-2 0.517190
vt 4.17254e-2 0.441584
vt 4.17254e-2 0.466786
vt 4.17423e-2 0.454185
vt 4.23020e-2 0.930409
vt 4.33426e-2 0.970481
vt 4.42035e-2 0.870384
vt 4.50022e-2 0.869504
vt 4.52480e-2 0.810945
vt 4.54055e-2 0.811826
vt 4.55603e-2 0.759829
vt 4.57683e-2 0.971710
vt 4.59634e-2 0.929674
vt 4.67590e-2 0.139008
vt 4.68663e-2 0.929426
vt 4.76359e-2 0.968665
vt 4.89071e-2 0.969409
vt 5.04593e-2 0.717183
vt 5.06169e-2 0.718065
vt 5.06455e-2 0.928883
vt 5.08023e-2 0.973708
vt 5.11907e-2 0.934046
vt 5.12144e-2 0.433541
vt 5.18398e-2 0.342340
vt 5.20857e-2 0.872350
vt 5.22513e-2 0.974890
vt 5.26576e-2 0.433772
vt 5.31081e-2 0.348991
vt 5.31081e-2 0.559378
vt 5.32830e-2 0.342571
vt 5.40263e-2 0.811444
vt 5.41559e-2 0.389156
vt 5.41559e-2 0.519213
vt 5.41838e-2 0.812325
vt 5.43667e-2 0.454185
vt 5.58364e-2 0.975705
vt 5.69426e-2 0.933108
vt 5.75421e-2 0.798428
vt 5.87408e-2 0.100410
vt 5.96485e-2 0.779237
vt 5.98061e-2 0.780118
vt 6.03666e-2 0.933401
vt 6.10351e-2 0.699969
vt 6.11926e-2 0.700850
vt 6.12932e-2 0.973024
vt 6.13402e-2 0.266839
vt 6.14556e-2 0.936235
vt 6.15063e-2 0.976698
vt 6.17423e-2 0.787899
vt 6.18706e-2 0.418533
vt 6.18999e-2 0.788780
vt 6.20758e-2 0.973247
vt 6.23309e-2 0.869488
vt 6.25338e-2 0.977754
vt 6.29135e-2 0.341394
vt 6.30337e-2 0.932449
vt 6.33137e-2 0.418764
vt 6.35330e-2 0.817727
vt 6.43567e-2 0.341625
vt 6.47317e-2 8.11102e-2
vt 6.70097e-2 0.280363
vt 6.70097e-2 0.628006
vt 6.71761e-2 0.977690
vt 6.76431e-2 0.871705
vt 6.82758e-2 0.935341
vt 6.87417e-2 0.342327
vt 6.87417e-2 0.566043
vt 7.08968e-2 0.870365
vt 7.11150e-2 0.749822
vt 7.12726e-2 0.750703
vt 7.21064e-2 0.752493
vt 7.27433e-2 0.759577
vt 7.29009e-2 0.760458
vt 7.33049e-2 0.146345
vt 7.34288e-2 0.760186
vt 7.36916e-2 0.936965
vt 7.46272e-2 0.138652
vt 7.47824e-2 0.978971
vt 7.49422e-2 0.582456
vt 7.58338e-2 0.511919
vt 7.58769e-2 0.583144
vt 7.59935e-2 0.547016
vt 7.61953e-2 0.934494
vt 7.64594e-2 0.974148
vt 7.67686e-2 0.512607
vt 7.69283e-2 0.547704
vt 7.71777e-2 0.343639
vt 7.71777e-2 0.564731
vt 7.79266e-2 0.974855
vt 7.81907e-2 0.933786
vt 7.87365e-2 0.370946
vt 7.87365e-2 0.537424
vt 7.93769e-2 4.29244e-2
vt 7.97771e-2 0.978090
vt 8.00830e-2 0.454185
vt 8.08680e-2 0.936084
vt 8.33632e-2 0.217642
vt 8.36628e-2 0.869484
vt 8.62837e-2 0.936221
vt 8.67429e-2 0.872413
vt 8.73835e-2 0.978571
vt 9.06124e-2 9.11181e-2
vt 9.10056e-2 0.277276
vt 9.13343e-2 0.713887
vt 9.13523e-2 0.933156
vt 9.14918e-2 0.714768
vt 9.14997e-2 0.848815
vt 9.18064e-2 0.833496
vt 9.20258e-2 0.976874
vt 9.21209e-2 0.818096
vt 9.22287e-2 0.870369
vt 9.22411e-2 0.239970
vt 9.23102e-2 0.972539
vt 9.26982e-2 5.00226e-2
vt 9.30048e-2 6.53422e-2
vt 9.30533e-2 0.977579
vt 9.30928e-2 0.973732
vt 9.31040e-2 0.935354
vt 9.33193e-2 8.07417e-2
vt 9.40194e-2 0.932693
vt 9.45639e-2 0.274432
vt 9.45639e-2 0.633938
vt 9.46495e-2 0.731644
vt 9.48071e-2 0.732525
vt 9.67198e-2 0.789211
vt 9.69268e-2 0.336837
vt 9.69268e-2 0.571533
vt 9.71631e-2 0.338442
vt 9.71631e-2 0.569927
vt 9.76170e-2 0.933989
vt 9.79181e-2 0.109628
vt 9.86739e-2 0.744939
vt 9.87231e-2 0.976586
vt 9.92234e-2 0.206642
vt 9.92898e-2 0.366187
vt 9.92898e-2 0.542182
vt 9.98723e-2 0.153899
vt 0.101319 0.760325
vt 0.101898 0.454185
vt 0.102300 0.871642
vt 0.102308 0.974009
vt 0.102517 0.138514
vt 0.102724 0.140449
vt 0.103369 0.933166
vt 0.103740 0.929591
vt 0.103757 0.974588
vt 0.105479 0.970117
vt 0.105830 0.325414
vt 0.105830 0.582956
vt 0.106379 0.703992
vt 0.106537 0.704874
vt 0.106750 0.967957
vt 0.107226 0.335381
vt 0.107226 0.572989
vt 0.107693 0.930307
vt 0.108318 0.365018
vt 0.108318 0.543351
vt 0.108423 0.928966
vt 0.108791 0.972590
vt 0.109557 0.870385
vt 0.109792 0.438739
vt 0.109792 0.469630
vt 0.109984 0.454185
vt 0.110356 0.869503
vt 0.111217 0.969600
vt 0.112258 0.929528
vt 0.112312 0.281064
vt 0.113756 0.518828
vt 0.114008 0.872350
vt 0.114732 0.923100
vt 0.115363 0.880098
vt 0.115370 0.864496
vt 0.115373 0.876637
vt 0.115423 0.893181
vt 0.115706 0.847559
vt 0.115709 0.859841
vt 0.115849 0.830428
vt 0.115852 0.843862
vt 0.115992 0.813284
vt 0.115995 0.827069
vt 0.116135 0.795343
vt 0.116138 0.808763
vt 0.116218 0.779622
vt 0.116236 0.792117
vt 0.116456 0.963291
vt 0.116515 0.925216
vt 0.117346 0.379174
vt 0.117346 0.529196
vt 0.117526 0.333925
vt 0.117526 0.574445
vt 0.117578 0.966157
vt 0.117686 0.407969
vt 0.117686 0.500401
vt 0.118071 0.454185
vt 0.119092 0.960586
vt 0.119344 0.963752
vt 0.120365 0.924451
vt 0.120721 0.922620
vt 0.120875 0.325905
vt 0.122212 0.193120
vt 0.123948 0.918858
vt 0.124241 0.870400
vt 0.124972 0.958277
vt 0.125057 0.130675
vt 0.125173 0.100044
vt 0.125366 0.100536
vt 0.125541 0.100101
vt 0.125700 0.912986
vt 0.126287 0.870530
vt 0.126359 0.956833
vt 0.126410 0.130109
vt 0.126599 9.99283e-2
vt 0.126778 0.130166
vt 0.126966 9.99857e-2
vt 0.127181 0.858401
vt 0.127208 0.119373
vt 0.127357 0.918397
vt 0.127396 0.952535
vt 0.127486 2.83087e-2
vt 0.127575 0.119430
vt 0.127789 0.845797
vt 0.127823 0.832245
vt 0.128166 0.271634
vt 0.128166 0.636735
vt 0.128380 4.04377e-2
vt 0.128650 0.950610
vt 0.128987 5.30411e-2
vt 0.129021 6.65934e-2
vt 0.129159 0.688697
vt 0.129316 0.689579
vt 0.129533 0.769635
vt 0.129534 0.302402
vt 0.129534 0.605968
vt 0.129860 0.911376
vt 0.130013 0.744036
vt 0.130235 0.913669
vt 0.130731 0.129204
vt 0.130862 0.949937
vt 0.131212 0.154803
vt 0.131389 0.737204
vt 0.131404 0.816405
vt 0.131927 0.949211
vt 0.132588 0.161635
vt 0.132602 8.24336e-2
vt 0.132898 0.911832
vt 0.133597 0.284888
vt 0.133870 0.902109
vt 0.134076 0.902861
vt 0.134969 0.742858
vt 0.135057 0.940626
vt 0.135153 0.940120
vt 0.135533 0.940862
vt 0.135945 0.940659
vt 0.136421 0.893407
vt 0.136470 0.893329
vt 0.136493 0.885859
vt 0.136691 0.904279
vt 0.136883 0.904546
vt 0.136931 0.878910
vt 0.137168 0.692072
vt 0.137326 0.692953
vt 0.137367 0.929831
vt 0.137450 0.884331
vt 0.137578 0.872223
vt 0.137602 0.870415
vt 0.137716 0.876949
vt 0.138091 0.923121
vt 0.138099 0.931288
vt 0.138309 0.930945
vt 0.138332 0.931205
vt 0.138353 0.919141
vt 0.138422 0.901997
vt 0.138508 0.915671
vt 0.138578 0.910146
vt 0.138957 0.899308
vt 0.139039 0.163719
vt 0.139137 0.908579
vt 0.139208 0.896330
vt 0.139328 0.902412
vt 0.139350 0.920557
vt 0.139401 0.909980
vt 0.139404 0.922526
vt 0.139588 0.912744
vt 0.139730 0.869534
vt 0.139815 0.896616
vt 0.140207 0.887556
vt 0.140216 0.878592
vt 0.140653 0.871515
vt 0.140832 0.889228
vt 0.140884 0.332565
vt 0.140884 0.575805
vt 0.140964 0.880666
vt 0.141088 0.433540
vt 0.141386 0.301514
vt 0.141386 0.606856
vt 0.142204 0.342340
vt 0.142531 0.433771
vt 0.142651 0.796937
vt 0.143648 0.342571
vt 0.143849 0.101901
vt 0.143982 0.332489
vt 0.143982 0.575880
vt 0.144028 0.417816
vt 0.145044 0.332414
vt 0.145044 0.575956
vt 0.145471 0.418047
vt 0.145520 0.340670
vt 0.145651 0.285619
vt 0.145651 0.622750
vt 0.146328 0.958446
vt 0.146963 0.340901
vt 0.153238 0.300625
vt 0.153238 0.607744
vt 0.156777 0.288744
vt 0.157747 0.778945
vt 0.158946 0.119894
vt 0.160357 0.809237
vt 0.161353 0.743132
vt 0.161746 0.893172
vt 0.161768 0.268837
vt 0.161768 0.639533
vt 0.162551 0.155706
vt 0.162926 0.880546
vt 0.163406 0.583503
vt 0.164105 0.729468
vt 0.164145 0.864611
vt 0.164147 0.876757
vt 0.164341 0.584191
vt 0.164546 0.849772
vt 0.164547 0.861387
vt 0.164716 0.830553
vt 0.164718 0.844005
vt 0.164887 0.813127
vt 0.164888 0.826878
vt 0.165058 0.795703
vt 0.165059 0.809140
vt 0.165157 0.779562
vt 0.165165 0.792054
vt 0.165303 0.169370
vt 0.165309 0.880530
vt 0.165509 0.544973
vt 0.165665 0.332486
vt 0.165665 0.575884
vt 0.166444 0.545662
vt 0.166511 0.893139
vt 0.166581 0.852345
vt 0.166744 0.766152
vt 0.167612 0.506444
vt 0.168547 0.507132
vt 0.168553 0.332490
vt 0.168553 0.575880
vt 0.169403 0.332494
vt 0.169403 0.575876
vt 0.169597 0.118053
vt 0.169964 0.118110
vt 0.170019 0.342401
vt 0.170019 0.432327
vt 0.170024 9.85917e-2
vt 0.170391 9.86490e-2
vt 0.170439 4.29244e-2
vt 0.171075 9.88753e-2
vt 0.171638 0.100044
vt 0.171772 0.130167
vt 0.171883 0.129044
vt 0.171898 0.297751
vt 0.171898 0.610619
vt 0.172006 0.100101
vt 0.172139 0.130224
vt 0.172804 0.895453
vt 0.172875 0.767529
vt 0.173131 0.723068
vt 0.174051 0.217172
vt 0.174073 0.131310
vt 0.174793 0.742656
vt 0.175797 0.136211
vt 0.175991 0.156182
vt 0.179600 0.952711
vt 0.180144 0.665836
vt 0.182161 0.942909
vt 0.182668 0.675648
vt 0.187722 0.414672
vt 0.187722 0.467611
vt 0.188233 0.742180
vt 0.188823 0.270536
vt 0.188823 0.637834
vt 0.189431 0.156659
vt 0.189923 0.761468
vt 0.190018 0.332100
vt 0.190018 0.576270
vt 0.190558 0.294876
vt 0.190558 0.613494
vt 0.190890 0.962320
vt 0.191121 0.137371
vt 0.191249 0.727447
vt 0.191470 0.656270
vt 0.192271 4.57932e-2
vt 0.192447 0.171391
vt 0.192933 0.332078
vt 0.192933 0.576291
vt 0.193812 0.332056
vt 0.193812 0.576313
vt 0.198990 8.91109e-2
vt 0.202934 0.295926
vt 0.202934 0.612444
vt 0.204393 0.741498
vt 0.205223 0.299558
vt 0.205223 0.608812
vt 0.205425 0.480191
vt 0.205591 0.157341
vt 0.209453 0.809330
vt 0.210780 0.759540
vt 0.211978 0.139299
vt 0.212167 0.273720
vt 0.212167 0.634650
vt 0.212911 0.880016
vt 0.212911 0.893076
vt 0.212920 0.864726
vt 0.212920 0.876877
vt 0.213386 0.848829
vt 0.213386 0.861354
vt 0.213584 0.830678
vt 0.213584 0.844148
vt 0.213782 0.812970
vt 0.213782 0.826688
vt 0.213980 0.796064
vt 0.213980 0.809518
vt 0.214095 0.779502
vt 0.214095 0.791991
vt 0.214633 0.725396
vt 0.215311 0.296976
vt 0.215311 0.611394
vt 0.215366 0.850559
vt 0.215523 0.768123
vt 0.215652 0.332118
vt 0.215652 0.576251
vt 0.215832 0.173443
vt 0.218141 0.138441
vt 0.218704 0.332122
vt 0.218704 0.576248
vt 0.219718 0.332125
vt 0.219718 0.576245
vt 0.219889 0.304240
vt 0.219889 0.604130
vt 0.220554 0.740816
vt 0.221279 0.891789
vt 0.221592 0.726916
vt 0.221752 0.158023
vt 0.226185 0.417099
vt 0.227221 0.306581
vt 0.227221 0.601789
vt 0.227629 0.417331
vt 0.227688 0.298026
vt 0.227688 0.610344
vt 0.227743 0.933235
vt 0.228126 0.339946
vt 0.228213 0.685495
vt 0.229569 0.340177
vt 0.230961 0.433539
vt 0.232267 0.295142
vt 0.232404 0.433770
vt 0.232560 0.762039
vt 0.232569 0.342340
vt 0.233759 0.136799
vt 0.234012 0.342571
vt 0.234101 0.982246
vt 0.234554 0.308922
vt 0.234554 0.599448
vt 0.234757 0.636508
vt 0.235512 0.276903
vt 0.235512 0.631466
vt 0.238018 0.723344
vt 0.239216 0.175494
vt 0.240064 0.299076
vt 0.240064 0.609294
vt 0.241851 0.222912
vt 0.247639 0.584168
vt 0.247841 0.809403
vt 0.248446 0.332187
vt 0.248446 0.576183
vt 0.248574 0.584856
vt 0.249220 0.313603
vt 0.249220 0.594766
vt 0.249409 0.545506
vt 0.250343 0.546194
vt 0.251880 0.332190
vt 0.251880 0.576179
vt 0.252380 0.769259
vt 0.252441 0.300126
vt 0.252441 0.608244
vt 0.252551 0.850757
vt 0.252708 0.768066
vt 0.252875 0.739452
vt 0.253277 0.332194
vt 0.253277 0.576176
vt 0.253550 0.506853
vt 0.253578 0.129580
vt 0.254073 0.159387
vt 0.254484 0.507541
vt 0.257261 0.892111
vt 0.257575 0.726730
vt 0.258856 0.280087
vt 0.258856 0.628283
vt 0.259311 0.893139
vt 0.260513 0.880530
vt 0.261403 0.721292
vt 0.261694 0.876757
vt 0.261695 0.864611
vt 0.261918 0.576148
vt 0.261918 0.332221
vt 0.262224 0.861387
vt 0.262226 0.849772
vt 0.262450 0.844005
vt 0.262451 0.830553
vt 0.262601 0.177546
vt 0.262676 0.826878
vt 0.262677 0.813127
vt 0.262895 0.880546
vt 0.262901 0.809140
vt 0.262903 0.795703
vt 0.263025 0.792054
vt 0.263034 0.779562
vt 0.263494 0.975144
vt 0.263619 0.909215
vt 0.263885 0.590084
vt 0.263885 0.318285
vt 0.263997 0.709651
vt 0.264076 0.893172
vt 0.264122 0.643722
vt 0.264818 0.301176
vt 0.264818 0.607194
vt 0.267902 0.760540
vt 0.269100 0.138298
vt 0.269301 0.781163
vt 0.270499 0.117675
vt 0.275071 0.892310
vt 0.275385 0.726599
vt 0.275391 0.332256
vt 0.275391 0.576114
vt 0.277194 0.606143
vt 0.277194 0.302226
vt 0.278458 0.576111
vt 0.278458 0.332259
vt 0.278551 0.322967
vt 0.278551 0.585402
vt 0.279487 0.576107
vt 0.279487 0.332263
vt 0.281638 0.909249
vt 0.282016 0.709685
vt 0.282200 0.625099
vt 0.282200 0.283271
vt 0.282388 0.797717
vt 0.283586 0.101122
vt 0.284787 0.719241
vt 0.285196 0.738088
vt 0.285986 0.179597
vt 0.286229 0.809475
vt 0.286272 0.770102
vt 0.286395 0.160751
vt 0.287470 0.128736
vt 0.289555 0.850992
vt 0.289571 0.303276
vt 0.289571 0.605093
vt 0.289712 0.767972
vt 0.289756 0.584500
vt 0.290691 0.585188
vt 0.291269 0.814957
vt 0.291358 0.545557
vt 0.292293 0.546245
vt 0.292467 8.38810e-2
vt 0.292880 0.892509
vt 0.292960 0.506613
vt 0.293195 0.726468
vt 0.293216 0.320792
vt 0.293216 0.587577
vt 0.293895 0.507301
vt 0.294262 0.800978
vt 0.295461 9.78602e-2
vt 0.295569 0.828922
vt 0.296768 6.99163e-2
vt 0.296970 0.842307
vt 0.297256 0.786999
vt 0.298169 5.65307e-2
vt 0.298454 0.111839
vt 0.298837 0.317804
vt 0.298837 0.590566
vt 0.301441 0.909287
vt 0.301618 0.332324
vt 0.301618 0.576045
vt 0.301819 0.709723
vt 0.303244 0.759041
vt 0.303512 0.325068
vt 0.303512 0.583302
vt 0.304442 0.139798
vt 0.305165 8.90337e-2
vt 0.305165 0.138364
vt 0.305165 4.79684e-2
vt 0.305922 0.576042
vt 0.305922 0.332328
vt 0.308188 0.332331
vt 0.308188 0.576038
vt 0.308343 0.416383
vt 0.309651 0.228644
vt 0.309651 0.301545
vt 0.309786 0.416614
vt 0.310010 0.298391
vt 0.310010 0.609979
vt 0.310398 0.893181
vt 0.310459 0.880098
vt 0.310467 0.876637
vt 0.310471 0.864496
vt 0.310733 0.339222
vt 0.311063 0.859841
vt 0.311066 0.847559
vt 0.311316 0.843862
vt 0.311319 0.830428
vt 0.311569 0.827069
vt 0.311572 0.813284
vt 0.311818 0.295918
vt 0.311818 0.612451
vt 0.311823 0.808763
vt 0.311825 0.795343
vt 0.311955 0.792117
vt 0.311973 0.779622
vt 0.312176 0.339453
vt 0.313965 0.593157
vt 0.313965 0.315212
vt 0.315234 0.742411
vt 0.315391 0.721275
vt 0.316433 0.156427
vt 0.316589 0.177563
vt 0.316970 0.765135
vt 0.318081 0.790571
vt 0.318168 0.133704
vt 0.318636 0.803289
vt 0.319191 0.816008
vt 0.319279 0.108267
vt 0.319834 9.55487e-2
vt 0.320390 8.28304e-2
vt 0.320697 0.828311
vt 0.320834 0.433538
vt 0.321440 0.891537
vt 0.321751 0.727548
vt 0.321896 7.05270e-2
vt 0.322203 0.840614
vt 0.322277 0.433769
vt 0.322934 0.342340
vt 0.323402 5.82235e-2
vt 0.324377 0.342571
vt 0.324810 0.909331
vt 0.325189 0.709767
vt 0.326100 0.899523
vt 0.328310 0.919661
vt 0.330140 0.633152
vt 0.330387 0.632444
vt 0.330761 0.337658
vt 0.330761 0.570712
vt 0.331873 0.584833
vt 0.332211 0.387253
vt 0.332211 0.521116
vt 0.332337 0.349152
vt 0.332730 0.959935
vt 0.332807 0.454185
vt 0.332808 0.585521
vt 0.333309 0.546284
vt 0.334243 0.546972
vt 0.334744 0.507736
vt 0.335137 0.926019
vt 0.335521 0.950606
vt 0.335679 0.508424
vt 0.336261 0.591498
vt 0.336261 0.316872
vt 0.338899 0.604703
vt 0.338899 0.303666
vt 0.339417 0.458068
vt 0.340947 0.658258
vt 0.341194 0.657550
vt 0.342481 0.614951
vt 0.342481 0.293418
vt 0.345768 0.717130
vt 0.346967 0.181707
vt 0.347154 9.34589e-2
vt 0.349999 0.890564
vt 0.350040 0.425485
vt 0.350076 0.850081
vt 0.350153 0.809597
vt 0.350230 0.769113
vt 0.350307 0.728629
vt 0.351391 0.591416
vt 0.351391 0.316953
vt 0.353578 0.909386
vt 0.353957 0.709821
vt 0.355926 0.802980
vt 0.356331 0.735000
vt 0.356551 0.589839
vt 0.356551 0.318531
vt 0.357124 9.58578e-2
vt 0.357530 0.163838
vt 0.359384 0.925834
vt 0.359901 0.950421
vt 0.363495 0.743159
vt 0.364693 0.155679
vt 0.371195 0.757105
vt 0.372393 0.141734
vt 0.373677 0.357115
vt 0.373679 0.358190
vt 0.373714 0.416255
vt 0.375403 0.358724
vt 0.376169 0.406375
vt 0.376200 0.354423
vt 0.376334 0.702047
vt 0.376420 0.397139
vt 0.376422 0.396313
vt 0.376581 0.701339
vt 0.377451 0.222912
vt 0.377702 0.360460
vt 0.377704 0.362395
vt 0.377739 0.407139
vt 0.377776 0.361485
vt 0.377788 0.360614
vt 0.377811 0.405798
vt 0.379739 0.359403
vt 0.379740 0.363766
vt 0.379967 4.12806e-2
vt 0.379967 0.422922
vt 0.380050 0.786267
vt 0.380241 0.840106
vt 0.380838 0.360172
vt 0.380840 0.361365
vt 0.380875 0.406150
vt 0.381249 0.112571
vt 0.381392 0.321850
vt 0.381392 0.586520
vt 0.381440 5.87323e-2
vt 0.381637 0.329482
vt 0.381637 0.578888
vt 0.381880 0.395491
vt 0.381921 0.353751
vt 0.381922 0.396814
vt 0.382576 0.521116
vt 0.382576 0.387253
vt 0.382582 0.454185
vt 0.382740 0.408672
vt 0.383632 0.925650
vt 0.384281 0.950235
vt 0.386911 0.800828
vt 0.387006 0.827748
vt 0.387035 0.295142
vt 0.388109 9.80099e-2
vt 0.388205 7.10905e-2
vt 0.389235 0.959617
vt 0.389574 0.909454
vt 0.389610 0.890640
vt 0.389917 0.728704
vt 0.389953 0.709890
vt 0.390801 0.959586
vt 0.392189 0.138441
vt 0.393772 0.815389
vt 0.394970 8.34487e-2
vt 0.397625 0.799751
vt 0.398824 9.90868e-2
vt 0.401479 0.784113
vt 0.401652 0.406733
vt 0.402678 0.114725
vt 0.406107 0.744711
vt 0.406960 0.827690
vt 0.407305 0.154127
vt 0.407880 0.925466
vt 0.407949 0.358705
vt 0.408048 0.357960
vt 0.408049 0.359073
vt 0.408067 0.415943
vt 0.408158 7.11476e-2
vt 0.408662 0.950050
vt 0.410577 0.354286
vt 0.410671 0.411251
vt 0.410687 0.396886
vt 0.410688 0.396050
vt 0.410840 0.744219
vt 0.411296 0.358637
vt 0.411341 8.91109e-2
vt 0.412039 0.154619
vt 0.412054 0.360082
vt 0.412055 0.361950
vt 0.412072 0.407417
vt 0.412166 0.361608
vt 0.412172 0.360744
vt 0.412183 0.406605
vt 0.414052 0.360491
vt 0.414053 0.362265
vt 0.415171 0.360490
vt 0.415172 0.361723
vt 0.415189 0.409857
vt 0.415340 0.396802
vt 0.416169 0.395430
vt 0.416189 0.353508
vt 0.417013 0.396768
vt 0.417869 0.406056
vt 0.418059 4.57932e-2
vt 0.420148 0.839991
vt 0.421346 5.88465e-2
vt 0.422622 0.898888
vt 0.422956 0.752723
vt 0.424155 0.146115
vt 0.429067 0.971683
vt 0.429185 0.909529
vt 0.429221 0.890715
vt 0.429375 0.809747
vt 0.429528 0.728779
vt 0.429564 0.709965
vt 0.429682 0.647811
vt 0.430551 0.919025
vt 0.432394 0.959300
vt 0.438447 0.129044
vt 0.439255 9.88753e-2
vt 0.439892 4.29244e-2
vt 0.442420 0.358805
vt 0.442420 0.359956
vt 0.442420 0.415631
vt 0.443896 0.358505
vt 0.443896 0.405288
vt 0.444955 0.354148
vt 0.444955 0.395787
vt 0.444955 0.396633
vt 0.445251 0.217172
vt 0.446406 0.359704
vt 0.446406 0.361506
vt 0.446406 0.407695
vt 0.446555 0.360875
vt 0.446555 0.361732
vt 0.446555 0.407412
vt 0.448365 0.358957
vt 0.448365 0.360765
vt 0.448365 0.412404
vt 0.449503 0.360808
vt 0.449503 0.362081
vt 0.449503 0.408277
vt 0.450458 0.353266
vt 0.450458 0.395368
vt 0.450458 0.396642
vt 0.454232 0.684456
vt 0.454697 0.321850
vt 0.454697 0.586520
vt 0.455431 0.214381
vt 0.455533 0.779443
vt 0.455780 0.778735
vt 0.462525 0.288744
vt 0.463065 0.329482
vt 0.463065 0.578888
vt 0.465325 0.694216
vt 0.465435 0.683255
vt 0.465936 0.586520
vt 0.465936 0.321850
vt 0.466524 0.204622
vt 0.466634 0.215582
vt 0.469924 0.406056
vt 0.476487 0.454185
vt 0.476496 0.358637
vt 0.476773 0.415943
vt 0.476790 0.359073
vt 0.476791 0.357960
vt 0.476934 0.387253
vt 0.476934 0.521116
vt 0.477315 0.694116
vt 0.477694 0.971775
vt 0.477803 0.914075
vt 0.477847 0.890807
vt 0.478001 0.809839
vt 0.478154 0.728871
vt 0.478198 0.705603
vt 0.478308 0.647904
vt 0.478514 0.204721
vt 0.479221 0.396050
vt 0.479222 0.396886
vt 0.479332 0.354286
vt 0.479844 0.358705
vt 0.480739 0.407417
vt 0.480756 0.361950
vt 0.480757 0.360082
vt 0.480928 0.406605
vt 0.480939 0.360744
vt 0.480945 0.361608
vt 0.481373 0.807573
vt 0.481620 0.806865
vt 0.482430 0.919006
vt 0.482677 0.362265
vt 0.482678 0.360491
vt 0.482799 0.959280
vt 0.483817 0.409857
vt 0.483835 0.361723
vt 0.483836 0.360490
vt 0.483902 0.396768
vt 0.484727 0.353508
vt 0.484747 0.395430
vt 0.484965 0.100536
vt 0.485274 0.130675
vt 0.485576 0.396802
vt 0.485705 0.284888
vt 0.486059 0.411251
vt 0.486140 0.406733
vt 0.494656 9.44979e-2
vt 0.494656 0.349152
vt 0.494656 0.425485
vt 0.494656 0.458549
vt 0.495400 0.898863
vt 0.495400 0.919001
vt 0.499338 0.721398
vt 0.499856 0.475032
vt 0.499856 0.696216
vt 0.499856 0.917400
vt 0.500537 0.177440
vt 0.505331 0.424080
vt 0.506990 0.281064
vt 0.507607 0.140449
vt 0.508001 0.959280
vt 0.508369 0.919006
vt 0.509000 4.24739e-2
vt 0.511125 0.416255
vt 0.511160 0.358190
vt 0.511162 0.357115
vt 0.511623 0.406375
vt 0.512389 0.358724
vt 0.513487 0.396313
vt 0.513490 0.397139
vt 0.513709 0.354423
vt 0.513990 0.408672
vt 0.514520 0.735879
vt 0.515073 0.407139
vt 0.515100 0.722530
vt 0.515107 0.362395
vt 0.515109 0.360460
vt 0.515300 0.405798
vt 0.515322 0.360614
vt 0.515335 0.361485
vt 0.515718 0.162960
vt 0.516299 0.176308
vt 0.516989 0.363766
vt 0.516991 0.359403
vt 0.518132 0.406150
vt 0.518166 0.361365
vt 0.518168 0.360172
vt 0.518993 0.396814
vt 0.518995 0.353751
vt 0.519036 0.395491
vt 0.519135 0.743883
vt 0.519579 0.507937
vt 0.519718 9.11181e-2
vt 0.520078 0.206642
vt 0.520333 0.154955
vt 0.520514 0.508625
vt 0.523781 0.839349
vt 0.523991 0.971863
vt 0.524100 0.914163
vt 0.524144 0.890895
vt 0.524298 0.809927
vt 0.524452 0.728959
vt 0.524496 0.705691
vt 0.524527 0.826824
vt 0.524605 0.647991
vt 0.524687 0.290466
vt 0.524687 0.637470
vt 0.524979 5.94890e-2
vt 0.525273 0.814299
vt 0.525725 7.20139e-2
vt 0.526472 8.45388e-2
vt 0.527440 0.798675
vt 0.528296 0.277276
vt 0.528638 0.100163
vt 0.529607 0.783051
vt 0.530805 0.115787
vt 0.530954 4.29244e-2
vt 0.533941 0.751803
vt 0.535139 0.147035
vt 0.535939 0.217642
vt 0.539780 0.642475
vt 0.539780 0.285462
vt 0.545804 0.744896
vt 0.547002 0.153942
vt 0.547139 0.971906
vt 0.547171 0.624548
vt 0.547171 0.303388
vt 0.547174 0.760107
vt 0.547203 0.838689
vt 0.547249 0.914207
vt 0.547293 0.890939
vt 0.547447 0.809971
vt 0.547600 0.729003
vt 0.547644 0.705735
vt 0.547754 0.648035
vt 0.548045 0.787105
vt 0.548060 0.826396
vt 0.548372 0.138732
vt 0.548401 6.01493e-2
vt 0.548481 0.800604
vt 0.548916 0.814103
vt 0.549243 0.111733
vt 0.549258 7.24421e-2
vt 0.549679 9.82341e-2
vt 0.550115 8.47348e-2
vt 0.557962 0.266839
vt 0.558405 0.959300
vt 0.560249 0.919025
vt 0.560534 0.748406
vt 0.560862 0.310643
vt 0.560862 0.617293
vt 0.561733 0.150433
vt 0.568177 0.898888
vt 0.569301 0.838687
vt 0.570105 0.624260
vt 0.570105 0.303677
vt 0.570288 0.971950
vt 0.570398 0.914251
vt 0.570442 0.890983
vt 0.570500 6.01509e-2
vt 0.570516 0.813924
vt 0.570573 0.826300
vt 0.570595 0.810015
vt 0.570708 0.763263
vt 0.570749 0.729047
vt 0.570793 0.705779
vt 0.570902 0.648079
vt 0.571075 0.801255
vt 0.571634 0.788585
vt 0.571714 8.49139e-2
vt 0.571772 7.25379e-2
vt 0.571906 0.135575
vt 0.572273 9.75835e-2
vt 0.572832 0.110253
vt 0.574005 0.601445
vt 0.574005 0.326492
vt 0.581319 0.633152
vt 0.581566 0.632444
vt 0.582138 0.950050
vt 0.582919 0.925466
vt 0.583522 0.612708
vt 0.583522 0.315228
vt 0.585514 0.342240
vt 0.585888 0.423622
vt 0.586050 0.453451
vt 0.586188 0.342066
vt 0.586562 0.423449
vt 0.586724 0.453278
vt 0.590555 0.587216
vt 0.590653 0.547476
vt 0.590752 0.507736
vt 0.591490 0.587904
vt 0.591588 0.548164
vt 0.591687 0.508424
vt 0.593039 0.623972
vt 0.593039 0.303965
vt 0.593544 0.463968
vt 0.593835 0.630977
vt 0.593835 0.296959
vt 0.594030 0.400373
vt 0.594030 0.527564
vt 0.594631 0.637983
vt 0.594631 0.289954
vt 0.599999 0.959586
vt 0.601564 0.959617
vt 0.606518 0.950235
vt 0.607167 0.925650
vt 0.615926 0.749652
vt 0.617125 0.149187
vt 0.617483 0.838238
vt 0.617775 0.769577
vt 0.618664 0.825877
vt 0.618681 6.06005e-2
vt 0.618810 0.791546
vt 0.618973 0.129262
vt 0.619328 0.802531
vt 0.619845 0.813515
vt 0.619862 7.29617e-2
vt 0.620009 0.107292
vt 0.620022 0.230314
vt 0.620472 0.230515
vt 0.620526 9.63076e-2
vt 0.620875 0.252809
vt 0.621044 8.53228e-2
vt 0.621133 0.251925
vt 0.630695 0.425332
vt 0.630898 0.950421
vt 0.631415 0.925834
vt 0.638033 4.37616e-2
vt 0.639271 0.425485
vt 0.642157 9.34589e-2
vt 0.646011 0.685742
vt 0.646258 0.685034
vt 0.649894 0.458068
vt 0.651502 0.566375
vt 0.651502 0.361561
vt 0.652866 0.337318
vt 0.652866 0.590618
vt 0.653846 0.806222
vt 0.654093 0.805514
vt 0.654230 0.313075
vt 0.654230 0.614861
vt 0.655029 0.727618
vt 0.655140 0.626764
vt 0.655140 0.301173
vt 0.655147 0.252744
vt 0.655276 0.726910
vt 0.655279 0.950606
vt 0.655391 0.777877
vt 0.655638 0.777169
vt 0.655663 0.926019
vt 0.656050 0.638667
vt 0.656050 0.289270
vt 0.656122 0.230515
vt 0.656526 0.251970
vt 0.656724 0.230314
vt 0.656974 0.349152
vt 0.657018 0.408857
vt 0.657018 0.463968
vt 0.657018 0.519079
vt 0.658069 0.959935
vt 0.662490 0.919661
vt 0.664700 0.899523
vt 0.668969 0.840584
vt 0.670168 5.82541e-2
vt 0.670330 0.824912
vt 0.671528 7.39268e-2
vt 0.673514 0.810210
vt 0.674712 8.86286e-2
vt 0.675708 0.342237
vt 0.676121 0.453083
vt 0.676382 0.342064
vt 0.676796 0.452910
vt 0.678985 0.797128
vt 0.679690 0.723831
vt 0.679937 0.723123
vt 0.680026 0.738758
vt 0.680183 0.101711
vt 0.681224 0.160080
vt 0.682449 0.757472
vt 0.683647 0.141367
vt 0.684857 0.585305
vt 0.685372 0.311084
vt 0.685372 0.616853
vt 0.685573 0.336960
vt 0.685573 0.590977
vt 0.685773 0.565101
vt 0.685773 0.362835
vt 0.685791 0.585993
vt 0.686150 0.300006
vt 0.686150 0.627930
vt 0.686598 0.785295
vt 0.686927 0.288928
vt 0.686927 0.639008
vt 0.687796 0.113544
vt 0.688531 0.411448
vt 0.688531 0.516489
vt 0.689571 0.546628
vt 0.690506 0.547316
vt 0.694286 0.507951
vt 0.695221 0.508639
vt 0.696207 0.774339
vt 0.697406 0.124499
vt 0.697976 0.763379
vt 0.698223 0.762671
vt 0.702366 0.639179
vt 0.707353 0.765111
vt 0.708067 0.755927
vt 0.708551 0.133728
vt 0.709265 0.142912
vt 0.711235 0.796332
vt 0.711482 0.795624
vt 0.712084 0.734278
vt 0.712471 0.972220
vt 0.712581 0.914520
vt 0.712625 0.891252
vt 0.712778 0.810284
vt 0.712932 0.729317
vt 0.712976 0.706049
vt 0.713086 0.648349
vt 0.713282 0.164561
vt 0.716515 0.309093
vt 0.716515 0.618844
vt 0.717160 0.298840
vt 0.717160 0.629097
vt 0.717804 0.288587
vt 0.717804 0.639350
vt 0.718280 0.336601
vt 0.718280 0.591336
vt 0.719572 0.758459
vt 0.720044 0.364109
vt 0.720044 0.414039
vt 0.720044 0.463968
vt 0.720044 0.513898
vt 0.720044 0.563828
vt 0.720770 0.140379
vt 0.720876 0.755154
vt 0.722075 0.143685
vt 0.728113 0.732038
vt 0.731350 0.285790
vt 0.731350 0.642146
vt 0.733686 0.754382
vt 0.734884 0.144457
vt 0.739597 0.540091
vt 0.739732 0.506444
vt 0.740532 0.540780
vt 0.740573 0.575910
vt 0.740667 0.507132
vt 0.741508 0.576598
vt 0.742328 0.305008
vt 0.742328 0.622928
vt 0.743869 0.291799
vt 0.743869 0.636137
vt 0.744141 0.729797
vt 0.744897 0.282994
vt 0.744897 0.644943
vt 0.744997 0.315467
vt 0.744997 0.612469
vt 0.745340 0.169041
vt 0.747214 0.334451
vt 0.747214 0.593486
vt 0.749430 0.353434
vt 0.749430 0.574503
vt 0.750512 0.752875
vt 0.751710 0.145964
vt 0.752712 0.310619
vt 0.752712 0.617317
vt 0.754811 0.342240
vt 0.755103 0.452719
vt 0.755485 0.342066
vt 0.755777 0.452546
vt 0.757177 0.734024
vt 0.758375 0.164814
vt 0.758443 0.280197
vt 0.758443 0.647739
vt 0.764251 0.973174
vt 0.764361 0.915260
vt 0.764406 0.891778
vt 0.764560 0.810383
vt 0.764715 0.728987
vt 0.764759 0.705505
vt 0.764869 0.647592
vt 0.767829 0.754002
vt 0.768142 0.300923
vt 0.768142 0.627013
vt 0.769028 0.144837
vt 0.770065 0.289162
vt 0.770065 0.638774
vt 0.770212 0.738251
vt 0.770810 0.311382
vt 0.770810 0.616554
vt 0.771410 0.160588
vt 0.771989 0.277401
vt 0.771989 0.650536
vt 0.773479 0.321841
vt 0.773479 0.606095
vt 0.775623 0.755913
vt 0.776147 0.332300
vt 0.776147 0.595636
vt 0.776821 0.142926
vt 0.778816 0.342759
vt 0.778816 0.585178
vt 0.783247 0.742477
vt 0.783416 0.757825
vt 0.783887 0.480191
vt 0.784153 0.363677
vt 0.784153 0.564260
vt 0.784344 0.415307
vt 0.784344 0.512630
vt 0.784445 0.156362
vt 0.784535 0.460580
vt 0.784535 0.467357
vt 0.784614 0.141014
vt 0.784917 0.463968
vt 0.789015 0.201132
vt 0.789740 0.200930
vt 0.790347 0.761028
vt 0.791304 0.154478
vt 0.791545 0.137811
vt 0.792029 0.154276
vt 0.792337 0.239453
vt 0.793063 0.239251
vt 0.793232 0.216166
vt 0.793593 0.107824
vt 0.793888 0.183512
vt 0.793957 0.215964
vt 0.794111 0.158538
vt 0.794318 0.107622
vt 0.794485 0.984372
vt 0.794557 0.108589
vt 0.794605 0.920915
vt 0.794613 0.183310
vt 0.794650 0.897406
vt 0.794815 0.810440
vt 0.794836 0.158336
vt 0.794980 0.723474
vt 0.795025 0.699965
vt 0.795145 0.636508
vt 0.795282 0.108387
vt 0.795660 0.277774
vt 0.796282 0.746704
vt 0.796385 0.277571
vt 0.796477 0.243230
vt 0.796674 0.190308
vt 0.797203 0.243028
vt 0.797279 0.764231
vt 0.797400 0.190105
vt 0.797480 0.152135
vt 0.798294 0.156149
vt 0.798477 0.134608
vt 0.798784 0.299750
vt 0.798784 0.628186
vt 0.799004 0.276423
vt 0.799004 0.651513
vt 0.799020 0.155947
vt 0.799290 0.277973
vt 0.799623 0.171960
vt 0.800015 0.277771
vt 0.800240 9.60584e-2
vt 0.800349 0.171758
vt 0.800938 0.139672
vt 0.800965 9.58562e-2
vt 0.801201 0.363593
vt 0.801201 0.564344
vt 0.801589 0.414672
vt 0.801589 0.467611
vt 0.801663 0.139470
vt 0.804720 0.186006
vt 0.805276 8.29575e-2
vt 0.805445 0.185804
vt 0.805811 0.307834
vt 0.805923 8.35277e-2
vt 0.806001 8.27552e-2
vt 0.806537 0.307632
vt 0.806648 8.33255e-2
vt 0.806990 0.222517
vt 0.807716 0.222314
vt 0.807760 0.123629
vt 0.808485 0.123427
vt 0.809424 0.773107
vt 0.809967 0.306893
vt 0.810622 0.125731
vt 0.810692 0.306690
vt 0.811294 0.197994
vt 0.812020 0.197791
vt 0.813300 0.319218
vt 0.813300 0.608719
vt 0.813514 0.136211
vt 0.813548 0.326936
vt 0.813548 0.601000
vt 0.813796 0.334655
vt 0.813796 0.593282
vt 0.814188 0.295012
vt 0.814188 0.632924
vt 0.815376 6.98428e-2
vt 0.816101 6.96406e-2
vt 0.816396 0.108697
vt 0.817056 0.207630
vt 0.817122 0.108495
vt 0.817782 0.207428
vt 0.819292 0.342401
vt 0.819292 0.432327
vt 0.819661 0.784275
vt 0.820749 0.228867
vt 0.820860 0.114564
vt 0.821474 0.228665
vt 0.822383 0.754426
vt 0.823301 0.215543
vt 0.823581 0.144413
vt 0.824026 0.215341
vt 0.824485 9.55552e-2
vt 0.824658 5.61433e-2
vt 0.824828 5.61580e-2
vt 0.824932 0.308254
vt 0.824932 0.619683
vt 0.825210 9.53529e-2
vt 0.825384 5.59410e-2
vt 0.825446 0.345881
vt 0.825446 0.582056
vt 0.825554 5.59557e-2
vt 0.827801 0.797556
vt 0.828999 0.101283
vt 0.831324 0.222361
vt 0.832049 0.222159
vt 0.833571 0.304858
vt 0.833571 0.623078
vt 0.833607 0.812732
vt 0.834118 0.349538
vt 0.834118 0.578398
vt 0.834153 8.46002e-2
vt 0.834489 0.298387
vt 0.834489 0.629550
vt 0.834507 0.235218
vt 0.834806 8.61061e-2
vt 0.834878 8.43979e-2
vt 0.835232 0.235016
vt 0.836844 0.829588
vt 0.837806 0.163429
vt 0.838042 6.92507e-2
vt 0.838272 0.845765
vt 0.838510 0.870530
vt 0.838531 0.163227
vt 0.838653 0.858906
vt 0.839471 5.30737e-2
vt 0.839708 2.83087e-2
vt 0.839851 3.99323e-2
vt 0.841019 0.178358
vt 0.841217 0.350517
vt 0.841461 0.228323
vt 0.841648 5.09817e-2
vt 0.841744 0.178155
vt 0.841943 0.350315
vt 0.842187 0.228121
vt 0.842373 5.07794e-2
vt 0.842539 0.147169
vt 0.843264 0.146967
vt 0.843595 0.293612
vt 0.843595 0.634324
vt 0.844180 0.303310
vt 0.844180 0.624627
vt 0.844347 0.351055
vt 0.844347 0.576881
vt 0.844640 0.300074
vt 0.844640 0.627862
vt 0.845877 0.347601
vt 0.846262 0.921013
vt 0.846602 0.347399
vt 0.846681 0.700063
vt 0.847187 0.189170
vt 0.847529 7.62288e-2
vt 0.847723 0.463968
vt 0.847766 0.460440
vt 0.847766 0.467496
vt 0.847787 0.415097
vt 0.847787 0.512839
vt 0.847808 0.363397
vt 0.847808 0.564539
vt 0.847912 0.188967
vt 0.848254 7.60266e-2
vt 0.848265 0.241569
vt 0.848991 0.241367
vt 0.849992 0.899910
vt 0.850156 0.279418
vt 0.850156 0.648518
vt 0.850265 0.278307
vt 0.850272 0.163719
vt 0.850331 0.721180
vt 0.850901 0.133132
vt 0.850990 0.278104
vt 0.851627 0.132930
vt 0.853383 0.958446
vt 0.854051 0.233669
vt 0.854321 0.196535
vt 0.854576 0.352572
vt 0.854576 0.575364
vt 0.854776 0.233467
vt 0.854790 0.301762
vt 0.854790 0.626175
vt 0.855046 0.196333
vt 0.857628 0.242017
vt 0.858354 0.241815
vt 0.858468 4.58054e-2
vt 0.859193 4.56031e-2
vt 0.862423 0.123469
vt 0.862908 0.847854
vt 0.863149 0.123267
vt 0.863908 7.13096e-2
vt 0.864106 5.09847e-2
vt 0.864634 7.11074e-2
vt 0.864743 0.742858
vt 0.865684 0.202189
vt 0.865817 0.859128
vt 0.866386 0.237544
vt 0.866410 0.201987
vt 0.866992 0.242465
vt 0.867016 3.97102e-2
vt 0.867045 0.362393
vt 0.867045 0.565544
vt 0.867099 0.193120
vt 0.867111 0.237342
vt 0.867717 0.242263
vt 0.867734 0.301722
vt 0.867734 0.626215
vt 0.867753 0.351815
vt 0.867753 0.576122
vt 0.867759 0.349793
vt 0.868280 0.829906
vt 0.868422 0.869724
vt 0.868437 0.325905
vt 0.868484 0.349591
vt 0.869478 6.89325e-2
vt 0.869620 2.91143e-2
vt 0.870101 0.416727
vt 0.870101 0.511210
vt 0.871909 0.768333
vt 0.872785 0.790106
vt 0.873002 0.292212
vt 0.873002 0.635725
vt 0.873108 0.130506
vt 0.873156 0.463968
vt 0.873660 0.811878
vt 0.873983 0.108733
vt 0.874858 8.69605e-2
vt 0.875762 0.239092
vt 0.876355 0.242914
vt 0.876487 0.238889
vt 0.876540 0.204900
vt 0.877080 0.242712
vt 0.877265 0.204698
vt 0.877595 0.167541
vt 0.877636 0.825495
vt 0.878146 7.34772e-2
vt 0.878297 0.816039
vt 0.878320 0.167339
vt 0.878453 8.26557e-2
vt 0.879500 0.858856
vt 0.879953 0.120710
vt 0.880678 0.301682
vt 0.880678 0.626254
vt 0.880678 0.120508
vt 0.880698 3.99821e-2
vt 0.880931 0.351057
vt 0.880931 0.576880
vt 0.882588 7.07108e-2
vt 0.883313 7.05086e-2
vt 0.884000 4.76994e-2
vt 0.884725 4.74972e-2
vt 0.885243 0.238470
vt 0.885718 0.243362
vt 0.885956 0.518828
vt 0.885969 0.238268
vt 0.886282 0.361389
vt 0.886282 0.566548
vt 0.886304 0.789809
vt 0.886443 0.243160
vt 0.887502 0.109030
vt 0.887562 0.304706
vt 0.887562 0.623230
vt 0.887608 0.203273
vt 0.887676 0.349564
vt 0.887676 0.578372
vt 0.888333 0.203071
vt 0.890578 0.847989
vt 0.891776 5.08500e-2
vt 0.892433 0.825453
vt 0.892436 0.417953
vt 0.892436 0.509984
vt 0.892633 0.815536
vt 0.892943 0.921101
vt 0.893258 8.31800e-2
vt 0.893301 0.778701
vt 0.893363 0.700152
vt 0.893463 7.35101e-2
vt 0.894300 0.349069
vt 0.894500 0.120137
vt 0.894502 0.344337
vt 0.894502 0.583600
vt 0.894812 0.309934
vt 0.894812 0.618003
vt 0.895025 0.348866
vt 0.895081 0.243810
vt 0.895806 0.243608
vt 0.896836 6.92022e-2
vt 0.897022 0.796593
vt 0.897070 0.239970
vt 0.897585 0.126255
vt 0.897898 0.235837
vt 0.898123 0.334618
vt 0.898123 0.593318
vt 0.898221 0.102246
vt 0.898226 0.327135
vt 0.898226 0.600801
vt 0.898310 0.126052
vt 0.898328 0.319652
vt 0.898328 0.608284
vt 0.898590 0.463968
vt 0.898623 0.235635
vt 0.899062 0.347677
vt 0.899095 0.198756
vt 0.899507 0.829604
vt 0.899787 0.347474
vt 0.899820 0.198554
vt 0.900698 0.811284
vt 0.901240 0.278640
vt 0.901318 7.42638e-2
vt 0.901897 8.75544e-2
vt 0.901965 0.278438
vt 0.902043 7.40616e-2
vt 0.904444 0.244259
vt 0.905169 0.244056
vt 0.905335 0.902414
vt 0.905683 0.718886
vt 0.906174 0.192089
vt 0.906899 0.191886
vt 0.908402 0.135871
vt 0.909128 0.135669
vt 0.909533 4.95935e-2
vt 0.910258 4.93913e-2
vt 0.910761 0.231759
vt 0.911487 0.231557
vt 0.911866 0.846337
vt 0.912148 0.181850
vt 0.912873 0.181648
vt 0.912890 0.810664
vt 0.913065 5.25006e-2
vt 0.913247 0.316177
vt 0.913247 0.611760
vt 0.913634 0.365352
vt 0.913634 0.562585
vt 0.913961 0.148315
vt 0.914243 0.304727
vt 0.914243 0.623210
vt 0.914686 0.148113
vt 0.915855 0.829222
vt 0.915915 0.165744
vt 0.916640 0.165541
vt 0.917053 6.96161e-2
vt 0.917589 0.357783
vt 0.917589 0.570153
vt 0.917851 8.18000e-2
vt 0.918577 8.15978e-2
vt 0.920626 0.416474
vt 0.920626 0.511462
vt 0.920872 0.226803
vt 0.921545 0.351379
vt 0.921545 0.576558
vt 0.921597 0.226601
vt 0.921742 0.333778
vt 0.921742 0.594159
vt 0.923228 0.839593
vt 0.923304 0.304280
vt 0.923304 0.623657
vt 0.924427 5.92450e-2
vt 0.925891 5.71181e-2
vt 0.926616 5.69159e-2
vt 0.928779 0.220772
vt 0.929504 0.220570
vt 0.929676 0.921171
vt 0.930095 0.700222
vt 0.930977 9.13722e-2
vt 0.931440 0.800439
vt 0.931703 9.11700e-2
vt 0.931917 0.322693
vt 0.931917 0.605243
vt 0.932639 9.83989e-2
vt 0.933106 0.234247
vt 0.933832 0.234045
vt 0.934714 0.310396
vt 0.934966 0.902874
vt 0.935030 0.213468
vt 0.935316 0.718538
vt 0.935439 0.310194
vt 0.935755 0.213266
vt 0.935784 0.336281
vt 0.935784 0.591655
vt 0.938564 0.309561
vt 0.938760 0.811598
vt 0.939129 0.225083
vt 0.939289 0.309358
vt 0.939487 0.101033
vt 0.939650 0.349870
vt 0.939650 0.578067
vt 0.939854 0.224881
vt 0.939959 8.72405e-2
vt 0.940212 0.100831
vt 0.940728 0.204379
vt 0.941454 0.204176
vt 0.941999 6.50424e-2
vt 0.942249 6.46427e-2
vt 0.942724 6.48401e-2
vt 0.942974 6.44405e-2
vt 0.943517 0.364701
vt 0.943517 0.563236
vt 0.945152 0.215919
vt 0.945367 0.112108
vt 0.945877 0.215717
vt 0.946092 0.111906
vt 0.946978 0.192991
vt 0.947703 0.192788
vt 0.947871 0.221562
vt 0.948596 0.221360
vt 0.948663 0.281549
vt 0.949388 0.281347
vt 0.950083 0.413713
vt 0.950083 0.514224
vt 0.950604 0.125920
vt 0.950732 7.67429e-2
vt 0.951175 0.206756
vt 0.951329 0.125718
vt 0.951458 7.65407e-2
vt 0.951900 0.206553
vt 0.952124 0.178669
vt 0.952215 0.278973
vt 0.952849 0.178467
vt 0.952941 0.278771
vt 0.954039 0.142226
vt 0.954511 0.160778
vt 0.954764 0.142023
vt 0.955237 0.160576
vt 0.955579 0.246808
vt 0.956304 0.246606
vt 0.957197 0.197592
vt 0.957209 0.247765
vt 0.957923 0.197390
vt 0.957934 0.247562
vt 0.958645 8.99577e-2
vt 0.959216 8.88431e-2
vt 0.959370 8.97554e-2
vt 0.959916 0.203235
vt 0.959942 8.86409e-2
vt 0.960641 0.203032
vt 0.961377 0.100734
vt 0.961433 0.921231
vt 0.961852 0.700282
vt 0.962103 0.100532
vt 0.962202 0.216556
vt 0.962495 0.114385
vt 0.962495 0.163226
vt 0.962495 0.212067
vt 0.962536 0.190574
vt 0.962870 0.164591
vt 0.962927 0.216354
vt 0.963221 0.114183
vt 0.963221 0.163024
vt 0.963221 0.211865
vt 0.963261 0.190371
vt 0.963538 0.112626
vt 0.963595 0.164389
vt 0.964263 0.112423
vt 0.964597 0.903335
vt 0.964948 0.718190
vt 0.967146 0.810767
vn 5.22954e-2 0.983357 0.173996
vn 4.88066e-2 0.994477 -9.29187e-2
vn 8.87806e-19 -0.977441 0.211209
vn 1.10496e-19 0.980826 0.194888
vn 0.00000e+0 -0.941306 -0.337555
vn 2.29924e-18 -0.999981 -6.19159e-3
vn -4.81172e-17 0.996124 -8.79650e-2
vn 0.416111 0.906976 6.51556e-2
vn 0.103255 0.993380 -5.03356e-2
vn 0.214087 0.902115 0.374639
vn 0.416327 0.888064 -0.194974
vn 0.257622 0.962370 -8.64622e-2
vn 0.784575 0.620021 3.89146e-3
vn 0.847441 0.523677 -8.72196e-2
vn 0.976780 -0.214231 2.45048e-3
vn 0.00000e+0 0.904956 0.425505
vn 2.76140e-20 0.967940 0.251180
vn 8.70569e-19 0.950634 0.310314
vn -7.77439e-19 -0.490698 -0.871330
vn 0.495836 0.813179 0.304773
vn 0.174700 0.947949 -0.266221
vn 0.741967 0.669916 2.64103e-2
vn 5.42224e-20 0.892706 0.450640
vn 0.00000e+0 -0.732267 -0.681018
vn 0.972563 -0.232622 2.99522e-3
vn 0.00000e+0 -0.793719 0.608285
vn 0.115249 0.960438 0.253528
vn 0.493982 0.814888 -0.303214
vn 0.597160 0.774483 0.208749
vn 4.34125e-19 0.982781 0.184775
vn -1.33000e-17 0.856505 -0.516138
vn 0.990807 -0.131386 3.22248e-2
vn 0.973195 -0.213684 -8.50385e-2
vn 0.00000e+0 -0.999981 6.18888e-3
vn 0.393081 0.741411 0.543872
vn -2.78035e-17 0.908495 0.417896
vn 0.893250 8.43407e-2 0.441577
vn -6.16298e-33 -0.999985 5.39702e-3
vn 0.971125 0.238564 -2.02570e-3
vn 0.970934 -0.239271 6.04608e-3
vn 0.972577 -0.232558 -3.19745e-3
vn 0.605901 0.795071 -2.73186e-2
vn 0.00000e+0 -0.999991 4.27864e-3
vn 0.690528 0.705653 0.158824
vn 0.937144 0.343517 6.12991e-2
vn 0.975147 -0.221550 -1.71939e-3
vn 0.971489 -0.237078 1.60804e-3
vn 0.699287 0.707473 0.102374
vn -1.48497e-3 0.994627 -0.103510
vn -7.96900e-2 0.994433 6.89355e-2
vn -1.30141e-20 0.999828 1.85463e-2
vn 2.71985e-20 0.998296 5.83472e-2
vn 0.00000e+0 -0.999986 5.25513e-3
vn 2.08996e-20 -0.999988 4.93647e-3
vn 0.988244 0.148211 -3.75181e-2
vn 0.587374 0.800393 -0.119847
vn 0.650406 0.759321 -2.00952e-2
vn 2.30020e-18 -0.998835 -4.82470e-2
vn 0.968129 -0.191067 0.161924
vn 0.942399 0.325808 7.57205e-2
vn 0.833034 0.542931 0.106210
vn 0.693283 0.720638 6.32379e-3
vn 0.960930 -0.197575 0.193847
vn 0.816303 0.564987 0.120161
vn 0.568110 0.821778 4.39536e-2
vn 0.704530 0.700970 0.110807
vn 0.00000e+0 -0.998386 -5.67887e-2
vn 0.941262 0.230875 0.246419
vn 0.838789 0.508018 0.195835
vn 0.629858 0.776657 -9.09075e-3
vn -5.42103e-20 -0.999488 -3.19961e-2
vn 0.922019 0.387052 8.45096e-3
vn 0.951369 0.290643 -0.102098
vn 0.949887 0.164038 -0.266096
vn 0.935348 -3.89355e-2 -0.351579
vn -2.06738e-17 0.905512 -0.424321
vn 0.524719 0.755647 -0.392006
vn 0.901019 0.138807 -0.410970
vn 3.46741e-2 -0.976557 0.212448
vn 5.02604e-2 0.914373 0.401740
vn 6.82040e-2 0.891057 0.448739
vn 0.116345 -0.763821 0.634855
vn 1.37213e-3 -0.999977 6.62541e-3
vn 3.06423e-16 -0.999985 5.39702e-3
vn 7.11782e-17 -0.999991 4.27864e-3
vn 2.61302e-16 -0.999985 5.43737e-3
vn 4.35170e-4 -0.999986 5.18077e-3
vn 1.86182e-17 -0.999981 -6.19159e-3
vn 4.61790e-3 -0.948208 -0.317617
vn -9.78063e-3 -0.534353 -0.845205
vn -3.58016e-3 -0.732440 -0.680823
vn 1.02889e-17 -0.998835 -4.82470e-2
vn 3.99335e-3 -0.999471 -3.22888e-2
vn -9.84823e-3 0.854119 -0.519985
vn -6.22371e-3 0.907051 -0.420975
vn 0.807854 -0.420775 0.412699
vn 3.16598e-2 0.967299 0.251655
vn 2.47062e-3 0.999831 1.82030e-2
vn 1.03133e-4 0.998275 5.87098e-2
vn 0.687828 0.706161 0.168018
vn 0.901653 0.389851 0.187186
vn 0.634803 0.590086 0.498821
vn 7.68775e-3 0.959153 0.282783
vn 4.01683e-3 0.979995 0.198982
vn 1.05992e-3 -0.998352 -5.73697e-2
vn 0.147376 0.978149 0.146647
vn 0.370808 0.918078 0.140121
vn 0.592706 0.784468 0.182511
vn 0.738002 0.671920 6.22618e-2
vn 0.433627 0.864111 0.255498
vn 0.139821 0.990175 1.71393e-3
vn 0.516642 0.854634 5.17860e-2
vn -9.24446e-33 -0.999993 3.71651e-3
vn 0.967511 0.252179 1.81086e-2
vn 0.970950 -0.239273 -1.93892e-3
vn 0.971333 -0.237721 -5.32876e-4
vn 2.51484e-16 -0.999993 3.71651e-3
vn 0.00000e+0 -0.999993 3.71651e-3
vn 0.945381 0.320216 6.09666e-2
vn 0.973283 -0.229592 -2.74049e-3
vn 0.971417 -0.237376 1.14116e-3
vn 1.79557e-16 -0.999993 3.71651e-3
vn 0.754809 0.655794 1.40550e-2
vn 0.769220 0.638983 -3.12417e-4
vn 0.598721 0.800668 -2.15355e-2
vn 0.670118 0.742228 -6.25968e-3
vn 0.683284 0.729608 -2.81941e-2
vn 0.449411 0.892648 -3.47845e-2
vn 0.482680 0.864160 0.142296
vn 0.564910 0.742076 0.360832
vn 0.592829 0.713177 0.374076
vn 0.668751 0.739281 7.89694e-2
vn 0.654363 0.750394 9.33731e-2
vn 1.08420e-19 -0.289974 -0.957035
vn -1.38261e-2 -0.287287 -0.957745
vn 0.942239 0.334758 -1.10935e-2
vn 0.831332 0.539971 -0.131599
vn 0.759112 0.645393 -8.49560e-2
vn 0.848689 0.519873 -9.72572e-2
vn 0.402041 0.898140 -0.178067
vn 0.989489 0.142318 -2.56168e-2
vn 0.649736 0.743442 0.158547
vn 0.596415 0.749708 0.286753
vn 0.629608 0.712001 0.310884
vn 0.770949 0.632568 7.41235e-2
vn 0.689357 0.717281 0.101461
vn 0.463708 0.882176 8.21031e-2
vn -1.98975e-19 0.873500 -0.486824
vn 4.92474e-4 0.893867 -0.448332
vn -8.32155e-21 0.860932 -0.508720
vn 0.00000e+0 0.868780 -0.495199
vn 0.00000e+0 0.865426 -0.501037
vn 1.76367e-17 0.860294 -0.509799
vn 0.00000e+0 0.867106 -0.498124
vn 0.00000e+0 0.860619 -0.509249
vn -1.40954e-3 0.860423 -0.509578
vn 1.62651e-3 0.867516 -0.497406
vn -3.53251e-3 0.860108 -0.510100
vn -4.91674e-4 0.865457 -0.500982
vn -1.02961e-3 0.868731 -0.495283
vn -1.20041e-3 0.862220 -0.506532
vn -1.60138e-3 0.862476 -0.506096
vn 0.405705 0.910136 8.39968e-2
vn 0.186601 0.882203 -0.432316
vn 1.92514e-2 0.966938 -0.254285
vn 0.152175 0.981554 -0.115738
vn 0.283262 0.941315 -0.183545
vn 0.217038 0.939408 -0.265345
vn 0.183105 0.977802 -0.101862
vn 0.508848 0.857671 -7.39911e-2
vn 0.463559 0.882364 -8.09073e-2
vn 0.450151 0.891341 -5.36218e-2
vn 0.437107 0.897694 -5.55319e-2
vn 0.434230 0.898378 -6.60342e-2
vn 0.409484 0.910490 -5.77167e-2
vn 0.384776 0.920970 -6.13354e-2
vn 0.653063 0.757223 1.10276e-2
vn 0.654197 0.756260 9.80867e-3
vn 0.630333 0.776195 1.42044e-2
vn 0.874086 0.482447 5.67295e-2
vn 0.895627 0.438697 7.34646e-2
vn 7.52493e-2 0.903202 -0.422568
vn 5.64009e-2 0.961188 -0.270069
vn 4.93455e-2 0.962081 -0.268263
vn 0.407875 0.912801 -2.08059e-2
vn 0.958403 -0.220403 0.181344
vn 0.967547 -0.165792 0.190697
vn 3.72893e-3 -0.999362 -3.55212e-2
vn 0.893767 0.444776 5.79193e-2
vn 0.941909 0.329648 -6.43389e-2
vn 0.931986 -0.110061 -0.345381
vn 0.957194 1.67118e-2 -0.288963
vn 4.57337e-3 -0.999572 -2.88812e-2
vn 0.983608 0.140621 0.112877
vn 0.984709 -6.77453e-2 0.160494
vn 0.983721 -0.152612 9.48859e-2
vn 5.42105e-20 -0.999991 4.30107e-3
vn 2.29295e-3 -0.999997 -3.62813e-4
vn 0.977725 -0.209862 3.42882e-3
vn 0.985933 -0.165460 -2.36408e-2
vn 0.973760 0.113740 0.197114
vn 0.979427 -0.201153 -1.61475e-2
vn 0.983085 -0.180444 -3.13682e-2
vn 0.986401 -0.164214 6.82036e-3
vn 0.985641 -0.168655 8.24233e-3
vn 0.976721 -0.214440 5.54691e-3
vn 0.965015 -0.262190 1.32825e-3
vn 2.02260e-3 -0.999972 7.16365e-3
vn 0.979191 -0.202929 -2.16501e-3
vn 1.38840e-4 -0.999990 4.41316e-3
vn 1.04634e-3 -0.999981 6.07008e-3
vn 0.709667 0.694596 0.117935
vn 0.960431 -0.263694 -8.96525e-2
vn 0.980033 -0.198644 8.68890e-3
vn 7.51885e-2 -0.961435 0.264556
vn 4.32590e-17 -0.999981 -6.19159e-3
vn 2.77719e-16 -0.999985 5.39702e-3
vn 1.23459e-16 -0.999991 4.27864e-3
vn 7.98866e-18 -0.998835 -4.82470e-2
vn 2.80490e-16 -0.999993 3.71651e-3
vn 2.26622e-16 -0.999993 3.71651e-3
vn 0.981380 -0.192032 4.20916e-3
vn 0.980428 -0.196877 9.97632e-4
vn 0.980241 -0.197809 3.17107e-5
vn 0.980324 -0.197395 9.59294e-4
vn 0.689439 -0.334724 0.642365
vn 0.361253 -0.725288 0.586048
vn 0.372522 -0.605745 0.703065
vn 0.206666 -0.760585 0.615467
vn 0.718743 0.318771 0.617894
vn 0.772553 0.303242 0.557858
vn 0.938301 -0.134001 0.318802
vn 0.782873 -0.511741 0.353880
vn -6.50531e-19 0.862438 -0.506162
vn -6.36870e-3 0.858923 -0.512066
vn -3.70411e-3 0.858926 -0.512087
vn -1.65967e-2 0.939849 0.341187
vn 0.296269 0.728375 0.617814
vn -0.232760 0.951431 0.201499
vn -0.179069 0.949102 0.259113
vn 6.00773e-3 0.845756 0.533535
vn 0.118076 0.839277 0.530729
vn 7.65833e-2 0.867422 0.491645
vn -2.48092e-3 0.892640 0.450763
vn -3.12807e-17 0.897717 0.440573
vn 5.73236e-2 0.895088 0.442189
vn 2.71894e-2 -0.976920 0.211866
vn 8.32986e-2 -0.791169 0.605899
vn 4.41274e-4 -0.999980 6.33388e-3
vn 8.99768e-5 -0.999988 4.88111e-3
vn -2.09659e-3 -0.999996 1.75869e-3
vn -0.162066 0.979490 -0.119724
vn 0.123512 0.982566 -0.138958
vn -1.23163e-2 0.980414 0.196560
vn -1.29400e-2 0.983288 0.181599
vn -5.86400e-2 0.959421 -0.275813
vn 3.21335e-2 0.959978 -0.278224
vn -9.23646e-3 0.927167 0.374533
vn 8.12069e-2 0.940780 -0.329148
vn -1.16642e-2 0.889333 -0.457110
vn -0.104493 0.939783 -0.325407
vn 2.81103e-2 0.789993 0.612472
vn -0.116598 0.798404 0.590725
vn -0.225291 0.821066 0.524495
vn -0.294575 0.844821 0.446658
vn -0.317212 0.865652 0.387327
vn -0.305118 0.898868 0.314546
vn -0.248762 0.944595 0.214145
vn -0.158560 0.979602 0.123448
vn -8.31416e-2 0.993579 7.67385e-2
vn -1.28172e-2 0.997701 6.65410e-2
vn 5.86904e-2 0.995499 7.44082e-2
vn 0.129664 0.984936 0.114403
vn 0.208562 0.959213 0.190820
vn 0.261243 0.920521 0.290506
vn 0.271278 0.866915 0.418171
vn 0.246978 0.815236 0.523824
vn 0.221431 0.795625 0.563870
vn 0.163287 0.790530 0.590254
vn -0.379611 0.921596 -8.09720e-2
vn -0.632242 0.770767 7.86599e-2
vn -0.530818 0.847038 2.75521e-2
vn -0.491444 0.870420 -2.91721e-2
vn -0.494067 0.862237 -0.111559
vn -0.253414 0.959257 0.124928
vn -0.356068 0.917945 0.174907
vn 0.00000e+0 0.920793 0.390052
vn 0.189902 0.977961 -8.67708e-2
vn 0.216456 0.975895 -2.78506e-2
vn 0.209632 0.977372 2.82610e-2
vn 0.135992 0.871362 0.471418
vn 0.139693 0.877546 0.458693
vn 0.139693 0.877546 0.458693
vn 0.719980 0.678782 0.144513
vn 0.973660 -0.228002 -6.39022e-4
vn 0.961709 -0.274070 9.76878e-4
vn 0.961248 -0.275681 1.24029e-3
vn 0.960800 -0.277241 -4.94999e-4
vn 0.960887 -0.276938 8.04277e-4
vn 0.961092 -0.276229 -8.84715e-4
vn 0.964585 -0.180654 0.192196
vn 0.979594 -0.200859 -7.19236e-3
vn 0.984719 -0.174146 1.41503e-3
vn 0.986005 -0.166482 -8.86910e-3
vn 0.983340 -0.181356 -1.23812e-2
vn 0.986563 -0.163221 7.17593e-3
vn 0.985826 -0.167551 8.59093e-3
vn 0.972480 -0.164160 0.165330
vn 4.68571e-2 0.899732 0.433919
vn 2.41489e-2 0.909254 0.415541
vn 7.30230e-3 0.946420 0.322857
vn 1.54191e-3 0.982901 0.184131
vn -2.45369e-3 0.238319 -0.971184
vn 2.87000e-3 0.299140 -0.954205
vn -2.81263e-3 0.258311 -0.966058
vn -3.05226e-3 0.260303 -0.965522
vn 5.77670e-3 0.378875 -0.925430
vn 8.79290e-19 0.280262 -0.959924
vn 0.00000e+0 0.255242 -0.966877
vn -1.65013e-18 0.243914 -0.969797
vn -2.74840e-18 0.233323 -0.972399
vn 1.44781e-17 0.236971 -0.971517
vn 5.03570e-18 0.296003 -0.955187
vn -2.52237e-18 0.240307 -0.970697
vn -6.50579e-3 0.235082 -0.971954
vn -1.00227e-3 0.233702 -0.972308
vn -1.94763e-3 0.243348 -0.969937
vn 0.606797 0.765390 -0.214420
vn 0.313097 0.889484 -0.332849
vn 6.38531e-2 0.934488 -0.350220
vn 0.602632 0.763938 -0.230724
vn 0.971706 0.166678 -0.167348
vn 0.944971 0.293668 -0.144186
vn 4.48684e-2 0.926053 -0.374716
vn 7.74020e-2 0.968194 -0.237926
vn 0.273774 0.845594 -0.458278
vn -5.22954e-2 0.983357 0.173996
vn -4.88066e-2 0.994477 -9.29187e-2
vn -0.416111 0.906976 6.51556e-2
vn -0.103255 0.993380 -5.03356e-2
vn -0.214087 0.902115 0.374639
vn -0.416327 0.888064 -0.194974
vn -0.257622 0.962370 -8.64622e-2
vn -0.784575 0.620021 3.89146e-3
vn -0.847441 0.523677 -8.72196e-2
vn -0.976780 -0.214231 2.45048e-3
vn -0.495836 0.813179 0.304773
vn -0.174700 0.947949 -0.266221
vn -0.741967 0.669916 2.64103e-2
vn -0.972563 -0.232622 2.99522e-3
vn -0.115249 0.960438 0.253528
vn -0.493982 0.814888 -0.303214
vn -0.597160 0.774483 0.208749
vn -0.989420 -0.140858 3.47436e-2
vn -0.973839 -0.211499 -8.31024e-2
vn -0.378459 0.746372 0.547447
vn -0.899229 5.90292e-2 0.433477
vn -0.971125 0.238564 -2.02570e-3
vn -0.970934 -0.239271 6.04608e-3
vn -0.972577 -0.232558 -3.19745e-3
vn -0.605901 0.795071 -2.73186e-2
vn -0.690528 0.705653 0.158824
vn -0.937144 0.343517 6.12991e-2
vn -0.975147 -0.221550 -1.71939e-3
vn -0.971489 -0.237078 1.60804e-3
vn -0.699287 0.707473 0.102374
vn 1.48497e-3 0.994627 -0.103510
vn 7.96900e-2 0.994433 6.89355e-2
vn -0.988244 0.148211 -3.75181e-2
vn -0.587374 0.800393 -0.119847
vn -0.683146 0.729889 -2.39723e-2
vn -0.968129 -0.191067 0.161924
vn -0.940287 0.326963 9.46379e-2
vn -0.833034 0.542931 0.106210
vn -0.693283 0.720638 6.32379e-3
vn -0.960930 -0.197575 0.193847
vn -0.807659 0.575131 0.130044
vn -0.568110 0.821778 4.39536e-2
vn -0.704530 0.700970 0.110807
vn -0.942192 0.230090 0.243584
vn -0.829848 0.523995 0.191786
vn -0.629858 0.776657 -9.09075e-3
vn -0.922019 0.387052 8.45096e-3
vn -0.951369 0.290643 -0.102098
vn -0.949887 0.164038 -0.266096
vn -0.935348 -3.89355e-2 -0.351579
vn -0.524719 0.755647 -0.392006
vn -0.901019 0.138807 -0.410970
vn -3.46741e-2 -0.976557 0.212448
vn -5.02604e-2 0.914373 0.401740
vn -6.82040e-2 0.891057 0.448739
vn -0.116345 -0.763821 0.634855
vn -1.37213e-3 -0.999977 6.62541e-3
vn -3.06423e-16 -0.999985 5.39702e-3
vn -7.11782e-17 -0.999991 4.27864e-3
vn -2.61302e-16 -0.999985 5.43737e-3
vn -4.35170e-4 -0.999986 5.18077e-3
vn -8.33372e-18 -0.999981 -6.19159e-3
vn -4.61790e-3 -0.948208 -0.317617
vn 9.78063e-3 -0.534353 -0.845205
vn 3.58016e-3 -0.732440 -0.680823
vn 0.00000e+0 -0.998835 -4.82470e-2
vn -3.99335e-3 -0.999471 -3.22888e-2
vn 9.84823e-3 0.854119 -0.519985
vn 6.22371e-3 0.907051 -0.420975
vn -0.827190 -0.392110 0.402502
vn -3.16598e-2 0.967299 0.251655
vn -2.47062e-3 0.999831 1.82030e-2
vn -1.03133e-4 0.998275 5.87098e-2
vn -0.687828 0.706161 0.168018
vn -0.925547 0.340164 0.166289
vn -0.616705 0.637274 0.462121
vn -7.68775e-3 0.959153 0.282783
vn -4.01683e-3 0.979995 0.198982
vn -1.05992e-3 -0.998352 -5.73697e-2
vn -0.147376 0.978149 0.146647
vn -0.370808 0.918078 0.140121
vn -0.592706 0.784468 0.182511
vn -0.738002 0.671920 6.22618e-2
vn -0.433627 0.864111 0.255498
vn -0.139821 0.990175 1.71393e-3
vn -0.516642 0.854634 5.17860e-2
vn -0.967511 0.252179 1.81086e-2
vn -0.970950 -0.239273 -1.93892e-3
vn -0.971333 -0.237721 -5.32876e-4
vn -2.51484e-16 -0.999993 3.71651e-3
vn -0.945381 0.320216 6.09666e-2
vn -0.973283 -0.229592 -2.74049e-3
vn -0.971417 -0.237376 1.14116e-3
vn -1.79557e-16 -0.999993 3.71651e-3
vn -0.754809 0.655794 1.40550e-2
vn -0.769220 0.638983 -3.12417e-4
vn -0.598721 0.800668 -2.15355e-2
vn -0.670118 0.742228 -6.25968e-3
vn -0.683284 0.729608 -2.81941e-2
vn -0.449411 0.892648 -3.47845e-2
vn -0.482680 0.864160 0.142296
vn -0.564910 0.742076 0.360832
vn -0.592829 0.713177 0.374076
vn -0.668751 0.739281 7.89694e-2
vn -0.654363 0.750394 9.33731e-2
vn 1.38261e-2 -0.287287 -0.957745
vn -0.942239 0.334758 -1.10935e-2
vn -0.831332 0.539971 -0.131599
vn -0.759112 0.645393 -8.49560e-2
vn -0.848689 0.519873 -9.72572e-2
vn -0.402041 0.898140 -0.178067
vn -0.989489 0.142318 -2.56168e-2
vn -0.649736 0.743442 0.158547
vn -0.596415 0.749708 0.286753
vn -0.629608 0.712001 0.310884
vn -0.770949 0.632568 7.41235e-2
vn -0.689357 0.717281 0.101461
vn -0.463708 0.882176 8.21031e-2
vn -4.92474e-4 0.893867 -0.448332
vn 1.40954e-3 0.860423 -0.509578
vn -1.62651e-3 0.867516 -0.497406
vn 3.53251e-3 0.860108 -0.510100
vn 4.91674e-4 0.865457 -0.500982
vn 1.02961e-3 0.868731 -0.495283
vn 1.20041e-3 0.862220 -0.506532
vn 1.60138e-3 0.862476 -0.506096
vn -0.405705 0.910136 8.39968e-2
vn -0.186601 0.882203 -0.432316
vn -1.92514e-2 0.966938 -0.254285
vn -0.152175 0.981554 -0.115738
vn -0.283262 0.941315 -0.183545
vn -0.217038 0.939408 -0.265345
vn -0.183105 0.977802 -0.101862
vn -0.508848 0.857671 -7.39911e-2
vn -0.463559 0.882364 -8.09073e-2
vn -0.450151 0.891341 -5.36218e-2
vn -0.437107 0.897694 -5.55319e-2
vn -0.434230 0.898378 -6.60342e-2
vn -0.409484 0.910490 -5.77167e-2
vn -0.384776 0.920970 -6.13354e-2
vn -0.653063 0.757223 1.10276e-2
vn -0.654197 0.756260 9.80867e-3
vn -0.630333 0.776195 1.42044e-2
vn -0.874086 0.482447 5.67295e-2
vn -0.895627 0.438697 7.34646e-2
vn -7.52493e-2 0.903202 -0.422568
vn -5.64009e-2 0.961188 -0.270069
vn -4.93455e-2 0.962081 -0.268263
vn -0.407875 0.912801 -2.08059e-2
vn -0.958403 -0.220403 0.181344
vn -0.967547 -0.165792 0.190697
vn -3.72893e-3 -0.999362 -3.55212e-2
vn -0.893767 0.444776 5.79193e-2
vn -0.941909 0.329648 -6.43389e-2
vn -0.931986 -0.110061 -0.345381
vn -0.957194 1.67118e-2 -0.288963
vn -4.57337e-3 -0.999572 -2.88812e-2
vn -0.984729 0.155228 7.88252e-2
vn -0.980258 -0.102813 0.168892
vn -0.981749 -0.160145 0.102582
vn -2.29295e-3 -0.999997 -3.62813e-4
vn -0.977725 -0.209862 3.42882e-3
vn -0.985933 -0.165460 -2.36408e-2
vn -0.979479 0.104606 0.172273
vn -0.979427 -0.201153 -1.61475e-2
vn -0.983085 -0.180444 -3.13682e-2
vn -0.986401 -0.164214 6.82036e-3
vn -0.985641 -0.168655 8.24233e-3
vn -0.976721 -0.214440 5.54691e-3
vn -0.965015 -0.262190 1.32825e-3
vn -2.02260e-3 -0.999972 7.16365e-3
vn -0.979191 -0.202929 -2.16501e-3
vn -1.38840e-4 -0.999990 4.41316e-3
vn -1.04634e-3 -0.999981 6.07008e-3
vn -0.709667 0.694596 0.117935
vn -0.960431 -0.263694 -8.96525e-2
vn -0.976982 -0.212605 1.74458e-2
vn -7.51885e-2 -0.961435 0.264556
vn -3.20448e-17 -0.999981 -6.19159e-3
vn -2.77719e-16 -0.999985 5.39702e-3
vn -1.23459e-16 -0.999991 4.27864e-3
vn 3.23032e-18 -0.998835 -4.82470e-2
vn -2.80490e-16 -0.999993 3.71651e-3
vn -2.26622e-16 -0.999993 3.71651e-3
vn -0.981380 -0.192032 4.20916e-3
vn -0.980428 -0.196877 9.97632e-4
vn -0.980241 -0.197809 3.17107e-5
vn -0.980324 -0.197395 9.59294e-4
vn -0.712881 -0.329917 0.618834
vn -0.361253 -0.725288 0.586048
vn -0.372522 -0.605745 0.703065
vn -0.206666 -0.760585 0.615467
vn -0.742864 0.303919 0.596479
vn -0.803709 0.267733 0.531386
vn -0.945174 -0.141407 0.294364
vn -0.782873 -0.511741 0.353880
vn 6.36870e-3 0.858923 -0.512066
vn 3.70411e-3 0.858926 -0.512087
vn 1.65967e-2 0.939849 0.341187
vn -0.296269 0.728375 0.617814
vn 0.232760 0.951431 0.201499
vn 0.179069 0.949102 0.259113
vn -6.00773e-3 0.845756 0.533535
vn -0.118076 0.839277 0.530729
vn -7.65833e-2 0.867422 0.491645
vn 2.48092e-3 0.892640 0.450763
vn -5.73236e-2 0.895088 0.442189
vn -2.71894e-2 -0.976920 0.211866
vn -8.32986e-2 -0.791169 0.605899
vn -4.41274e-4 -0.999980 6.33388e-3
vn -8.99768e-5 -0.999988 4.88111e-3
vn 2.09659e-3 -0.999996 1.75869e-3
vn 0.162066 0.979490 -0.119724
vn -0.123512 0.982566 -0.138958
vn 1.23163e-2 0.980414 0.196560
vn 1.29400e-2 0.983288 0.181599
vn 5.86400e-2 0.959421 -0.275813
vn -3.21335e-2 0.959978 -0.278224
vn 9.23646e-3 0.927167 0.374533
vn -8.12069e-2 0.940780 -0.329148
vn 1.16642e-2 0.889333 -0.457110
vn 0.104493 0.939783 -0.325407
vn -2.81103e-2 0.789993 0.612472
vn 0.116598 0.798404 0.590725
vn 0.225291 0.821066 0.524495
vn 0.294575 0.844821 0.446658
vn 0.317212 0.865652 0.387327
vn 0.305118 0.898868 0.314546
vn 0.248762 0.944595 0.214145
vn 0.158560 0.979602 0.123448
vn 8.31416e-2 0.993579 7.67385e-2
vn 1.28172e-2 0.997701 6.65410e-2
vn -5.86904e-2 0.995499 7.44082e-2
vn -0.129664 0.984936 0.114403
vn -0.208562 0.959213 0.190820
vn -0.261243 0.920521 0.290506
vn -0.271278 0.866915 0.418171
vn -0.246978 0.815236 0.523824
vn -0.221431 0.795625 0.563870
vn -0.163287 0.790530 0.590254
vn 0.379611 0.921596 -8.09720e-2
vn 0.632242 0.770767 7.86599e-2
vn 0.530818 0.847038 2.75521e-2
vn 0.491444 0.870420 -2.91721e-2
vn 0.494067 0.862237 -0.111559
vn 0.253414 0.959257 0.124928
vn 0.356068 0.917945 0.174907
vn -0.189902 0.977961 -8.67708e-2
vn -0.216456 0.975895 -2.78506e-2
vn -0.209632 0.977372 2.82610e-2
vn -0.135992 0.871362 0.471418
vn -0.139693 0.877546 0.458693
vn -0.139693 0.877546 0.458693
vn -0.719980 0.678782 0.144513
vn -0.973660 -0.228002 -6.39022e-4
vn -0.961709 -0.274070 9.76878e-4
vn -0.961248 -0.275681 1.24029e-3
vn -0.960800 -0.277241 -4.94999e-4
vn -0.960887 -0.276938 8.04277e-4
vn -0.961092 -0.276229 -8.84715e-4
vn -0.964585 -0.180654 0.192196
vn -0.979594 -0.200859 -7.19236e-3
vn -0.984719 -0.174146 1.41503e-3
vn -0.986005 -0.166482 -8.86910e-3
vn -0.983340 -0.181356 -1.23812e-2
vn -0.986563 -0.163221 7.17593e-3
vn -0.985826 -0.167551 8.59093e-3
vn -0.972480 -0.164160 0.165330
vn -4.68571e-2 0.899732 0.433919
vn -2.41489e-2 0.909254 0.415541
vn -7.30230e-3 0.946420 0.322857
vn -1.54191e-3 0.982901 0.184131
vn 2.45369e-3 0.238319 -0.971184
vn -2.87000e-3 0.299140 -0.954205
vn 2.81263e-3 0.258311 -0.966058
vn 3.05226e-3 0.260303 -0.965522
vn -5.77670e-3 0.378875 -0.925430
vn 6.50579e-3 0.235082 -0.971954
vn 1.00227e-3 0.233702 -0.972308
vn 1.94763e-3 0.243348 -0.969937
vn -0.606797 0.765390 -0.214420
vn -0.313097 0.889484 -0.332849
vn -6.38531e-2 0.934488 -0.350220
vn -0.602632 0.763938 -0.230724
vn -0.971706 0.166678 -0.167348
vn -0.944971 0.293668 -0.144186
vn -4.48684e-2 0.926053 -0.374716
vn -7.74020e-2 0.968194 -0.237926
vn -0.273774 0.845594 -0.458278
vn 0.970888 -7.84382e-2 0.226328
vn 0.955811 -0.167148 0.241841
vn 0.930782 -0.218279 0.293257
vn 0.951305 -0.130265 0.279374
vn -0.949547 -0.188259 0.250835
vn -0.965760 -0.104217 0.237584
vn -0.946573 -0.151385 0.284748
vn -0.925679 -0.234873 0.296569
vn 8.19023e-2 0.995179 -5.39604e-2
vn -9.60312e-2 0.979395 0.177660
vn -0.630355 0.771273 -8.82566e-2
vn -0.269697 0.955292 -0.121162
vn -0.206542 0.978061 2.71521e-2
vn 0.281430 0.957600 6.16431e-2
vn 0.204043 0.976025 -7.57714e-2
vn -0.366509 0.905217 0.215066
vn -0.655914 0.733547 0.178005
vn -0.589079 0.801822 0.100333
vn 0.238206 0.943733 0.229403
vn 0.116645 0.953313 0.278545
vn 0.257939 0.954399 0.150301
vn 0.224975 0.956924 0.183531
vn 0.271023 0.962046 -3.18565e-2
vn -0.199847 0.976361 -8.23468e-2
vn -0.306878 0.938330 0.159256
vn 0.277636 0.946442 0.164818
vn 0.117487 0.969307 0.215964
vn -8.19023e-2 0.995179 -5.39604e-2
vn 9.60312e-2 0.979395 0.177660
vn 0.585989 0.804336 -9.82826e-2
vn 0.269697 0.955292 -0.121162
vn 0.213450 0.976918 8.35794e-3
vn -0.281430 0.957600 6.16431e-2
vn -0.204043 0.976025 -7.57714e-2
vn 0.366509 0.905217 0.215066
vn 0.655914 0.733547 0.178005
vn 0.589079 0.801822 0.100333
vn -0.238206 0.943733 0.229403
vn -0.116645 0.953313 0.278545
vn -0.257939 0.954399 0.150301
vn -0.224975 0.956924 0.183531
vn -0.271023 0.962046 -3.18565e-2
vn 0.227943 0.970421 -7.95257e-2
vn 0.306878 0.938330 0.159256
vn -0.277636 0.946442 0.164818
vn -0.117487 0.969307 0.215964
vn 0.353087 0.932814 -7.20294e-2
vn 0.978061 0.202426 -4.91994e-2
vn -8.59244e-2 0.993281 -7.75268e-2
vn -8.69054e-4 0.999714 -2.38929e-2
vn -0.353087 0.932814 -7.20294e-2
vn -0.978001 0.203370 -4.64244e-2
vn 8.59244e-2 0.993281 -7.75268e-2
vn 8.69054e-4 0.999714 -2.38929e-2
vn 0.524570 0.848215 -7.31922e-2
vn 0.986153 0.160903 -4.01455e-2
vn -0.965336 0.257255 -4.41097e-2
vn 0.990814 -1.76720e-2 0.134075
vn -0.993294 -4.32971e-2 0.107198
vn -1.19537e-3 -0.289946 -0.957042
vn 1.19537e-3 -0.289946 -0.957042
vn 0.586393 -0.778147 0.225010
vn 0.586393 -0.778147 0.225010
vn 0.586393 -0.778147 0.225010
vn 0.586393 -0.778147 0.225010
vn 0.586393 -0.778147 0.225010
vn 5.25161e-2 0.981137 -0.186044
vn 5.25161e-2 0.981137 -0.186044
vn 3.67198e-2 0.999212 -1.50358e-2
vn 3.67198e-2 0.999212 -1.50358e-2
vn 0.953011 -4.51107e-2 -0.299559
vn 0.00000e+0 -8.19607e-2 0.996636
vn 2.69356e-3 -0.837918 -0.545790
vn 0.981395 -0.191894 6.36774e-3
vn 4.71587e-17 -0.999981 -6.19159e-3
vn 4.71587e-17 -0.999981 -6.19159e-3
vn 0.981395 -0.191894 6.36774e-3
vn -9.58441e-17 0.984166 -0.177250
vn 0.00000e+0 0.997983 -6.34813e-2
vn -9.58441e-17 0.984166 -0.177250
vn 0.00000e+0 0.997983 -6.34813e-2
vn 6.15456e-2 0.997544 3.34500e-2
vn 0.346683 0.907763 -0.236171
vn 0.346683 0.907763 -0.236171
vn 7.22162e-3 0.360249 -0.932828
vn 0.346683 0.907763 -0.236171
vn 0.714736 0.495256 -0.493836
vn 0.714736 0.495256 -0.493836
vn 2.04425e-2 -0.260486 -0.965261
vn 0.714736 0.495256 -0.493836
vn 2.04425e-2 -0.260486 -0.965261
vn 0.889579 -5.31103e-2 -0.453683
vn 0.889579 -5.31103e-2 -0.453683
vn 0.889579 -5.31103e-2 -0.453683
vn -1.59278e-2 -0.562318 -0.826768
vn -1.59278e-2 -0.562318 -0.826768
vn -1.59278e-2 -0.562318 -0.826768
vn 0.00000e+0 0.900049 0.435788
vn 0.00000e+0 -0.633691 0.773587
vn 0.00000e+0 0.900049 0.435788
vn 0.00000e+0 -0.633691 0.773587
vn -5.96311e-18 0.977449 0.211173
vn -5.96311e-18 0.977449 0.211173
vn 1.84315e-18 -0.289864 -0.957068
vn 1.84315e-18 -0.289864 -0.957068
vn 0.933799 -9.52533e-2 -0.344887
vn 0.933799 -9.52533e-2 -0.344887
vn 0.933799 -9.52533e-2 -0.344887
vn -8.51200e-3 -0.732297 -0.680932
vn -8.51200e-3 -0.732297 -0.680932
vn 0.933799 -9.52533e-2 -0.344887
vn -8.51200e-3 -0.732297 -0.680932
vn 0.948027 0.286212 0.139023
vn 0.948027 0.286212 0.139023
vn 0.948027 0.286212 0.139023
vn 0.00000e+0 -0.855131 -0.518412
vn 0.00000e+0 -0.855131 -0.518412
vn 0.979251 -0.202649 -5.03398e-4
vn 0.979251 -0.202649 -5.03398e-4
vn 5.73241e-17 -0.999985 5.39702e-3
vn 5.73241e-17 -0.999985 5.39702e-3
vn 0.980496 -0.196539 1.04720e-3
vn 0.980496 -0.196539 1.04720e-3
vn 9.78416e-17 -0.999991 4.27864e-3
vn 9.78416e-17 -0.999991 4.27864e-3
vn 0.978340 -0.206997 -1.61345e-3
vn 0.00000e+0 3.24495e-2 0.999473
vn 1.32766e-17 -0.999975 7.07751e-3
vn 0.792278 0.610033 1.24492e-2
vn 8.35398e-17 -0.987287 -0.158947
vn 8.35398e-17 -0.987287 -0.158947
vn 0.792278 0.610033 1.24492e-2
vn 0.971985 -0.234633 1.38629e-2
vn 0.971985 -0.234633 1.38629e-2
vn 0.00000e+0 -0.306251 0.951951
vn 0.00000e+0 -0.306251 0.951951
vn 0.973806 -0.227283 -6.67103e-3
vn 0.973806 -0.227283 -6.67103e-3
vn 0.00000e+0 -5.21443e-2 0.998640
vn 0.00000e+0 -5.21443e-2 0.998640
vn 0.968299 -0.166255 0.186430
vn 0.00000e+0 -0.998835 -4.82470e-2
vn 0.00000e+0 -0.998835 -4.82470e-2
vn 0.968299 -0.166255 0.186430
vn 0.214181 0.970251 -0.112871
vn 0.214181 0.970251 -0.112871
vn 6.15456e-2 0.997544 3.34500e-2
vn 0.214181 0.970251 -0.112871
vn 0.214181 0.970251 -0.112871
vn 0.924490 -0.139142 0.354904
vn 0.00000e+0 3.47351e-2 -0.999397
vn 0.00000e+0 -0.996857 -7.92243e-2
vn 0.956956 -0.161005 0.241479
vn 0.956956 -0.161005 0.241479
vn 0.956956 -0.161005 0.241479
vn 0.00000e+0 -0.366899 -0.930261
vn 0.00000e+0 -0.366899 -0.930261
vn 0.956956 -0.161005 0.241479
vn 0.914126 -0.158109 0.373329
vn 0.914126 -0.158109 0.373329
vn 0.00000e+0 -4.82541e-2 -0.998835
vn 0.00000e+0 -4.82541e-2 -0.998835
vn 0.903416 0.427479 -3.31717e-2
vn 0.903416 0.427479 -3.31717e-2
vn 0.00000e+0 -0.978360 0.206909
vn 0.00000e+0 -0.978360 0.206909
vn 0.950410 -0.109315 -0.291153
vn 0.950410 -0.109315 -0.291153
vn 0.00000e+0 -3.40764e-2 0.999419
vn 0.00000e+0 -3.40764e-2 0.999419
vn 0.967034 0.204476 -0.151769
vn 0.00000e+0 -0.729727 0.683739
vn 0.00000e+0 -0.729727 0.683739
vn 0.967034 0.204476 -0.151769
vn 0.967034 0.204476 -0.151769
vn 0.967307 -1.55662e-2 -0.253131
vn 0.967307 -1.55662e-2 -0.253131
vn 0.00000e+0 -0.371265 0.928527
vn 0.00000e+0 -0.371265 0.928527
vn 0.144810 -0.648835 0.747023
vn 7.15057e-3 0.887921 0.459940
vn 7.15057e-3 0.887921 0.459940
vn 0.144810 -0.648835 0.747023
vn 5.61887e-2 0.901501 0.429115
vn -0.146369 0.925825 0.348460
vn -0.146369 0.925825 0.348460
vn -0.146369 0.925825 0.348460
vn 8.50856e-3 0.941848 0.335931
vn 8.50856e-3 0.941848 0.335931
vn 2.31074e-2 0.984481 0.173964
vn 2.31074e-2 0.984481 0.173964
vn 2.31074e-2 0.984481 0.173964
vn 2.31074e-2 0.984481 0.173964
vn 2.31074e-2 0.984481 0.173964
vn -0.216576 0.961403 0.169706
vn 2.48180e-3 0.982914 0.184051
vn -0.216576 0.961403 0.169706
vn 2.48180e-3 0.982914 0.184051
vn -0.216576 0.961403 0.169706
vn -9.14012e-3 0.874677 0.484620
vn 4.48425e-2 0.891756 0.450289
vn -9.14012e-3 0.874677 0.484620
vn 4.48425e-2 0.891756 0.450289
vn -0.271275 0.958389 8.88868e-2
vn -1.90708e-4 0.998254 5.90724e-2
vn -0.271275 0.958389 8.88868e-2
vn -0.271275 0.958389 8.88868e-2
vn -1.90708e-4 0.998254 5.90724e-2
vn 5.06330e-3 0.999828 1.78596e-2
vn 5.06330e-3 0.999828 1.78596e-2
vn -0.246813 0.967283 -5.87194e-2
vn -0.246813 0.967283 -5.87194e-2
vn 3.23807e-3 0.976974 0.213333
vn -1.66161e-2 -0.277731 -0.960515
vn -1.66161e-2 -0.277731 -0.960515
vn -1.66161e-2 -0.277731 -0.960515
vn 3.23807e-3 0.976974 0.213333
vn 9.41307e-17 -0.999993 3.71651e-3
vn 0.980245 -0.197785 3.88590e-4
vn 9.41307e-17 -0.999993 3.71651e-3
vn 0.980245 -0.197785 3.88590e-4
vn 9.41307e-17 -0.999993 3.71651e-3
vn 0.980325 -0.197389 8.49798e-4
vn 9.41307e-17 -0.999993 3.71651e-3
vn 0.980325 -0.197389 8.49798e-4
vn 2.55539e-2 0.904402 -0.425916
vn 4.09921e-4 0.993781 0.111354
vn 2.55539e-2 0.904402 -0.425916
vn -1.00181e-3 7.01343e-2 -0.997537
vn 2.55539e-2 0.904402 -0.425916
vn 1.88430e-4 0.992916 0.118816
vn 1.55983e-2 0.986779 -0.161317
vn -2.04049e-3 7.47524e-2 -0.997200
vn 1.55983e-2 0.986779 -0.161317
vn 8.04750e-2 0.976781 -0.198553
vn 1.42908e-4 0.992971 0.118357
vn 8.04750e-2 0.976781 -0.198553
vn -5.88561e-4 0.103135 -0.994667
vn 7.23908e-2 0.934235 -0.349233
vn 7.23908e-2 0.934235 -0.349233
vn -1.34078e-4 0.996448 8.42084e-2
vn 7.23908e-2 0.934235 -0.349233
vn 7.23908e-2 0.934235 -0.349233
vn -2.36305e-3 0.858539 -0.512743
vn 3.71177e-4 0.996439 8.43202e-2
vn 3.71177e-4 0.996439 8.43202e-2
vn -2.36305e-3 0.858539 -0.512743
vn -3.71377e-3 0.859482 -0.511153
vn -3.71377e-3 0.859482 -0.511153
vn 6.17180e-4 0.996385 8.49491e-2
vn 6.17180e-4 0.996385 8.49491e-2
vn -4.33685e-19 0.863155 -0.504940
vn 0.00000e+0 0.996341 8.54664e-2
vn -4.33685e-19 0.863155 -0.504940
vn 0.00000e+0 0.996341 8.54664e-2
vn 0.00000e+0 0.993030 0.117858
vn 0.00000e+0 9.82073e-2 -0.995166
vn 0.00000e+0 0.993030 0.117858
vn 0.00000e+0 9.82073e-2 -0.995166
vn 0.00000e+0 0.992874 0.119168
vn -3.25261e-18 7.61904e-2 -0.997093
vn 0.00000e+0 0.992874 0.119168
vn -3.25261e-18 7.61904e-2 -0.997093
vn 0.00000e+0 0.993964 0.109704
vn -5.52943e-18 6.91800e-2 -0.997604
vn 0.00000e+0 0.993964 0.109704
vn -5.52943e-18 6.91800e-2 -0.997604
vn 0.00000e+0 0.996065 8.86240e-2
vn 0.00000e+0 8.74254e-2 -0.996171
vn 0.00000e+0 0.996065 8.86240e-2
vn 0.00000e+0 8.74254e-2 -0.996171
vn 0.00000e+0 0.994121 0.108279
vn 9.97471e-18 0.161121 -0.986935
vn 0.00000e+0 0.994121 0.108279
vn 9.97471e-18 0.161121 -0.986935
vn 0.00000e+0 0.994443 0.105280
vn -4.98735e-18 9.15552e-2 -0.995800
vn 0.00000e+0 0.994443 0.105280
vn -4.98735e-18 9.15552e-2 -0.995800
vn 0.00000e+0 0.997983 -6.34813e-2
vn 1.73492e-18 0.119484 -0.992836
vn 0.00000e+0 0.997983 -6.34813e-2
vn 1.73492e-18 0.119484 -0.992836
vn 1.96202e-4 0.996225 8.68035e-2
vn 9.88987e-2 0.948575 -0.300707
vn 9.88987e-2 0.948575 -0.300707
vn -6.81470e-3 8.27625e-2 -0.996546
vn -7.26545e-5 0.993934 0.109980
vn 3.21229e-3 0.169020 -0.985607
vn 0.999996 -6.13654e-5 2.91073e-3
vn 1.72217e-3 0.994273 0.106854
vn 0.106576 0.718091 -0.687741
vn 0.106576 0.718091 -0.687741
vn -2.66955e-3 8.66341e-2 -0.996237
vn 6.06159e-4 0.994359 0.106067
vn 6.06159e-4 0.994359 0.106067
vn -2.66897e-3 8.90948e-2 -0.996020
vn -2.66897e-3 8.90948e-2 -0.996020
vn -7.20927e-5 0.994028 0.109130
vn -7.20927e-5 0.994028 0.109130
vn 3.21447e-3 0.165071 -0.986276
vn 3.21447e-3 0.165071 -0.986276
vn 1.98259e-4 0.996146 8.77138e-2
vn 1.98259e-4 0.996146 8.77138e-2
vn -6.81335e-3 8.50932e-2 -0.996350
vn -6.81335e-3 8.50932e-2 -0.996350
vn 4.06883e-4 0.993873 0.110529
vn 4.06883e-4 0.993873 0.110529
vn -1.00184e-3 6.96571e-2 -0.997570
vn -1.00184e-3 6.96571e-2 -0.997570
vn 1.88710e-4 0.992895 0.118992
vn 1.88710e-4 0.992895 0.118992
vn -2.04038e-3 7.54713e-2 -0.997146
vn -2.04038e-3 7.54713e-2 -0.997146
vn 1.42607e-4 0.993001 0.118107
vn 1.42607e-4 0.993001 0.118107
vn -2.17954e-3 0.100362 -0.994949
vn -2.17954e-3 0.100362 -0.994949
vn -2.17954e-3 0.100362 -0.994949
vn 3.67198e-2 0.999212 -1.50358e-2
vn 3.67198e-2 0.999212 -1.50358e-2
vn 1.12351e-2 0.241729 -0.970279
vn 1.12351e-2 0.241729 -0.970279
vn 0.882837 -3.55408e-2 -0.468332
vn 6.60755e-3 -0.283741 -0.958878
vn 6.60755e-3 -0.283741 -0.958878
vn 6.60755e-3 -0.283741 -0.958878
vn 2.01505e-2 -0.278028 -0.960362
vn 2.01505e-2 -0.278028 -0.960362
vn 0.588707 -0.719132 -0.369151
vn 0.588707 -0.719132 -0.369151
vn -2.31588e-2 -0.280693 -0.959518
vn -2.31588e-2 -0.280693 -0.959518
vn -0.610581 -0.732950 -0.299958
vn -0.610581 -0.732950 -0.299958
vn -2.43141e-2 -0.271605 -0.962102
vn -2.43141e-2 -0.271605 -0.962102
vn -0.671918 0.623896 -0.399099
vn -0.671918 0.623896 -0.399099
vn 2.04425e-2 -0.260486 -0.965261
vn 0.620937 0.613881 -0.487430
vn 0.620937 0.613881 -0.487430
vn 2.04425e-2 -0.260486 -0.965261
vn 7.22562e-16 -0.122368 -0.992485
vn 0.620937 0.613881 -0.487430
vn 0.620937 0.613881 -0.487430
vn 7.22562e-16 -0.122368 -0.992485
vn 0.588707 -0.719132 -0.369151
vn 0.588707 -0.719132 -0.369151
vn -0.610581 -0.732950 -0.299958
vn -0.610581 -0.732950 -0.299958
vn 6.80002e-16 -0.122368 -0.992485
vn -0.671918 0.623896 -0.399099
vn -0.671918 0.623896 -0.399099
vn 6.80002e-16 -0.122368 -0.992485
vn -2.19451e-2 -0.256664 -0.966251
vn -1.32095e-3 -0.994871 -0.101147
vn -1.32095e-3 -0.994871 -0.101147
vn -2.19451e-2 -0.256664 -0.966251
vn -1.40397e-3 -0.994214 -0.107406
vn -1.40397e-3 -0.994214 -0.107406
vn -3.10397e-3 0.972205 -0.234112
vn -3.10397e-3 0.972205 -0.234112
vn -2.13846e-2 -0.221329 -0.974965
vn -2.28138e-2 -0.229845 -0.972960
vn -2.73464e-3 0.978460 -0.206417
vn -2.73464e-3 0.978460 -0.206417
vn -2.28138e-2 -0.229845 -0.972960
vn -1.32095e-3 -0.994871 -0.101147
vn -2.76276e-16 -0.122368 -0.992485
vn -2.76276e-16 -0.122368 -0.992485
vn -1.32095e-3 -0.994871 -0.101147
vn -2.54996e-16 -0.122368 -0.992485
vn -2.54996e-16 -0.122368 -0.992485
vn -1.40397e-3 -0.994214 -0.107406
vn -1.40397e-3 -0.994214 -0.107406
vn -2.54996e-16 -0.122368 -0.992485
vn -2.54996e-16 -0.122368 -0.992485
vn -3.10397e-3 0.972205 -0.234112
vn -3.10397e-3 0.972205 -0.234112
vn -2.73464e-3 0.978460 -0.206417
vn -2.76276e-16 -0.122368 -0.992485
vn -2.76276e-16 -0.122368 -0.992485
vn -2.73464e-3 0.978460 -0.206417
vn -1.35831e-2 -0.671780 -0.740627
vn -1.35831e-2 -0.671780 -0.740627
vn -0.639272 -0.743192 -0.197474
vn -0.639272 -0.743192 -0.197474
vn -1.27048e-2 -0.677939 -0.735008
vn -1.27048e-2 -0.677939 -0.735008
vn -0.723899 0.593045 -0.352517
vn -0.723899 0.593045 -0.352517
vn -1.31427e-2 -0.677549 -0.735360
vn -1.31427e-2 -0.677549 -0.735360
vn 0.707607 0.589455 -0.389659
vn 0.707607 0.589455 -0.389659
vn -1.40209e-2 -0.671386 -0.740975
vn -1.40209e-2 -0.671386 -0.740975
vn 0.625822 -0.745741 -0.228513
vn 0.625822 -0.745741 -0.228513
vn -1.15885e-15 -0.336212 -0.941786
vn 0.625822 -0.745741 -0.228513
vn 0.625822 -0.745741 -0.228513
vn -1.15885e-15 -0.336212 -0.941786
vn -0.639272 -0.743192 -0.197474
vn -0.639272 -0.743192 -0.197474
vn -1.15885e-15 -0.336212 -0.941786
vn -0.723899 0.593045 -0.352517
vn -0.723899 0.593045 -0.352517
vn -1.15885e-15 -0.336212 -0.941786
vn 0.707607 0.589455 -0.389659
vn 0.707607 0.589455 -0.389659
vn -6.47164e-3 0.911586 -0.411058
vn -6.47164e-3 0.911586 -0.411058
vn 0.132841 0.981794 -0.135770
vn 0.132841 0.981794 -0.135770
vn 0.132841 0.981794 -0.135770
vn -3.53616e-3 0.859927 -0.510405
vn -3.53616e-3 0.859927 -0.510405
vn -2.52036e-2 0.963603 -0.266146
vn -2.52036e-2 0.963603 -0.266146
vn -2.52036e-2 0.963603 -0.266146
vn -9.36274e-2 0.825915 -0.555966
vn -4.91682e-4 0.865489 -0.500928
vn -4.91682e-4 0.865489 -0.500928
vn -9.36274e-2 0.825915 -0.555966
vn -2.37548e-3 0.987375 -0.158383
vn -1.02991e-3 0.868683 -0.495368
vn -1.02991e-3 0.868683 -0.495368
vn -2.37548e-3 0.987375 -0.158383
vn -6.70016e-4 0.861448 -0.507846
vn -6.70016e-4 0.861448 -0.507846
vn -4.54114e-2 0.975489 -0.215311
vn -4.54114e-2 0.975489 -0.215311
vn 0.331354 0.931810 -0.148104
vn 1.62146e-3 0.867927 -0.496689
vn 1.62146e-3 0.867927 -0.496689
vn 0.331354 0.931810 -0.148104
vn 0.331354 0.931810 -0.148104
vn -1.41212e-3 0.860228 -0.509908
vn -1.41212e-3 0.860228 -0.509908
vn 0.228648 0.892171 -0.389552
vn 0.228648 0.892171 -0.389552
vn 0.228648 0.892171 -0.389552
vn 0.941682 0.333159 4.73362e-2
vn 0.941682 0.333159 4.73362e-2
vn 0.941682 0.333159 4.73362e-2
vn 0.941682 0.333159 4.73362e-2
vn 4.65003e-17 -0.970612 -0.240651
vn 4.65003e-17 -0.970612 -0.240651
vn 2.44567e-2 0.917328 -0.397380
vn 2.44567e-2 0.917328 -0.397380
vn -0.467438 0.828756 -0.307677
vn 2.44567e-2 0.917328 -0.397380
vn -0.467438 0.828756 -0.307677
vn -2.24896e-3 0.961156 -0.275996
vn -2.24896e-3 0.961156 -0.275996
vn -0.820923 0.571039 3.16266e-4
vn -0.820923 0.571039 3.16266e-4
vn 0.991592 -0.124409 3.56188e-2
vn 0.00000e+0 -0.718192 -0.695845
vn 0.00000e+0 -0.718192 -0.695845
vn 0.991592 -0.124409 3.56188e-2
vn 0.921359 -0.162552 0.353094
vn 0.921359 -0.162552 0.353094
vn 0.00000e+0 -0.189465 -0.981888
vn 0.00000e+0 -0.189465 -0.981888
vn 0.920989 -0.137777 0.364414
vn 0.920989 -0.137777 0.364414
vn 0.00000e+0 1.61280e-2 -0.999870
vn 0.00000e+0 1.61280e-2 -0.999870
vn 0.935760 0.335898 -0.107360
vn 0.935760 0.335898 -0.107360
vn 0.00000e+0 -0.883874 0.467726
vn 0.00000e+0 -0.883874 0.467726
vn 0.975615 4.45057e-2 -0.214929
vn 0.975615 4.45057e-2 -0.214929
vn 0.00000e+0 -0.579157 0.815216
vn 0.00000e+0 -0.579157 0.815216
vn 0.975615 4.45057e-2 -0.214929
vn 0.951730 -5.53830e-2 -0.301899
vn 0.951730 -5.53830e-2 -0.301899
vn 0.00000e+0 -6.93483e-2 0.997593
vn 0.00000e+0 -6.93483e-2 0.997593
vn 0.957215 -0.106282 -0.269153
vn 0.957215 -0.106282 -0.269153
vn 0.00000e+0 -0.120445 0.992720
vn 0.00000e+0 -0.120445 0.992720
vn 0.876590 0.478863 4.77434e-2
vn 0.876590 0.478863 4.77434e-2
vn 0.00000e+0 -0.999783 -2.08220e-2
vn 0.00000e+0 -0.999783 -2.08220e-2
vn 0.983398 -0.176823 4.07732e-2
vn 4.65811e-17 -0.880686 -0.473700
vn 4.65811e-17 -0.880686 -0.473700
vn 0.983398 -0.176823 4.07732e-2
vn 0.992942 -0.118435 6.28283e-3
vn 0.992942 -0.118435 6.28283e-3
vn 0.00000e+0 -0.531773 -0.846887
vn 0.00000e+0 -0.531773 -0.846887
vn 0.992942 -0.118435 6.28283e-3
vn 0.915843 -0.319884 -0.242707
vn 0.00000e+0 2.18099e-2 -0.999762
vn 5.44102e-3 -0.999879 1.45615e-2
vn 0.942748 -0.226678 -0.244630
vn 0.942748 -0.226678 -0.244630
vn 0.00000e+0 -4.84769e-2 -0.998824
vn 0.00000e+0 -4.84769e-2 -0.998824
vn 0.962814 -0.175257 -0.205608
vn 0.962814 -0.175257 -0.205608
vn 0.00000e+0 -0.263763 -0.964588
vn 0.00000e+0 -0.263763 -0.964588
vn 0.979375 -0.201027 2.02911e-2
vn 0.00000e+0 -0.605829 0.795595
vn 0.00000e+0 -0.605829 0.795595
vn 0.979375 -0.201027 2.02911e-2
vn 0.979375 -0.201027 2.02911e-2
vn 0.998693 -5.10204e-2 3.04596e-3
vn 0.998693 -5.10204e-2 3.04596e-3
vn 0.998693 -5.10204e-2 3.04596e-3
vn 0.998693 -5.10204e-2 3.04596e-3
vn 0.00000e+0 -0.591014 -0.806662
vn 0.00000e+0 -0.591014 -0.806662
vn 0.948254 0.310672 -6.55578e-2
vn 0.00000e+0 -0.983789 0.179328
vn 0.00000e+0 -0.983789 0.179328
vn 0.948254 0.310672 -6.55578e-2
vn 0.948254 0.310672 -6.55578e-2
vn 0.969183 -0.246331 -2.18141e-3
vn 0.00000e+0 -0.830507 0.557008
vn 0.00000e+0 -0.830507 0.557008
vn 0.969183 -0.246331 -2.18141e-3
vn 0.835588 0.545588 6.42407e-2
vn 8.36156e-17 -0.940911 -0.338653
vn 8.36156e-17 -0.940911 -0.338653
vn 0.835588 0.545588 6.42407e-2
vn 0.975700 -0.218333 1.84534e-2
vn 0.975700 -0.218333 1.84534e-2
vn 0.00000e+0 -0.470012 0.882660
vn 0.00000e+0 -0.470012 0.882660
vn 0.968919 -0.247365 2.51214e-3
vn 0.968919 -0.247365 2.51214e-3
vn 0.00000e+0 -0.157170 0.987572
vn 0.00000e+0 -0.157170 0.987572
vn 0.978212 -0.207554 -4.80314e-3
vn 0.978212 -0.207554 -4.80314e-3
vn 0.00000e+0 1.15960e-2 0.999933
vn 0.00000e+0 1.15960e-2 0.999933
vn 0.928860 -0.274862 -0.248334
vn 0.928860 -0.274862 -0.248334
vn 0.00000e+0 1.35672e-3 -0.999999
vn 0.00000e+0 1.35672e-3 -0.999999
vn 0.954535 -0.195045 -0.225434
vn 0.954535 -0.195045 -0.225434
vn 0.00000e+0 -0.128160 -0.991753
vn 0.00000e+0 -0.128160 -0.991753
vn 0.952115 -0.224614 -0.207424
vn 0.952115 -0.224614 -0.207424
vn 0.00000e+0 -0.431722 -0.902006
vn 0.00000e+0 -0.431722 -0.902006
vn 0.974259 -7.41381e-2 0.212893
vn 0.974259 -7.41381e-2 0.212893
vn 0.00000e+0 -0.734761 -0.678326
vn 0.00000e+0 -0.734761 -0.678326
vn 0.798250 0.600592 -4.56714e-2
vn 0.798250 0.600592 -4.56714e-2
vn 0.00000e+0 -0.999982 6.02641e-3
vn 0.00000e+0 -0.999982 6.02641e-3
vn 0.00000e+0 -0.720398 0.693561
vn 0.00000e+0 -0.720398 0.693561
vn 0.979322 -0.202240 5.15278e-3
vn 0.979322 -0.202240 5.15278e-3
vn 0.955634 -0.294485 -6.44744e-3
vn 0.00000e+0 -0.926503 0.376286
vn 0.00000e+0 -0.926503 0.376286
vn 0.955634 -0.294485 -6.44744e-3
vn 1.00000 -6.88124e-17 0.00000e+0
vn 0.00000e+0 -0.720398 0.693561
vn 0.00000e+0 -0.720398 0.693561
vn 1.00000 -6.88124e-17 0.00000e+0
vn 0.00000e+0 -0.830507 0.557008
vn 0.00000e+0 -0.830507 0.557008
vn 1.00000 -6.88124e-17 0.00000e+0
vn 0.00000e+0 -0.926503 0.376286
vn 0.00000e+0 -0.926503 0.376286
vn 1.00000 -6.88124e-17 0.00000e+0
vn 0.00000e+0 -0.983789 0.179328
vn 0.00000e+0 -0.983789 0.179328
vn 1.00000 -6.88124e-17 0.00000e+0
vn 0.00000e+0 -0.999982 6.02641e-3
vn 0.00000e+0 -0.999982 6.02641e-3
vn 1.00000 -6.88124e-17 0.00000e+0
vn 8.35398e-17 -0.987287 -0.158947
vn 8.35398e-17 -0.987287 -0.158947
vn 1.00000 -6.88124e-17 0.00000e+0
vn 8.36156e-17 -0.940911 -0.338653
vn 8.36156e-17 -0.940911 -0.338653
vn 1.00000 -6.88124e-17 0.00000e+0
vn 0.00000e+0 -0.855131 -0.518412
vn 0.00000e+0 -0.855131 -0.518412
vn 1.00000 -6.88124e-17 0.00000e+0
vn 0.00000e+0 -0.734761 -0.678326
vn 0.00000e+0 -0.734761 -0.678326
vn 1.00000 -6.88124e-17 0.00000e+0
vn 0.00000e+0 -0.591014 -0.806662
vn 0.00000e+0 -0.591014 -0.806662
vn 1.00000 -6.88124e-17 0.00000e+0
vn 0.00000e+0 -0.431722 -0.902006
vn 0.00000e+0 -0.431722 -0.902006
vn 1.00000 -6.88124e-17 0.00000e+0
vn 0.00000e+0 -0.263763 -0.964588
vn 0.00000e+0 -0.263763 -0.964588
vn 1.00000 -6.88124e-17 0.00000e+0
vn 0.00000e+0 -0.128160 -0.991753
vn 0.00000e+0 -0.128160 -0.991753
vn 1.00000 -6.88124e-17 0.00000e+0
vn 0.00000e+0 -4.84769e-2 -0.998824
vn 0.00000e+0 -4.84769e-2 -0.998824
vn 1.00000 -6.88124e-17 0.00000e+0
vn 0.00000e+0 1.35672e-3 -0.999999
vn 0.00000e+0 1.35672e-3 -0.999999
vn 6.48072e-3 -0.999967 4.89285e-3
vn 1.00000 -6.88124e-17 0.00000e+0
vn 0.00000e+0 2.18099e-2 -0.999762
vn 6.48072e-3 -0.999967 4.89285e-3
vn 6.48072e-3 -0.999967 4.89285e-3
vn 2.69887e-3 -0.999971 7.18893e-3
vn 1.00000 -6.88124e-17 0.00000e+0
vn 2.69887e-3 -0.999971 7.18893e-3
vn 1.00000 -6.88124e-17 0.00000e+0
vn 2.29363e-3 -0.999974 6.77192e-3
vn 2.29363e-3 -0.999974 6.77192e-3
vn 1.00000 -6.88124e-17 0.00000e+0
vn 1.45391e-3 -0.999980 6.18276e-3
vn 1.45391e-3 -0.999980 6.18276e-3
vn 1.00000 -6.88124e-17 0.00000e+0
vn 7.54747e-4 -0.999986 5.26722e-3
vn 7.54747e-4 -0.999986 5.26722e-3
vn 1.00000 -6.88124e-17 0.00000e+0
vn 2.08260e-4 -0.999990 4.44778e-3
vn 2.08260e-4 -0.999990 4.44778e-3
vn 1.00000 -6.88124e-17 0.00000e+0
vn 3.88527e-16 -0.999981 6.16633e-3
vn 0.00000e+0 3.24495e-2 0.999473
vn 3.88527e-16 -0.999981 6.16633e-3
vn 3.88527e-16 -0.999981 6.16633e-3
vn 1.00000 -6.88124e-17 0.00000e+0
vn 0.00000e+0 1.15960e-2 0.999933
vn 0.00000e+0 1.15960e-2 0.999933
vn 1.00000 -6.88124e-17 0.00000e+0
vn 0.00000e+0 -5.21443e-2 0.998640
vn 0.00000e+0 -5.21443e-2 0.998640
vn 1.00000 -6.88124e-17 0.00000e+0
vn 0.00000e+0 -0.157170 0.987572
vn 0.00000e+0 -0.157170 0.987572
vn 1.00000 -6.88124e-17 0.00000e+0
vn 0.00000e+0 -0.306251 0.951951
vn 0.00000e+0 -0.306251 0.951951
vn 1.00000 -6.88124e-17 0.00000e+0
vn 0.00000e+0 -0.470012 0.882660
vn 0.00000e+0 -0.470012 0.882660
vn 1.00000 -6.88124e-17 0.00000e+0
vn 0.00000e+0 -0.605829 0.795595
vn 0.00000e+0 -0.605829 0.795595
vn 1.00000 1.05107e-16 0.00000e+0
vn 4.65811e-17 -0.880686 -0.473700
vn 4.65811e-17 -0.880686 -0.473700
vn 1.00000 1.05107e-16 0.00000e+0
vn 0.00000e+0 -0.718192 -0.695845
vn 0.00000e+0 -0.718192 -0.695845
vn 1.00000 1.05107e-16 0.00000e+0
vn 0.00000e+0 -0.531773 -0.846887
vn 0.00000e+0 -0.531773 -0.846887
vn 1.00000 1.05107e-16 0.00000e+0
vn 0.00000e+0 -0.366899 -0.930261
vn 0.00000e+0 -0.366899 -0.930261
vn 1.00000 1.05107e-16 0.00000e+0
vn 0.00000e+0 -0.189465 -0.981888
vn 0.00000e+0 -0.189465 -0.981888
vn 1.00000 1.05107e-16 0.00000e+0
vn 0.00000e+0 -4.82541e-2 -0.998835
vn 0.00000e+0 -4.82541e-2 -0.998835
vn 1.00000 1.05107e-16 0.00000e+0
vn 0.00000e+0 1.61280e-2 -0.999870
vn 0.00000e+0 1.61280e-2 -0.999870
vn 1.00000 1.05107e-16 0.00000e+0
vn 0.00000e+0 3.47351e-2 -0.999397
vn 9.62915e-4 -0.997882 -6.50462e-2
vn 9.62915e-4 -0.997882 -6.50462e-2
vn 9.62915e-4 -0.997882 -6.50462e-2
vn 1.00000 1.05107e-16 0.00000e+0
vn 4.91815e-3 -0.999335 -3.61195e-2
vn 4.91815e-3 -0.999335 -3.61195e-2
vn 1.00000 1.05107e-16 0.00000e+0
vn 6.56361e-3 -0.999448 -3.25814e-2
vn 6.56361e-3 -0.999448 -3.25814e-2
vn 1.00000 1.05107e-16 0.00000e+0
vn 6.11223e-3 -0.999575 -2.84879e-2
vn 6.11223e-3 -0.999575 -2.84879e-2
vn 1.00000 1.05107e-16 0.00000e+0
vn 4.54004e-3 -0.954623 -0.297782
vn 0.00000e+0 -8.19607e-2 0.996636
vn 4.54004e-3 -0.954623 -0.297782
vn 1.00000 1.05107e-16 0.00000e+0
vn 0.00000e+0 -6.93483e-2 0.997593
vn 0.00000e+0 -6.93483e-2 0.997593
vn 1.00000 1.05107e-16 0.00000e+0
vn 0.00000e+0 -3.40764e-2 0.999419
vn 0.00000e+0 -3.40764e-2 0.999419
vn 1.00000 1.05107e-16 0.00000e+0
vn 0.00000e+0 -0.120445 0.992720
vn 0.00000e+0 -0.120445 0.992720
vn 1.00000 1.05107e-16 0.00000e+0
vn 0.00000e+0 -0.371265 0.928527
vn 0.00000e+0 -0.371265 0.928527
vn 1.00000 1.05107e-16 0.00000e+0
vn 0.00000e+0 -0.579157 0.815216
vn 0.00000e+0 -0.579157 0.815216
vn 1.00000 1.05107e-16 0.00000e+0
vn 0.00000e+0 -0.729727 0.683739
vn 0.00000e+0 -0.729727 0.683739
vn 1.00000 1.05107e-16 0.00000e+0
vn 0.00000e+0 -0.883874 0.467726
vn 0.00000e+0 -0.883874 0.467726
vn 1.00000 1.05107e-16 0.00000e+0
vn 0.00000e+0 -0.978360 0.206909
vn 0.00000e+0 -0.978360 0.206909
vn 1.00000 1.05107e-16 0.00000e+0
vn 0.00000e+0 -0.999783 -2.08220e-2
vn 0.00000e+0 -0.999783 -2.08220e-2
vn 1.00000 1.05107e-16 0.00000e+0
vn 4.65003e-17 -0.970612 -0.240651
vn 4.65003e-17 -0.970612 -0.240651
vn 0.666128 -5.57366e-2 0.743752
vn 0.666128 -5.57366e-2 0.743752
vn 0.666128 -5.57366e-2 0.743752
vn 0.666128 -5.57366e-2 0.743752
vn 0.666128 -5.57366e-2 0.743752
vn 0.256769 -0.587818 0.767164
vn 0.187505 0.752272 0.631608
vn 0.187505 0.752272 0.631608
vn 0.187505 0.752272 0.631608
vn -2.28138e-2 -0.229845 -0.972960
vn -3.60219e-3 0.961283 -0.275540
vn -2.28138e-2 -0.229845 -0.972960
vn -0.839737 0.540036 5.65936e-2
vn -2.42413e-2 -0.238342 -0.970879
vn -0.839737 0.540036 5.65936e-2
vn 5.52768e-3 0.976490 0.215491
vn -1.27689e-2 0.908540 -0.417603
vn -0.820923 0.571039 3.16266e-4
vn -1.27689e-2 0.908540 -0.417603
vn -0.820923 0.571039 3.16266e-4
vn -5.96311e-18 0.977449 0.211173
vn 0.00000e+0 0.947067 -0.321036
vn -5.96311e-18 0.977449 0.211173
vn 0.00000e+0 0.947067 -0.321036
vn 3.23807e-3 0.976974 0.213333
vn 3.23807e-3 0.976974 0.213333
vn -2.61563e-3 0.948855 -0.315701
vn -2.61563e-3 0.948855 -0.315701
vn -0.839737 0.540036 5.65936e-2
vn 5.52768e-3 0.976490 0.215491
vn -6.80137e-3 0.950598 -0.310350
vn -1.48022e-2 0.858963 -0.511824
vn -0.467438 0.828756 -0.307677
vn -1.48022e-2 0.858963 -0.511824
vn -0.467438 0.828756 -0.307677
vn -1.48022e-2 0.858963 -0.511824
vn 3.70005e-2 0.863735 -0.502586
vn 3.70005e-2 0.863735 -0.502586
vn 3.70005e-2 0.863735 -0.502586
vn -3.10506e-2 0.871160 -0.490017
vn 3.70005e-2 0.863735 -0.502586
vn -0.181961 0.957395 0.224242
vn -0.181961 0.957395 0.224242
vn -0.181961 0.957395 0.224242
vn 4.70205e-3 0.974005 0.226476
vn -2.60979e-2 0.895971 0.443345
vn -2.60979e-2 0.895971 0.443345
vn -2.60979e-2 0.895971 0.443345
vn 5.52501e-2 0.894035 0.444578
vn 5.52501e-2 0.894035 0.444578
vn -0.132057 0.903821 0.407023
vn 0.999021 -1.88993e-2 3.99968e-2
vn 0.999021 -1.88993e-2 3.99968e-2
vn -0.132057 0.903821 0.407023
vn -9.14012e-3 0.874677 0.484620
vn 0.989523 3.49043e-3 -0.144332
vn 0.989523 3.49043e-3 -0.144332
vn -9.14012e-3 0.874677 0.484620
vn -0.181428 0.958173 0.221335
vn -0.181428 0.958173 0.221335
vn 0.957557 -0.177817 0.226860
vn 0.957557 -0.177817 0.226860
vn -1.70209e-2 0.893020 0.449694
vn -1.70209e-2 0.893020 0.449694
vn 0.897972 8.01818e-2 -0.432686
vn 0.897972 8.01818e-2 -0.432686
vn 0.157619 0.872734 0.462052
vn -0.991261 5.66598e-2 0.119127
vn 0.157619 0.872734 0.462052
vn 0.157619 0.872734 0.462052
vn -0.991261 5.66598e-2 0.119127
vn -1.53035e-2 0.905272 0.424557
vn -1.53035e-2 0.905272 0.424557
vn -1.53035e-2 0.905272 0.424557
vn -0.963033 -5.56821e-2 0.263566
vn -0.963033 -5.56821e-2 0.263566
vn -1.53035e-2 0.905272 0.424557
vn 0.183176 0.824734 0.535033
vn 0.183176 0.824734 0.535033
vn -0.978831 0.157703 -0.130458
vn -0.978831 0.157703 -0.130458
vn 0.183176 0.824734 0.535033
vn -0.206737 0.947920 0.242297
vn -0.206737 0.947920 0.242297
vn 0.410397 -0.412371 0.813342
vn 0.410397 -0.412371 0.813342
vn -0.114822 0.949248 0.292820
vn -0.359904 -0.366500 0.857990
vn -0.359904 -0.366500 0.857990
vn -0.114822 0.949248 0.292820
vn -0.186431 0.956958 0.222431
vn -0.186431 0.956958 0.222431
vn 0.825709 -0.294608 0.481051
vn 0.825709 -0.294608 0.481051
vn -0.143185 0.931961 0.333088
vn -0.143185 0.931961 0.333088
vn -0.832893 -0.185049 0.521581
vn -0.832893 -0.185049 0.521581
vn -0.143185 0.931961 0.333088
vn -8.32922e-2 0.847226 0.524663
vn -8.32922e-2 0.847226 0.524663
vn -8.32922e-2 0.847226 0.524663
vn -0.880302 0.275248 -0.386402
vn -0.880302 0.275248 -0.386402
vn 9.78301e-2 0.837760 0.537203
vn 9.78301e-2 0.837760 0.537203
vn 9.78301e-2 0.837760 0.537203
vn -0.324737 0.461316 -0.825672
vn 4.29994e-2 0.940679 0.336563
vn 4.29994e-2 0.940679 0.336563
vn 5.37708e-2 0.877703 0.476179
vn 5.37708e-2 0.877703 0.476179
vn 0.357032 0.321630 -0.876973
vn 1.61864e-2 0.936633 0.349937
vn 1.61864e-2 0.936633 0.349937
vn -0.125690 0.859953 0.494654
vn -0.125690 0.859953 0.494654
vn -0.611634 0.409195 -0.677099
vn -0.611634 0.409195 -0.677099
vn -1.20997e-2 0.897176 0.441507
vn -1.20997e-2 0.897176 0.441507
vn 0.589564 0.244429 -0.769850
vn 0.589564 0.244429 -0.769850
vn 9.93309e-2 0.856389 0.506686
vn 9.93309e-2 0.856389 0.506686
vn 0.167294 -0.641058 0.749037
vn 0.167294 -0.641058 0.749037
vn 0.203572 -0.608291 0.767164
vn 0.134522 0.834645 0.534108
vn 0.134522 0.834645 0.534108
vn 0.203572 -0.608291 0.767164
vn 0.104528 -0.635949 0.764620
vn 5.72722e-2 0.900013 0.432083
vn 5.72722e-2 0.900013 0.432083
vn 0.104528 -0.635949 0.764620
vn 0.972337 -0.145721 0.182553
vn -5.52030e-2 0.972480 0.226351
vn -5.52030e-2 0.972480 0.226351
vn -5.52030e-2 0.972480 0.226351
vn 0.972337 -0.145721 0.182553
vn 0.972337 -0.145721 0.182553
vn 0.999021 -1.88993e-2 3.99968e-2
vn 0.999021 -1.88993e-2 3.99968e-2
vn -0.151681 0.968388 0.198034
vn -0.151681 0.968388 0.198034
vn -0.151681 0.968388 0.198034
vn -0.151681 0.968388 0.198034
vn 0.989523 3.49043e-3 -0.144332
vn -0.469159 0.820760 0.325949
vn -0.469159 0.820760 0.325949
vn 0.989523 3.49043e-3 -0.144332
vn 0.897972 8.01818e-2 -0.432686
vn 0.897972 8.01818e-2 -0.432686
vn -0.107018 0.927338 0.358595
vn -0.107018 0.927338 0.358595
vn 0.589564 0.244429 -0.769850
vn 0.589564 0.244429 -0.769850
vn -8.73585e-4 0.936402 0.350928
vn -8.73585e-4 0.936402 0.350928
vn -0.611634 0.409195 -0.677099
vn -0.611634 0.409195 -0.677099
vn 1.32121e-2 0.934663 0.355289
vn 1.32121e-2 0.934663 0.355289
vn -0.880302 0.275248 -0.386402
vn -0.880302 0.275248 -0.386402
vn 2.89169e-2 0.902714 0.429268
vn 2.89169e-2 0.902714 0.429268
vn -0.978831 0.157703 -0.130458
vn -0.978831 0.157703 -0.130458
vn 0.449814 0.810452 0.375280
vn 0.449814 0.810452 0.375280
vn 0.449814 0.810452 0.375280
vn 0.429326 0.890940 0.148001
vn 0.429326 0.890940 0.148001
vn -0.991261 5.66598e-2 0.119127
vn 0.429326 0.890940 0.148001
vn -0.991261 5.66598e-2 0.119127
vn 0.429326 0.890940 0.148001
vn -0.963033 -5.56821e-2 0.263566
vn -0.963033 -5.56821e-2 0.263566
vn 4.09470e-2 0.977558 0.206650
vn 4.09470e-2 0.977558 0.206650
vn 4.09470e-2 0.977558 0.206650
vn 4.09470e-2 0.977558 0.206650
vn 4.09470e-2 0.977558 0.206650
vn -0.832893 -0.185049 0.521581
vn -0.832893 -0.185049 0.521581
vn -5.26206e-3 0.977815 0.209406
vn -5.26206e-3 0.977815 0.209406
vn -5.26206e-3 0.977815 0.209406
vn -0.359904 -0.366500 0.857990
vn -0.359904 -0.366500 0.857990
vn 2.63718e-3 0.980651 0.195748
vn 0.410397 -0.412371 0.813342
vn 0.410397 -0.412371 0.813342
vn 2.63718e-3 0.980651 0.195748
vn 0.825709 -0.294608 0.481051
vn 0.825709 -0.294608 0.481051
vn -4.38480e-3 0.973080 0.230426
vn -4.38480e-3 0.973080 0.230426
vn -4.38480e-3 0.973080 0.230426
vn 1.61864e-2 0.936633 0.349937
vn 1.61864e-2 0.936633 0.349937
vn -7.22579e-2 0.747317 0.660527
vn 4.29994e-2 0.940679 0.336563
vn 4.29994e-2 0.940679 0.336563
vn 0.124371 0.743291 0.657305
vn 1.32121e-2 0.934663 0.355289
vn 1.32121e-2 0.934663 0.355289
vn 0.258182 0.750912 0.607843
vn 2.89169e-2 0.902714 0.429268
vn 2.89169e-2 0.902714 0.429268
vn 0.295424 0.759914 0.579012
vn 0.153769 0.875959 0.457221
vn 0.335268 0.802056 0.494268
vn 0.153769 0.875959 0.457221
vn 0.827558 0.558585 5.59491e-2
vn 0.356343 0.880779 0.311846
vn 0.827558 0.558585 5.59491e-2
vn 0.827558 0.558585 5.59491e-2
vn -0.696222 0.692250 0.189907
vn -0.400472 0.853662 0.332991
vn -0.696222 0.692250 0.189907
vn -0.696222 0.692250 0.189907
vn -0.469159 0.820760 0.325949
vn -0.469159 0.820760 0.325949
vn -0.393533 0.820867 0.413895
vn -0.107018 0.927338 0.358595
vn -0.107018 0.927338 0.358595
vn -0.337832 0.796582 0.501325
vn -8.73585e-4 0.936402 0.350928
vn -8.73585e-4 0.936402 0.350928
vn -0.217518 0.762546 0.609269
vn -0.228954 0.871709 -0.433247
vn -0.228954 0.871709 -0.433247
vn -0.149646 0.988685 -1.03605e-2
vn 0.216914 0.866754 -0.449094
vn 0.126776 0.991801 -1.60706e-2
vn 0.216914 0.866754 -0.449094
vn -0.643818 0.760706 -8.26183e-2
vn -0.367703 0.905078 0.213606
vn -0.643818 0.760706 -8.26183e-2
vn 0.454342 0.887973 7.12587e-2
vn 0.321269 0.930752 0.174606
vn 0.454342 0.887973 7.12587e-2
vn 0.321435 0.903674 -0.282936
vn 0.321435 0.903674 -0.282936
vn 0.236506 0.969303 6.72087e-2
vn -0.578005 0.796108 -0.179227
vn -0.271950 0.958416 8.64956e-2
vn -0.578005 0.796108 -0.179227
vn -9.01007e-2 0.756449 -0.647817
vn -9.01007e-2 0.756449 -0.647817
vn -7.48134e-2 0.996471 -3.80577e-2
vn 7.51018e-2 0.753753 -0.652852
vn 7.51018e-2 0.753753 -0.652852
vn 5.01773e-2 0.997948 -3.97654e-2
vn 3.17781e-2 0.936773 0.348491
vn 3.17781e-2 0.936773 0.348491
vn 2.61833e-2 0.748935 0.662126
vn 2.61833e-2 0.748935 0.662126
vn 4.42681e-2 0.942137 0.332291
vn 4.42681e-2 0.942137 0.332291
vn 0.191766 0.749015 0.634194
vn 0.191766 0.749015 0.634194
vn -9.89507e-4 0.919467 0.393165
vn -9.89507e-4 0.919467 0.393165
vn 0.276882 0.755631 0.593598
vn 0.276882 0.755631 0.593598
vn 8.14537e-2 0.887014 0.454501
vn 8.14537e-2 0.887014 0.454501
vn 0.315762 0.782017 0.537349
vn 0.315762 0.782017 0.537349
vn 0.732994 0.641065 0.227499
vn 0.347544 0.845648 0.405084
vn 0.347544 0.845648 0.405084
vn 0.732994 0.641065 0.227499
vn 0.732994 0.641065 0.227499
vn -0.384954 0.881352 0.273914
vn -0.384954 0.881352 0.273914
vn -0.653154 0.755949 4.39358e-2
vn -0.653154 0.755949 4.39358e-2
vn -0.668740 0.695569 0.262623
vn -0.397384 0.838068 0.373801
vn -0.397384 0.838068 0.373801
vn -0.668740 0.695569 0.262623
vn -0.243016 0.903526 0.352965
vn -0.243016 0.903526 0.352965
vn -0.366202 0.809873 0.458259
vn -0.366202 0.809873 0.458259
vn -1.89323e-2 0.931285 0.363800
vn -1.89323e-2 0.931285 0.363800
vn -0.278627 0.782237 0.557201
vn -0.278627 0.782237 0.557201
vn 3.96439e-3 0.938015 0.346571
vn 3.96439e-3 0.938015 0.346571
vn -0.145324 0.757203 0.636808
vn -0.145324 0.757203 0.636808
vn -0.139579 0.834503 -0.533032
vn -0.139579 0.834503 -0.533032
vn -0.112320 0.993377 -2.42286e-2
vn -0.112320 0.993377 -2.42286e-2
vn 0.182085 0.982949 2.56315e-2
vn 0.309462 0.867590 -0.389257
vn 0.309462 0.867590 -0.389257
vn 0.182085 0.982949 2.56315e-2
vn -0.639195 0.754572 -0.148492
vn -0.320959 0.935046 0.150582
vn -0.320959 0.935046 0.150582
vn -0.639195 0.754572 -0.148492
vn 0.339766 0.908331 0.243915
vn 0.339766 0.908331 0.243915
vn 0.648416 0.754377 0.102331
vn 0.648416 0.754377 0.102331
vn 0.302350 0.943795 -0.133550
vn 0.279595 0.952436 0.121214
vn 0.302350 0.943795 -0.133550
vn 0.279595 0.952436 0.121214
vn -0.421786 0.857443 -0.294769
vn -0.421786 0.857443 -0.294769
vn -0.211466 0.976639 3.81883e-2
vn -0.211466 0.976639 3.81883e-2
vn -7.55822e-3 0.717623 -0.696391
vn -7.55822e-3 0.717623 -0.696391
vn -1.23422e-2 0.999163 -3.89878e-2
vn -1.23422e-2 0.999163 -3.89878e-2
vn 0.123081 0.833178 -0.539134
vn 0.123081 0.833178 -0.539134
vn 8.85485e-2 0.995680 -2.79406e-2
vn 8.85485e-2 0.995680 -2.79406e-2
vn 8.63253e-2 0.859799 0.503283
vn 3.17781e-2 0.936773 0.348491
vn 3.17781e-2 0.936773 0.348491
vn -0.324737 0.461316 -0.825672
vn 4.42681e-2 0.942137 0.332291
vn 4.42681e-2 0.942137 0.332291
vn -0.833025 0.313248 -0.456009
vn -9.89507e-4 0.919467 0.393165
vn -9.89507e-4 0.919467 0.393165
vn -0.920075 0.234901 -0.313501
vn 8.14537e-2 0.887014 0.454501
vn 8.14537e-2 0.887014 0.454501
vn -0.995579 7.37365e-2 5.81839e-2
vn 0.888363 0.451585 8.29596e-2
vn 0.888363 0.451585 8.29596e-2
vn 0.888363 0.451585 8.29596e-2
vn -0.679769 0.693153 0.239692
vn -0.679769 0.693153 0.239692
vn 0.999060 8.58375e-3 -4.24821e-2
vn 0.999060 8.58375e-3 -4.24821e-2
vn -0.679769 0.693153 0.239692
vn 0.971652 6.65347e-3 -0.236324
vn -0.243016 0.903526 0.352965
vn -0.243016 0.903526 0.352965
vn 0.779938 0.149750 -0.607677
vn -1.89323e-2 0.931285 0.363800
vn -1.89323e-2 0.931285 0.363800
vn 0.357032 0.321630 -0.876973
vn 3.96439e-3 0.938015 0.346571
vn 3.96439e-3 0.938015 0.346571
vn 0.991480 -7.78176e-2 0.104464
vn -9.24489e-2 0.954169 0.284630
vn -9.24489e-2 0.954169 0.284630
vn 0.991480 -7.78176e-2 0.104464
vn 0.999014 2.71168e-2 -3.51439e-2
vn -0.457827 0.863468 0.211700
vn -0.457827 0.863468 0.211700
vn 0.999014 2.71168e-2 -3.51439e-2
vn -0.457827 0.863468 0.211700
vn -9.58292e-2 0.857618 0.505281
vn 0.999016 1.81784e-2 -4.04575e-2
vn 0.999016 1.81784e-2 -4.04575e-2
vn 0.999016 1.81784e-2 -4.04575e-2
vn -9.58292e-2 0.857618 0.505281
vn -0.137023 0.954017 0.266600
vn 0.989606 -9.41165e-2 0.108729
vn 0.989606 -9.41165e-2 0.108729
vn 0.989606 -9.41165e-2 0.108729
vn -0.137023 0.954017 0.266600
vn -9.58292e-2 0.857618 0.505281
vn -9.58292e-2 0.857618 0.505281
vn 2.37939e-2 0.897280 0.440820
vn 2.37939e-2 0.897280 0.440820
vn -0.987165 4.26705e-3 0.159647
vn 0.109589 0.975892 0.188745
vn 0.109589 0.975892 0.188745
vn -0.987165 4.26705e-3 0.159647
vn 7.64334e-2 0.888577 0.452314
vn -0.987165 4.26705e-3 0.159647
vn -0.987165 4.26705e-3 0.159647
vn 7.64334e-2 0.888577 0.452314
vn 0.193229 0.862201 0.468264
vn -0.993755 9.09503e-2 6.46483e-2
vn 0.193229 0.862201 0.468264
vn -0.993755 9.09503e-2 6.46483e-2
vn -0.993755 9.09503e-2 6.46483e-2
vn 0.782998 0.593803 0.185239
vn -0.993755 9.09503e-2 6.46483e-2
vn 0.782998 0.593803 0.185239
vn -1.94791e-3 0.242782 -0.970079
vn 3.63100e-2 0.903510 -0.427027
vn -1.94791e-3 0.242782 -0.970079
vn 3.63100e-2 0.903510 -0.427027
vn -7.83594e-4 0.259226 -0.965816
vn 4.53426e-3 0.867410 -0.497573
vn -7.83594e-4 0.259226 -0.965816
vn 4.53426e-3 0.867410 -0.497573
vn -2.85366e-3 0.472820 -0.881155
vn -4.96879e-2 0.608184 -0.792239
vn -2.85366e-3 0.472820 -0.881155
vn -4.96879e-2 0.608184 -0.792239
vn -6.50879e-3 0.233197 -0.972408
vn 0.151544 0.805566 -0.572799
vn -6.50879e-3 0.233197 -0.972408
vn 0.151544 0.805566 -0.572799
vn -4.65819e-2 0.264592 -0.963235
vn -1.00218e-3 0.234082 -0.972216
vn -1.00218e-3 0.234082 -0.972216
vn 0.999996 -4.02102e-4 2.93297e-3
vn 2.86710e-3 0.302273 -0.953217
vn 2.86710e-3 0.302273 -0.953217
vn 0.999996 -4.02102e-4 2.93297e-3
vn -2.45488e-3 0.236331 -0.971670
vn -0.139689 0.504461 -0.852060
vn -2.45488e-3 0.236331 -0.971670
vn -0.139689 0.504461 -0.852060
vn -0.586393 -0.778147 0.225010
vn -0.586393 -0.778147 0.225010
vn -0.586393 -0.778147 0.225010
vn -0.586393 -0.778147 0.225010
vn -0.586393 -0.778147 0.225010
vn -5.25161e-2 0.981137 -0.186044
vn -5.25161e-2 0.981137 -0.186044
vn -3.67198e-2 0.999212 -1.50358e-2
vn -3.67198e-2 0.999212 -1.50358e-2
vn -0.953011 -4.51107e-2 -0.299559
vn 0.00000e+0 -8.19607e-2 0.996636
vn -2.69356e-3 -0.837918 -0.545790
vn -0.981395 -0.191894 6.36774e-3
vn -4.07008e-17 -0.999981 -6.19159e-3
vn -4.07008e-17 -0.999981 -6.19159e-3
vn -0.981395 -0.191894 6.36774e-3
vn -6.15456e-2 0.997544 3.34500e-2
vn -0.346683 0.907763 -0.236171
vn -0.346683 0.907763 -0.236171
vn -7.22162e-3 0.360249 -0.932828
vn -0.346683 0.907763 -0.236171
vn -0.714736 0.495256 -0.493836
vn -0.714736 0.495256 -0.493836
vn -2.04425e-2 -0.260486 -0.965261
vn -0.714736 0.495256 -0.493836
vn -2.04425e-2 -0.260486 -0.965261
vn -0.889579 -5.31103e-2 -0.453683
vn -0.889579 -5.31103e-2 -0.453683
vn -0.889579 -5.31103e-2 -0.453683
vn 1.59278e-2 -0.562318 -0.826768
vn 1.59278e-2 -0.562318 -0.826768
vn 1.59278e-2 -0.562318 -0.826768
vn -0.933799 -9.52533e-2 -0.344887
vn -0.933799 -9.52533e-2 -0.344887
vn -0.933799 -9.52533e-2 -0.344887
vn 8.51200e-3 -0.732297 -0.680932
vn 8.51200e-3 -0.732297 -0.680932
vn -0.933799 -9.52533e-2 -0.344887
vn 8.51200e-3 -0.732297 -0.680932
vn -0.948027 0.286212 0.139023
vn -0.948027 0.286212 0.139023
vn 0.00000e+0 -0.855131 -0.518412
vn 0.00000e+0 -0.855131 -0.518412
vn -0.948027 0.286212 0.139023
vn -0.979251 -0.202649 -5.03398e-4
vn -0.979251 -0.202649 -5.03398e-4
vn -5.73241e-17 -0.999985 5.39702e-3
vn -5.73241e-17 -0.999985 5.39702e-3
vn -0.980496 -0.196539 1.04720e-3
vn -0.980496 -0.196539 1.04720e-3
vn -9.78416e-17 -0.999991 4.27864e-3
vn -9.78416e-17 -0.999991 4.27864e-3
vn -0.978340 -0.206997 -1.61345e-3
vn 0.00000e+0 3.24495e-2 0.999473
vn -1.32766e-17 -0.999975 7.07751e-3
vn -0.792278 0.610033 1.24492e-2
vn -0.792278 0.610033 1.24492e-2
vn -8.35398e-17 -0.987287 -0.158947
vn -8.35398e-17 -0.987287 -0.158947
vn -0.971985 -0.234633 1.38629e-2
vn -0.971985 -0.234633 1.38629e-2
vn 0.00000e+0 -0.306251 0.951951
vn 0.00000e+0 -0.306251 0.951951
vn -0.973806 -0.227283 -6.67103e-3
vn -0.973806 -0.227283 -6.67103e-3
vn 0.00000e+0 -5.21443e-2 0.998640
vn 0.00000e+0 -5.21443e-2 0.998640
vn -0.968299 -0.166255 0.186430
vn 6.46065e-18 -0.998835 -4.82470e-2
vn 6.46065e-18 -0.998835 -4.82470e-2
vn -0.968299 -0.166255 0.186430
vn -0.214181 0.970251 -0.112871
vn -0.214181 0.970251 -0.112871
vn -6.15456e-2 0.997544 3.34500e-2
vn -0.214181 0.970251 -0.112871
vn -0.214181 0.970251 -0.112871
vn -0.924490 -0.139142 0.354904
vn 0.00000e+0 3.47351e-2 -0.999397
vn 0.00000e+0 -0.996857 -7.92243e-2
vn -0.956956 -0.161005 0.241479
vn -0.956956 -0.161005 0.241479
vn -0.956956 -0.161005 0.241479
vn 0.00000e+0 -0.366899 -0.930261
vn 0.00000e+0 -0.366899 -0.930261
vn -0.956956 -0.161005 0.241479
vn -0.914126 -0.158109 0.373329
vn -0.914126 -0.158109 0.373329
vn 0.00000e+0 -4.82541e-2 -0.998835
vn 0.00000e+0 -4.82541e-2 -0.998835
vn -0.903416 0.427479 -3.31717e-2
vn -0.903416 0.427479 -3.31717e-2
vn 0.00000e+0 -0.978360 0.206909
vn 0.00000e+0 -0.978360 0.206909
vn -0.950410 -0.109315 -0.291153
vn -0.950410 -0.109315 -0.291153
vn 0.00000e+0 -3.40764e-2 0.999419
vn 0.00000e+0 -3.40764e-2 0.999419
vn -0.967034 0.204476 -0.151769
vn 0.00000e+0 -0.729727 0.683739
vn 0.00000e+0 -0.729727 0.683739
vn -0.967034 0.204476 -0.151769
vn -0.967034 0.204476 -0.151769
vn -0.967307 -1.55662e-2 -0.253131
vn -0.967307 -1.55662e-2 -0.253131
vn 0.00000e+0 -0.371265 0.928527
vn 0.00000e+0 -0.371265 0.928527
vn -0.144810 -0.648835 0.747023
vn -7.15057e-3 0.887921 0.459940
vn -7.15057e-3 0.887921 0.459940
vn -0.144810 -0.648835 0.747023
vn -5.61887e-2 0.901501 0.429115
vn 0.146369 0.925825 0.348460
vn 0.146369 0.925825 0.348460
vn 0.146369 0.925825 0.348460
vn -8.50856e-3 0.941848 0.335931
vn -8.50856e-3 0.941848 0.335931
vn -2.31074e-2 0.984481 0.173964
vn -2.31074e-2 0.984481 0.173964
vn -2.31074e-2 0.984481 0.173964
vn -2.31074e-2 0.984481 0.173964
vn -2.31074e-2 0.984481 0.173964
vn 0.216576 0.961403 0.169706
vn -2.48180e-3 0.982914 0.184051
vn 0.216576 0.961403 0.169706
vn -2.48180e-3 0.982914 0.184051
vn 0.216576 0.961403 0.169706
vn 9.14012e-3 0.874677 0.484620
vn -4.48425e-2 0.891756 0.450289
vn 9.14012e-3 0.874677 0.484620
vn -4.48425e-2 0.891756 0.450289
vn 1.90708e-4 0.998254 5.90724e-2
vn 1.90708e-4 0.998254 5.90724e-2
vn 0.271275 0.958389 8.88868e-2
vn 0.271275 0.958389 8.88868e-2
vn 0.271275 0.958389 8.88868e-2
vn 0.246813 0.967283 -5.87194e-2
vn -5.06330e-3 0.999828 1.78596e-2
vn 0.246813 0.967283 -5.87194e-2
vn -5.06330e-3 0.999828 1.78596e-2
vn -3.23807e-3 0.976974 0.213333
vn 1.66161e-2 -0.277731 -0.960515
vn 1.66161e-2 -0.277731 -0.960515
vn -3.23807e-3 0.976974 0.213333
vn 1.66161e-2 -0.277731 -0.960515
vn -9.41307e-17 -0.999993 3.71651e-3
vn -0.980245 -0.197785 3.88590e-4
vn -9.41307e-17 -0.999993 3.71651e-3
vn -0.980245 -0.197785 3.88590e-4
vn -9.41307e-17 -0.999993 3.71651e-3
vn -0.980325 -0.197389 8.49798e-4
vn -9.41307e-17 -0.999993 3.71651e-3
vn -0.980325 -0.197389 8.49798e-4
vn -2.55539e-2 0.904402 -0.425916
vn -4.09921e-4 0.993781 0.111354
vn -2.55539e-2 0.904402 -0.425916
vn 1.00181e-3 7.01343e-2 -0.997537
vn -2.55539e-2 0.904402 -0.425916
vn -1.88430e-4 0.992916 0.118816
vn -1.55983e-2 0.986779 -0.161317
vn 2.04049e-3 7.47524e-2 -0.997200
vn -1.55983e-2 0.986779 -0.161317
vn -8.04750e-2 0.976781 -0.198553
vn -1.42908e-4 0.992971 0.118357
vn -8.04750e-2 0.976781 -0.198553
vn 5.88561e-4 0.103135 -0.994667
vn -7.23908e-2 0.934235 -0.349233
vn -7.23908e-2 0.934235 -0.349233
vn 1.34078e-4 0.996448 8.42084e-2
vn -7.23908e-2 0.934235 -0.349233
vn -7.23908e-2 0.934235 -0.349233
vn 2.36305e-3 0.858539 -0.512743
vn -3.71177e-4 0.996439 8.43202e-2
vn -3.71177e-4 0.996439 8.43202e-2
vn 2.36305e-3 0.858539 -0.512743
vn 3.71377e-3 0.859482 -0.511153
vn 3.71377e-3 0.859482 -0.511153
vn -6.17180e-4 0.996385 8.49491e-2
vn -6.17180e-4 0.996385 8.49491e-2
vn -1.96202e-4 0.996225 8.68035e-2
vn -9.88987e-2 0.948575 -0.300707
vn -9.88987e-2 0.948575 -0.300707
vn 6.81470e-3 8.27625e-2 -0.996546
vn 7.26545e-5 0.993934 0.109980
vn -3.21229e-3 0.169020 -0.985607
vn -0.999996 -6.13654e-5 2.91073e-3
vn -1.72217e-3 0.994273 0.106854
vn -0.106576 0.718091 -0.687741
vn -0.106576 0.718091 -0.687741
vn 2.66955e-3 8.66341e-2 -0.996237
vn -6.06159e-4 0.994359 0.106067
vn -6.06159e-4 0.994359 0.106067
vn 2.66897e-3 8.90948e-2 -0.996020
vn 2.66897e-3 8.90948e-2 -0.996020
vn 7.20927e-5 0.994028 0.109130
vn 7.20927e-5 0.994028 0.109130
vn -3.21447e-3 0.165071 -0.986276
vn -3.21447e-3 0.165071 -0.986276
vn -1.98259e-4 0.996146 8.77138e-2
vn -1.98259e-4 0.996146 8.77138e-2
vn 6.81335e-3 8.50932e-2 -0.996350
vn 6.81335e-3 8.50932e-2 -0.996350
vn -4.06883e-4 0.993873 0.110529
vn -4.06883e-4 0.993873 0.110529
vn 1.00184e-3 6.96571e-2 -0.997570
vn 1.00184e-3 6.96571e-2 -0.997570
vn -1.88710e-4 0.992895 0.118992
vn -1.88710e-4 0.992895 0.118992
vn 2.04038e-3 7.54713e-2 -0.997146
vn 2.04038e-3 7.54713e-2 -0.997146
vn -1.42607e-4 0.993001 0.118107
vn -1.42607e-4 0.993001 0.118107
vn 2.17954e-3 0.100362 -0.994949
vn 2.17954e-3 0.100362 -0.994949
vn 2.17954e-3 0.100362 -0.994949
vn -3.67198e-2 0.999212 -1.50358e-2
vn -3.67198e-2 0.999212 -1.50358e-2
vn -1.12351e-2 0.241729 -0.970279
vn -1.12351e-2 0.241729 -0.970279
vn -0.882837 -3.55408e-2 -0.468332
vn -6.60755e-3 -0.283741 -0.958878
vn -6.60755e-3 -0.283741 -0.958878
vn -6.60755e-3 -0.283741 -0.958878
vn -2.01505e-2 -0.278028 -0.960362
vn -2.01505e-2 -0.278028 -0.960362
vn -0.588707 -0.719132 -0.369151
vn -0.588707 -0.719132 -0.369151
vn 2.31588e-2 -0.280693 -0.959518
vn 2.31588e-2 -0.280693 -0.959518
vn 0.610581 -0.732950 -0.299958
vn 0.610581 -0.732950 -0.299958
vn 2.43141e-2 -0.271605 -0.962102
vn 2.43141e-2 -0.271605 -0.962102
vn 0.671918 0.623896 -0.399099
vn 0.671918 0.623896 -0.399099
vn -2.04425e-2 -0.260486 -0.965261
vn -0.620937 0.613881 -0.487430
vn -0.620937 0.613881 -0.487430
vn -2.04425e-2 -0.260486 -0.965261
vn -7.22562e-16 -0.122368 -0.992485
vn -0.620937 0.613881 -0.487430
vn -0.620937 0.613881 -0.487430
vn -7.22562e-16 -0.122368 -0.992485
vn -0.588707 -0.719132 -0.369151
vn -0.588707 -0.719132 -0.369151
vn 0.610581 -0.732950 -0.299958
vn 0.610581 -0.732950 -0.299958
vn -6.80002e-16 -0.122368 -0.992485
vn 0.671918 0.623896 -0.399099
vn 0.671918 0.623896 -0.399099
vn -6.80002e-16 -0.122368 -0.992485
vn 2.19451e-2 -0.256664 -0.966251
vn 1.32095e-3 -0.994871 -0.101147
vn 1.32095e-3 -0.994871 -0.101147
vn 2.19451e-2 -0.256664 -0.966251
vn 1.40397e-3 -0.994214 -0.107406
vn 1.40397e-3 -0.994214 -0.107406
vn 3.10397e-3 0.972205 -0.234112
vn 3.10397e-3 0.972205 -0.234112
vn 2.13846e-2 -0.221329 -0.974965
vn 2.28138e-2 -0.229845 -0.972960
vn 2.73464e-3 0.978460 -0.206417
vn 2.73464e-3 0.978460 -0.206417
vn 2.28138e-2 -0.229845 -0.972960
vn 1.32095e-3 -0.994871 -0.101147
vn 2.76276e-16 -0.122368 -0.992485
vn 2.76276e-16 -0.122368 -0.992485
vn 1.32095e-3 -0.994871 -0.101147
vn 2.54996e-16 -0.122368 -0.992485
vn 2.54996e-16 -0.122368 -0.992485
vn 1.40397e-3 -0.994214 -0.107406
vn 1.40397e-3 -0.994214 -0.107406
vn 2.54996e-16 -0.122368 -0.992485
vn 2.54996e-16 -0.122368 -0.992485
vn 3.10397e-3 0.972205 -0.234112
vn 3.10397e-3 0.972205 -0.234112
vn 2.73464e-3 0.978460 -0.206417
vn 2.76276e-16 -0.122368 -0.992485
vn 2.76276e-16 -0.122368 -0.992485
vn 2.73464e-3 0.978460 -0.206417
vn 1.35831e-2 -0.671780 -0.740627
vn 1.35831e-2 -0.671780 -0.740627
vn 0.639272 -0.743192 -0.197474
vn 0.639272 -0.743192 -0.197474
vn 1.27048e-2 -0.677939 -0.735008
vn 1.27048e-2 -0.677939 -0.735008
vn 0.723899 0.593045 -0.352517
vn 0.723899 0.593045 -0.352517
vn 1.31427e-2 -0.677549 -0.735360
vn 1.31427e-2 -0.677549 -0.735360
vn -0.707607 0.589455 -0.389659
vn -0.707607 0.589455 -0.389659
vn 1.40209e-2 -0.671386 -0.740975
vn 1.40209e-2 -0.671386 -0.740975
vn -0.625822 -0.745741 -0.228513
vn -0.625822 -0.745741 -0.228513
vn 1.12753e-15 -0.336212 -0.941786
vn -0.625822 -0.745741 -0.228513
vn -0.625822 -0.745741 -0.228513
vn 1.12753e-15 -0.336212 -0.941786
vn 0.639272 -0.743192 -0.197474
vn 0.639272 -0.743192 -0.197474
vn 1.12753e-15 -0.336212 -0.941786
vn 0.723899 0.593045 -0.352517
vn 0.723899 0.593045 -0.352517
vn 1.12753e-15 -0.336212 -0.941786
vn -0.707607 0.589455 -0.389659
vn -0.707607 0.589455 -0.389659
vn 6.47164e-3 0.911586 -0.411058
vn 6.47164e-3 0.911586 -0.411058
vn -0.132841 0.981794 -0.135770
vn -0.132841 0.981794 -0.135770
vn -0.132841 0.981794 -0.135770
vn 3.53616e-3 0.859927 -0.510405
vn 3.53616e-3 0.859927 -0.510405
vn 2.52036e-2 0.963603 -0.266146
vn 2.52036e-2 0.963603 -0.266146
vn 2.52036e-2 0.963603 -0.266146
vn 9.36274e-2 0.825915 -0.555966
vn 4.91682e-4 0.865489 -0.500928
vn 4.91682e-4 0.865489 -0.500928
vn 9.36274e-2 0.825915 -0.555966
vn 2.37548e-3 0.987375 -0.158383
vn 1.02991e-3 0.868683 -0.495368
vn 1.02991e-3 0.868683 -0.495368
vn 2.37548e-3 0.987375 -0.158383
vn 6.70016e-4 0.861448 -0.507846
vn 6.70016e-4 0.861448 -0.507846
vn 4.54114e-2 0.975489 -0.215311
vn 4.54114e-2 0.975489 -0.215311
vn -0.331354 0.931810 -0.148104
vn -1.62146e-3 0.867927 -0.496689
vn -1.62146e-3 0.867927 -0.496689
vn -0.331354 0.931810 -0.148104
vn -0.331354 0.931810 -0.148104
vn 1.41212e-3 0.860228 -0.509908
vn 1.41212e-3 0.860228 -0.509908
vn -0.228648 0.892171 -0.389552
vn -0.228648 0.892171 -0.389552
vn -0.228648 0.892171 -0.389552
vn -0.941682 0.333159 4.73362e-2
vn -0.941682 0.333159 4.73362e-2
vn -0.941682 0.333159 4.73362e-2
vn -0.941682 0.333159 4.73362e-2
vn -4.65003e-17 -0.970612 -0.240651
vn -4.65003e-17 -0.970612 -0.240651
vn -2.44567e-2 0.917328 -0.397380
vn -2.44567e-2 0.917328 -0.397380
vn 0.467438 0.828756 -0.307677
vn -2.44567e-2 0.917328 -0.397380
vn 0.467438 0.828756 -0.307677
vn 2.24896e-3 0.961156 -0.275996
vn 2.24896e-3 0.961156 -0.275996
vn 0.820923 0.571039 3.16266e-4
vn 0.820923 0.571039 3.16266e-4
vn -0.988516 -0.150872 8.55151e-3
vn 0.00000e+0 -0.718192 -0.695845
vn 0.00000e+0 -0.718192 -0.695845
vn -0.988516 -0.150872 8.55151e-3
vn -0.921359 -0.162552 0.353094
vn -0.921359 -0.162552 0.353094
vn 0.00000e+0 -0.189465 -0.981888
vn 0.00000e+0 -0.189465 -0.981888
vn -0.920989 -0.137777 0.364414
vn -0.920989 -0.137777 0.364414
vn 0.00000e+0 1.61280e-2 -0.999870
vn 0.00000e+0 1.61280e-2 -0.999870
vn -0.935760 0.335898 -0.107360
vn -0.935760 0.335898 -0.107360
vn 0.00000e+0 -0.883874 0.467726
vn 0.00000e+0 -0.883874 0.467726
vn -0.975615 4.45057e-2 -0.214929
vn -0.975615 4.45057e-2 -0.214929
vn 0.00000e+0 -0.579157 0.815216
vn 0.00000e+0 -0.579157 0.815216
vn -0.975615 4.45057e-2 -0.214929
vn -0.951730 -5.53830e-2 -0.301899
vn -0.951730 -5.53830e-2 -0.301899
vn 0.00000e+0 -6.93483e-2 0.997593
vn 0.00000e+0 -6.93483e-2 0.997593
vn -0.957215 -0.106282 -0.269153
vn -0.957215 -0.106282 -0.269153
vn 0.00000e+0 -0.120445 0.992720
vn 0.00000e+0 -0.120445 0.992720
vn -0.876590 0.478863 4.77434e-2
vn -0.876590 0.478863 4.77434e-2
vn 0.00000e+0 -0.999783 -2.08220e-2
vn 0.00000e+0 -0.999783 -2.08220e-2
vn -0.983815 -0.178139 1.93400e-2
vn -0.983815 -0.178139 1.93400e-2
vn -4.65811e-17 -0.880686 -0.473700
vn -4.65811e-17 -0.880686 -0.473700
vn -0.990813 -0.135218 2.54489e-3
vn 0.00000e+0 -0.531773 -0.846887
vn 0.00000e+0 -0.531773 -0.846887
vn -0.990813 -0.135218 2.54489e-3
vn -0.990813 -0.135218 2.54489e-3
vn -0.915843 -0.319884 -0.242707
vn 0.00000e+0 2.18099e-2 -0.999762
vn -5.44102e-3 -0.999879 1.45615e-2
vn -0.942748 -0.226678 -0.244630
vn -0.942748 -0.226678 -0.244630
vn 0.00000e+0 -4.84769e-2 -0.998824
vn 0.00000e+0 -4.84769e-2 -0.998824
vn -0.962814 -0.175257 -0.205608
vn -0.962814 -0.175257 -0.205608
vn 0.00000e+0 -0.263763 -0.964588
vn 0.00000e+0 -0.263763 -0.964588
vn -0.979375 -0.201027 2.02911e-2
vn 0.00000e+0 -0.605829 0.795595
vn 0.00000e+0 -0.605829 0.795595
vn -0.979375 -0.201027 2.02911e-2
vn -0.979375 -0.201027 2.02911e-2
vn -0.997394 -7.12145e-2 -1.15514e-2
vn -0.997394 -7.12145e-2 -1.15514e-2
vn -0.997394 -7.12145e-2 -1.15514e-2
vn 0.00000e+0 -0.591014 -0.806662
vn 0.00000e+0 -0.591014 -0.806662
vn -0.997394 -7.12145e-2 -1.15514e-2
vn -0.949246 0.308414 -6.17425e-2
vn 0.00000e+0 -0.983789 0.179328
vn 0.00000e+0 -0.983789 0.179328
vn -0.949246 0.308414 -6.17425e-2
vn -0.949246 0.308414 -6.17425e-2
vn -0.969183 -0.246331 -2.18141e-3
vn 0.00000e+0 -0.830507 0.557008
vn 0.00000e+0 -0.830507 0.557008
vn -0.969183 -0.246331 -2.18141e-3
vn -0.835588 0.545588 6.42407e-2
vn -8.36156e-17 -0.940911 -0.338653
vn -8.36156e-17 -0.940911 -0.338653
vn -0.835588 0.545588 6.42407e-2
vn -0.975700 -0.218333 1.84534e-2
vn -0.975700 -0.218333 1.84534e-2
vn 0.00000e+0 -0.470012 0.882660
vn 0.00000e+0 -0.470012 0.882660
vn -0.968919 -0.247365 2.51214e-3
vn -0.968919 -0.247365 2.51214e-3
vn 0.00000e+0 -0.157170 0.987572
vn 0.00000e+0 -0.157170 0.987572
vn -0.978212 -0.207554 -4.80314e-3
vn -0.978212 -0.207554 -4.80314e-3
vn 0.00000e+0 1.15960e-2 0.999933
vn 0.00000e+0 1.15960e-2 0.999933
vn -0.928860 -0.274862 -0.248334
vn -0.928860 -0.274862 -0.248334
vn 0.00000e+0 1.35672e-3 -0.999999
vn 0.00000e+0 1.35672e-3 -0.999999
vn -0.954535 -0.195045 -0.225434
vn -0.954535 -0.195045 -0.225434
vn 0.00000e+0 -0.128160 -0.991753
vn 0.00000e+0 -0.128160 -0.991753
vn -0.952115 -0.224614 -0.207424
vn -0.952115 -0.224614 -0.207424
vn 0.00000e+0 -0.431722 -0.902006
vn 0.00000e+0 -0.431722 -0.902006
vn -0.974259 -7.41381e-2 0.212893
vn -0.974259 -7.41381e-2 0.212893
vn 0.00000e+0 -0.734761 -0.678326
vn 0.00000e+0 -0.734761 -0.678326
vn -0.798250 0.600592 -4.56714e-2
vn -0.798250 0.600592 -4.56714e-2
vn 0.00000e+0 -0.999982 6.02641e-3
vn 0.00000e+0 -0.999982 6.02641e-3
vn 0.00000e+0 -0.720398 0.693561
vn 0.00000e+0 -0.720398 0.693561
vn -0.979322 -0.202240 5.15278e-3
vn -0.979322 -0.202240 5.15278e-3
vn -0.955634 -0.294485 -6.44744e-3
vn 0.00000e+0 -0.926503 0.376286
vn 0.00000e+0 -0.926503 0.376286
vn -0.955634 -0.294485 -6.44744e-3
vn -1.00000 -1.96607e-17 0.00000e+0
vn 0.00000e+0 -0.720398 0.693561
vn 0.00000e+0 -0.720398 0.693561
vn -1.00000 -1.96607e-17 0.00000e+0
vn 0.00000e+0 -0.830507 0.557008
vn 0.00000e+0 -0.830507 0.557008
vn -1.00000 -1.96607e-17 0.00000e+0
vn 0.00000e+0 -0.926503 0.376286
vn 0.00000e+0 -0.926503 0.376286
vn -1.00000 -1.96607e-17 0.00000e+0
vn 0.00000e+0 -0.983789 0.179328
vn 0.00000e+0 -0.983789 0.179328
vn -1.00000 -1.96607e-17 0.00000e+0
vn 0.00000e+0 -0.999982 6.02641e-3
vn 0.00000e+0 -0.999982 6.02641e-3
vn -1.00000 -1.96607e-17 0.00000e+0
vn -8.35398e-17 -0.987287 -0.158947
vn -8.35398e-17 -0.987287 -0.158947
vn -1.00000 -1.96607e-17 0.00000e+0
vn -8.36156e-17 -0.940911 -0.338653
vn -8.36156e-17 -0.940911 -0.338653
vn -1.00000 -1.96607e-17 0.00000e+0
vn 0.00000e+0 -0.855131 -0.518412
vn 0.00000e+0 -0.855131 -0.518412
vn -1.00000 -1.96607e-17 0.00000e+0
vn 0.00000e+0 -0.734761 -0.678326
vn 0.00000e+0 -0.734761 -0.678326
vn -1.00000 -1.96607e-17 0.00000e+0
vn 0.00000e+0 -0.591014 -0.806662
vn 0.00000e+0 -0.591014 -0.806662
vn -1.00000 -1.96607e-17 0.00000e+0
vn 0.00000e+0 -0.431722 -0.902006
vn 0.00000e+0 -0.431722 -0.902006
vn -1.00000 -1.96607e-17 0.00000e+0
vn 0.00000e+0 -0.263763 -0.964588
vn 0.00000e+0 -0.263763 -0.964588
vn -1.00000 -1.96607e-17 0.00000e+0
vn 0.00000e+0 -0.128160 -0.991753
vn 0.00000e+0 -0.128160 -0.991753
vn -1.00000 -1.96607e-17 0.00000e+0
vn 0.00000e+0 -4.84769e-2 -0.998824
vn 0.00000e+0 -4.84769e-2 -0.998824
vn -1.00000 -1.96607e-17 0.00000e+0
vn 0.00000e+0 1.35672e-3 -0.999999
vn 0.00000e+0 1.35672e-3 -0.999999
vn -6.48072e-3 -0.999967 4.89285e-3
vn -1.00000 -1.96607e-17 0.00000e+0
vn 0.00000e+0 2.18099e-2 -0.999762
vn -6.48072e-3 -0.999967 4.89285e-3
vn -6.48072e-3 -0.999967 4.89285e-3
vn -2.69887e-3 -0.999971 7.18893e-3
vn -1.00000 -1.96607e-17 0.00000e+0
vn -2.69887e-3 -0.999971 7.18893e-3
vn -1.00000 -1.96607e-17 0.00000e+0
vn -2.29363e-3 -0.999974 6.77192e-3
vn -2.29363e-3 -0.999974 6.77192e-3
vn -1.00000 -1.96607e-17 0.00000e+0
vn -1.45391e-3 -0.999980 6.18276e-3
vn -1.45391e-3 -0.999980 6.18276e-3
vn -1.00000 -1.96607e-17 0.00000e+0
vn -7.54747e-4 -0.999986 5.26722e-3
vn -7.54747e-4 -0.999986 5.26722e-3
vn -1.00000 -1.96607e-17 0.00000e+0
vn -2.08260e-4 -0.999990 4.44778e-3
vn -2.08260e-4 -0.999990 4.44778e-3
vn -1.00000 -1.96607e-17 0.00000e+0
vn -3.88527e-16 -0.999981 6.16633e-3
vn 0.00000e+0 3.24495e-2 0.999473
vn -3.88527e-16 -0.999981 6.16633e-3
vn -3.88527e-16 -0.999981 6.16633e-3
vn -1.00000 -1.96607e-17 0.00000e+0
vn 0.00000e+0 1.15960e-2 0.999933
vn 0.00000e+0 1.15960e-2 0.999933
vn -1.00000 -1.96607e-17 0.00000e+0
vn 0.00000e+0 -5.21443e-2 0.998640
vn 0.00000e+0 -5.21443e-2 0.998640
vn -1.00000 -1.96607e-17 0.00000e+0
vn 0.00000e+0 -0.157170 0.987572
vn 0.00000e+0 -0.157170 0.987572
vn -1.00000 -1.96607e-17 0.00000e+0
vn 0.00000e+0 -0.306251 0.951951
vn 0.00000e+0 -0.306251 0.951951
vn -1.00000 -1.96607e-17 0.00000e+0
vn 0.00000e+0 -0.470012 0.882660
vn 0.00000e+0 -0.470012 0.882660
vn -1.00000 -1.96607e-17 0.00000e+0
vn 0.00000e+0 -0.605829 0.795595
vn 0.00000e+0 -0.605829 0.795595
vn -1.00000 -8.40852e-17 0.00000e+0
vn -4.65811e-17 -0.880686 -0.473700
vn -4.65811e-17 -0.880686 -0.473700
vn -1.00000 -8.40852e-17 0.00000e+0
vn 0.00000e+0 -0.718192 -0.695845
vn 0.00000e+0 -0.718192 -0.695845
vn -1.00000 -8.40852e-17 0.00000e+0
vn 0.00000e+0 -0.531773 -0.846887
vn 0.00000e+0 -0.531773 -0.846887
vn -1.00000 -8.40852e-17 0.00000e+0
vn 0.00000e+0 -0.366899 -0.930261
vn 0.00000e+0 -0.366899 -0.930261
vn -1.00000 -8.40852e-17 0.00000e+0
vn 0.00000e+0 -0.189465 -0.981888
vn 0.00000e+0 -0.189465 -0.981888
vn -1.00000 -8.40852e-17 0.00000e+0
vn 0.00000e+0 -4.82541e-2 -0.998835
vn 0.00000e+0 -4.82541e-2 -0.998835
vn -1.00000 -8.40852e-17 0.00000e+0
vn 0.00000e+0 1.61280e-2 -0.999870
vn 0.00000e+0 1.61280e-2 -0.999870
vn -1.00000 -8.40852e-17 0.00000e+0
vn 0.00000e+0 3.47351e-2 -0.999397
vn -9.62915e-4 -0.997882 -6.50462e-2
vn -9.62915e-4 -0.997882 -6.50462e-2
vn -9.62915e-4 -0.997882 -6.50462e-2
vn -1.00000 -8.40852e-17 0.00000e+0
vn -4.91815e-3 -0.999335 -3.61195e-2
vn -4.91815e-3 -0.999335 -3.61195e-2
vn -1.00000 -8.40852e-17 0.00000e+0
vn -6.56361e-3 -0.999448 -3.25814e-2
vn -6.56361e-3 -0.999448 -3.25814e-2
vn -1.00000 -8.40852e-17 0.00000e+0
vn -6.11223e-3 -0.999575 -2.84879e-2
vn -6.11223e-3 -0.999575 -2.84879e-2
vn -1.00000 -8.40852e-17 0.00000e+0
vn -4.54004e-3 -0.954623 -0.297782
vn 0.00000e+0 -8.19607e-2 0.996636
vn -4.54004e-3 -0.954623 -0.297782
vn -1.00000 -8.40852e-17 0.00000e+0
vn 0.00000e+0 -6.93483e-2 0.997593
vn 0.00000e+0 -6.93483e-2 0.997593
vn -1.00000 -8.40852e-17 0.00000e+0
vn 0.00000e+0 -3.40764e-2 0.999419
vn 0.00000e+0 -3.40764e-2 0.999419
vn -1.00000 -8.40852e-17 0.00000e+0
vn 0.00000e+0 -0.120445 0.992720
vn 0.00000e+0 -0.120445 0.992720
vn -1.00000 -8.40852e-17 0.00000e+0
vn 0.00000e+0 -0.371265 0.928527
vn 0.00000e+0 -0.371265 0.928527
vn -1.00000 -8.40852e-17 0.00000e+0
vn 0.00000e+0 -0.579157 0.815216
vn 0.00000e+0 -0.579157 0.815216
vn -1.00000 -8.40852e-17 0.00000e+0
vn 0.00000e+0 -0.729727 0.683739
vn 0.00000e+0 -0.729727 0.683739
vn -1.00000 -8.40852e-17 0.00000e+0
vn 0.00000e+0 -0.883874 0.467726
vn 0.00000e+0 -0.883874 0.467726
vn -1.00000 -8.40852e-17 0.00000e+0
vn 0.00000e+0 -0.978360 0.206909
vn 0.00000e+0 -0.978360 0.206909
vn -1.00000 -8.40852e-17 0.00000e+0
vn 0.00000e+0 -0.999783 -2.08220e-2
vn 0.00000e+0 -0.999783 -2.08220e-2
vn -1.00000 -8.40852e-17 0.00000e+0
vn -4.65003e-17 -0.970612 -0.240651
vn -4.65003e-17 -0.970612 -0.240651
vn -0.666128 -5.57366e-2 0.743752
vn -0.666128 -5.57366e-2 0.743752
vn -0.666128 -5.57366e-2 0.743752
vn -0.666128 -5.57366e-2 0.743752
vn -0.666128 -5.57366e-2 0.743752
vn -0.256769 -0.587818 0.767164
vn -0.187505 0.752272 0.631608
vn -0.187505 0.752272 0.631608
vn -0.187505 0.752272 0.631608
vn 2.28138e-2 -0.229845 -0.972960
vn 3.60219e-3 0.961283 -0.275540
vn 2.28138e-2 -0.229845 -0.972960
vn 0.839737 0.540036 5.65936e-2
vn 2.42413e-2 -0.238342 -0.970879
vn 0.839737 0.540036 5.65936e-2
vn -5.52768e-3 0.976490 0.215491
vn 1.27689e-2 0.908540 -0.417603
vn 0.820923 0.571039 3.16266e-4
vn 1.27689e-2 0.908540 -0.417603
vn 0.820923 0.571039 3.16266e-4
vn -3.23807e-3 0.976974 0.213333
vn -3.23807e-3 0.976974 0.213333
vn 2.61563e-3 0.948855 -0.315701
vn 2.61563e-3 0.948855 -0.315701
vn 0.839737 0.540036 5.65936e-2
vn -5.52768e-3 0.976490 0.215491
vn 6.80137e-3 0.950598 -0.310350
vn 1.48022e-2 0.858963 -0.511824
vn 0.467438 0.828756 -0.307677
vn 1.48022e-2 0.858963 -0.511824
vn 0.467438 0.828756 -0.307677
vn 1.48022e-2 0.858963 -0.511824
vn -3.70005e-2 0.863735 -0.502586
vn -3.70005e-2 0.863735 -0.502586
vn -3.70005e-2 0.863735 -0.502586
vn 3.10506e-2 0.871160 -0.490017
vn -3.70005e-2 0.863735 -0.502586
vn 0.181961 0.957395 0.224242
vn 0.181961 0.957395 0.224242
vn 0.181961 0.957395 0.224242
vn -4.70205e-3 0.974005 0.226476
vn 2.60979e-2 0.895971 0.443345
vn 2.60979e-2 0.895971 0.443345
vn 2.60979e-2 0.895971 0.443345
vn -5.52501e-2 0.894035 0.444578
vn -5.52501e-2 0.894035 0.444578
vn 0.132057 0.903821 0.407023
vn -0.999021 -1.88993e-2 3.99968e-2
vn -0.999021 -1.88993e-2 3.99968e-2
vn 0.132057 0.903821 0.407023
vn 9.14012e-3 0.874677 0.484620
vn -0.989523 3.49043e-3 -0.144332
vn -0.989523 3.49043e-3 -0.144332
vn 9.14012e-3 0.874677 0.484620
vn 0.181428 0.958173 0.221335
vn 0.181428 0.958173 0.221335
vn -0.957557 -0.177817 0.226860
vn -0.957557 -0.177817 0.226860
vn 1.70209e-2 0.893020 0.449694
vn 1.70209e-2 0.893020 0.449694
vn -0.897972 8.01818e-2 -0.432686
vn -0.897972 8.01818e-2 -0.432686
vn -0.157619 0.872734 0.462052
vn 0.991261 5.66598e-2 0.119127
vn -0.157619 0.872734 0.462052
vn -0.157619 0.872734 0.462052
vn 0.991261 5.66598e-2 0.119127
vn 1.53035e-2 0.905272 0.424557
vn 1.53035e-2 0.905272 0.424557
vn 1.53035e-2 0.905272 0.424557
vn 0.963033 -5.56821e-2 0.263566
vn 0.963033 -5.56821e-2 0.263566
vn 1.53035e-2 0.905272 0.424557
vn -0.183176 0.824734 0.535033
vn -0.183176 0.824734 0.535033
vn 0.978831 0.157703 -0.130458
vn 0.978831 0.157703 -0.130458
vn -0.183176 0.824734 0.535033
vn 0.206737 0.947920 0.242297
vn -0.410397 -0.412371 0.813342
vn -0.410397 -0.412371 0.813342
vn 0.206737 0.947920 0.242297
vn 0.114822 0.949248 0.292820
vn 0.359904 -0.366500 0.857990
vn 0.359904 -0.366500 0.857990
vn 0.114822 0.949248 0.292820
vn 0.186431 0.956958 0.222431
vn 0.186431 0.956958 0.222431
vn -0.825709 -0.294608 0.481051
vn -0.825709 -0.294608 0.481051
vn 0.143185 0.931961 0.333088
vn 0.143185 0.931961 0.333088
vn 0.832893 -0.185049 0.521581
vn 0.832893 -0.185049 0.521581
vn 0.143185 0.931961 0.333088
vn 8.32922e-2 0.847226 0.524663
vn 8.32922e-2 0.847226 0.524663
vn 8.32922e-2 0.847226 0.524663
vn 0.880302 0.275248 -0.386402
vn 0.880302 0.275248 -0.386402
vn -9.78301e-2 0.837760 0.537203
vn -9.78301e-2 0.837760 0.537203
vn -9.78301e-2 0.837760 0.537203
vn 0.324737 0.461316 -0.825672
vn -4.29994e-2 0.940679 0.336563
vn -4.29994e-2 0.940679 0.336563
vn -5.37708e-2 0.877703 0.476179
vn -5.37708e-2 0.877703 0.476179
vn -0.357032 0.321630 -0.876973
vn -1.61864e-2 0.936633 0.349937
vn -1.61864e-2 0.936633 0.349937
vn 0.125690 0.859953 0.494654
vn 0.125690 0.859953 0.494654
vn 0.611634 0.409195 -0.677099
vn 0.611634 0.409195 -0.677099
vn 1.20997e-2 0.897176 0.441507
vn 1.20997e-2 0.897176 0.441507
vn -0.589564 0.244429 -0.769850
vn -0.589564 0.244429 -0.769850
vn -9.93309e-2 0.856389 0.506686
vn -9.93309e-2 0.856389 0.506686
vn -0.167294 -0.641058 0.749037
vn -0.167294 -0.641058 0.749037
vn -0.203572 -0.608291 0.767164
vn -0.134522 0.834645 0.534108
vn -0.134522 0.834645 0.534108
vn -0.203572 -0.608291 0.767164
vn -0.104528 -0.635949 0.764620
vn -5.72722e-2 0.900013 0.432083
vn -5.72722e-2 0.900013 0.432083
vn -0.104528 -0.635949 0.764620
vn -0.972337 -0.145721 0.182553
vn 5.52030e-2 0.972480 0.226351
vn 5.52030e-2 0.972480 0.226351
vn 5.52030e-2 0.972480 0.226351
vn -0.972337 -0.145721 0.182553
vn -0.972337 -0.145721 0.182553
vn -0.999021 -1.88993e-2 3.99968e-2
vn -0.999021 -1.88993e-2 3.99968e-2
vn 0.151681 0.968388 0.198034
vn 0.151681 0.968388 0.198034
vn 0.151681 0.968388 0.198034
vn 0.151681 0.968388 0.198034
vn -0.989523 3.49043e-3 -0.144332
vn 0.469159 0.820760 0.325949
vn 0.469159 0.820760 0.325949
vn -0.989523 3.49043e-3 -0.144332
vn -0.897972 8.01818e-2 -0.432686
vn -0.897972 8.01818e-2 -0.432686
vn 0.107018 0.927338 0.358595
vn 0.107018 0.927338 0.358595
vn -0.589564 0.244429 -0.769850
vn -0.589564 0.244429 -0.769850
vn 8.73585e-4 0.936402 0.350928
vn 8.73585e-4 0.936402 0.350928
vn 0.611634 0.409195 -0.677099
vn 0.611634 0.409195 -0.677099
vn -1.32121e-2 0.934663 0.355289
vn -1.32121e-2 0.934663 0.355289
vn 0.880302 0.275248 -0.386402
vn 0.880302 0.275248 -0.386402
vn -2.89169e-2 0.902714 0.429268
vn -2.89169e-2 0.902714 0.429268
vn 0.978831 0.157703 -0.130458
vn 0.978831 0.157703 -0.130458
vn -0.449814 0.810452 0.375280
vn -0.449814 0.810452 0.375280
vn -0.449814 0.810452 0.375280
vn -0.429326 0.890940 0.148001
vn -0.429326 0.890940 0.148001
vn 0.991261 5.66598e-2 0.119127
vn -0.429326 0.890940 0.148001
vn 0.991261 5.66598e-2 0.119127
vn -0.429326 0.890940 0.148001
vn 0.963033 -5.56821e-2 0.263566
vn 0.963033 -5.56821e-2 0.263566
vn -4.09470e-2 0.977558 0.206650
vn -4.09470e-2 0.977558 0.206650
vn -4.09470e-2 0.977558 0.206650
vn -4.09470e-2 0.977558 0.206650
vn -4.09470e-2 0.977558 0.206650
vn 0.832893 -0.185049 0.521581
vn 0.832893 -0.185049 0.521581
vn 5.26206e-3 0.977815 0.209406
vn 5.26206e-3 0.977815 0.209406
vn 5.26206e-3 0.977815 0.209406
vn 0.359904 -0.366500 0.857990
vn 0.359904 -0.366500 0.857990
vn -2.63718e-3 0.980651 0.195748
vn -0.410397 -0.412371 0.813342
vn -0.410397 -0.412371 0.813342
vn -2.63718e-3 0.980651 0.195748
vn -0.825709 -0.294608 0.481051
vn -0.825709 -0.294608 0.481051
vn 4.38480e-3 0.973080 0.230426
vn 4.38480e-3 0.973080 0.230426
vn 4.38480e-3 0.973080 0.230426
vn -1.61864e-2 0.936633 0.349937
vn -1.61864e-2 0.936633 0.349937
vn 7.22579e-2 0.747317 0.660527
vn -4.29994e-2 0.940679 0.336563
vn -4.29994e-2 0.940679 0.336563
vn -0.124371 0.743291 0.657305
vn -1.32121e-2 0.934663 0.355289
vn -1.32121e-2 0.934663 0.355289
vn -0.258182 0.750912 0.607843
vn -2.89169e-2 0.902714 0.429268
vn -2.89169e-2 0.902714 0.429268
vn -0.295424 0.759914 0.579012
vn -0.153769 0.875959 0.457221
vn -0.335268 0.802056 0.494268
vn -0.153769 0.875959 0.457221
vn -0.827558 0.558585 5.59491e-2
vn -0.356343 0.880779 0.311846
vn -0.827558 0.558585 5.59491e-2
vn -0.827558 0.558585 5.59491e-2
vn 0.696222 0.692250 0.189907
vn 0.400472 0.853662 0.332991
vn 0.696222 0.692250 0.189907
vn 0.696222 0.692250 0.189907
vn 0.469159 0.820760 0.325949
vn 0.469159 0.820760 0.325949
vn 0.393533 0.820867 0.413895
vn 0.107018 0.927338 0.358595
vn 0.107018 0.927338 0.358595
vn 0.337832 0.796582 0.501325
vn 8.73585e-4 0.936402 0.350928
vn 8.73585e-4 0.936402 0.350928
vn 0.217518 0.762546 0.609269
vn 0.228954 0.871709 -0.433247
vn 0.228954 0.871709 -0.433247
vn 0.149646 0.988685 -1.03605e-2
vn -0.216914 0.866754 -0.449094
vn -0.126776 0.991801 -1.60706e-2
vn -0.216914 0.866754 -0.449094
vn 0.643818 0.760706 -8.26183e-2
vn 0.367703 0.905078 0.213606
vn 0.643818 0.760706 -8.26183e-2
vn -0.454342 0.887973 7.12587e-2
vn -0.321269 0.930752 0.174606
vn -0.454342 0.887973 7.12587e-2
vn -0.321435 0.903674 -0.282936
vn -0.321435 0.903674 -0.282936
vn -0.236506 0.969303 6.72087e-2
vn 0.578005 0.796108 -0.179227
vn 0.271950 0.958416 8.64956e-2
vn 0.578005 0.796108 -0.179227
vn 9.01007e-2 0.756449 -0.647817
vn 9.01007e-2 0.756449 -0.647817
vn 7.48134e-2 0.996471 -3.80577e-2
vn -7.51018e-2 0.753753 -0.652852
vn -7.51018e-2 0.753753 -0.652852
vn -5.01773e-2 0.997948 -3.97654e-2
vn -3.17781e-2 0.936773 0.348491
vn -3.17781e-2 0.936773 0.348491
vn -2.61833e-2 0.748935 0.662126
vn -2.61833e-2 0.748935 0.662126
vn -4.42681e-2 0.942137 0.332291
vn -4.42681e-2 0.942137 0.332291
vn -0.191766 0.749015 0.634194
vn -0.191766 0.749015 0.634194
vn 9.89507e-4 0.919467 0.393165
vn 9.89507e-4 0.919467 0.393165
vn -0.276882 0.755631 0.593598
vn -0.276882 0.755631 0.593598
vn -8.14537e-2 0.887014 0.454501
vn -8.14537e-2 0.887014 0.454501
vn -0.315762 0.782017 0.537349
vn -0.315762 0.782017 0.537349
vn -0.732994 0.641065 0.227499
vn -0.347544 0.845648 0.405084
vn -0.347544 0.845648 0.405084
vn -0.732994 0.641065 0.227499
vn -0.732994 0.641065 0.227499
vn 0.384954 0.881352 0.273914
vn 0.384954 0.881352 0.273914
vn 0.653154 0.755949 4.39358e-2
vn 0.653154 0.755949 4.39358e-2
vn 0.668740 0.695569 0.262623
vn 0.397384 0.838068 0.373801
vn 0.397384 0.838068 0.373801
vn 0.668740 0.695569 0.262623
vn 0.243016 0.903526 0.352965
vn 0.243016 0.903526 0.352965
vn 0.366202 0.809873 0.458259
vn 0.366202 0.809873 0.458259
vn 1.89323e-2 0.931285 0.363800
vn 1.89323e-2 0.931285 0.363800
vn 0.278627 0.782237 0.557201
vn 0.278627 0.782237 0.557201
vn -3.96439e-3 0.938015 0.346571
vn -3.96439e-3 0.938015 0.346571
vn 0.145324 0.757203 0.636808
vn 0.145324 0.757203 0.636808
vn 0.139579 0.834503 -0.533032
vn 0.139579 0.834503 -0.533032
vn 0.112320 0.993377 -2.42286e-2
vn 0.112320 0.993377 -2.42286e-2
vn -0.182085 0.982949 2.56315e-2
vn -0.309462 0.867590 -0.389257
vn -0.309462 0.867590 -0.389257
vn -0.182085 0.982949 2.56315e-2
vn 0.639195 0.754572 -0.148492
vn 0.320959 0.935046 0.150582
vn 0.320959 0.935046 0.150582
vn 0.639195 0.754572 -0.148492
vn -0.339766 0.908331 0.243915
vn -0.339766 0.908331 0.243915
vn -0.648416 0.754377 0.102331
vn -0.648416 0.754377 0.102331
vn -0.302350 0.943795 -0.133550
vn -0.279595 0.952436 0.121214
vn -0.302350 0.943795 -0.133550
vn -0.279595 0.952436 0.121214
vn 0.421786 0.857443 -0.294769
vn 0.421786 0.857443 -0.294769
vn 0.211466 0.976639 3.81883e-2
vn 0.211466 0.976639 3.81883e-2
vn 7.55822e-3 0.717623 -0.696391
vn 7.55822e-3 0.717623 -0.696391
vn 1.23422e-2 0.999163 -3.89878e-2
vn 1.23422e-2 0.999163 -3.89878e-2
vn -0.123081 0.833178 -0.539134
vn -0.123081 0.833178 -0.539134
vn -8.85485e-2 0.995680 -2.79406e-2
vn -8.85485e-2 0.995680 -2.79406e-2
vn -8.63253e-2 0.859799 0.503283
vn -3.17781e-2 0.936773 0.348491
vn -3.17781e-2 0.936773 0.348491
vn 0.324737 0.461316 -0.825672
vn -4.42681e-2 0.942137 0.332291
vn -4.42681e-2 0.942137 0.332291
vn 0.833025 0.313248 -0.456009
vn 9.89507e-4 0.919467 0.393165
vn 9.89507e-4 0.919467 0.393165
vn 0.920075 0.234901 -0.313501
vn -8.14537e-2 0.887014 0.454501
vn -8.14537e-2 0.887014 0.454501
vn 0.995579 7.37365e-2 5.81839e-2
vn -0.888363 0.451585 8.29596e-2
vn -0.888363 0.451585 8.29596e-2
vn -0.888363 0.451585 8.29596e-2
vn 0.679769 0.693153 0.239692
vn 0.679769 0.693153 0.239692
vn -0.999060 8.58375e-3 -4.24821e-2
vn -0.999060 8.58375e-3 -4.24821e-2
vn 0.679769 0.693153 0.239692
vn -0.971652 6.65347e-3 -0.236324
vn 0.243016 0.903526 0.352965
vn 0.243016 0.903526 0.352965
vn -0.779938 0.149750 -0.607677
vn 1.89323e-2 0.931285 0.363800
vn 1.89323e-2 0.931285 0.363800
vn -0.357032 0.321630 -0.876973
vn -3.96439e-3 0.938015 0.346571
vn -3.96439e-3 0.938015 0.346571
vn -0.991480 -7.78176e-2 0.104464
vn 9.24489e-2 0.954169 0.284630
vn 9.24489e-2 0.954169 0.284630
vn -0.991480 -7.78176e-2 0.104464
vn -0.999014 2.71168e-2 -3.51439e-2
vn 0.457827 0.863468 0.211700
vn 0.457827 0.863468 0.211700
vn -0.999014 2.71168e-2 -3.51439e-2
vn 0.457827 0.863468 0.211700
vn 9.58292e-2 0.857618 0.505281
vn -0.999016 1.81784e-2 -4.04575e-2
vn -0.999016 1.81784e-2 -4.04575e-2
vn -0.999016 1.81784e-2 -4.04575e-2
vn 9.58292e-2 0.857618 0.505281
vn 0.137023 0.954017 0.266600
vn -0.989606 -9.41165e-2 0.108729
vn -0.989606 -9.41165e-2 0.108729
vn -0.989606 -9.41165e-2 0.108729
vn 0.137023 0.954017 0.266600
vn 9.58292e-2 0.857618 0.505281
vn 9.58292e-2 0.857618 0.505281
vn -2.37939e-2 0.897280 0.440820
vn -2.37939e-2 0.897280 0.440820
vn 0.987165 4.26705e-3 0.159647
vn -0.109589 0.975892 0.188745
vn -0.109589 0.975892 0.188745
vn 0.987165 4.26705e-3 0.159647
vn -7.64334e-2 0.888577 0.452314
vn 0.987165 4.26705e-3 0.159647
vn 0.987165 4.26705e-3 0.159647
vn -7.64334e-2 0.888577 0.452314
vn -0.193229 0.862201 0.468264
vn 0.993755 9.09503e-2 6.46483e-2
vn -0.193229 0.862201 0.468264
vn 0.993755 9.09503e-2 6.46483e-2
vn 0.993755 9.09503e-2 6.46483e-2
vn -0.782998 0.593803 0.185239
vn 0.993755 9.09503e-2 6.46483e-2
vn -0.782998 0.593803 0.185239
vn 1.94791e-3 0.242782 -0.970079
vn -3.63100e-2 0.903510 -0.427027
vn 1.94791e-3 0.242782 -0.970079
vn -3.63100e-2 0.903510 -0.427027
vn 7.83594e-4 0.259226 -0.965816
vn -4.53426e-3 0.867410 -0.497573
vn 7.83594e-4 0.259226 -0.965816
vn -4.53426e-3 0.867410 -0.497573
vn 2.85366e-3 0.472820 -0.881155
vn 4.96879e-2 0.608184 -0.792239
vn 2.85366e-3 0.472820 -0.881155
vn 4.96879e-2 0.608184 -0.792239
vn 6.50879e-3 0.233197 -0.972408
vn -0.151544 0.805566 -0.572799
vn 6.50879e-3 0.233197 -0.972408
vn -0.151544 0.805566 -0.572799
vn 4.65819e-2 0.264592 -0.963235
vn 1.00218e-3 0.234082 -0.972216
vn 1.00218e-3 0.234082 -0.972216
vn -0.999996 -4.02102e-4 2.93297e-3
vn -2.86710e-3 0.302273 -0.953217
vn -2.86710e-3 0.302273 -0.953217
vn -0.999996 -4.02102e-4 2.93297e-3
vn 2.45488e-3 0.236331 -0.971670
vn 0.139689 0.504461 -0.852060
vn 2.45488e-3 0.236331 -0.971670
vn 0.139689 0.504461 -0.852060
vn 1.30358e-3 0.999721 -2.35781e-2
vn 0.301527 0.953048 -2.79321e-2
vn 0.301527 0.953048 -2.79321e-2
vn 1.30358e-3 0.999721 -2.35781e-2
vn -1.30358e-3 0.999721 -2.35781e-2
vn -0.301527 0.953048 -2.79321e-2
vn -0.301527 0.953048 -2.79321e-2
vn -1.30358e-3 0.999721 -2.35781e-2
vn 0.809464 0.586425 2.95778e-2
vn 1.66432e-16 -0.969483 -0.245160
vn 0.809464 0.586425 2.95778e-2
vn 0.857488 0.493744 0.144679
vn 0.00000e+0 -0.903348 -0.428908
vn 0.857488 0.493744 0.144679
vn -0.205345 0.942555 0.263482
vn 5.90541e-2 -0.417471 0.906769
vn -0.205345 0.942555 0.263482
vn -0.809464 0.586425 2.95778e-2
vn -1.66432e-16 -0.969483 -0.245160
vn -0.809464 0.586425 2.95778e-2
vn -0.857488 0.493744 0.144679
vn 0.00000e+0 -0.903348 -0.428908
vn -0.857488 0.493744 0.144679
vn 0.205345 0.942555 0.263482
vn -5.90541e-2 -0.417471 0.906769
vn 0.205345 0.942555 0.263482
vn 9.48434e-4 0.977448 0.211173
vn -1.22437e-3 -0.289878 -0.957063
vn -1.22437e-3 -0.289878 -0.957063
vn -9.48434e-4 0.977448 0.211173
vn 1.22437e-3 -0.289878 -0.957063
vn 1.22437e-3 -0.289878 -0.957063
g miura-body_enginegrade
usemtl enginegrade
f 3/856/695 81/823/772 16/803/707 194/870/946
f 184/913/905 10/914/704 3/856/694 194/870/945
f 188/872/921 183/916/901 234/917/148 236/873/149
f 236/873/149 235/810/1039 187/809/916 188/872/920
f 237/900/150 177/901/880 761/878/1961 823/860/461
f 238/801/1044 171/799/852 191/866/933 251/868/158
f 239/1005/1049 172/1003/856 192/953/937 252/955/159
f 240/1023/1054 173/1024/861 193/974/941 253/973/160
f 241/1002/1057 174/1001/866 175/980/870 255/956/162
f 242/918/151 178/919/883 770/875/1994 822/876/460
f 243/902/152 179/903/887 769/858/1990 821/855/459
f 244/911/153 180/910/891 768/962/1986 820/960/458
f 245/899/154 181/898/895 767/940/1982 819/939/457
f 246/908/155 182/907/899 766/958/1978 818/957/456
f 247/787/1062 185/786/909 190/851/929 250/852/157
f 248/798/1066 186/797/913 189/864/925 249/865/156
f 249/865/156 189/864/924 182/907/897 246/908/155
f 250/852/157 190/851/928 181/898/893 245/899/154
f 251/868/158 191/866/932 180/910/889 244/911/153
f 252/955/159 192/953/936 179/903/885 243/902/152
f 253/973/160 193/974/940 178/919/881 242/918/151
f 254/938/161 176/936/875 177/901/878 237/900/150
f 255/956/162 175/980/871 176/936/876 254/938/161
f 588/871/313 188/872/922 187/809/919 604/808/1783
f 589/863/314 189/864/926 186/797/914 603/796/1779
f 590/972/315 193/974/943 591/977/316
f 591/977/316 193/974/942 173/1024/863 587/1022/1764
f 592/869/317 194/870/947 16/803/710 594/802/1768
f 593/912/318 184/913/906 194/870/948 592/869/317
f 595/920/319 178/919/882 193/974/944 590/972/315
f 598/904/320 179/903/886 192/953/939 607/954/327
f 599/909/321 180/910/890 191/866/934 606/867/326
f 600/897/322 181/898/894 190/851/931 605/850/325
f 601/906/323 182/907/898 189/864/927 589/863/314
f 602/915/324 183/916/902 188/872/923 588/871/313
f 605/850/325 190/851/930 185/786/912 596/785/1772
f 606/867/326 191/866/935 171/799/854 597/800/1776
f 607/954/327 192/953/938 172/1003/858 586/1004/1760
f 608/1/328 247/69/1060 603/58/1777
f 765/970/1974 764/1020/1970 810/1019/2093 811/969/455
f 771/966/1999 619/979/1792 10/914/706 184/913/907
f 771/966/2000 626/1017/1801 671/1006/1858 619/979/1793
f 811/969/455 234/917/148 183/916/903 765/970/1975
f 818/957/456 766/958/1979 763/1010/1967 817/1008/2120
f 819/939/457 767/940/1983 762/999/1963 816/998/2116
f 820/960/458 768/962/1987 756/1014/1938 812/1012/2098
f 821/855/459 769/858/1991 757/793/1942 813/790/2103
f 822/876/460 770/875/1995 758/817/1947 814/818/2108
f 823/860/461 761/878/1962 760/843/1957 824/849/462
f 824/849/462 760/843/1956 759/789/1952 815/788/2111
f 1150/792/2810 757/793/1944 769/858/1992 1164/857/616
f 1151/819/2814 758/817/1949 770/875/1996 1155/874/612
f 1152/971/609 765/970/1977 183/916/904 602/915/324
f 1153/959/610 766/958/1981 182/907/900 601/906/323
f 1154/877/611 770/875/1998 178/919/884 595/920/319
f 1155/874/612 770/875/1997 1154/877/611
f 1156/967/613 771/966/2002 184/913/908 593/912/318
f 1157/1018/2818 626/1017/1804 771/966/2001 1156/967/613
f 1158/1000/2822 762/999/1966 767/940/1984 1162/941/614
f 1159/1013/2826 756/1014/1940 768/962/1989 1163/961/615
f 1160/1011/2829 763/1010/1968 766/958/1980 1153/959/610
f 1160/39/2827 816/2/2114 1165/70/617
f 1161/1021/2833 764/1020/1973 765/970/1976 1152/971/609
f 1162/941/614 767/940/1985 181/898/896 600/897/322
f 1163/961/615 768/962/1988 180/910/892 599/909/321
f 1164/857/616 769/858/1993 179/903/888 598/904/320
g miura-body_enginegrade2
usemtl enginegrade2
f 37/398/26 7/491/3 452/513/247 453/427/248
f 45/93/741 346/96/1224 345/118/1222 319/117/1160 1227/102/2847
f 53/429/41 73/161/763 322/163/1171 333/422/209
f 68/888/53 69/766/54 1020/767/547
f 76/1216/766 87/1281/775 284/1278/1094 293/1232/187
f 88/1368/67 77/1313/58 713/1314/402 727/1370/415
f 117/1093/85 56/1097/43 11/1251/6 122/1250/88
f 118/887/86 68/888/53 50/948/38 116/947/84
f 118/887/86 334/833/210 119/763/87 455/765/250
f 122/1250/88 11/1251/6 77/1313/58 126/1312/92
f 123/477/89 9/677/5 34/675/24 125/483/91
f 123/477/89 125/483/91 35/183/737 4/174/698 378/441/1328
f 125/483/91 34/675/24 28/676/19 124/518/90
f 140/1367/105 88/1368/67 94/1678/71 127/1665/93 294/1516/188
f 140/1367/105 126/1312/92 77/1313/58 88/1368/67
f 140/1367/105 294/1516/188 375/1500/1317 374/1365/1313
f 149/1035/113 50/948/38 703/949/394 739/1036/426
f 153/1034/117 116/947/84 50/948/38 149/1035/113
f 154/1066/118 56/1097/43 117/1093/85 158/1065/122
f 154/1066/118 149/1035/113 739/1036/426 743/1067/430
f 158/1065/122 153/1034/117 149/1035/113 154/1066/118
f 203/131/973 202/136/970 201/105/966 198/104/955
f 205/692/978 204/682/976 199/721/960 200/727/963
f 206/539/982 199/721/959 204/682/975 210/529/994
f 208/377/988 201/105/967 202/136/971 212/388/1005
f 209/543/992 208/377/987 212/388/1004 213/536/1009
f 210/529/996 204/682/977 205/692/980 213/536/1008
f 210/529/997 211/384/1000 207/374/985 206/539/983
f 211/384/1001 203/131/974 198/104/956 207/374/986
f 211/384/999 210/529/995 213/536/1007 212/388/1003
f 212/388/1002 202/136/969 203/131/972 211/384/998
f 213/536/1006 205/692/979 200/727/964 209/543/991
f 215/445/1014 214/442/1010 125/483/91 124/518/90
f 216/285/1018 215/445/1015 124/518/90 19/224/721
f 217/287/1023 35/183/735 125/483/91 214/442/1011
f 217/287/1022 216/285/1019 19/224/722 35/183/734
f 218/297/1026 219/435/1029 220/439/1032 221/293/1035
f 219/435/1030 218/297/1027 217/292/1024 214/444/1012
f 220/439/1033 219/435/1031 214/444/1013 215/443/1016
f 221/293/1037 216/286/1021 217/292/1025 218/297/1028
f 221/293/1036 220/439/1034 215/443/1017 216/286/1020
f 228/187/142 40/205/29 232/232/146
f 228/187/142 223/100/137 225/67/139 230/151/144
f 229/122/143 167/132/130 168/154/131 230/151/144
f 229/122/143 224/54/138 226/45/140 233/91/147
f 230/151/144 168/154/131 40/205/29 228/187/142
f 230/151/144 225/67/139 224/54/138 229/122/143
f 231/311/145 22/125/14 232/232/146
f 232/232/146 22/125/14 223/100/137 228/187/142
f 232/232/146 40/205/29 169/342/132 231/311/145
f 233/91/147 166/115/129 167/132/130 229/122/143
f 284/1278/1093 91/1279/784 83/1234/63 293/1232/187
f 293/1232/187 83/1234/63 36/1125/25 396/1124/222
f 299/1723/193 127/1665/93 94/1678/71 9/1806/5 123/1804/89
f 305/558/197 7/491/3 1017/514/544 1021/572/548
f 306/580/198 332/616/208 355/628/1252 354/604/1247
f 319/117/1159 345/118/1221 344/146/1219 71/144/756 1224/129/2844
f 322/163/1170 67/160/751 55/405/743 333/422/209
f 333/422/209 55/405/744 148/557/844 398/564/224
f 339/278/1202 340/247/1205 341/225/1208 342/199/1211 343/177/1214 344/146/1217 345/118/1220 346/96/1223 347/72/1226 348/61/1229 349/50/1232 350/42/1235 351/36/1238 352/29/1241 353/27/1244 354/28/1248 355/60/1253 356/89/1255 357/134/1258 358/179/1261 359/245/1264 360/365/1267 361/368/1272 362/367/1275 363/359/1278 364/339/1281 365/326/1284 366/298/1287
f 340/247/1206 339/278/1203 328/277/1194 318/246/1155
f 341/225/1209 340/247/1207 318/246/1156 329/222/1199
f 342/199/1212 341/225/1210 329/222/1200 317/190/1150
f 343/177/1215 342/199/1213 317/190/1151 327/175/1192
f 344/146/1218 343/177/1216 327/175/1193 71/144/755
f 347/72/1227 346/96/1225 45/93/742 326/68/1188
f 348/61/1230 347/72/1228 326/68/1189 311/59/1147
f 349/50/1233 348/61/1231 311/59/1148 325/48/1184
f 350/42/1236 349/50/1234 325/48/1185 307/41/1136
f 351/36/1239 350/42/1237 307/41/1137 324/30/1180
f 352/29/1242 351/36/1240 324/30/1181 304/22/1132
f 353/27/1245 352/29/1243 304/22/1133 323/19/1176
f 354/28/1249 353/27/1246 323/19/1177 303/21/1128
f 356/667/1256 355/628/1254 332/616/208 114/651/83
f 357/730/1259 356/667/1257 114/651/83 335/722/211
f 358/771/1262 357/730/1260 335/722/211 119/763/87
f 359/832/1265 358/771/1263 119/763/87 334/833/210
f 360/886/1271 118/887/86 116/947/84 391/946/217
f 360/886/1268 359/832/1266 334/833/210 118/887/86
f 361/368/1273 360/365/1269 67/356/752 322/362/1172
f 362/367/1276 361/368/1274 322/362/1173 73/361/764
f 363/359/1279 362/367/1277 73/361/765 321/350/1168
f 364/339/1282 363/359/1280 321/350/1169 72/334/760
f 365/326/1285 364/339/1283 72/334/761 320/323/1164
f 366/298/1289 310/291/1140 328/277/1195 339/278/1204
f 366/298/1288 365/326/1286 320/323/1165 310/291/1139
f 367/94/1290 368/62/1293 369/49/1296 370/33/1299 371/8/1302 372/4/1305 373/3/1308 374/5/1311 375/106/1316 376/181/1319 377/250/1322 378/345/1325 379/340/1329 380/337/1332 381/336/1335 382/328/1338 383/289/1341 384/251/1344 385/226/1347 386/186/1350 387/164/1353 388/123/1356
f 368/62/1294 367/94/1291 290/97/1119 282/66/1086
f 369/49/1297 368/62/1295 282/66/1087 291/51/1124
f 370/33/1300 369/49/1298 291/51/1125 89/40/781
f 371/8/1303 370/33/1301 89/40/782 283/20/1091
f 372/4/1306 371/8/1304 283/20/1092 91/11/786
f 373/3/1309 372/4/1307 91/11/787 284/9/1095
f 374/1365/1314 87/1363/777 76/1310/767 393/1311/219
f 374/5/1312 373/3/1310 284/9/1096 87/12/776
f 376/1623/1320 375/1500/1318 294/1516/188 127/1665/93
f 377/1712/1323 376/1623/1321 127/1665/93 299/1723/193
f 378/1787/1326 377/1712/1324 299/1723/193 123/1804/89
f 379/340/1330 378/345/1327 4/358/697 287/354/1108
f 380/337/1333 379/340/1331 287/354/1109 97/348/794
f 381/336/1336 380/337/1334 97/348/795 288/349/1112
f 382/328/1339 381/336/1337 288/349/1113 100/333/803
f 383/289/1342 382/328/1340 100/333/804 286/299/1103
f 384/251/1345 383/289/1343 286/299/1104 98/266/797
f 385/226/1348 384/251/1346 98/266/798 285/228/1099
f 386/186/1351 385/226/1349 285/228/1100 95/198/790
f 387/164/1354 386/186/1352 95/198/791 289/170/1116
f 388/123/1358 275/133/1075 290/97/1120 367/94/1292
f 388/123/1357 387/164/1355 289/170/1117 275/133/1074
f 389/535/215 2/546/689 403/473/227
f 389/535/215 106/526/79 306/580/198 354/604/1251
f 389/535/215 354/604/1250 303/603/1129 2/546/688
f 390/1249/216 6/1248/701 62/1091/749 392/1092/218
f 390/1249/216 122/1250/88 126/1312/92 393/1311/219
f 391/946/217 55/945/746 67/885/753 360/886/1270
f 391/946/217 116/947/84 153/1034/117 394/1033/220
f 392/1092/218 62/1091/750 159/1059/849 395/1064/221
f 392/1092/218 117/1093/85 122/1250/88 390/1249/216
f 393/1311/219 76/1310/768 6/1248/700 390/1249/216
f 393/1311/219 126/1312/92 140/1367/105 374/1365/1315
f 394/1033/220 148/1032/845 55/945/745 391/946/217
f 395/1064/221 158/1065/122 117/1093/85 392/1092/218
f 395/1064/221 159/1059/847 148/1032/843 394/1033/220
f 395/1064/221 394/1033/220 153/1034/117 158/1065/122
f 396/1124/222 6/1123/702 76/1216/769 293/1232/187
f 396/1124/222 36/1125/25 568/1026/295
f 397/745/223 60/747/47 157/652/121 399/648/225
f 397/745/223 62/738/747 6/1123/699 396/1124/222
f 398/564/224 152/576/116 53/429/41 333/422/209
f 399/648/225 157/652/121 152/576/116 398/564/224
f 399/648/225 159/645/848 62/738/748 397/745/223
f 399/648/225 398/564/224 148/557/846 159/645/850
f 404/458/228 405/460/229 403/473/227
f 405/460/229 112/450/82 106/526/79 389/535/215
f 405/460/229 389/535/215 403/473/227
f 405/1028/229 404/1054/228 401/1080/1359 402/1047/1364 447/993/1486
f 425/1793/1410 458/1790/1500 549/1777/1719 554/1774/1734
f 440/1536/1466 444/1446/1476 462/1447/1518 515/1484/1692
f 446/978/1485 107/927/808 112/905/82
f 447/993/1489 446/978/1484 112/905/82 405/1028/229
f 450/828/1493 27/684/724 37/683/26 453/795/248
f 452/513/247 106/526/79 112/450/82 453/427/248
f 453/795/248 112/905/82 107/927/805 450/828/1490
f 454/641/249 46/637/34 69/766/54 455/765/250
f 454/641/249 114/651/83 332/616/208 306/580/198 456/571/251
f 455/765/250 68/888/53 118/887/86
f 455/765/250 69/766/54 68/888/53
f 455/765/250 119/763/87 335/722/211 114/651/83 454/641/249
f 456/571/251 305/558/197 46/637/34 454/641/249
f 456/571/251 306/580/198 106/526/79 452/513/247
f 456/571/251 452/513/247 7/491/3 305/558/197
f 457/1767/1498 427/1756/1420 554/1774/1735
f 459/1801/1506 426/1791/1414 428/1780/1423 460/1781/1510 520/1786/1710
f 460/1781/1511 428/1780/1424 445/1742/1480 461/1743/1514 521/1761/1713
f 461/1743/1515 445/1742/1481 441/1671/1471 522/1708/1716
f 462/1447/1519 444/1446/1477 438/1403/1461 463/1406/1522 516/1429/1695
f 463/1406/1523 438/1403/1462 431/1358/1438 464/1364/1526 517/1393/1698
f 464/1364/1528 518/1361/1702 499/1383/1632
f 465/1357/1531 559/1410/290 509/1432/1673 486/1418/1601
f 466/1390/1539 482/1514/253 557/1467/288
f 467/1415/1544 466/1390/1538 430/1374/1434 437/1405/1455
f 467/1415/1547 468/1499/1551 469/1652/1554 470/1730/1557
f 467/1415/1548 470/1730/1558 489/1658/254 490/1519/255
f 468/1499/1549 467/1415/1545 437/1405/1456 433/1482/1446
f 470/1730/1556 436/1722/1452 427/1756/1419 457/1767/1494
f 470/1730/1559 457/1767/1496 489/1658/254
f 470/1730/1555 469/1652/1553 432/1628/1444 436/1722/1451
f 476/1391/1577 499/1383/1635 518/1361/1704
f 477/1766/1579 545/1776/281 552/1794/1724 519/1795/1705
f 482/1514/253 466/1390/1541 490/1519/255 492/1549/257 523/1534/259
f 485/1740/1598 507/1724/1665 547/1748/283 546/1762/282
f 490/1519/255 466/1390/1540 467/1415/1546
f 491/1603/256 489/1658/254 457/1767/1497 481/1663/252 525/1635/261
f 492/1549/257 490/1519/255 489/1658/254 491/1603/256 524/1579/260
f 499/1383/1636 475/1395/1574 464/1364/1530
f 508/1402/1672 476/1391/1578 567/1378/294
f 510/1698/1678 483/1673/1592 481/1663/252 544/1720/280
f 514/1600/1691 440/1536/1468 472/1541/1564 495/1598/1617
f 514/1600/1690 495/1598/1616 471/1659/1560 441/1671/1472
f 515/1484/1694 462/1447/1521 473/1464/1567 496/1504/1621
f 515/1484/1693 496/1504/1620 472/1541/1563 440/1536/1467
f 516/1429/1697 463/1406/1525 474/1431/1570 497/1445/1625
f 516/1429/1696 497/1445/1624 473/1464/1566 462/1447/1520
f 517/1393/1700 464/1364/1529 475/1395/1572 498/1412/1629
f 517/1393/1699 498/1412/1628 474/1431/1569 463/1406/1524
f 519/1795/1706 459/1801/1508 478/1770/1584 501/1771/1641
f 519/1795/1709 501/1771/1644 477/1766/1582
f 519/1795/1708 552/1794/1726 553/1792/1731
f 520/1786/1712 460/1781/1513 479/1749/1587 502/1760/1646
f 520/1786/1711 502/1760/1645 478/1770/1583 459/1801/1507
f 521/1761/1715 461/1743/1517 480/1714/1590 503/1734/1650
f 521/1761/1714 503/1734/1649 479/1749/1586 460/1781/1512
f 522/1708/1718 441/1671/1473 471/1659/1561 504/1694/1654
f 522/1708/1717 504/1694/1653 480/1714/1589 461/1743/1516
f 523/1534/259 492/1549/257 494/1547/1614 512/1526/1686
f 523/1534/259 512/1526/1685 484/1483/1595 482/1514/253
f 524/1579/260 491/1603/256 493/1602/1611 511/1578/1682
f 524/1579/260 511/1578/1681 494/1547/1613 492/1549/257
f 525/1635/261 481/1663/252 483/1673/1593 505/1641/1658
f 525/1635/261 505/1641/1657 493/1602/1610 491/1603/256
f 526/1591/262 495/1598/1619 472/1541/1565 496/1504/1623 543/1538/279
f 526/1591/262 513/1584/258 527/1640/263
f 527/1640/263 504/1694/1655 471/1659/1562 495/1598/1618 526/1591/262
f 527/1640/263 513/1584/258 528/1669/264
f 528/1669/264 503/1734/1651 480/1714/1591 504/1694/1656 527/1640/263
f 528/1669/264 513/1584/258 529/1684/265
f 529/1684/265 502/1760/1647 479/1749/1588 503/1734/1652 528/1669/264
f 529/1684/265 513/1584/258 530/1689/266
f 530/1689/266 501/1771/1642 478/1770/1585 502/1760/1648 529/1684/265
f 530/1689/266 513/1584/258 531/1676/267
f 531/1676/267 500/1752/1637 477/1766/1580 501/1771/1643 530/1689/266
f 531/1676/267 513/1584/258 532/1667/268
f 532/1667/268 507/1724/1666 485/1740/1599 500/1752/1638 531/1676/267
f 532/1667/268 513/1584/258 533/1653/269
f 533/1653/269 510/1698/1679 488/1710/1608 507/1724/1667 532/1667/268
f 533/1653/269 513/1584/258 534/1613/270
f 534/1613/270 505/1641/1659 483/1673/1594 510/1698/1680 533/1653/269
f 534/1613/270 513/1584/258 535/1581/271
f 535/1581/271 511/1578/1683 493/1602/1612 505/1641/1660 534/1613/270
f 535/1581/271 513/1584/258 536/1545/272
f 536/1545/272 512/1526/1687 494/1547/1615 511/1578/1684 535/1581/271
f 536/1545/272 513/1584/258 537/1527/273
f 537/1527/273 506/1457/1661 484/1483/1596 512/1526/1688 536/1545/272
f 537/1527/273 513/1584/258 538/1503/274
f 538/1503/274 509/1432/1676 487/1442/1606 506/1457/1664 537/1527/273
f 538/1503/274 513/1584/258 539/1481/275
f 539/1481/275 508/1402/1669 486/1418/1602 509/1432/1674 538/1503/274
f 539/1481/275 513/1584/258 540/1472/276
f 540/1472/276 499/1383/1633 476/1391/1576 508/1402/1670 539/1481/275
f 540/1472/276 513/1584/258 541/1489/277
f 541/1489/277 498/1412/1630 475/1395/1573 499/1383/1634 540/1472/276
f 541/1489/277 513/1584/258 542/1522/278
f 542/1522/278 497/1445/1626 474/1431/1571 498/1412/1631 541/1489/277
f 542/1522/278 513/1584/258 543/1538/279
f 543/1538/279 496/1504/1622 473/1464/1568 497/1445/1627 542/1522/278
f 543/1538/279 513/1584/258 526/1591/262
f 545/1776/281 477/1766/1581 500/1752/1639
f 545/1776/281 551/1783/286 552/1794/1727
f 546/1762/282 545/1776/281 500/1752/1640 485/1740/1600
f 546/1762/282 547/1748/283 458/1790/1502 551/1783/286
f 548/1732/284 488/1710/1607 510/1698/1677 544/1720/280
f 548/1732/284 544/1720/280 550/1754/285
f 548/1732/284 547/1748/283 507/1724/1668 488/1710/1609
f 549/1777/1721 458/1790/1505 550/1754/285
f 550/1754/285 458/1790/1503 547/1748/283 548/1732/284
f 550/1754/285 544/1720/280 481/1663/252 457/1767/1495 549/1777/1720
f 551/1783/286 545/1776/281 546/1762/282
f 552/1794/1723 458/1790/1501 425/1793/1411 553/1792/1729
f 552/1794/1725 551/1783/286 458/1790/1504
f 553/1792/1730 426/1791/1415 459/1801/1509 519/1795/1707
f 554/1774/1736 549/1777/1722 457/1767/1499
f 557/1467/288 482/1514/253 484/1483/1597 506/1457/1663
f 557/1467/288 558/1438/289 466/1390/1542
f 558/1438/289 557/1467/288 506/1457/1662 487/1442/1605
f 559/1410/290 558/1438/289 487/1442/1604 509/1432/1675
f 560/1377/1745 465/1357/1533 429/1349/1426 561/1355/1748
f 560/1377/1743 466/1390/1543 558/1438/289 559/1410/290
f 560/1377/1744 559/1410/290 465/1357/1532
f 561/1355/1747 430/1374/1433 466/1390/1537 560/1377/1742
f 565/1352/1753 429/1349/1429 465/1357/1535 566/1359/1756
f 566/1359/1757 465/1357/1536 567/1378/294
f 566/1359/1754 518/1361/1701 464/1364/1527 431/1358/1439 565/1352/1751
f 567/1378/294 465/1357/1534 486/1418/1603 508/1402/1671
f 567/1378/294 476/1391/1575 518/1361/1703 566/1359/1755
f 568/1026/295 60/747/47 397/745/223
f 568/1026/295 397/745/223 396/1124/222
f 584/1206/311 108/1120/814 422/1121/1403 113/1122/823 585/1207/312
f 585/1207/312 139/1305/104 138/1304/103 584/1206/311
f 618/549/1786 872/609/2183 922/607/2304 957/537/514
f 629/994/1815 711/837/400 791/894/2069 792/976/2072
f 637/1027/1820 629/994/1816 792/976/2073 793/975/2076
f 662/182/1842 895/159/2247 911/157/2270 912/180/2272
f 662/182/1843 912/180/2273 913/211/2275 887/214/2213 1231/197/2853
f 663/37/1846 889/23/2223 931/16/2334 932/32/2336
f 664/14/1850 890/13/2227 929/6/2328 930/7/2330
f 677/360/1862 853/364/2150 941/373/2364 942/369/2366
f 678/332/1867 860/307/2178 937/317/2352 938/338/2354
f 680/363/1872 852/351/2146 939/366/2358 940/370/2360
f 683/126/1876 854/98/2154 953/101/2403 954/137/2405
f 685/25/1880 856/18/2163 947/31/2385 948/34/2387
f 686/71/1883 855/52/2158 951/57/2397 952/75/2399
f 688/38/1889 857/24/2167 949/35/2391 950/43/2393
f 699/453/392 694/395/1894 1012/327/2535
f 701/653/393 900/617/507 923/629/2308 924/670/2310
f 703/949/394 50/948/38 68/888/53 705/889/396
f 705/889/396 68/888/53 1020/767/547
f 705/889/396 902/834/509 927/835/2320 928/890/2322
f 706/768/397 903/723/510 925/731/2314 926/772/2316
f 709/1252/398 11/1251/6 56/1097/43 704/1099/395
f 710/1805/399 9/1806/5 94/1678/71 714/1666/403 868/1725/493
f 710/1805/399 868/1725/493 945/1713/2378 946/1788/2380
f 711/837/400 28/676/19 34/675/24 712/861/401
f 711/837/400 712/861/401 790/895/2064 791/894/2068
f 712/861/401 34/675/24 9/677/5 710/879/399
f 713/1314/402 77/1313/58 11/1251/6 709/1252/398
f 714/1666/403 863/1521/488 943/1502/2372 944/1626/2374
f 743/1067/430 704/1099/395 56/1097/43 154/1066/118
f 743/1067/430 739/1036/426 962/1037/519 963/1068/520
f 744/646/1936 735/561/1932 966/565/523 967/649/524
f 774/108/2009 777/111/2020 778/140/2024 779/138/2027
f 776/729/2017 775/726/2014 780/685/2030 781/705/2032
f 782/541/2037 783/378/2039 787/387/2054 786/532/2051
f 783/378/2040 774/108/2010 779/138/2028 787/387/2055
f 785/545/2045 776/729/2018 781/705/2033 789/538/2060
f 786/532/2048 780/685/2029 775/726/2013 782/541/2036
f 787/387/2052 779/138/2026 778/140/2023 788/392/2056
f 788/392/2059 778/140/2025 777/111/2021 784/380/2042
f 788/392/2057 789/538/2061 786/532/2049 787/387/2053
f 789/538/2062 781/705/2034 780/685/2031 786/532/2050
f 789/538/2063 788/392/2058 784/380/2041 785/545/2046
f 790/895/2065 712/861/401 637/1027/1821 793/975/2077
f 790/449/2066 793/294/2078 794/301/2081 795/436/2084
f 791/448/2070 790/449/2067 795/436/2085 796/440/2087
f 792/288/2074 791/448/2071 796/440/2088 797/295/2090
f 794/301/2082 793/294/2079 792/288/2075 797/295/2091
f 797/295/2089 796/440/2086 795/436/2083 794/301/2080
f 804/185/449 641/204/353 753/153/439 806/150/451
f 804/185/449 799/99/444 632/124/345 808/231/453
f 805/121/450 752/130/438 751/112/437 809/90/454
f 805/121/450 800/53/445 801/65/446 806/150/451
f 806/150/451 753/153/439 752/130/438 805/121/450
f 806/150/451 801/65/446 799/99/444 804/185/449
f 807/310/452 754/341/440 641/204/353 808/231/453
f 808/231/453 632/124/345 807/310/452
f 808/231/453 641/204/353 804/185/449
f 809/90/454 802/44/447 800/53/445 805/121/450
f 844/194/2128 858/165/2171 955/171/2409 956/201/2411
f 851/276/2140 859/233/2174 935/239/2345 936/279/2348
f 852/351/2145 678/332/1868 938/338/2355 939/366/2357
f 853/364/2149 680/363/1873 940/370/2361 941/373/2363
f 854/98/2153 686/71/1884 952/75/2400 953/101/2402
f 855/52/2157 688/38/1890 950/43/2394 951/57/2396
f 856/18/2162 620/15/1795 946/26/2381 947/31/2384
f 857/24/2166 685/25/1881 948/34/2388 949/35/2390
f 858/165/2170 683/126/1877 954/137/2406 955/171/2408
f 860/307/2177 851/276/2141 936/279/2349 937/317/2351
f 862/1233/487 667/1223/1855 622/1126/1800 964/1127/521
f 862/1233/487 673/1235/376 680/1282/1870 853/1280/2147
f 862/1233/487 853/1280/2148 677/1283/1861 667/1223/1852
f 863/1521/488 714/1666/403 94/1678/71 88/1368/67 727/1370/415
f 868/1725/493 714/1666/403 944/1626/2375 945/1713/2377
f 872/353/2182 891/355/2231 921/347/2300 922/346/2303
f 873/352/2186 892/343/2235 919/335/2294 920/344/2296
f 875/331/2190 893/319/2239 917/315/2288 918/329/2290
f 878/56/2193 888/47/2219 933/46/2340 934/55/2342
f 879/284/2200 894/272/2243 915/267/2282 916/282/2284
f 885/135/2204 897/107/2254 909/103/2264 910/128/2266
f 886/87/2209 896/64/2248 907/63/2257 908/86/2260
f 887/214/2214 913/211/2276 914/236/2278 644/240/1826 1234/227/2856
f 888/47/2218 663/37/1847 932/32/2337 933/46/2339
f 889/23/2222 664/14/1851 930/7/2331 931/16/2333
f 890/13/2226 660/17/1838 928/10/2323 929/6/2327
f 891/355/2230 873/352/2187 920/344/2297 921/347/2299
f 892/343/2234 875/331/2191 918/329/2291 919/335/2293
f 893/319/2238 879/284/2201 916/282/2285 917/315/2287
f 894/272/2242 644/240/1827 914/236/2279 915/267/2281
f 895/159/2246 885/135/2205 910/128/2267 911/157/2269
f 897/107/2253 886/87/2210 908/86/2261 909/103/2263
f 901/425/508 649/430/360 738/579/425 966/565/523
f 901/425/508 651/409/1829 660/162/1837 890/167/2224
f 901/425/508 890/167/2225 664/166/1849 649/430/360
f 902/834/509 706/768/397 926/772/2317 927/835/2319
f 903/723/510 701/653/393 924/670/2311 925/731/2313
f 907/63/2258 896/64/2249 878/56/2194 934/55/2343
f 922/607/2305 874/581/497 693/527/389 957/537/514
f 922/607/2301 923/629/2306 900/617/507 874/581/497
f 928/890/2324 660/891/1839 651/951/1832 959/950/516
f 934/55/2341 933/46/2338 932/32/2335 931/16/2332 930/7/2329 929/6/2326 928/10/2321 927/88/2318 926/149/2315 925/192/2312 924/241/2309 923/283/2307 922/346/2302 921/347/2298 920/344/2295 919/335/2292 918/329/2289 917/315/2286 916/282/2283 915/267/2280 914/236/2277 913/211/2274 912/180/2271 911/157/2268 910/128/2265 909/103/2262 908/86/2259 907/63/2256
f 935/239/2346 859/233/2175 844/194/2129 956/201/2412
f 942/1371/2369 727/1370/415 713/1314/402 961/1315/518
f 942/1371/2367 943/1502/2371 863/1521/488 727/1370/415
f 946/896/2382 620/1051/1796 637/1027/1823 712/861/401 710/879/399
f 956/201/2410 955/171/2407 954/137/2404 953/101/2401 952/75/2398 951/57/2395 950/43/2392 949/35/2389 948/34/2386 947/31/2383 946/26/2379 945/76/2376 944/145/2373 943/221/2370 942/369/2365 941/373/2362 940/370/2359 939/366/2356 938/338/2353 937/317/2350 936/279/2347 935/239/2344
f 957/537/514 693/527/389 699/452/392 973/461/528
f 958/1253/515 622/1254/1798 667/1316/1854 961/1315/518
f 958/1253/515 709/1252/398 704/1099/395 960/1100/517
f 959/950/516 651/951/1831 735/1039/1931 962/1037/519
f 959/950/516 703/949/394 705/889/396 928/890/2325
f 960/1100/517 657/1101/1835 622/1254/1799 958/1253/515
f 960/1100/517 704/1099/395 743/1067/430 963/1068/520
f 961/1315/518 667/1316/1853 677/1372/1863 942/1371/2368
f 961/1315/518 713/1314/402 709/1252/398 958/1253/515
f 962/1037/519 735/1039/1929 744/1069/1933 963/1068/520
f 962/1037/519 739/1036/426 703/949/394 959/950/516
f 963/1068/520 744/1069/1935 657/1101/1836 960/1100/517
f 964/1127/521 622/1126/1797 657/744/1833 965/746/522
f 964/1127/521 638/1128/350 673/1235/376 862/1233/487
f 964/1127/521 965/746/522 1132/1030/591
f 965/746/522 655/750/365 1132/1030/591
f 965/746/522 657/744/1834 744/646/1934 967/649/524
f 966/565/523 735/561/1930 651/409/1830 901/425/508
f 966/565/523 738/579/425 742/656/429 967/649/524
f 967/649/524 742/656/429 655/750/365 965/746/522
f 971/476/526 618/549/1787 957/537/514
f 971/476/526 957/537/514 973/461/528
f 971/476/526 973/461/528 972/459/527
f 973/215/528 699/453/392 1012/327/2534 1013/248/2539
f 999/1486/2496 1003/1408/2506 1032/1417/2595 1033/1501/2599
f 1002/1726/2501 998/1634/2493 1034/1655/2603 1035/1733/2605
f 1003/1408/2505 996/1376/2484 1031/1392/2588 1032/1417/2594
f 1006/1537/2517 1037/1543/2613 1061/1513/2670 1080/1488/2743
f 1007/1672/2522 1036/1662/2610 1060/1599/2666 1079/1601/2740
f 1013/248/2536 970/184/2418 969/127/2413 972/178/527 973/215/528
f 1015/540/2540 694/395/1891 699/453/392 1018/556/545
f 1017/514/544 693/527/389 874/581/497 1021/572/548
f 1018/556/545 37/683/26 27/684/726 1015/540/2543
f 1018/428/545 699/452/392 693/527/389 1017/514/544
f 1018/428/545 1017/514/544 7/491/3 37/398/26
f 1019/644/546 46/637/34 305/558/197 1021/572/548
f 1019/644/546 701/653/393 903/723/510 706/768/397 1020/767/547
f 1020/767/547 69/766/54 46/637/34 1019/644/546
f 1020/767/547 706/768/397 902/834/509 705/889/396
f 1021/572/548 874/581/497 900/617/507 701/653/393 1019/644/546
f 1022/1769/2544 993/1757/2469 1002/1726/2502 1035/1733/2606
f 1022/1769/2549 1114/1779/2772 1119/1775/2786
f 1023/1796/2554 1116/1785/583 1117/1800/2775
f 1024/1803/2557 1043/1772/2633 1067/1763/2695 1085/1789/2761
f 1025/1784/2562 1044/1751/2636 1068/1739/2699 1086/1764/2764
f 1026/1745/2566 1045/1716/2639 1069/1695/2703 1087/1709/2767
f 1027/1454/2570 1038/1469/2616 1062/1450/2674 1081/1430/2746
f 1028/1409/2574 1039/1433/2619 1063/1413/2678 1082/1396/2749
f 1029/1373/2580 1040/1401/2624 1064/1389/2686
f 1030/1360/2582 1123/1411/586 1124/1379/2794
f 1031/1392/2592 1122/1440/585 1121/1470/584
f 1032/1417/2596 1031/1392/2590 1055/1523/552
f 1035/1733/2607 1034/1655/2604 1033/1501/2601 1032/1417/2597
f 1042/1768/2632 1066/1773/2694 1084/1802/2759
f 1047/1515/550 1049/1487/2645 1077/1530/2735 1088/1535/556
f 1050/1741/2650 1065/1753/2690 1110/1778/578 1111/1765/579
f 1051/1419/2651 1074/1434/2723 1123/1411/586 1030/1360/2581
f 1052/1444/2655 1071/1458/2712 1121/1470/584 1122/1440/585
f 1053/1711/2659 1072/1727/2718 1112/1750/580 1113/1737/581
f 1054/1661/551 1022/1769/2546 1035/1733/2609
f 1055/1523/552 1054/1661/551 1035/1733/2608 1032/1417/2598
f 1056/1609/553 1058/1605/2660 1070/1651/2707 1090/1636/558
f 1057/1555/554 1059/1554/2663 1076/1580/2731 1089/1582/557
f 1060/1599/2667 1037/1543/2614 1006/1537/2518 1079/1601/2741
f 1061/1513/2671 1038/1469/2617 1027/1454/2571 1080/1488/2744
f 1062/1450/2675 1039/1433/2620 1028/1409/2575 1081/1430/2747
f 1063/1413/2679 1040/1401/2622 1029/1373/2579 1082/1396/2750
f 1064/1389/2682 1083/1369/2752 1029/1373/2578
f 1065/1753/2689 1042/1768/2631 1110/1778/578
f 1066/1773/2691 1043/1772/2634 1024/1803/2558 1084/1802/2756
f 1067/1763/2696 1044/1751/2637 1025/1784/2563 1085/1789/2762
f 1068/1739/2700 1045/1716/2640 1026/1745/2567 1086/1764/2765
f 1069/1695/2704 1036/1662/2611 1007/1672/2523 1087/1709/2768
f 1070/1651/2708 1048/1674/2643 1046/1664/549 1090/1636/558
f 1071/1458/2713 1049/1487/2647 1047/1515/550 1121/1470/584
f 1073/1404/2721 1051/1419/2653 1030/1360/2584 1131/1381/590
f 1074/1434/2725 1052/1444/2654 1122/1440/585 1123/1411/586
f 1076/1580/2732 1058/1605/2661 1056/1609/553 1089/1582/557
f 1077/1530/2736 1059/1554/2664 1057/1555/554 1088/1535/556
f 1080/1488/2742 1027/1454/2568 1010/1451/2526 1006/1537/2516
f 1081/1430/2745 1028/1409/2572 1004/1407/2511 1010/1451/2527 1027/1454/2569
f 1082/1396/2748 1029/1373/2576 997/1362/2488 1004/1407/2512 1028/1409/2573
f 1083/1369/2754 1064/1389/2685 1041/1394/2627
f 1084/1802/2757 1024/1803/2559 992/1797/2465 1118/1798/2780
f 1084/1802/2755 1117/1800/2774 1110/1778/578 1042/1768/2629
f 1085/1789/2760 1025/1784/2560 994/1782/2473 992/1797/2464 1024/1803/2556
f 1086/1764/2763 1026/1745/2564 1011/1744/2530 994/1782/2474 1025/1784/2561
f 1087/1709/2766 1007/1672/2521 1011/1744/2531 1026/1745/2565
f 1088/1535/556 1057/1555/554 1055/1523/552 1031/1392/2591 1047/1515/550
f 1089/1582/557 1056/1609/553 1054/1661/551 1055/1523/552 1057/1555/554
f 1090/1636/558 1046/1664/549 1022/1769/2547 1054/1661/551 1056/1609/553
f 1091/1594/559 1060/1599/2668 1036/1662/2612 1069/1695/2705 1092/1647/560
f 1091/1594/559 1078/1588/555 1108/1540/576
f 1092/1647/560 1069/1695/2706 1045/1716/2641 1068/1739/2701 1093/1670/561
f 1092/1647/560 1078/1588/555 1091/1594/559
f 1093/1670/561 1068/1739/2702 1044/1751/2638 1067/1763/2697 1094/1687/562
f 1093/1670/561 1078/1588/555 1092/1647/560
f 1094/1687/562 1067/1763/2698 1043/1772/2635 1066/1773/2692 1095/1690/563
f 1094/1687/562 1078/1588/555 1093/1670/561
f 1095/1690/563 1066/1773/2693 1042/1768/2630 1065/1753/2687 1096/1677/564
f 1095/1690/563 1078/1588/555 1094/1687/562
f 1096/1677/564 1065/1753/2688 1050/1741/2649 1072/1727/2716 1097/1668/565
f 1096/1677/564 1078/1588/555 1095/1690/563
f 1097/1668/565 1072/1727/2717 1053/1711/2658 1075/1701/2729 1098/1656/566
f 1097/1668/565 1078/1588/555 1096/1677/564
f 1098/1656/566 1075/1701/2730 1048/1674/2644 1070/1651/2709 1099/1616/567
f 1098/1656/566 1078/1588/555 1097/1668/565
f 1099/1616/567 1070/1651/2710 1058/1605/2662 1076/1580/2733 1100/1583/568
f 1099/1616/567 1078/1588/555 1098/1656/566
f 1100/1583/568 1076/1580/2734 1059/1554/2665 1077/1530/2737 1101/1548/569
f 1100/1583/568 1078/1588/555 1099/1616/567
f 1101/1548/569 1077/1530/2738 1049/1487/2646 1071/1458/2711 1102/1533/570
f 1101/1548/569 1078/1588/555 1100/1583/568
f 1102/1533/570 1071/1458/2714 1052/1444/2656 1074/1434/2726 1103/1512/571
f 1102/1533/570 1078/1588/555 1101/1548/569
f 1103/1512/571 1074/1434/2724 1051/1419/2652 1073/1404/2719 1104/1485/572
f 1103/1512/571 1078/1588/555 1102/1533/570
f 1104/1485/572 1073/1404/2720 1041/1394/2626 1064/1389/2683 1105/1476/573
f 1104/1485/572 1078/1588/555 1103/1512/571
f 1105/1476/573 1064/1389/2684 1040/1401/2623 1063/1413/2680 1106/1490/574
f 1105/1476/573 1078/1588/555 1104/1485/572
f 1106/1490/574 1063/1413/2681 1039/1433/2621 1062/1450/2676 1107/1524/575
f 1106/1490/574 1078/1588/555 1105/1476/573
f 1107/1524/575 1062/1450/2677 1038/1469/2618 1061/1513/2672 1108/1540/576
f 1107/1524/575 1078/1588/555 1106/1490/574
f 1108/1540/576 1061/1513/2673 1037/1543/2615 1060/1599/2669 1091/1594/559
f 1108/1540/576 1078/1588/555 1107/1524/575
f 1109/1721/577 1046/1664/549 1048/1674/2642 1075/1701/2728
f 1109/1721/577 1075/1701/2727 1053/1711/2657 1113/1737/581
f 1111/1765/579 1110/1778/578 1116/1785/583
f 1111/1765/579 1112/1750/580 1072/1727/2715 1050/1741/2648
f 1113/1737/581 1112/1750/580 1023/1796/2553 1115/1755/582
f 1114/1779/2770 1022/1769/2545 1046/1664/549 1109/1721/577 1115/1755/582
f 1115/1755/582 1023/1796/2555 1114/1779/2771
f 1115/1755/582 1109/1721/577 1113/1737/581
f 1116/1785/583 1023/1796/2552 1112/1750/580 1111/1765/579
f 1117/1800/2777 1116/1785/583 1110/1778/578
f 1118/1798/2779 991/1799/2461 1023/1796/2551 1117/1800/2773
f 1118/1798/2781 1117/1800/2776 1084/1802/2758
f 1119/1775/2785 993/1757/2470 1022/1769/2548
f 1119/1775/2784 1114/1779/2769 1023/1796/2550 991/1799/2460
f 1121/1470/584 1047/1515/550 1031/1392/2589
f 1123/1411/586 1122/1440/585 1031/1392/2593 1124/1379/2793
f 1124/1379/2792 1031/1392/2587 996/1376/2483 1125/1356/2797
f 1125/1356/2798 995/1350/2476 1030/1360/2583 1124/1379/2795
f 1129/1354/2801 997/1362/2489 1029/1373/2577 1083/1369/2751 1130/1366/2804
f 1130/1366/2806 1030/1360/2585 995/1350/2479 1129/1354/2803
f 1130/1366/2805 1083/1369/2753 1041/1394/2625 1131/1381/590
f 1131/1381/590 1030/1360/2586 1130/1366/2807
f 1131/1381/590 1041/1394/2628 1073/1404/2722
f 1132/1030/591 638/1128/350 964/1127/521
f 1148/1204/607 725/1302/413 726/1303/414 1149/1205/608
f 1149/1205/608 700/1119/1909 988/1118/2453 695/1117/1900 1148/1204/607
f 1174/1180/626 1175/1157/627 1176/1155/628 1177/1188/629
f 1178/1159/630 1179/1189/631 1180/1190/632 1181/1154/633
f 1228/1560/2850 432/1628/1443 469/1652/1552 468/1499/1550 433/1482/1447
f 1235/1564/2859 999/1486/2497 1033/1501/2600 1034/1655/2602 998/1634/2492
g miura-body_miura-body_auv
usemtl miura-body_auv
f 2/1562/687 303/1475/1127 323/1477/1175 337/1546/213
f 3/740/693 5/820/2 20/816/12 81/737/770
f 8/937/4 1/943/1 5/820/2 12/822/7
f 12/822/7 5/820/2 3/740/692 10/743/703
f 13/929/8 163/932/126 164/923/127
f 14/1129/9 63/1176/49 1205/1178/656 1222/1132/672
f 14/1129/9 141/1085/106 109/1109/815 1225/1115/674
f 15/1428/10 136/1388/101 135/1328/100 1210/1322/660
f 15/1428/10 421/1386/237 430/1460/1432
f 16/681/708 81/737/774 165/706/128
f 17/402/11 277/394/183 610/447/330
f 18/742/716 201/749/968 208/780/989 209/825/993 410/831/1370
f 20/816/12 5/820/2 1/943/1 13/929/8
f 31/472/21 17/402/11 610/447/330
f 31/472/21 172/434/859 239/470/1051
f 31/472/21 262/488/169 269/485/176
f 35/188/733 19/139/718 102/191/75 297/189/191
f 35/188/736 97/302/793 287/296/1107
f 39/203/28 276/230/182 280/314/184
f 43/1575/32 307/1461/1135 325/1455/1183
f 44/1539/33 304/1474/1131 324/1471/1179 338/1561/214
f 47/1572/35 429/1532/1425 565/1557/1750
f 49/1657/37 43/1575/32 312/1570/201
f 49/1657/37 312/1570/201 407/1608/231
f 57/1009/44 61/1007/48 160/987/123
f 70/1214/55 51/1145/39 54/1142/42 74/1211/56
f 70/1214/55 1223/1242/673 318/1241/1157 328/1236/1196
f 75/1288/57 71/1317/754 327/1298/1191
f 75/1288/57 317/1276/1152 1237/1271/681 1236/1273/680
f 79/712/60 22/781/14 227/783/141
f 85/643/65 82/687/62 80/700/61 86/630/66
f 85/643/65 263/620/170 256/655/163
f 86/634/66 80/709/61 84/708/64 92/635/69
f 89/647/779 291/632/1123 581/657/308
f 92/635/69 84/708/64 79/712/60 90/671/68
f 92/635/69 90/671/68 300/612/194
f 93/466/70 17/402/11 31/472/21
f 93/466/70 31/472/21 269/485/176
f 93/466/70 269/485/176 272/495/179
f 96/464/72 93/475/70 272/510/179 274/525/181 295/486/189
f 99/399/73 17/406/11 93/475/70 96/464/72 296/455/190
f 104/152/77 39/213/28 101/219/74 105/156/78
f 105/156/78 18/92/713 104/152/77
f 107/1747/806 446/1736/1483 443/1700/243 448/1693/244
f 108/1511/812 425/1529/1412 554/1496/1737
f 113/1341/821 120/1269/830 134/1268/99 585/1343/312
f 113/1341/824 434/1336/239 1215/1297/665
f 115/1607/828 556/1552/1741 583/1568/310 582/1621/309
f 130/173/95 103/176/76 42/220/31 129/217/94
f 132/1135/97 25/1131/17 65/1193/51 133/1194/98
f 133/1194/98 65/1193/51 66/1267/52 134/1268/99 1226/1231/675
f 133/1194/98 121/1169/835 109/1109/816 132/1135/97
f 134/1268/99 66/1267/52 41/1348/30 139/1346/104 585/1343/312
f 136/1441/101 45/1380/738 135/1375/100
f 136/1441/101 311/1437/1146 326/1414/1187
f 137/1518/102 15/1428/10 562/1492/291
f 137/1569/102 47/1625/35 406/1638/230
f 137/1518/102 136/1388/101 15/1428/10
f 139/1346/104 41/1348/30 26/1505/18 138/1507/103
f 141/1085/106 14/1129/9 146/1089/111
f 143/1057/108 61/1007/48 57/1009/44
f 143/1057/108 147/1083/112 150/1098/114 155/1062/119
f 144/944/109 57/1009/44 160/987/123 161/930/124
f 146/1089/111 142/1060/107 141/1085/106
f 147/1083/112 54/1142/42 51/1145/39 150/1098/114
f 147/1055/112 142/1060/107 146/1089/111
f 147/1055/112 143/1041/108 142/1060/107
f 162/813/125 20/816/12 13/929/8 164/923/127
f 164/921/127 163/931/126 144/944/109 161/930/124
f 165/706/128 82/687/62 85/643/65
f 165/706/128 85/643/65 281/666/185
f 165/706/128 281/666/185 616/673/336
f 170/1025/133 61/1007/48 143/1057/108 155/1062/119 58/1052/45
f 174/271/867 241/372/1058 280/314/184
f 195/119/949 18/92/712 105/156/78 19/139/719
f 197/892/135 195/733/950 19/732/720 124/882/90
f 200/854/961 199/848/958 197/892/135 128/893/840
f 201/749/965 18/742/714 195/733/952 198/748/954
f 207/779/984 198/748/953 195/733/951 197/892/135 199/848/957 206/824/981
f 222/883/136 169/859/132 170/1025/133 58/1052/45
f 223/774/137 22/781/14 79/712/60 84/708/64
f 224/753/138 82/687/62 165/706/128 226/751/140
f 225/758/139 80/700/61 82/687/62 224/753/138
f 225/760/139 223/774/137 84/708/64 80/709/61
f 226/751/140 165/706/128 81/737/773
f 227/783/141 22/781/14 222/883/136
f 231/845/145 169/859/132 222/883/136 22/781/14
f 233/769/147 226/751/140 81/737/771 20/816/12 162/813/125 166/775/129
f 238/516/1045 261/524/168 262/488/169
f 239/470/1048 597/480/1774 171/482/851 31/472/21
f 256/655/163 235/669/1041 281/666/185
f 256/655/163 257/625/164 187/626/917 235/669/1040
f 257/625/164 256/655/163 263/620/170 264/611/171
f 257/625/164 258/605/165 248/619/1069 604/622/1784
f 258/605/165 257/625/164 264/611/171 265/570/172
f 258/605/165 259/563/166 247/560/1064 608/589/328
f 259/563/166 258/605/165 265/570/172 266/555/173
f 259/563/166 260/548/167 185/522/910 247/560/1063
f 260/548/167 259/563/166 266/555/173 267/534/174
f 261/524/168 238/516/1046 596/520/1773 609/531/329
f 262/488/169 31/472/21 171/482/853
f 262/488/169 171/482/855 238/516/1047
f 262/488/169 261/524/168 268/512/175 269/485/176
f 263/620/170 85/643/65 86/630/66
f 264/611/171 263/620/170 86/630/66 270/583/177
f 265/570/172 264/611/171 270/583/177
f 266/555/173 265/570/172 270/583/177 271/551/178
f 267/534/174 268/512/175 261/524/168 609/531/329
f 268/512/175 267/534/174 271/551/178
f 268/512/175 271/551/178 272/495/179
f 270/586/177 86/634/66 92/635/69 273/573/180
f 271/551/178 267/534/174 266/555/173
f 272/495/179 269/485/176 268/512/175
f 273/573/180 271/552/178 270/586/177
f 273/573/180 274/525/181 271/552/178
f 274/525/181 272/510/179 271/552/178
f 274/525/181 273/573/180 275/542/1071
f 276/230/182 39/203/28 278/208/1076
f 277/394/183 173/386/860 240/424/1052
f 278/208/1077 39/203/28 104/143/77 279/148/1081
f 278/208/1078 279/148/1084 412/169/1378 416/210/1391
f 279/148/1082 104/143/77 18/74/715 410/78/1369
f 280/314/184 276/230/182 174/271/865
f 281/666/185 85/643/65 256/655/163
f 281/666/185 235/669/1042 594/678/1769 616/673/336
f 282/614/1088 290/568/1121 300/612/194 1239/638/683
f 286/379/1101 100/322/801 102/191/75 298/206/192
f 286/379/1102 298/206/192 101/219/74 612/312/332
f 287/296/1106 4/290/696 35/188/731
f 290/568/1118 275/542/1073 300/612/194
f 291/632/1126 301/662/195 581/657/308
f 292/720/186 78/716/59 23/838/15 569/827/296
f 292/720/186 83/725/63 91/661/785 283/659/1090
f 292/720/186 283/659/1089 89/647/778 78/716/59
f 295/486/189 274/525/181 275/542/1072 289/492/1115
f 295/486/189 289/492/1114 95/468/788 96/464/72
f 296/455/190 96/464/72 95/468/789 285/451/1098
f 296/455/190 285/451/1097 98/396/796 99/399/73
f 297/189/191 102/191/75 100/322/802 288/303/1111
f 297/189/191 288/303/1110 97/302/792 35/188/732
f 298/206/192 102/191/75 19/139/717 105/156/78 101/219/74
f 300/612/194 90/671/68 1239/638/683
f 300/612/194 275/542/1070 273/573/180 92/635/69
f 302/713/196 79/712/60 227/783/141
f 302/713/196 227/783/141 316/806/205
f 302/713/196 301/662/195 90/671/68 79/712/60
f 309/1049/200 58/1052/45 155/1062/119 314/1070/203
f 310/1226/1142 308/1148/199 51/1145/39 70/1214/55
f 311/1437/1145 136/1441/101 137/1569/102 312/1570/201
f 312/1570/201 43/1575/32 311/1437/1144
f 312/1570/201 137/1569/102 407/1608/231
f 313/1103/202 150/1098/114 51/1145/39 308/1148/199
f 314/1070/203 155/1062/119 150/1098/114 313/1103/202
f 315/842/204 222/883/136 58/1052/45 309/1049/200
f 316/806/205 227/783/141 222/883/136 315/842/204
f 317/1276/1153 329/1264/1201 1237/1271/681
f 323/1477/1174 304/1474/1130 44/1539/33 337/1546/213
f 324/1471/1178 307/1461/1134 43/1575/32 338/1561/214
f 325/1455/1182 311/1437/1143 43/1575/32
f 326/1414/1186 45/1380/739 136/1441/101
f 327/1298/1190 317/1276/1149 75/1288/57
f 328/1236/1197 310/1226/1141 70/1214/55
f 329/1264/1198 318/1241/1154 1223/1242/673 1237/1271/681
f 330/1150/206 52/1151/40 151/1095/115 575/1102/302
f 330/1150/206 308/1148/199 310/1226/1138 320/1208/1163
f 330/1150/206 320/1208/1162 72/1202/758 52/1151/40
f 331/1146/207 52/1151/40 72/1202/759 321/1200/1167
f 331/1146/207 53/1144/41 152/1088/116 571/1096/298
f 331/1146/207 321/1200/1166 73/1198/762 53/1144/41
f 337/1546/213 44/1539/33 131/1617/96 409/1590/233
f 400/1688/226 131/1617/96 408/1654/232
f 400/1688/226 401/1731/1360 404/1704/228
f 400/1688/226 404/1704/228 403/1675/227
f 401/1731/1361 400/1688/226 49/1657/37 406/1638/230
f 401/1731/1363 406/1638/230 47/1625/35 424/1715/238
f 402/1718/1366 424/1686/238 439/1681/241
f 402/1718/1367 439/1681/241 442/1703/242 447/1729/1487
f 403/1675/227 2/1562/690 409/1590/233
f 403/1675/227 131/1617/96 400/1688/226
f 406/1638/230 407/1608/231 137/1569/102
f 407/1608/231 406/1638/230 49/1657/37
f 408/1654/232 49/1657/37 400/1688/226
f 408/1654/232 131/1617/96 44/1539/33 338/1561/214
f 409/1590/233 2/1562/691 337/1546/213
f 409/1590/233 131/1617/96 403/1675/227
f 410/831/1368 209/825/990 200/854/962 128/893/841 411/836/1372
f 412/169/1375 130/173/95 129/217/94 416/210/1390
f 413/116/1380 103/176/76 130/173/95 414/114/1385
f 414/114/1386 130/173/95 412/169/1377 415/110/1389
f 415/110/1388 411/80/1374 128/82/842 414/114/1384
f 415/110/1387 412/169/1376 279/148/1083 410/78/1371 411/80/1373
f 416/210/1392 129/217/94 418/238/235
f 416/210/1394 418/238/235 420/235/1399
f 417/244/234 42/220/31 985/242/534
f 417/244/234 177/275/877 176/274/873 419/243/236
f 418/238/235 129/217/94 42/220/31 419/243/236
f 418/238/235 175/269/872 174/271/868 420/235/1397
f 419/243/236 42/220/31 417/244/234
f 419/243/236 176/274/874 175/269/869 418/238/235
f 420/235/1395 174/271/864 276/230/182
f 420/235/1396 276/230/182 278/208/1079
f 420/235/1398 278/208/1080 416/210/1393
f 422/1398/1402 427/1463/1418 436/1453/1450
f 423/1683/1406 107/1747/807 448/1693/244
f 424/1686/238 402/1718/1365 401/1706/1362
f 424/1686/238 438/1612/1459 439/1681/241
f 426/1597/1413 115/1607/825 423/1683/1404 428/1615/1421
f 430/1460/1431 421/1386/237 437/1449/1454
f 431/1593/1436 424/1686/238 47/1572/35
f 433/1421/1448 435/1330/240 1213/1333/663 1228/1424/2851
f 436/1453/1449 432/1426/1442 434/1336/239 113/1341/822 422/1398/1401
f 437/1449/1457 421/1386/237 38/1319/27 1214/1325/664
f 438/1612/1458 424/1686/238 431/1593/1437
f 439/1681/241 438/1612/1460 444/1633/1474
f 439/1681/241 444/1633/1475 440/1649/1465
f 440/1649/1463 442/1703/242 439/1681/241
f 441/1643/1469 443/1700/243 442/1703/242 440/1649/1464 514/1646/1689
f 442/1703/242 443/1700/243 446/1736/1482 447/1729/1488
f 448/1693/244 443/1700/243 441/1643/1470 445/1631/1478
f 448/1693/244 445/1631/1479 428/1615/1422 423/1683/1405
f 450/1759/1492 107/1747/809 423/1683/1408 451/1697/246
f 451/1697/246 423/1683/1407 115/1607/826 582/1621/309
f 554/1496/1733 427/1463/1417 422/1398/1400 108/1511/811
f 556/1552/1739 115/1607/827 426/1597/1416 553/1559/1732
f 556/1552/1738 553/1559/1728 425/1529/1409 108/1511/810
f 561/1494/1749 429/1532/1428 564/1498/293
f 562/1492/291 15/1428/10 563/1466/292
f 562/1492/291 47/1572/35 137/1518/102
f 563/1466/292 15/1428/10 430/1460/1435
f 564/1498/293 429/1532/1427 47/1572/35 562/1492/291
f 564/1498/293 562/1492/291 563/1466/292
f 564/1498/293 563/1466/292 430/1460/1430 561/1494/1746
f 565/1557/1752 431/1593/1440 47/1572/35
f 569/827/296 23/838/15 573/846/300
f 569/827/296 36/807/25 83/725/63 292/720/186
f 570/1038/297 59/1043/46 156/1075/120 572/1071/299
f 570/1038/297 60/1031/47 568/880/295 573/846/300
f 571/1096/298 151/1095/115 52/1151/40 331/1146/207
f 571/1096/298 152/1088/116 157/1063/121 572/1071/299
f 572/1071/299 156/1075/120 151/1095/115 571/1096/298
f 572/1071/299 157/1063/121 60/1031/47 570/1038/297
f 573/846/300 23/838/15 59/1043/46 570/1038/297
f 573/846/300 568/880/295 36/807/25 569/827/296
f 574/715/301 78/716/59 89/647/783
f 574/715/301 89/647/780 581/657/308
f 574/715/301 302/713/196 576/773/303
f 575/1102/302 151/1095/115 156/1075/120 578/1074/305
f 575/1102/302 313/1103/202 308/1148/199 330/1150/206
f 576/773/303 23/838/15 78/716/59 574/715/301
f 576/773/303 302/713/196 316/806/205 580/826/307
f 577/1046/304 59/1043/46 23/838/15 579/840/306
f 577/1046/304 309/1049/200 314/1070/203 578/1074/305
f 578/1074/305 156/1075/120 59/1043/46 577/1046/304
f 578/1074/305 314/1070/203 313/1103/202 575/1102/302
f 579/840/306 23/838/15 580/826/307
f 579/840/306 315/842/204 309/1049/200 577/1046/304
f 580/826/307 23/838/15 576/773/303
f 580/826/307 316/806/205 315/842/204 579/840/306
f 581/657/308 301/662/195 302/713/196 574/715/301
f 583/1568/310 555/1574/287 48/1650/36 582/1621/309
f 583/1568/310 556/1552/1740 108/1511/813 584/1509/311
f 584/1509/311 138/1507/103 26/1505/18 555/1574/287 583/1568/310
f 587/383/1763 173/386/862 277/394/183 614/376/334
f 594/678/1767 16/681/709 616/673/336
f 596/520/1771 185/522/911 260/548/167 609/531/329
f 604/622/1782 187/626/918 257/625/164
f 608/589/328 248/619/1067 258/605/165
f 608/589/328 603/567/1780 186/575/915 248/619/1068
f 609/531/329 260/548/167 267/534/174
f 610/447/330 277/394/183 240/424/1055 586/432/1761
f 610/447/330 586/432/1759 172/434/857 31/472/21
f 611/321/331 17/406/11 99/399/73 613/316/333
f 611/305/331 39/203/28 280/314/184 615/390/335
f 612/312/332 98/396/800 286/379/1105
f 612/312/332 101/219/74 39/213/28 613/316/333
f 613/316/333 39/213/28 611/321/331
f 613/316/333 99/399/73 98/396/799 612/312/332
f 614/376/334 277/394/183 17/402/11 615/390/335
f 614/376/334 280/314/184 241/372/1059 587/383/1765
f 615/390/335 17/402/11 611/305/331
f 615/390/335 280/314/184 614/376/334
f 616/673/336 16/681/711 165/706/128
f 619/739/1790 621/821/338 12/822/7 10/743/705
f 621/821/338 617/942/337 8/937/4 12/822/7
f 623/928/339 617/942/337 621/821/338 630/815/343
f 625/1427/341 723/1387/411 724/1517/412
f 625/1427/341 987/1385/535 639/1318/351 1190/1321/641
f 629/141/1813 692/158/388 628/95/1806 772/120/2003
f 632/782/345 798/884/443 754/862/440 807/847/452
f 635/471/348 627/401/342 682/465/382
f 635/471/348 756/481/1937 1159/479/2824 813/469/2102
f 635/471/348 757/433/1943 1150/431/2809 1167/446/619
f 637/195/1817 620/300/1794 856/306/2160
f 637/195/1818 685/308/1878 857/309/2164 866/196/491
f 642/1577/354 879/1439/2197 893/1456/2236
f 645/1571/356 990/1685/536 997/1592/2486
f 645/1571/356 997/1592/2490 1129/1556/2802
f 646/1660/357 974/1644/529 975/1610/530
f 648/1158/359 663/1203/1844 888/1212/2216 898/1156/505
f 649/1147/360 664/1199/1848 889/1201/2220 899/1152/506
f 650/1137/361 665/1187/370 1185/1179/637 1229/1133/676
f 652/1016/362 656/1015/366 730/1058/418
f 653/1053/363 740/1072/427 730/1058/418 656/1015/366 755/1029/441
f 653/1053/363 755/1029/441 754/862/440 798/884/443
f 661/1215/369 647/1149/358 876/1153/498 878/1229/2195
f 661/1215/369 878/1229/2196 896/1237/2251
f 665/1213/370 650/1143/361 647/1149/358 661/1215/369
f 666/1293/371 885/1277/2203 895/1299/2244
f 668/719/372 678/650/1864 852/660/2143 861/724/486
f 669/714/373 679/674/380 870/664/495 871/717/496
f 670/711/374 674/710/377 799/778/444 801/761/446
f 671/736/1856 630/815/343 621/821/338 619/739/1791
f 671/736/1859 750/707/436 802/752/447
f 674/710/377 669/714/373 632/782/345 799/778/444
f 675/642/378 672/686/375 750/707/436
f 676/631/379 670/699/374 672/686/375 675/642/378
f 676/631/379 675/642/378 832/621/470
f 678/650/1869 668/719/372 1138/718/597
f 679/674/380 669/714/373 674/710/377 681/639/381
f 679/674/380 869/613/494 1240/640/684
f 681/639/381 674/710/377 670/711/374 676/636/379
f 681/639/381 842/578/480 844/544/2124 869/613/494
f 684/467/383 683/474/1874 858/493/2168 864/490/489
f 687/403/384 686/397/1882 854/454/2151 865/457/490
f 689/223/385 692/158/388 629/141/1811 690/200/386 867/212/492
f 691/155/387 628/95/1807 692/158/388
f 692/158/388 689/223/385 640/218/352 691/155/387
f 695/1510/1897 988/1397/2450 993/1462/2467 1119/1495/2783
f 695/1510/1896 991/1528/2459 1118/1558/2778 1120/1551/2788
f 696/1110/1902 728/1084/416 624/1130/340 1232/1116/678
f 700/1340/1910 707/1265/1919 1195/1296/646
f 715/1081/1925 773/1082/442 775/1114/2012 776/1113/2015
f 716/216/404 42/220/31 103/176/76 717/172/405
f 719/1134/407 696/1110/1903 708/1170/1921 720/1192/408
f 720/1192/408 65/1193/51 25/1131/17 719/1134/407
f 721/1266/409 66/1267/52 65/1193/51 720/1192/408 1233/1230/679
f 722/1382/410 644/1384/1824 723/1443/411
f 723/1443/411 644/1384/1825 894/1416/2240
f 723/1443/411 879/1439/2202 880/1576/500
f 724/1517/412 645/1571/356 1126/1491/587
f 725/1506/413 26/1505/18 41/1348/30 726/1345/414
f 728/1084/416 729/1061/417 733/1090/421
f 729/1061/417 730/1040/418 734/1056/422
f 733/1090/421 624/1130/340 728/1084/416
f 733/1090/421 729/1061/417 734/1056/422
f 736/1106/423 647/1149/358 650/1143/361 734/1086/422
f 740/1072/427 736/1106/423 734/1086/422 730/1058/418
f 745/991/431 656/1015/366 652/1016/362
f 746/934/432 731/952/419 748/935/434 749/924/435
f 746/934/432 745/991/431 652/1016/362 731/952/419
f 749/922/435 623/928/339 630/815/343 747/812/433
f 749/922/435 748/933/434 623/928/339
f 750/707/436 626/680/1805 1173/672/625
f 750/707/436 671/736/1860 626/680/1802
f 751/776/437 747/812/433 630/815/343 671/736/1857 802/752/447 809/770/454
f 756/481/1939 635/471/348 831/487/469
f 759/270/1951 845/229/482 849/313/484
f 772/1196/2004 773/1082/442 711/1087/400 629/1197/1814
f 774/1185/2008 772/1196/2006 628/1195/1808 777/1182/2019
f 782/1141/2035 775/1114/2011 773/1082/442 772/1196/2005 774/1185/2007 783/1162/2038
f 798/884/443 632/782/345 803/784/448
f 800/754/445 672/686/375 670/699/374 801/759/446
f 802/752/447 750/707/436 672/686/375 800/754/445
f 803/784/448 632/782/345 669/714/373
f 803/784/448 669/714/373 871/717/496
f 810/668/2094 764/627/1971 826/624/464 825/654/463
f 812/515/2101 756/481/1941 831/487/469
f 813/469/2105 757/433/1945 635/471/348
f 814/423/2106 758/385/1946 846/393/483
f 816/559/2117 762/521/1964 829/547/467 828/562/466
f 817/618/2122 763/574/1969 1160/566/2830 1165/590/617
f 825/654/463 675/642/378 850/665/485
f 825/654/463 832/621/470 675/642/378
f 826/624/464 764/627/1972 1161/623/2832
f 827/606/465 817/618/2121 1165/590/617
f 831/487/469 830/523/468 812/515/2099
f 833/610/471 832/621/470 825/654/463 826/624/464
f 834/569/472 833/610/471 826/624/464 827/606/465
f 835/554/473 834/569/472 827/606/465 828/562/466
f 835/554/473 836/533/474 840/550/478
f 836/533/474 829/547/467 1166/530/618
f 836/533/474 835/554/473 828/562/466 829/547/467
f 837/511/475 838/484/476 841/494/479
f 838/484/476 635/471/348 682/465/382
f 838/484/476 831/487/469 635/471/348
f 838/484/476 837/511/475 830/523/468 831/487/469
f 839/582/477 676/631/379 832/621/470 833/610/471
f 839/582/477 833/610/471 834/569/472
f 839/595/477 840/553/478 842/578/480
f 840/550/478 836/533/474 837/511/475
f 840/550/478 839/582/477 834/569/472 835/554/473
f 840/553/478 841/517/479 843/528/481
f 840/553/478 843/528/481 842/578/480
f 841/494/479 838/484/476 682/465/382
f 841/494/479 840/550/478 837/511/475
f 842/578/480 681/639/381 676/636/379 839/595/477
f 844/544/2125 842/578/480 843/528/481
f 845/229/482 759/270/1950 986/234/2445
f 847/207/2130 640/202/352 845/229/482
f 847/207/2133 845/229/482 986/234/2446
f 848/147/2135 691/142/387 640/202/352 847/207/2131
f 849/313/484 815/371/2112 759/270/1953
f 849/313/484 845/229/482 640/202/352
f 850/665/485 675/642/378 750/707/436
f 850/665/485 810/668/2095 825/654/463
f 852/660/2144 680/663/1871 673/728/376 861/724/486
f 854/454/2152 683/474/1875 684/467/383 865/457/490
f 855/381/2159 686/397/1886 1169/318/621
f 856/306/2161 685/308/1879 637/195/1822
f 857/309/2165 688/325/1888 690/200/386 866/196/491
f 858/493/2169 844/544/2126 843/528/481 864/490/489
f 861/724/486 673/728/376 638/814/350 1133/830/592
f 864/490/489 843/528/481 841/517/479 682/478/382 684/467/383
f 865/457/490 684/467/383 682/478/382 627/420/342 687/403/384
f 866/196/491 690/200/386 629/141/1812 637/195/1819
f 867/212/492 690/200/386 688/325/1887 855/381/2155
f 869/613/494 679/674/380 681/639/381
f 869/613/494 844/544/2127 859/577/2173
f 869/613/494 859/577/2172 851/615/2139 1240/640/684
f 876/1153/498 647/1149/358 736/1106/423 881/1108/501
f 877/1050/499 653/1053/363 798/884/443 883/844/503
f 879/1439/2198 642/1577/354 880/1576/500
f 880/1576/500 642/1577/354 646/1660/357
f 880/1576/500 724/1573/412 723/1443/411
f 881/1108/501 736/1106/423 740/1072/427 882/1076/502
f 882/1076/502 740/1072/427 653/1053/363 877/1050/499
f 883/844/503 798/884/443 803/784/448 884/811/504
f 884/811/504 803/784/448 871/717/496
f 888/1212/2217 878/1229/2192 876/1153/498 898/1156/505
f 889/1201/2221 663/1203/1845 648/1158/359 899/1152/506
f 893/1456/2237 875/1468/2189 642/1577/354
f 894/1416/2241 879/1439/2199 723/1443/411
f 895/1299/2245 662/1320/1841 666/1293/371
f 897/1270/2255 885/1277/2206 1238/1272/682
f 898/1156/505 876/1153/498 881/1108/501 1139/1107/598
f 899/1152/506 648/1158/359 737/1104/424 1135/1105/594
f 905/1550/512 618/1566/1789 977/1595/532
f 905/1550/512 643/1542/355 873/1478/2184 891/1480/2228
f 905/1550/512 891/1480/2229 872/1479/2181 618/1566/1785
f 906/1565/513 642/1577/354 875/1468/2188 892/1473/2232
f 906/1565/513 643/1542/355 718/1618/406 976/1637/531
f 906/1565/513 892/1473/2233 873/1478/2185 643/1542/355
f 968/1691/525 646/1660/357 976/1637/531
f 968/1691/525 718/1618/406 971/1679/526
f 969/1705/2416 970/1717/2419 990/1685/536
f 971/1679/526 718/1618/406 977/1595/532
f 971/1679/526 972/1707/527 968/1691/525
f 972/1707/527 969/1738/2414 968/1691/525
f 974/1644/529 645/1629/356 724/1573/412 975/1610/530
f 974/1644/529 646/1660/357 968/1691/525 969/1738/2415
f 975/1610/530 724/1573/412 880/1576/500
f 975/1610/530 880/1576/500 646/1660/357
f 976/1637/531 718/1618/406 968/1691/525
f 977/1595/532 618/1566/1788 971/1679/526
f 977/1595/532 718/1618/406 643/1542/355 905/1550/512
f 978/77/2423 628/73/1809 691/142/387 848/147/2136
f 978/1139/2424 785/1140/2047 784/1161/2043 777/1182/2022 628/1195/1810
f 979/1138/2426 715/1081/1926 776/1113/2016 785/1140/2044 978/1139/2422
f 979/79/2427 978/77/2425 848/147/2137 980/168/2430 982/109/2437
f 981/113/2434 715/81/1927 979/79/2428 982/109/2438
f 981/113/2435 717/172/405 103/176/76 413/116/1382
f 982/109/2439 980/168/2431 717/172/405 981/113/2436
f 983/209/2440 716/216/404 717/172/405 980/168/2429
f 983/209/2443 847/207/2134 986/234/2448
f 983/209/2441 980/168/2432 848/147/2138 847/207/2132
f 984/237/533 716/216/404 983/209/2442
f 984/237/533 760/268/1955 761/273/1960 985/242/534
f 985/242/534 42/220/31 716/216/404 984/237/533
f 985/242/534 761/273/1959 177/275/879 417/244/234
f 986/234/2447 759/270/1954 760/268/1958 984/237/533
f 986/234/2449 984/237/533 983/209/2444
f 988/1397/2451 700/1340/1908 1000/1335/537 998/1425/2491 1002/1452/2499
f 989/1682/2455 994/1614/2472 1011/1630/2529 1014/1692/542
f 990/1719/536 645/1629/356 974/1644/529 969/1738/2417
f 994/1614/2471 989/1682/2454 702/1606/1911 992/1596/2463
f 996/1459/2485 625/1427/341 1127/1465/588
f 996/1459/2482 987/1385/535 625/1427/341
f 997/1592/2487 990/1685/536 1004/1611/2508
f 998/1425/2494 1000/1335/537 1193/1332/644 1235/1423/2860
f 1002/1452/2500 993/1462/2468 988/1397/2452
f 1003/1448/2504 987/1385/535 996/1459/2481
f 1003/1448/2507 999/1420/2498 1001/1329/538 1194/1324/645
f 1005/1680/539 990/1685/536 970/1717/2420
f 1005/1680/539 1004/1611/2509 990/1685/536
f 1005/1680/539 1008/1702/540 1006/1648/2513
f 1006/1648/2515 1010/1632/2525 1005/1680/539
f 1010/1632/2524 1004/1611/2510 1005/1680/539
f 1011/1630/2528 1007/1642/2520 1009/1699/541 1014/1692/542
f 1013/1728/2537 1008/1702/540 1005/1680/539 970/1717/2421
f 1013/1728/2538 1012/1735/2532 1009/1699/541 1008/1702/540
f 1014/1692/542 694/1746/1893 989/1682/2456
f 1014/1692/542 1009/1699/541 1012/1735/2533 694/1746/1892
f 1016/1696/543 989/1682/2458 694/1746/1895 1015/1758/2542
f 1079/1645/2739 1006/1648/2514 1008/1702/540 1009/1699/541 1007/1642/2519
f 1118/1558/2782 992/1596/2466 702/1606/1913 1120/1551/2789
f 1119/1495/2787 991/1528/2462 695/1510/1898
f 1125/1493/2796 996/1459/2480 1127/1465/588 1128/1497/589
f 1126/1491/587 625/1427/341 724/1517/412
f 1126/1491/587 645/1571/356 995/1531/2477 1128/1497/589
f 1127/1465/588 625/1427/341 1126/1491/587
f 1127/1465/588 1126/1491/587 1128/1497/589
f 1128/1497/589 995/1531/2478 1125/1493/2799
f 1129/1556/2800 995/1531/2475 645/1571/356
f 1133/830/592 633/839/346 668/719/372 861/724/486
f 1133/830/592 638/814/350 1132/881/591 1137/853/596
f 1134/1044/593 654/1045/364 633/839/346 1137/853/596
f 1134/1044/593 655/1042/365 742/1073/429 1136/1077/595
f 1135/1105/594 737/1104/424 741/1079/428 1136/1077/595
f 1135/1105/594 738/1094/425 649/1147/360 899/1152/506
f 1136/1077/595 741/1079/428 654/1045/364 1134/1044/593
f 1136/1077/595 742/1073/429 738/1094/425 1135/1105/594
f 1137/853/596 633/839/346 1133/830/592
f 1137/853/596 1132/881/591 655/1042/365 1134/1044/593
f 1138/718/597 668/719/372 633/839/346 1140/777/599
f 1138/718/597 871/717/496 870/664/495 1145/658/604
f 1139/1107/598 737/1104/424 648/1158/359 898/1156/505
f 1139/1107/598 881/1108/501 882/1076/502 1142/1078/601
f 1140/777/599 633/839/346 1144/829/603
f 1140/777/599 871/717/496 1138/718/597
f 1141/1048/600 654/1045/364 741/1079/428 1142/1078/601
f 1141/1048/600 877/1050/499 883/844/503 1143/841/602
f 1142/1078/601 741/1079/428 737/1104/424 1139/1107/598
f 1142/1078/601 882/1076/502 877/1050/499 1141/1048/600
f 1143/841/602 633/839/346 654/1045/364 1141/1048/600
f 1143/841/602 883/844/503 884/811/504 1144/829/603
f 1144/829/603 633/839/346 1143/841/602
f 1144/829/603 884/811/504 871/717/496 1140/777/599
f 1145/658/604 678/650/1866 1138/718/597
f 1145/658/604 860/633/2176 678/650/1865
f 1145/658/604 870/664/495 860/633/2179
f 1146/1620/605 48/1650/36 555/1574/287 1147/1567/606
f 1146/1620/605 702/1606/1912 989/1682/2457 1016/1696/543
f 1146/1620/605 1147/1567/606 1120/1551/2791 702/1606/1914
f 1147/1567/606 555/1574/287 26/1505/18 725/1506/413 1148/1508/607
f 1148/1508/607 695/1510/1899 1120/1551/2790 1147/1567/606
f 1149/1342/608 721/1266/409 707/1265/1916 700/1340/1907
f 1149/1342/608 726/1345/414 41/1348/30 66/1267/52 721/1266/409
f 1150/431/2811 814/423/2109 846/393/483 1167/446/619
f 1151/382/2815 815/371/2113 849/313/484 1171/375/623
f 1161/623/2834 817/618/2123 827/606/465 826/624/464
f 1165/590/617 816/559/2118 828/562/466 827/606/465
f 1166/530/618 829/547/467 762/521/1965 1158/519/2821
f 1166/530/618 830/523/468 837/511/475 836/533/474
f 1166/530/618 1158/519/2823 812/515/2100 830/523/468
f 1167/446/619 627/401/342 635/471/348
f 1167/446/619 846/393/483 627/401/342
f 1168/304/620 627/401/342 1172/389/624
f 1168/324/620 640/218/352 1170/320/622
f 1169/318/621 686/397/1885 687/403/384 1170/320/622
f 1169/318/621 689/223/385 867/212/492 855/381/2156
f 1170/320/622 640/218/352 689/223/385 1169/318/621
f 1170/320/622 687/403/384 627/420/342 1168/324/620
f 1171/375/623 846/393/483 758/385/1948 1151/382/2813
f 1171/375/623 849/313/484 1172/389/624
f 1172/389/624 627/401/342 846/393/483 1171/375/623
f 1172/389/624 849/313/484 640/202/352 1168/304/620
f 1173/672/625 626/680/1803 1157/679/2817
f 1173/672/625 850/665/485 750/707/436
f 1173/672/625 1157/679/2819 810/668/2096 850/665/485
f 1175/1585/627 1174/1619/626 408/1654/232 338/1561/214
f 1176/1587/628 1175/1585/627 338/1561/214 43/1575/32
f 1177/1622/629 49/1657/37 408/1654/232 1174/1619/626
f 1177/1622/629 1176/1587/628 43/1575/32 49/1657/37
f 1179/1627/631 1178/1586/630 906/1565/513 976/1637/531
f 1180/1624/632 1179/1627/631 976/1637/531 646/1660/357
f 1181/1589/633 642/1577/354 906/1565/513 1178/1586/630
f 1181/1589/633 1180/1624/632 646/1660/357 642/1577/354
f 1184/1255/636 1230/1244/677 1238/1272/682
f 1185/1179/637 658/1175/367 624/1130/340 1229/1133/676
f 1190/1321/641 722/1327/410 723/1387/411 625/1427/341
f 1193/1332/644 1001/1329/538 999/1420/2495 1235/1423/2858
f 1194/1324/645 639/1318/351 987/1385/535 1003/1448/2503
f 1195/1296/646 1000/1335/537 700/1340/1906
f 1197/1219/648 1182/1217/634 659/1256/368 1187/1262/639
f 1197/1219/648 1187/1262/639 707/1265/1917 1189/1222/2837
f 1197/1219/648 1188/1171/640 658/1175/367 1182/1217/634
f 1197/1219/648 1189/1222/2836 708/1170/1922 1188/1171/640
f 1198/1224/649 1182/1217/634 658/1175/367 1185/1179/637
f 1198/1224/649 1184/1227/636 666/1260/371 1186/1258/638
f 1198/1224/649 1185/1179/637 665/1187/370 1184/1227/636
f 1198/1224/649 1186/1258/638 659/1256/368 1182/1217/634
f 1199/1286/650 1183/1284/635 659/1256/368 1186/1258/638
f 1199/1286/650 1186/1258/638 666/1260/371 1192/1274/643
f 1199/1286/650 1190/1321/641 639/1318/351 1183/1284/635
f 1199/1286/650 1191/1308/642 722/1327/410 1190/1321/641
f 1199/1286/650 1192/1274/643 904/1289/511 1191/1308/642
f 1200/1294/651 1187/1262/639 659/1256/368 1196/1291/647
f 1200/1294/651 1193/1332/644 1000/1335/537 1195/1296/646
f 1200/1294/651 1195/1296/646 707/1265/1918 1187/1262/639
f 1200/1294/651 1196/1291/647 1001/1329/538 1193/1332/644
f 1201/1300/652 1183/1284/635 639/1318/351 1194/1324/645
f 1201/1300/652 1194/1324/645 1001/1329/538 1196/1291/647
f 1201/1300/652 1196/1291/647 659/1256/368 1183/1284/635
f 1205/1178/656 74/1186/56 54/1136/42 1222/1132/672
f 1206/1259/657 75/1261/57 1236/1240/680
f 1210/1322/660 38/1319/27 421/1386/237 15/1428/10
f 1213/1333/663 434/1336/239 432/1426/1441 1228/1424/2849
f 1214/1325/664 435/1330/240 433/1421/1445 437/1449/1453
f 1215/1297/665 120/1269/829 113/1341/820
f 1217/1220/667 1202/1218/653 63/1176/49 1208/1172/659
f 1217/1220/667 1207/1263/658 64/1257/50 1202/1218/653
f 1217/1220/667 1208/1172/659 121/1169/836 1209/1221/2841
f 1217/1220/667 1209/1221/2840 120/1269/831 1207/1263/658
f 1218/1225/668 1202/1218/653 64/1257/50 1206/1259/657
f 1218/1225/668 1204/1228/655 74/1186/56 1205/1178/656
f 1218/1225/668 1205/1178/656 63/1176/49 1202/1218/653
f 1219/1287/669 1203/1285/654 38/1319/27 1210/1322/660
f 1219/1287/669 1206/1259/657 64/1257/50 1203/1285/654
f 1219/1287/669 1210/1322/660 135/1328/100 1211/1309/661
f 1219/1287/669 1211/1309/661 336/1290/212 1212/1275/662
f 1219/1287/669 1212/1275/662 75/1261/57 1206/1259/657
f 1220/1295/670 1207/1263/658 120/1269/832 1215/1297/665
f 1220/1295/670 1213/1333/663 435/1330/240 1216/1292/666
f 1220/1295/670 1215/1297/665 434/1336/239 1213/1333/663
f 1220/1295/670 1216/1292/666 64/1257/50 1207/1263/658
f 1221/1301/671 1203/1285/654 64/1257/50 1216/1292/666
f 1221/1301/671 1214/1325/664 38/1319/27 1203/1285/654
f 1221/1301/671 1216/1292/666 435/1330/240 1214/1325/664
f 1222/1132/672 54/1136/42 147/1055/112 146/1089/111 14/1129/9
f 1223/1242/673 70/1214/55 74/1211/56 1204/1247/655
f 1224/1331/2845 71/1317/757 75/1288/57 1212/1306/662
f 1224/1331/2843 1212/1306/662 336/1323/212 319/1338/1158
f 1225/1115/674 109/1109/819 121/1169/837 1208/1172/659
f 1225/1115/674 1208/1172/659 63/1176/49 14/1129/9
f 1226/1231/675 134/1268/99 120/1269/833 1209/1221/2842
f 1226/1231/675 1209/1221/2839 121/1169/834 133/1194/98
f 1227/1351/2848 319/1338/1161 336/1323/212 1211/1337/661
f 1227/1351/2846 1211/1337/661 135/1375/100 45/1380/740
f 1229/1133/676 624/1130/340 733/1090/421 734/1056/422 650/1137/361
f 1230/1244/677 661/1215/369 896/1237/2250 886/1243/2211
f 1230/1244/677 886/1243/2208 897/1270/2252 1238/1272/682
f 1230/1244/677 1184/1255/636 665/1213/370 661/1215/369
f 1231/1334/2854 887/1347/2215 904/1326/511 1192/1307/643
f 1231/1334/2852 1192/1307/643 666/1293/371 662/1320/1840
f 1232/1116/678 624/1130/340 658/1175/367 1188/1171/640
f 1232/1116/678 1188/1171/640 708/1170/1920 696/1110/1901
f 1233/1230/679 720/1192/408 708/1170/1923 1189/1222/2838
f 1233/1230/679 1189/1222/2835 707/1265/1915 721/1266/409
f 1234/1353/2857 644/1384/1828 722/1382/410 1191/1344/642
f 1234/1353/2855 1191/1344/642 904/1326/511 887/1347/2212
f 1236/1240/680 1204/1228/655 1218/1225/668
f 1236/1240/680 1218/1225/668 1206/1259/657
f 1237/1271/681 1223/1242/673 1204/1247/655 1236/1273/680
f 1238/1272/682 666/1293/371 1184/1255/636
f 1238/1272/682 885/1277/2207 666/1293/371
f 1239/638/683 90/671/68 301/662/195
f 1239/638/683 301/662/195 291/632/1122 282/614/1085
f 1240/640/684 851/615/2142 860/633/2180 870/664/495
f 1240/640/684 870/664/495 679/674/380
f 1241/84/2861 29/85/727 413/116/1379 414/114/1383 128/82/838
f 1241/968/2862 128/893/839 197/892/135 1242/965/685
f 1242/965/685 197/892/135 124/882/90 28/985/19 196/986/134
f 1243/83/2864 715/81/1924 981/113/2433 413/116/1381 29/85/728
f 1244/996/686 196/986/134 28/985/19 711/1087/400 773/1082/442
f 1244/996/686 773/1082/442 715/1081/1928 1243/995/2866
g miura-body_miura-body_auv2
usemtl miura-body_auv2
f 449/989/245 27/988/723 450/1604/1491 451/1544/246
f 582/1525/309 48/990/36 449/989/245 451/1544/246
f 1016/330/543 449/989/245 48/990/36 1146/391/605
f 1016/330/543 1015/249/2541 27/988/725 449/989/245
f 1242/804/685 196/997/134 29/992/730 1241/805/2863
f 1243/1160/2865 29/992/729 196/997/134 1244/1163/686
g miura-body_miura-body_auv4
usemtl miura-body_auv4
f 1/1168/1 8/984/4 24/983/16 110/1164/80
f 13/1339/8 145/1399/110 144/1436/109 163/1400/126
f 30/1435/20 57/1563/44 144/1436/109
f 30/1435/20 144/1436/109 145/1399/110
f 61/756/48 40/1166/29 21/1177/13 160/791/123
f 110/1164/80 24/983/16 33/982/23 111/1191/81
f 111/1191/81 33/982/23 25/981/17 132/1165/97
f 132/1165/97 109/1422/817 111/1191/81
f 141/1520/106 30/1435/20 111/1191/81 109/1422/818
f 142/1553/107 57/1563/44 30/1435/20 141/1520/106
f 143/1639/108 57/1563/44 142/1553/107
f 145/1399/110 13/1339/8 1/1168/1 110/1164/80
f 145/1399/110 110/1164/80 111/1191/81 30/1435/20
f 160/791/123 21/1177/13 32/1183/22 161/925/124
f 164/963/127 161/925/124 32/1183/22 162/1173/125
f 166/1245/129 162/1173/125 32/1183/22 167/1238/130
f 167/1238/130 32/1183/22 21/1177/13 168/1209/131
f 168/1209/131 21/1177/13 40/1166/29
f 169/1111/132 40/1166/29 61/756/48 170/734/133
f 586/254/1758 240/253/1053 253/407/160 607/408/327
f 587/689/1762 241/688/1056 255/608/162 591/598/316
f 588/413/313 249/412/156 246/502/155 602/503/324
f 589/415/314 250/414/157 245/504/154 601/505/323
f 590/585/315 254/584/161 237/497/150 595/496/319
f 591/598/316 255/608/162 254/584/161 590/585/315
f 592/411/317 236/410/149 234/500/148 593/501/318
f 593/501/318 234/500/148 811/592/455 1156/591/613
f 594/257/1766 235/256/1038 236/410/149 592/411/317
f 595/496/319 237/497/150 823/426/461 1154/421/611
f 596/263/1770 238/262/1043 251/416/158 605/417/325
f 597/704/1775 239/703/1050 252/601/159 606/602/326
f 598/499/320 242/498/151 822/588/460 1164/587/616
f 599/508/321 243/509/152 821/419/459 1163/418/615
f 600/507/322 244/506/153 820/600/458 1162/599/614
f 601/505/323 245/504/154 819/597/457 1153/596/610
f 602/503/324 246/502/155 818/594/456 1152/593/609
f 603/261/1778 247/260/1061 250/414/157 589/415/314
f 604/259/1781 248/258/1065 249/412/156 588/413/313
f 605/417/325 251/416/158 244/506/153 600/507/322
f 606/602/326 252/601/159 243/509/152 599/508/321
f 607/408/327 253/407/160 242/498/151 598/499/320
f 634/437/347 698/741/391 697/764/390 732/462/420
f 641/1167/353 631/1181/344 753/1210/439
f 696/456/1905 698/741/391 634/437/347 728/357/416
f 697/764/390 24/983/16 8/984/4 617/755/337
f 697/764/390 617/755/337 623/489/339 732/462/420
f 698/741/391 33/982/23 24/983/16 697/764/390
f 698/741/391 696/456/1904 719/762/407
f 719/762/407 25/981/17 33/982/23 698/741/391
f 728/357/416 634/437/347 652/280/362 729/281/417
f 729/281/417 652/280/362 730/193/418
f 731/438/419 652/280/362 634/437/347
f 732/462/420 731/438/419 634/437/347
f 745/794/431 631/1181/344 641/1167/353 656/757/366
f 746/926/432 636/1184/349 631/1181/344 745/794/431
f 747/1174/433 636/1184/349 746/926/432 749/964/435
f 748/463/434 731/438/419 732/462/420 623/489/339
f 752/1239/438 636/1184/349 747/1174/433 751/1246/437
f 753/1210/439 631/1181/344 636/1184/349 752/1239/438
f 755/735/441 656/757/366 641/1167/353 754/1112/440
f 1152/593/609 818/594/456 817/696/2119 1161/695/2831
f 1153/596/610 819/597/457 816/698/2115 1160/697/2828
f 1154/421/611 823/426/461 824/400/462 1155/404/612
f 1155/404/612 824/400/462 815/255/2110 1151/252/2812
f 1156/591/613 811/592/455 810/694/2092 1157/693/2816
f 1162/599/614 820/600/458 812/702/2097 1158/701/2820
f 1163/418/615 821/419/459 813/265/2104 1159/264/2825
f 1164/587/616 822/588/460 814/691/2107 1150/690/2808
