{
	Skinned 0 
	PosSkin 0 
	Pos 561 { 
		-0.005548	1.051365	2.203013 
		-0.010425	1.025292	2.144249 
		-0.024487	1.017038	2.203206 
		-0.000000	1.016211	2.213348 
		-0.000000	1.051365	2.208561 
		0.005548	1.051365	2.203013 
		0.024487	1.017038	2.203206 
		0.010425	1.025292	2.144249 
		0.000000	1.051365	2.197466 
		0.786545	0.784437	2.533109 
		0.799598	0.789778	2.517357 
		0.782557	0.852837	2.527815 
		0.790137	0.722811	2.537880 
		0.798694	0.740315	2.520365 
		0.757775	0.855191	2.599623 
		0.759841	0.781674	2.607032 
		0.761692	0.721653	2.612954 
		-0.040134	1.407495	0.726425 
		-0.056759	1.406309	0.766542 
		-0.010199	1.453012	0.764079 
		-0.040134	1.405122	0.806659 
		-0.000000	1.404631	0.823276 
		-0.000000	1.449828	0.773769 
		0.040134	1.405122	0.806659 
		0.056759	1.406309	0.766542 
		0.010199	1.453012	0.764079 
		0.040134	1.407495	0.726425 
		0.000000	1.407987	0.709808 
		0.000000	1.456195	0.754390 
		0.004447	1.990512	0.936951 
		0.000000	1.991884	0.932720 
		-0.004447	1.990512	0.936951 
		-0.000000	1.989140	0.941181 
		0.140711	1.405117	0.728992 
		0.126377	1.403174	0.763544 
		0.169770	1.454340	0.763544 
		0.140711	1.401232	0.798096 
		0.175318	1.400427	0.812408 
		0.175318	1.454340	0.769092 
		0.209925	1.401232	0.798096 
		0.224259	1.403174	0.763544 
		0.180866	1.454340	0.763544 
		0.209925	1.405117	0.728992 
		0.175318	1.405921	0.714680 
		0.175318	1.454340	0.757997 
		0.169770	1.780604	0.869067 
		0.175318	1.780604	0.874615 
		0.180866	1.780604	0.869067 
		0.175318	1.780604	0.863520 
		-0.024487	1.396070	0.913607 
		-0.034630	1.394039	0.938010 
		-0.005548	1.445757	0.938010 
		-0.024487	1.392008	0.962413 
		-0.000000	1.391167	0.972521 
		-0.000000	1.445757	0.943558 
		0.024487	1.392008	0.962413 
		0.034630	1.394039	0.938010 
		0.005548	1.445757	0.938010 
		0.024487	1.396070	0.913607 
		0.000000	1.396911	0.903499 
		0.000000	1.445757	0.932463 
		-0.744100	1.156924	-0.721391 
		-0.782930	1.206368	-0.722375 
		-0.773813	1.266154	-0.722144 
		-0.721799	1.301716	-0.720827 
		-0.657356	1.292223	-0.719196 
		-0.679364	1.147887	-0.719752 
		-0.618234	1.243235	-0.718205 
		-0.627350	1.183449	-0.718436 
		0.625802	1.025367	-0.840855 
		0.679963	1.013436	-0.810919 
		0.702118	1.030550	-0.757311 
		0.571364	1.059355	-0.829584 
		0.679657	1.066708	-0.711035 
		0.548537	1.095489	-0.783708 
		0.624853	1.100671	-0.700164 
		0.570693	1.112603	-0.730100 
		-0.768910	0.542642	-2.292568 
		-0.784490	0.657121	-2.244584 
		-0.684721	0.671408	-2.338782 
		-0.687932	0.541375	-2.343479 
		-0.821494	0.608513	-2.171297 
		-0.831767	0.544224	-2.154622 
		0.687932	0.541375	-2.343479 
		0.688440	0.666709	-2.339332 
		0.784490	0.657121	-2.244584 
		0.768910	0.542642	-2.292568 
		0.821494	0.608513	-2.171297 
		0.831767	0.544224	-2.154622 
		0.913224	0.840819	0.994298 
		0.903574	0.873883	0.998278 
		0.910577	0.872083	1.003498 
		0.905735	0.874354	1.142867 
		0.912480	0.872498	1.136756 
		0.915256	0.841262	1.146394 
		0.916684	0.824235	0.071110 
		0.907033	0.859045	0.073558 
		0.914036	0.857149	0.078777 
		0.909195	0.859540	0.218146 
		0.915939	0.857586	0.212036 
		0.918716	0.824702	0.220142 
		-0.916684	0.824235	0.067582 
		-0.914036	0.857149	0.078777 
		-0.907033	0.859045	0.073558 
		-0.915939	0.857586	0.212036 
		-0.909195	0.859540	0.218146 
		-0.918716	0.824702	0.223670 
		-0.913224	0.840819	0.996081 
		-0.910577	0.872083	1.003498 
		-0.903574	0.873883	0.998278 
		-0.912480	0.872498	1.136756 
		-0.905735	0.874354	1.142867 
		-0.915256	0.841262	1.144612 
		0.000000	0.928882	2.714454 
		0.000000	0.982099	2.639518 
		-0.672061	0.972401	2.576673 
		-0.664906	0.930044	2.650817 
		0.000000	1.041337	1.961687 
		-0.686208	1.032710	1.917893 
		0.672061	0.972401	2.576673 
		0.686208	1.032710	1.917893 
		0.664906	0.930044	2.650817 
		0.451795	0.875600	-1.626012 
		0.417788	0.727330	-2.329075 
		-0.413018	0.727330	-2.329075 
		-0.443877	0.875600	-1.626012 
		0.000000	0.955978	-1.043924 
		0.460741	0.955632	-1.009316 
		0.436372	0.719748	-2.326809 
		0.461324	0.872620	-1.625868 
		0.732473	0.854182	-1.625370 
		0.695150	0.713451	-2.257858 
		0.758830	0.957990	-0.876245 
		-0.437698	0.718442	-2.327928 
		-0.691961	0.713451	-2.257858 
		-0.724523	0.854182	-1.625370 
		-0.453406	0.872620	-1.625868 
		-0.464644	0.955632	-1.009316 
		-0.815246	0.544224	-2.164393 
		-0.854859	0.493170	-2.211504 
		-0.892751	0.515712	-1.954365 
		-0.787756	0.493332	-2.359817 
		-0.768910	0.542642	-2.278156 
		-0.773918	0.278343	-2.227771 
		-0.860325	0.333994	-1.985826 
		-0.830657	0.369059	-2.213546 
		-0.847843	0.222618	-1.986320 
		-0.771495	0.369059	-2.343922 
		-0.567165	0.698023	-1.960248 
		-0.547009	0.217510	-2.021615 
		-0.682892	0.293848	-2.334654 
		0.892821	0.516608	-1.953803 
		0.567165	0.698023	-1.960248 
		0.860325	0.333994	-1.985826 
		0.847843	0.222618	-1.986320 
		0.547009	0.217510	-2.021615 
		-1.005450	0.944629	-0.630594 
		-0.884752	0.938753	-0.685644 
		-0.864257	0.933734	-0.618268 
		-1.003580	0.944349	-0.589007 
		-0.995890	1.050436	-0.602048 
		-0.831423	1.042862	-0.642489 
		-0.833042	1.040950	-0.681821 
		-0.996835	1.046615	-0.634292 
		-0.826250	1.015048	-0.640846 
		-0.779422	0.700444	-2.199473 
		-0.828607	0.810463	-1.622599 
		-0.556340	0.212126	-1.078063 
		-0.604333	0.711423	-1.215536 
		-0.545739	1.385555	0.001712 
		-0.580470	1.327860	-0.256157 
		-0.635018	1.306440	-0.239903 
		-0.606402	1.367244	0.005872 
		-0.612746	0.735858	1.857249 
		-0.629280	0.735858	1.174739 
		-0.579487	0.212139	1.077325 
		-0.563260	0.250197	1.938569 
		-0.762600	1.082542	1.522468 
		-0.777745	1.005364	1.877007 
		-0.654870	1.250120	1.278255 
		-0.858595	0.934904	1.258555 
		-0.842406	0.933437	1.820463 
		-0.845749	0.944105	1.490922 
		-0.861347	0.877593	-0.918992 
		-0.878320	0.757501	-1.590758 
		-0.918118	0.771136	-1.009171 
		-0.818189	0.661008	-2.131575 
		-0.917794	0.629448	1.786232 
		-0.779420	0.648400	2.579134 
		-0.771279	0.792076	2.571334 
		-0.896661	0.812007	1.717267 
		-0.900216	0.645404	-1.822977 
		-0.534493	1.404879	0.398747 
		0.000000	1.423414	0.412298 
		0.000000	1.400159	-0.018616 
		0.000000	1.382570	1.067884 
		-0.528040	1.366735	1.064396 
		-0.000000	1.354440	1.234383 
		-0.539684	1.331636	1.204605 
		-0.604147	1.331656	1.084522 
		-0.812456	1.002057	1.536876 
		-0.913330	0.695859	-1.520199 
		-0.927528	0.698490	1.601977 
		-0.917364	0.813312	1.255356 
		-0.930915	0.671972	1.353946 
		-0.812470	0.498928	2.599360 
		-0.898377	0.466801	1.902503 
		-0.856999	0.260528	1.938034 
		-0.704904	0.309424	2.677191 
		-0.907923	0.491473	-1.175359 
		-0.851604	0.212126	-1.078588 
		-0.866840	0.212133	0.188314 
		-0.924385	0.519295	0.243995 
		-0.935491	0.538065	1.201558 
		-0.913993	0.613635	-1.269754 
		-0.877532	0.212139	1.077325 
		-0.805178	0.608513	-2.181068 
		-0.768909	0.657121	-2.254355 
		-0.755549	0.930088	2.562027 
		-0.594019	1.378932	0.400016 
		-0.597380	1.373019	0.270493 
		-0.752772	1.150357	0.242694 
		-0.750158	1.154153	0.365626 
		-0.758830	0.957990	-0.876245 
		-0.829038	0.938475	-0.847688 
		-0.768293	1.065754	-0.664275 
		-0.589548	1.386105	0.398221 
		-0.591837	1.380858	0.275603 
		-0.594209	1.353055	0.980426 
		-0.804546	1.055171	1.107720 
		-0.770789	1.101075	1.180388 
		-0.617326	1.314701	1.090612 
		-0.604025	1.337819	0.986850 
		-0.861745	0.920431	0.310869 
		-0.851134	0.951033	1.084879 
		-0.853341	0.938488	0.349133 
		-0.849503	0.954153	1.248309 
		-0.852024	0.951797	1.149384 
		-0.917693	0.794944	0.269127 
		-0.854797	0.937583	0.202133 
		-0.850847	0.906453	-0.616571 
		-0.398170	0.934015	-0.952176 
		0.000000	0.935017	-0.980997 
		-0.610906	1.357018	0.007518 
		-0.641528	1.295794	-0.233320 
		-0.851849	0.896663	-0.871296 
		-0.775183	1.055881	-0.655354 
		-0.806748	1.005962	1.518706 
		-0.832547	0.956766	1.474730 
		-0.659882	1.236184	1.271773 
		-0.761609	1.073902	1.503637 
		-0.841098	0.987901	-0.700803 
		-0.819829	0.608404	2.593813 
		0.996314	0.959288	-0.641382 
		1.003580	0.944349	-0.606200 
		0.867711	0.933734	-0.618268 
		0.881330	0.938753	-0.685644 
		0.604333	0.711423	-1.215536 
		0.556340	0.212126	-1.078063 
		0.832943	0.808053	-1.622473 
		0.779959	0.700444	-2.199473 
		0.612746	0.735858	1.857249 
		0.563260	0.250197	1.938569 
		0.579487	0.212139	1.077325 
		0.629280	0.735858	1.174739 
		0.534493	1.404879	0.398747 
		0.545739	1.385555	0.001712 
		0.539684	1.331636	1.204605 
		0.528040	1.366735	1.064396 
		0.907923	0.491473	-1.175359 
		0.851604	0.212126	-1.078588 
		0.913330	0.695859	-1.520199 
		0.900216	0.645404	-1.822977 
		0.913993	0.613635	-1.269754 
		0.935491	0.538065	1.201558 
		0.877532	0.212139	1.077325 
		0.905562	0.520556	1.877450 
		0.918190	0.643645	1.771182 
		0.856999	0.260528	1.938034 
		0.927528	0.698490	1.601977 
		0.930915	0.671972	1.353946 
		0.398170	0.934015	-0.952176 
		0.861347	0.877593	-0.918992 
		0.830079	0.938475	-0.847688 
		0.769619	1.011311	1.879232 
		0.755549	0.930088	2.562027 
		0.838032	0.937453	1.822887 
		0.850847	0.906453	-0.616571 
		0.831423	1.042862	-0.642489 
		0.833042	1.040950	-0.681821 
		0.828912	0.987901	-0.715432 
		0.826250	1.015048	-0.640846 
		0.851306	0.896663	-0.871296 
		0.996835	1.046615	-0.634292 
		0.580470	1.327860	-0.256157 
		0.635018	1.306440	-0.239903 
		0.768709	1.066307	-0.663362 
		0.606402	1.367244	0.005872 
		0.589548	1.386105	0.398221 
		0.591837	1.380858	0.275603 
		0.594209	1.353055	0.980426 
		0.604147	1.331656	1.084522 
		0.654870	1.250120	1.278255 
		0.995890	1.050436	-0.602048 
		0.775183	1.055881	-0.655354 
		0.000000	1.345579	-0.272919 
		-0.786545	0.784437	2.533109 
		-0.782557	0.852837	2.527815 
		-0.799598	0.789778	2.517357 
		-0.790137	0.722811	2.537880 
		-0.798694	0.740315	2.520365 
		-0.757775	0.855191	2.599623 
		-0.759841	0.781674	2.607032 
		-0.761692	0.721653	2.612954 
		0.000000	1.174622	2.255883 
		0.005548	1.172608	2.259964 
		-0.005548	1.172608	2.259964 
		-0.000000	1.170593	2.264045 
		0.000000	1.486085	0.762655 
		0.010199	1.482939	0.772357 
		-0.010199	1.482939	0.772357 
		-0.000000	1.479793	0.782059 
		0.000000	1.492641	0.758603 
		0.016076	1.487683	0.773895 
		-0.016076	1.487683	0.773895 
		-0.000000	1.482724	0.789187 
		0.000000	1.537176	0.773045 
		0.016076	1.532217	0.788337 
		-0.016076	1.532217	0.788337 
		-0.000000	1.527258	0.803628 
		0.000000	1.553207	0.790468 
		0.004447	1.551836	0.794698 
		-0.004447	1.551836	0.794698 
		-0.000000	1.550464	0.798928 
		0.000000	1.694029	1.004561 
		0.005548	1.694029	1.010109 
		-0.005548	1.694029	1.010109 
		-0.000000	1.694029	1.015656 
		-0.719522	1.199023	-0.619851 
		-0.694896	1.195395	-0.619227 
		-0.675019	1.208985	-0.618724 
		-0.734473	1.217743	-0.620229 
		-0.671536	1.231831	-0.618636 
		-0.686486	1.250552	-0.619015 
		-0.711112	1.254179	-0.619638 
		-0.730989	1.240590	-0.620141 
		-0.766916	1.261456	-0.663303 
		-0.774998	1.208451	-0.663507 
		-0.720801	1.292985	-0.662136 
		-0.663667	1.284568	-0.660689 
		-0.628982	1.241136	-0.659811 
		-0.637064	1.188130	-0.660015 
		-0.683179	1.156602	-0.661183 
		-0.740313	1.165019	-0.662629 
		-0.721269	1.142651	-0.600771 
		-0.725522	1.124434	-0.643688 
		-0.743702	1.100572	-0.670484 
		-0.706894	1.083668	-0.697869 
		-0.675094	1.144490	-0.601837 
		-0.687252	1.123657	-0.636172 
		-0.708538	1.059540	-0.700375 
		-0.750770	1.068833	-0.659135 
		-0.697511	1.106650	-0.664454 
		-0.723868	1.117270	-0.575535 
		-0.674594	1.131051	-0.585213 
		-0.675436	1.207501	-0.676912 
		-0.713693	1.202208	-0.671421 
		-0.690217	1.182735	-0.695954 
		0.669123	1.149795	-0.822223 
		0.696269	1.131785	-0.808577 
		0.687802	1.125245	-0.829063 
		0.667105	1.129805	-0.840503 
		0.646302	1.142793	-0.836196 
		0.637579	1.156601	-0.818665 
		0.646045	1.163141	-0.798179 
		0.666742	1.158581	-0.786739 
		0.687545	1.145593	-0.791046 
		0.717590	1.081421	-0.783870 
		0.697947	1.066248	-0.831397 
		0.649929	1.076826	-0.857938 
		0.601665	1.106959	-0.847946 
		0.581427	1.138994	-0.807273 
		0.601070	1.154167	-0.759745 
		0.649088	1.143589	-0.733204 
		0.697352	1.113456	-0.743197 
		0.721269	1.142651	-0.600771 
		0.725522	1.124434	-0.643688 
		0.687252	1.123657	-0.636172 
		0.675094	1.144490	-0.601837 
		0.743702	1.100572	-0.670484 
		0.706894	1.083668	-0.697869 
		0.697511	1.106650	-0.664454 
		0.709071	1.060161	-0.700375 
		0.723868	1.123381	-0.568217 
		0.750770	1.072919	-0.651817 
		0.676171	1.130669	-0.585213 
		0.663028	1.114794	-0.761205 
		0.625020	1.122586	-0.757160 
		0.633414	1.089213	-0.760349 
		0.409037	0.857542	2.711630 
		0.382669	0.813897	2.725254 
		0.384451	0.781136	2.729137 
		0.406858	0.781143	2.725520 
		0.668017	0.857544	2.671432 
		0.668163	0.778911	2.680954 
		-0.409037	0.857542	2.711630 
		-0.406858	0.781143	2.725520 
		-0.384451	0.781136	2.729137 
		-0.382669	0.813897	2.725254 
		-0.668017	0.857544	2.671432 
		-0.668163	0.778911	2.680954 
		0.668271	0.720496	2.688028 
		0.405122	0.720277	2.736586 
		-0.194955	0.770069	2.743199 
		-0.667548	0.789021	2.676133 
		0.194955	0.770069	2.743199 
		0.000000	0.772635	2.749216 
		0.669978	0.789021	2.676133 
		-0.657644	0.648975	2.699004 
		-0.199368	0.646878	2.766520 
		-0.321150	0.320993	2.784050 
		-0.199307	0.500102	2.862209 
		-0.678618	0.500398	2.778075 
		-0.193813	0.624119	2.723641 
		-0.194951	0.768252	2.717887 
		-0.681660	0.611102	2.775000 
		-0.193813	0.609919	2.855687 
		0.199368	0.646878	2.766520 
		0.663711	0.648975	2.699004 
		0.199307	0.500102	2.862209 
		0.000000	0.320993	2.784050 
		0.678618	0.500398	2.778075 
		0.704904	0.309424	2.677191 
		0.812470	0.498928	2.599360 
		0.193813	0.624119	2.723641 
		0.194951	0.768252	2.717887 
		0.321150	0.320993	2.784050 
		0.193813	0.609919	2.855687 
		0.681660	0.611102	2.775000 
		0.819829	0.608404	2.593813 
		0.778905	0.648400	2.579134 
		0.773385	0.790627	2.576334 
		-0.668271	0.720496	2.688028 
		-0.405122	0.720277	2.736586 
		-0.433053	0.667321	-2.408777 
		-0.425912	0.543710	-2.400779 
		0.419460	0.543709	-2.400778 
		0.426601	0.667321	-2.408777 
		0.830657	0.369059	-2.213546 
		0.767166	0.369059	-2.343772 
		0.783427	0.493332	-2.359667 
		0.854859	0.493170	-2.211504 
		0.772764	0.278343	-2.227771 
		0.682892	0.293848	-2.334654 
		0.815246	0.544224	-2.164393 
		0.768910	0.542642	-2.278156 
		0.858595	0.934904	1.258555 
		0.844772	0.944105	1.490922 
		0.816574	0.661008	-2.131575 
		0.877987	0.754215	-1.599057 
		0.812456	1.002057	1.536876 
		0.896661	0.812007	1.717267 
		0.917364	0.813312	1.255356 
		0.918118	0.771136	-1.009171 
		0.862444	0.919029	0.279089 
		0.917706	0.794227	0.230649 
		0.604025	1.337819	0.986850 
		0.617326	1.314702	1.090612 
		0.796939	1.055017	1.200471 
		0.804546	1.055171	1.107720 
		0.854797	0.937583	0.202133 
		0.853341	0.938488	0.349133 
		0.758049	1.150357	0.242694 
		0.755436	1.154153	0.365626 
		0.597380	1.373019	0.270493 
		0.594019	1.378932	0.400016 
		0.610906	1.357018	0.007518 
		0.641528	1.295794	-0.233320 
		0.866237	0.212133	0.138116 
		0.923641	0.518036	0.179793 
		0.849297	0.951033	1.084879 
		0.849412	0.954154	1.248309 
		0.850188	0.951797	1.149384 
		0.831102	0.956766	1.474730 
		0.762600	1.082542	1.522468 
		0.806748	1.005962	1.518706 
		0.761609	1.073902	1.503637 
		0.659882	1.236184	1.271773 
		0.768909	0.657121	-2.254355 
		0.805178	0.608513	-2.181068 
		0.404396	0.664838	-2.402992 
		-0.404396	0.664838	-2.402992 
		0.688440	0.666709	-2.324920 
		0.426601	0.667321	-2.394365 
		0.419460	0.543710	-2.386366 
		0.399079	0.553841	-2.396070 
		-0.425912	0.543710	-2.386366 
		-0.399079	0.553841	-2.396070 
		-0.433053	0.667321	-2.394365 
		-0.684721	0.671408	-2.324370 
		-0.687932	0.541375	-2.329067 
		-0.443413	0.369059	-2.459236 
		-0.443413	0.493354	-2.475215 
		-0.384982	0.308936	-2.401852 
		0.443413	0.493354	-2.475215 
		0.443413	0.369059	-2.459236 
		0.687932	0.541375	-2.329067 
		0.384982	0.308936	-2.401852 
		0.000000	0.308936	-2.401852 
		0.400632	0.269124	-2.205844 
		0.334584	0.269124	-2.205844 
		0.334584	0.301343	-2.568959 
		0.400632	0.301343	-2.568959 
		0.334584	0.588229	-2.568959 
		0.400632	0.588229	-2.568959 
		0.334584	0.599346	-2.538047 
		0.400632	0.599346	-2.538047 
		0.400632	0.320704	-2.488893 
		0.334584	0.320585	-2.487690 
		0.334584	0.305611	-2.360017 
		0.400632	0.305611	-2.360017 
		0.334584	0.614282	-2.487893 
		0.334584	0.650439	-2.531012 
		0.400632	0.650439	-2.531012 
		0.334584	0.650716	-2.500863 
		0.400632	0.650716	-2.500863 
		0.399334	0.614083	-2.487140 
		0.337144	0.520145	-2.517105 
		0.337150	0.520130	-2.532200 
		0.000000	0.520130	-2.532200 
		0.000000	0.520145	-2.517105 
		0.337192	0.474527	-2.517105 
		0.000000	0.474527	-2.517105 
		0.337239	0.474310	-2.532200 
		0.000000	0.474310	-2.532200 
		-0.400632	0.269124	-2.205844 
		-0.400632	0.301343	-2.568959 
		-0.334584	0.301343	-2.568959 
		-0.334584	0.269124	-2.205844 
		-0.400632	0.588229	-2.568959 
		-0.334584	0.588229	-2.568959 
		-0.400632	0.599346	-2.538047 
		-0.334584	0.599346	-2.538047 
		-0.400632	0.320704	-2.488893 
		-0.400632	0.305611	-2.360017 
		-0.334584	0.305611	-2.360017 
		-0.334584	0.320585	-2.487690 
		-0.334584	0.614282	-2.487893 
		-0.400632	0.650439	-2.531012 
		-0.334584	0.650439	-2.531012 
		-0.400632	0.650716	-2.500863 
		-0.334584	0.650716	-2.500863 
		-0.399334	0.614083	-2.487140 
		-0.337144	0.520145	-2.517105 
		-0.337150	0.520130	-2.532200 
		-0.337192	0.474527	-2.517105 
		-0.337239	0.474310	-2.532200 
		0.000000	0.217510	-2.021615 
		0.000000	0.250197	1.938569 
		0.000000	0.212139	1.077325 
		0.000000	0.212126	-1.078063 
	}

	Nrm 651 { 
		-0.734375	0.671875	0.062500 
		-0.453125	0.828125	-0.343750 
		-0.734375	0.375000	0.562500 
		0.000000	0.140625	0.984375 
		0.000000	0.296875	0.953125 
		0.734375	0.671875	0.062500 
		0.734375	0.375000	0.562500 
		0.453125	0.828125	-0.343750 
		0.000000	0.921875	-0.406250 
		0.875000	0.078125	0.484375 
		0.781250	0.078125	0.609375 
		0.859375	0.078125	0.500000 
		0.890625	0.062500	0.468750 
		0.812500	0.062500	0.578125 
		0.812500	0.078125	0.578125 
		0.812500	0.093750	0.578125 
		-0.546875	0.703125	-0.468750 
		-0.703125	0.703125	0.015625 
		-0.625000	0.781250	0.062500 
		-0.437500	0.734375	0.531250 
		0.000000	0.734375	0.671875 
		0.000000	0.765625	0.656250 
		0.437500	0.734375	0.531250 
		0.703125	0.703125	0.015625 
		0.625000	0.781250	0.062500 
		0.546875	0.703125	-0.468750 
		0.000000	0.671875	-0.734375 
		0.000000	0.781250	-0.625000 
		0.000000	0.953125	0.312500 
		-0.531250	0.671875	-0.515625 
		-0.765625	0.640625	0.031250 
		-0.703125	0.718750	0.015625 
		-0.531250	0.640625	0.562500 
		0.000000	0.625000	0.781250 
		0.000000	0.703125	0.718750 
		0.531250	0.640625	0.562500 
		0.765625	0.640625	0.031250 
		0.703125	0.718750	0.015625 
		0.531250	0.671875	-0.515625 
		0.000000	0.671875	-0.750000 
		0.000000	0.734375	-0.687500 
		0.000000	1.000000	0.000000 
		-0.625000	0.515625	-0.593750 
		-0.875000	0.484375	0.031250 
		-0.828125	0.562500	0.015625 
		-0.609375	0.484375	0.625000 
		0.000000	0.468750	0.890625 
		0.000000	0.546875	0.843750 
		0.609375	0.484375	0.625000 
		0.875000	0.484375	0.031250 
		0.828125	0.562500	0.015625 
		0.625000	0.515625	-0.593750 
		0.000000	0.515625	-0.859375 
		0.000000	0.578125	-0.812500 
		0.031250	0.000000	-1.000000 
		-0.406250	-0.796875	0.421875 
		-0.781250	0.093750	-0.609375 
		-0.453125	0.062500	-0.890625 
		-0.906250	0.046875	-0.421875 
		0.453125	0.046875	-0.890625 
		0.796875	0.093750	-0.609375 
		0.906250	0.046875	-0.421875 
		0.625000	0.265625	-0.734375 
		0.515625	0.734375	-0.437500 
		0.781250	0.546875	-0.312500 
		0.562500	0.734375	0.390625 
		0.796875	0.546875	0.265625 
		0.687500	0.265625	0.671875 
		1.000000	0.093750	-0.015625 
		0.625000	0.218750	-0.750000 
		0.531250	0.718750	-0.453125 
		0.781250	0.531250	-0.328125 
		0.578125	0.718750	0.406250 
		0.812500	0.531250	0.281250 
		0.687500	0.234375	0.687500 
		1.000000	0.078125	-0.015625 
		-0.625000	0.296875	-0.718750 
		-0.781250	0.546875	-0.312500 
		-0.515625	0.734375	-0.421875 
		-0.796875	0.546875	0.265625 
		-0.562500	0.734375	0.390625 
		-0.687500	0.296875	0.671875 
		-1.000000	0.078125	-0.015625 
		-0.625000	0.234375	-0.750000 
		-0.781250	0.531250	-0.328125 
		-0.531250	0.718750	-0.453125 
		-0.796875	0.531250	0.281250 
		-0.562500	0.718750	0.406250 
		-0.687500	0.234375	0.687500 
		-1.000000	0.093750	-0.015625 
		0.000000	0.843750	0.546875 
		0.000000	0.953125	0.328125 
		-0.250000	0.921875	0.312500 
		-0.265625	0.812500	0.515625 
		0.000000	1.000000	0.093750 
		-0.359375	0.921875	0.171875 
		0.234375	0.921875	0.312500 
		0.359375	0.921875	0.171875 
		0.265625	0.812500	0.515625 
		0.000000	0.984375	-0.156250 
		0.000000	0.890625	-0.437500 
		0.000000	0.984375	-0.125000 
		0.015625	0.984375	-0.125000 
		0.125000	0.906250	-0.421875 
		0.062500	0.984375	-0.171875 
		0.062500	0.984375	-0.140625 
		0.312500	0.843750	-0.437500 
		0.328125	0.921875	-0.171875 
		0.296875	0.953125	-0.125000 
		-0.125000	0.906250	-0.406250 
		-0.062500	0.984375	-0.171875 
		-0.281250	0.859375	-0.437500 
		-0.312500	0.937500	-0.171875 
		-0.296875	0.953125	-0.125000 
		-0.671875	0.718750	-0.218750 
		-0.906250	0.312500	-0.281250 
		-0.937500	0.296875	-0.171875 
		-0.562500	0.515625	-0.640625 
		-0.468750	0.812500	-0.375000 
		-0.843750	-0.406250	-0.328125 
		-0.937500	-0.265625	-0.218750 
		-0.875000	-0.359375	-0.312500 
		-0.937500	-0.109375	-0.312500 
		-0.578125	-0.406250	-0.703125 
		0.109375	-0.156250	0.984375 
		0.093750	-0.093750	0.984375 
		0.078125	-0.140625	0.984375 
		0.109375	0.015625	1.000000 
		0.093750	-0.062500	1.000000 
		-0.453125	-0.609375	-0.640625 
		-0.109375	-0.156250	0.984375 
		-0.093750	-0.140625	0.984375 
		-0.093750	-0.093750	0.984375 
		-0.109375	0.015625	1.000000 
		-0.093750	-0.062500	1.000000 
		-0.750000	-0.453125	-0.468750 
		-0.328125	-0.671875	-0.656250 
		-0.078125	-1.000000	-0.031250 
		-0.765625	-0.656250	0.000000 
		-0.671875	0.734375	-0.031250 
		0.703125	0.687500	-0.171875 
		0.390625	0.703125	-0.593750 
		-0.562500	0.515625	-0.656250 
		0.218750	0.109375	0.968750 
		0.234375	0.125000	0.968750 
		0.250000	0.140625	0.953125 
		-0.421875	0.890625	-0.171875 
		-0.437500	0.812500	-0.390625 
		-0.687500	0.625000	-0.359375 
		-1.000000	-0.078125	-0.031250 
		-0.421875	-0.296875	-0.859375 
		-0.078125	-0.812500	-0.578125 
		-0.125000	-0.953125	0.296875 
		-0.203125	0.968750	-0.109375 
		-0.234375	0.937500	-0.265625 
		-0.328125	0.890625	-0.296875 
		-0.328125	0.937500	-0.109375 
		0.000000	-0.875000	-0.484375 
		-0.015625	-0.671875	0.750000 
		-0.687500	-0.187500	0.703125 
		-0.453125	-0.187500	-0.875000 
		-0.718750	0.687500	0.140625 
		-0.703125	0.703125	0.109375 
		-0.468750	0.843750	0.234375 
		-0.843750	0.531250	0.031250 
		-0.859375	0.515625	-0.046875 
		-0.812500	0.578125	-0.140625 
		-0.875000	0.468750	-0.125000 
		-0.968750	0.234375	-0.031250 
		-0.906250	0.312500	-0.265625 
		-0.953125	0.250000	0.125000 
		-0.781250	0.484375	0.375000 
		-0.875000	0.140625	0.453125 
		-0.968750	0.218750	0.093750 
		-0.906250	0.343750	-0.203125 
		-0.953125	0.125000	-0.296875 
		-0.171875	0.984375	0.000000 
		0.000000	0.984375	0.125000 
		-0.234375	0.953125	0.140625 
		0.000000	0.984375	0.203125 
		-0.312500	0.921875	0.234375 
		-0.406250	0.890625	0.187500 
		-0.828125	0.562500	0.062500 
		-0.812500	0.578125	0.046875 
		-0.796875	0.593750	0.078125 
		-0.937500	0.343750	-0.093750 
		-0.984375	0.156250	0.062500 
		-0.968750	0.234375	0.000000 
		-1.000000	0.125000	0.000000 
		-0.906250	-0.140625	0.390625 
		-0.968750	-0.171875	0.140625 
		-0.937500	-0.296875	0.171875 
		-0.718750	-0.328125	0.625000 
		-1.000000	-0.078125	0.000000 
		-0.984375	-0.187500	-0.015625 
		-1.000000	-0.078125	-0.015625 
		-1.000000	-0.015625	-0.015625 
		-1.000000	0.062500	-0.015625 
		0.125000	-0.390625	-0.906250 
		0.000000	-0.328125	-0.937500 
		0.203125	-0.984375	-0.031250 
		0.312500	-0.843750	0.437500 
		0.375000	-0.656250	0.656250 
		0.343750	-0.765625	-0.546875 
		0.390625	-0.500000	0.765625 
		0.140625	-0.250000	0.953125 
		0.125000	-0.296875	-0.953125 
		0.000000	-0.171875	-0.984375 
		0.390625	-0.718750	-0.578125 
		0.218750	-0.968750	-0.125000 
		0.250000	-0.937500	0.234375 
		-0.921875	0.125000	-0.359375 
		-0.937500	0.062500	-0.328125 
		-0.750000	0.453125	-0.484375 
		-0.562500	0.796875	0.234375 
		-0.828125	0.578125	0.000000 
		-0.859375	0.500000	0.000000 
		-0.359375	0.828125	-0.421875 
		-0.406250	0.812500	-0.421875 
		-0.312500	0.953125	0.015625 
		-0.296875	0.953125	-0.031250 
		-0.343750	0.937500	0.109375 
		-0.875000	0.484375	0.015625 
		-0.812500	0.578125	0.015625 
		-0.906250	0.406250	0.000000 
		-0.906250	0.421875	0.000000 
		-0.937500	0.343750	-0.015625 
		-0.859375	0.515625	0.031250 
		-0.937500	0.359375	0.000000 
		-0.906250	0.437500	-0.015625 
		-0.890625	0.453125	-0.015625 
		0.062500	0.953125	0.281250 
		0.015625	0.953125	0.328125 
		0.109375	0.968750	0.234375 
		-0.875000	0.468750	0.000000 
		-0.859375	0.515625	0.000000 
		-0.843750	0.531250	0.000000 
		-0.875000	0.500000	-0.015625 
		-0.875000	0.500000	-0.031250 
		-0.859375	0.500000	-0.046875 
		-0.812500	0.593750	-0.062500 
		-0.828125	0.531250	-0.187500 
		-0.890625	0.421875	-0.187500 
		-0.906250	0.437500	-0.078125 
		-0.875000	-0.421875	0.234375 
		-0.984375	-0.218750	0.000000 
		-0.812500	-0.562500	0.140625 
		-0.593750	0.765625	-0.281250 
		-0.906250	0.296875	-0.281250 
		-0.656250	0.703125	-0.281250 
		0.984375	0.000000	-0.156250 
		0.171875	0.187500	-0.968750 
		-0.890625	0.437500	0.015625 
		-0.875000	0.468750	0.046875 
		-0.906250	0.406250	-0.015625 
		-0.906250	0.437500	0.000000 
		-0.812500	0.593750	0.031250 
		-0.828125	0.562500	0.031250 
		-0.828125	0.578125	0.031250 
		-0.828125	0.546875	0.015625 
		-0.953125	0.312500	0.078125 
		-0.906250	0.406250	0.031250 
		-0.843750	0.421875	0.343750 
		-0.875000	0.187500	0.437500 
		-0.062500	0.984375	-0.140625 
		0.156250	0.187500	0.968750 
		0.718750	-0.421875	-0.546875 
		0.765625	-0.609375	-0.171875 
		0.156250	-0.968750	-0.171875 
		0.359375	-0.625000	-0.703125 
		1.000000	-0.078125	-0.031250 
		0.125000	-0.953125	0.296875 
		0.078125	-0.812500	-0.578125 
		0.421875	-0.296875	-0.859375 
		0.437500	0.890625	-0.171875 
		0.703125	0.609375	-0.359375 
		0.453125	0.796875	-0.390625 
		0.000000	-0.890625	-0.453125 
		0.437500	-0.218750	-0.875000 
		0.687500	-0.187500	0.703125 
		0.015625	-0.671875	0.750000 
		0.171875	0.984375	0.000000 
		0.203125	0.968750	-0.109375 
		0.312500	0.921875	0.234375 
		0.234375	0.953125	0.140625 
		-0.125000	-0.390625	-0.906250 
		-0.203125	-0.984375	-0.031250 
		-0.312500	-0.843750	0.437500 
		-0.375000	-0.656250	0.656250 
		-0.343750	-0.765625	-0.546875 
		-0.390625	-0.500000	0.765625 
		-0.140625	-0.250000	0.953125 
		-0.140625	-0.343750	-0.937500 
		-0.375000	-0.765625	-0.531250 
		0.000000	-0.234375	-0.968750 
		-0.203125	-0.968750	-0.109375 
		-0.250000	-0.937500	0.234375 
		-0.062500	0.953125	0.281250 
		-0.015625	0.953125	0.328125 
		-0.109375	0.968750	0.234375 
		0.468750	0.828125	-0.312500 
		0.406250	0.781250	-0.484375 
		0.687500	0.718750	0.109375 
		0.562500	0.796875	0.234375 
		0.812500	0.593750	0.062500 
		0.843750	-0.515625	0.125000 
		0.812500	-0.593750	0.078125 
		0.968750	-0.234375	-0.046875 
		-0.656250	0.750000	-0.093750 
		-0.375000	0.796875	-0.468750 
		-0.187500	0.328125	-0.921875 
		-0.984375	0.140625	-0.078125 
		0.906250	0.328125	-0.265625 
		0.640625	0.703125	-0.296875 
		0.546875	0.531250	-0.656250 
		0.234375	0.937500	-0.265625 
		0.328125	0.890625	-0.296875 
		0.343750	0.843750	-0.421875 
		0.328125	0.937500	-0.109375 
		0.312500	0.953125	0.015625 
		0.296875	0.953125	-0.031250 
		0.343750	0.937500	0.109375 
		0.406250	0.890625	0.187500 
		0.468750	0.843750	0.234375 
		0.687500	0.718750	-0.109375 
		-0.078125	-0.046875	1.000000 
		-0.171875	0.046875	0.984375 
		-0.250000	0.125000	0.953125 
		-0.140625	0.187500	0.968750 
		0.593750	0.734375	-0.296875 
		0.640625	0.718750	-0.234375 
		-0.921875	0.062500	-0.390625 
		-0.875000	0.484375	-0.015625 
		-0.890625	0.468750	-0.046875 
		-0.859375	0.515625	-0.031250 
		-0.812500	0.578125	0.062500 
		-0.875000	0.468750	0.062500 
		-0.906250	0.421875	0.062500 
		-0.796875	0.609375	0.078125 
		0.000000	0.984375	-0.218750 
		-0.640625	0.750000	-0.171875 
		-0.453125	0.828125	-0.312500 
		-0.406250	0.781250	-0.484375 
		0.390625	0.812500	-0.437500 
		-0.015625	0.984375	-0.125000 
		-0.984375	-0.171875	-0.015625 
		-0.875000	0.078125	0.484375 
		-0.859375	0.078125	0.500000 
		-0.781250	0.078125	0.609375 
		-0.890625	0.062500	0.468750 
		-0.812500	0.062500	0.578125 
		-0.812500	0.078125	0.578125 
		-0.812500	0.093750	0.578125 
		1.000000	0.000000	0.000000 
		0.000000	0.421875	-0.906250 
		-1.000000	0.000000	0.000000 
		0.000000	-0.421875	0.906250 
		0.000000	0.890625	0.437500 
		0.000000	0.265625	-0.968750 
		0.000000	-0.265625	0.968750 
		0.640625	-0.718750	-0.234375 
		0.000000	-0.531250	-0.843750 
		-0.640625	-0.718750	-0.234375 
		0.000000	-0.921875	0.375000 
		0.000000	0.312500	-0.953125 
		0.000000	-0.312500	0.953125 
		0.875000	0.468750	0.156250 
		0.000000	0.734375	-0.671875 
		-0.875000	0.468750	0.156250 
		0.000000	0.203125	0.984375 
		0.000000	0.281250	-0.953125 
		0.000000	-0.281250	0.953125 
		-0.281250	-0.453125	0.859375 
		0.093750	-0.500000	0.859375 
		0.296875	-0.203125	0.937500 
		-0.375000	-0.093750	0.921875 
		0.343750	0.093750	0.937500 
		0.234375	0.453125	0.859375 
		-0.140625	0.500000	0.859375 
		-0.343750	0.203125	0.921875 
		-0.765625	0.468750	0.437500 
		-0.859375	-0.234375	0.437500 
		-0.218750	0.875000	0.437500 
		0.437500	0.781250	0.453125 
		0.843750	0.234375	0.484375 
		0.734375	-0.468750	0.484375 
		0.187500	-0.875000	0.453125 
		-0.453125	-0.781250	0.437500 
		-0.843750	0.531250	0.140625 
		-0.953125	-0.250000	0.140625 
		-0.218750	0.968750	0.140625 
		0.484375	0.859375	0.171875 
		0.953125	0.250000	0.187500 
		0.828125	-0.531250	0.187500 
		0.218750	-0.968750	0.156250 
		-0.500000	-0.859375	0.140625 
		-0.515625	0.859375	0.031250 
		-0.156250	0.843750	-0.500000 
		-0.703125	0.546875	-0.453125 
		-0.265625	0.609375	-0.750000 
		0.031250	0.890625	-0.453125 
		-0.656250	-0.015625	-0.750000 
		-0.921875	0.140625	-0.343750 
		0.968750	-0.046875	-0.250000 
		-0.609375	0.609375	0.515625 
		-0.046875	0.734375	0.671875 
		0.968750	-0.140625	-0.234375 
		0.953125	-0.218750	-0.203125 
		0.078125	0.812500	-0.578125 
		-0.921875	0.265625	0.296875 
		0.796875	0.140625	0.578125 
		0.203125	-0.390625	-0.906250 
		0.406250	0.796875	-0.453125 
		0.812500	0.515625	-0.281250 
		0.671875	0.390625	-0.640625 
		0.328125	0.421875	-0.843750 
		0.000000	0.640625	-0.781250 
		-0.109375	0.875000	-0.468750 
		0.046875	0.984375	-0.125000 
		0.375000	0.921875	0.078125 
		0.671875	0.734375	0.015625 
		1.000000	0.046875	-0.031250 
		0.734375	-0.156250	-0.656250 
		0.156250	-0.046875	-0.984375 
		-0.390625	0.296875	-0.875000 
		-0.609375	0.703125	-0.375000 
		-0.359375	0.890625	0.265625 
		0.218750	0.765625	0.609375 
		0.765625	0.421875	0.484375 
		0.968750	-0.234375	0.125000 
		0.671875	-0.453125	-0.578125 
		0.031250	-0.328125	-0.937500 
		-0.578125	0.046875	-0.812500 
		-0.828125	0.484375	-0.265625 
		-0.546875	0.718750	0.437500 
		0.093750	0.578125	0.812500 
		0.703125	0.203125	0.687500 
		0.468750	0.875000	-0.015625 
		0.218750	0.859375	-0.468750 
		-0.031250	0.890625	-0.453125 
		0.703125	0.546875	-0.453125 
		0.437500	0.421875	-0.781250 
		0.031250	0.796875	-0.609375 
		-0.968750	-0.062500	-0.265625 
		-0.953125	0.000000	-0.296875 
		-0.968750	-0.062500	-0.234375 
		0.562500	0.703125	0.421875 
		0.937500	0.125000	-0.328125 
		0.703125	-0.093750	-0.703125 
		-0.031250	0.828125	0.562500 
		-0.968750	-0.171875	-0.187500 
		-0.953125	-0.062500	-0.281250 
		0.843750	0.328125	-0.437500 
		-0.734375	0.531250	0.437500 
		-0.046875	-0.984375	0.125000 
		0.187500	0.156250	0.968750 
		0.203125	0.156250	0.968750 
		0.171875	0.171875	0.968750 
		0.171875	0.156250	0.968750 
		0.406250	0.125000	0.906250 
		-0.187500	0.156250	0.968750 
		-0.171875	0.156250	0.968750 
		-0.171875	0.171875	0.968750 
		-0.203125	0.156250	0.968750 
		-0.406250	0.125000	0.906250 
		-0.109375	0.203125	0.968750 
		0.000000	0.234375	0.968750 
		-0.421875	0.203125	0.875000 
		-0.437500	0.156250	0.890625 
		0.062500	0.234375	0.968750 
		0.000000	0.218750	0.968750 
		0.421875	0.218750	0.890625 
		-0.343750	0.500000	0.796875 
		-0.109375	0.625000	0.781250 
		-0.093750	-0.390625	0.921875 
		-0.078125	-0.218750	0.968750 
		-0.531250	-0.140625	0.843750 
		1.000000	0.093750	0.046875 
		1.000000	0.000000	0.078125 
		-0.453125	0.531250	0.718750 
		-0.093750	0.390625	0.921875 
		0.109375	0.625000	0.781250 
		0.343750	0.484375	0.796875 
		0.140625	0.171875	0.968750 
		0.078125	-0.218750	0.968750 
		0.000000	-0.406250	0.921875 
		0.531250	-0.140625	0.843750 
		0.718750	-0.312500	0.625000 
		0.906250	-0.140625	0.390625 
		0.000000	0.046875	1.000000 
		-1.000000	0.093750	0.046875 
		-1.000000	0.000000	0.078125 
		0.093750	-0.390625	0.921875 
		0.437500	0.109375	0.890625 
		0.093750	0.390625	0.921875 
		0.453125	0.531250	0.718750 
		0.828125	0.421875	0.343750 
		0.796875	0.484375	0.375000 
		0.875000	0.156250	0.453125 
		0.000000	-1.000000	0.109375 
		0.875000	0.203125	0.437500 
		0.000000	0.921875	0.390625 
		-0.046875	0.921875	0.390625 
		0.046875	0.921875	0.390625 
		-0.984375	0.203125	0.015625 
		0.984375	0.203125	0.015625 
		-0.234375	-0.015625	-0.968750 
		0.234375	-0.015625	-0.968750 
		0.000000	1.000000	0.109375 
		0.890625	-0.312500	-0.343750 
		0.578125	-0.406250	-0.718750 
		0.562500	0.515625	-0.656250 
		0.906250	0.312500	-0.296875 
		0.937500	0.296875	-0.171875 
		0.953125	-0.234375	-0.203125 
		0.812500	-0.437500	-0.375000 
		0.468750	-0.609375	-0.640625 
		0.671875	0.703125	-0.234375 
		0.468750	0.796875	-0.390625 
		0.828125	0.546875	0.031250 
		0.828125	0.562500	0.046875 
		0.921875	0.312500	-0.265625 
		0.828125	0.546875	-0.125000 
		0.890625	0.453125	-0.109375 
		0.828125	0.562500	0.078125 
		0.968750	0.218750	0.093750 
		0.953125	0.250000	0.125000 
		0.984375	0.171875	0.062500 
		1.000000	0.125000	0.000000 
		0.968750	0.234375	0.000000 
		1.000000	0.062500	-0.015625 
		0.937500	0.343750	-0.093750 
		0.968750	0.234375	-0.031250 
		0.906250	0.437500	-0.015625 
		0.859375	0.500000	-0.046875 
		0.812500	0.593750	0.046875 
		0.859375	0.515625	0.046875 
		0.875000	0.484375	0.015625 
		0.906250	0.421875	0.000000 
		0.890625	0.468750	-0.015625 
		0.859375	0.500000	0.000000 
		0.906250	0.406250	0.000000 
		0.812500	0.578125	0.000000 
		0.875000	0.468750	0.000000 
		0.859375	0.515625	0.000000 
		0.843750	0.546875	0.000000 
		0.875000	0.484375	-0.015625 
		0.875000	0.484375	-0.031250 
		0.890625	0.453125	0.015625 
		0.875000	0.500000	-0.031250 
		0.984375	-0.187500	-0.015625 
		1.000000	-0.078125	0.000000 
		1.000000	-0.078125	-0.015625 
		0.859375	0.500000	-0.015625 
		0.593750	0.812500	0.000000 
		0.593750	0.796875	-0.015625 
		0.828125	0.546875	0.015625 
		0.828125	0.562500	0.031250 
		0.890625	0.468750	0.000000 
		0.921875	0.406250	-0.015625 
		0.859375	0.515625	0.015625 
		0.921875	0.390625	-0.015625 
		0.796875	0.609375	0.046875 
		0.796875	0.593750	-0.062500 
		0.890625	0.437500	0.031250 
		0.906250	0.421875	0.015625 
		0.812500	0.593750	0.031250 
		0.718750	0.687500	0.156250 
		0.828125	0.531250	-0.203125 
		0.890625	0.421875	-0.187500 
		0.906250	0.437500	-0.078125 
		0.906250	0.421875	0.031250 
		0.937500	0.328125	0.078125 
		0.765625	0.437500	-0.484375 
		0.921875	0.125000	-0.343750 
		0.921875	0.062500	-0.390625 
		0.781250	0.078125	-0.609375 
		0.953125	0.140625	-0.296875 
		0.937500	0.078125	-0.328125 
		0.859375	0.500000	0.015625 
		0.843750	0.515625	-0.046875 
		0.890625	0.453125	-0.046875 
		0.890625	0.453125	0.062500 
		0.828125	0.562500	0.062500 
		0.828125	0.546875	0.062500 
		0.921875	0.390625	0.062500 
		0.812500	0.578125	0.062500 
		0.906250	0.359375	-0.203125 
		0.812500	0.578125	0.031250 
		0.984375	-0.156250	0.140625 
		0.921875	-0.296875	-0.265625 
		0.953125	-0.281250	0.156250 
		1.000000	-0.015625	-0.015625 
		0.984375	-0.171875	-0.015625 
		0.187500	0.375000	-0.906250 
		-0.140625	0.390625	-0.906250 
		0.171875	0.781250	-0.593750 
		0.203125	-0.421875	-0.890625 
		0.140625	-0.296875	-0.937500 
		0.359375	0.359375	-0.859375 
		-0.156250	-0.406250	-0.890625 
		-0.109375	-0.296875	-0.953125 
		-0.156250	0.796875	-0.578125 
		-0.281250	0.375000	-0.875000 
		-0.218750	0.843750	-0.500000 
		-0.140625	-0.406250	-0.906250 
		-0.140625	0.437500	-0.890625 
		-0.109375	-0.656250	-0.750000 
		0.140625	0.437500	-0.890625 
		0.109375	-0.468750	-0.875000 
		0.218750	0.843750	-0.500000 
		0.109375	-0.656250	-0.750000 
		0.000000	-0.687500	-0.718750 
		-0.078125	0.859375	-0.515625 
		0.078125	0.859375	-0.515625 
		-0.515625	0.671875	-0.546875 
		0.515625	0.640625	-0.562500 
		-0.421875	0.046875	-0.906250 
		0.421875	0.031250	-0.906250 
		0.000000	0.859375	-0.500000 
		-0.046875	0.859375	-0.500000 
		0.046875	0.859375	-0.500000 
		0.000000	-1.000000	-0.093750 
		0.000000	-0.671875	-0.734375 
		0.000000	0.000000	-1.000000 
		0.000000	0.937500	-0.343750 
		0.000000	0.140625	-0.984375 
		0.000000	0.750000	-0.656250 
		0.000000	0.828125	0.562500 
		0.000000	0.343750	0.937500 
		1.000000	0.000000	0.015625 
		1.000000	-0.015625	0.015625 
		1.000000	0.000000	0.031250 
		0.000000	0.000000	1.000000 
		0.000000	-1.000000	0.015625 
		-1.000000	0.000000	0.015625 
		-1.000000	-0.015625	0.015625 
		-1.000000	0.000000	0.031250 
		-0.093750	-0.968750	-0.250000 
		-0.015625	-0.968750	-0.234375 
		-0.156250	-0.953125	-0.265625 
		0.015625	-0.968750	-0.234375 
		0.093750	-0.968750	-0.250000 
		0.156250	-0.953125	-0.265625 
		0.000000	-0.968750	-0.234375 
		0.000000	-1.000000	0.000000 
		0.000000	-1.000000	0.078125 
		0.000000	-1.000000	0.062500 
		0.000000	-1.000000	0.046875 
		-0.015625	-1.000000	0.078125 
		0.015625	-1.000000	0.078125 
	}

	Cpv 1114 { 
		0.500000	0.500000	0.500000	0.000000 
		0.500000	0.500000	0.500000	0.000000 
		0.500000	0.500000	0.500000	0.000000 
		0.500000	0.500000	0.500000	0.000000 
		0.500000	0.500000	0.500000	0.000000 
		0.500000	0.500000	0.500000	0.000000 
		0.500000	0.500000	0.500000	0.000000 
		0.500000	0.500000	0.500000	0.000000 
		0.500000	0.500000	0.500000	0.000000 
		0.500000	0.500000	0.500000	0.000000 
		0.500000	0.500000	0.500000	0.000000 
		0.500000	0.500000	0.500000	0.000000 
		0.500000	0.500000	0.500000	0.000000 
		0.500000	0.500000	0.500000	0.000000 
		0.500000	0.500000	0.500000	0.000000 
		0.500000	0.500000	0.500000	0.000000 
		0.500000	0.500000	0.500000	0.000000 
		0.500000	0.500000	0.500000	0.003922 
		0.500000	0.500000	0.500000	0.003922 
		0.500000	0.500000	0.500000	0.003922 
		0.500000	0.500000	0.500000	0.003922 
		0.500000	0.500000	0.500000	0.003922 
		0.500000	0.500000	0.500000	0.003922 
		0.500000	0.500000	0.500000	0.003922 
		0.500000	0.500000	0.500000	0.003922 
		0.500000	0.500000	0.500000	0.003922 
		0.500000	0.500000	0.500000	0.003922 
		0.500000	0.500000	0.500000	0.003922 
		0.500000	0.500000	0.500000	0.003922 
		0.433793	0.212296	0.500000	0.003922 
		0.433793	0.212296	0.500000	0.003922 
		0.433793	0.212296	0.500000	0.003922 
		0.433793	0.212296	0.500000	0.003922 
		0.500000	0.467541	0.500000	0.003922 
		0.500000	0.467541	0.500000	0.003922 
		0.500000	0.467541	0.500000	0.003922 
		0.500000	0.467541	0.500000	0.003922 
		0.500000	0.467541	0.500000	0.003922 
		0.500000	0.467541	0.500000	0.003922 
		0.500000	0.467541	0.500000	0.003922 
		0.500000	0.467541	0.500000	0.003922 
		0.500000	0.467541	0.500000	0.003922 
		0.500000	0.467541	0.500000	0.003922 
		0.500000	0.467541	0.500000	0.003922 
		0.500000	0.467541	0.500000	0.003922 
		0.553597	0.286490	0.500000	0.003922 
		0.553597	0.286490	0.500000	0.003922 
		0.553597	0.286490	0.500000	0.003922 
		0.553597	0.286490	0.500000	0.003922 
		0.500000	0.439438	0.500000	0.003922 
		0.500000	0.439438	0.500000	0.003922 
		0.500000	0.439438	0.500000	0.003922 
		0.500000	0.439438	0.500000	0.003922 
		0.500000	0.439438	0.500000	0.003922 
		0.500000	0.439438	0.500000	0.003922 
		0.500000	0.439438	0.500000	0.003922 
		0.500000	0.439438	0.500000	0.003922 
		0.500000	0.439438	0.500000	0.003922 
		0.500000	0.439438	0.500000	0.003922 
		0.500000	0.439438	0.500000	0.003922 
		0.500000	0.439438	0.500000	0.003922 
		0.500000	0.500000	0.500000	0.000000 
		0.500000	0.500000	0.500000	0.000000 
		0.500000	0.458010	0.500000	0.000000 
		0.500000	0.458010	0.500000	0.000000 
		0.500000	0.500000	0.500000	0.000000 
		0.500000	0.500000	0.500000	0.000000 
		0.500000	0.500000	0.500000	0.000000 
		0.500000	0.500000	0.500000	0.000000 
		0.500000	0.500000	0.500000	0.000000 
		0.500000	0.500000	0.500000	0.000000 
		0.500000	0.500000	0.500000	0.000000 
		0.500000	0.500000	0.500000	0.000000 
		0.500000	0.500000	0.500000	0.000000 
		0.500000	0.500000	0.500000	0.000000 
		0.500000	0.500000	0.500000	0.000000 
		0.500000	0.500000	0.500000	0.000000 
		0.500000	0.500000	0.500000	0.000000 
		0.500000	0.500000	0.500000	0.000000 
		0.500000	0.500000	0.500000	0.000000 
		0.500000	0.500000	0.500000	0.000000 
		0.500000	0.500000	0.500000	0.000000 
		0.500000	0.500000	0.500000	0.000000 
		0.500000	0.500000	0.500000	0.000000 
		0.500000	0.500000	0.500000	0.000000 
		0.500000	0.500000	0.500000	0.000000 
		0.500000	0.500000	0.500000	0.000000 
		0.500000	0.500000	0.500000	0.000000 
		0.500000	0.500000	0.500000	0.000000 
		0.500000	0.500000	0.500000	0.000000 
		0.500000	0.500000	0.500000	0.000000 
		0.500000	0.500000	0.500000	0.000000 
		0.500000	0.500000	0.500000	0.000000 
		0.500000	0.500000	0.500000	0.000000 
		0.500000	0.500000	0.500000	0.000000 
		0.500000	0.500000	0.500000	0.000000 
		0.500000	0.500000	0.500000	0.000000 
		0.500000	0.500000	0.500000	0.000000 
		0.500000	0.500000	0.500000	0.000000 
		0.500000	0.500000	0.500000	0.000000 
		0.500000	0.500000	0.500000	0.000000 
		0.500000	0.500000	0.500000	0.000000 
		0.500000	0.500000	0.500000	0.000000 
		0.500000	0.500000	0.500000	0.000000 
		0.500000	0.500000	0.500000	0.000000 
		0.500000	0.500000	0.500000	0.000000 
		0.500000	0.500000	0.500000	0.000000 
		0.500000	0.500000	0.500000	0.000000 
		0.500000	0.500000	0.500000	0.000000 
		0.500000	0.500000	0.500000	0.000000 
		0.500000	0.500000	0.500000	0.000000 
		0.500000	0.500000	0.500000	0.000000 
		0.500000	0.500000	0.500000	0.000000 
		0.500000	0.500000	0.500000	0.000000 
		0.500000	0.500000	0.500000	0.000000 
		0.500000	0.500000	0.500000	0.000000 
		0.500000	0.500000	0.500000	0.000000 
		0.500000	0.500000	0.500000	0.000000 
		0.500000	0.500000	0.500000	0.000000 
		0.500000	0.500000	0.500000	0.000000 
		0.500000	0.500000	0.500000	0.000000 
		0.500000	0.444628	0.500000	0.000000 
		0.500000	0.444628	0.500000	0.000000 
		0.500000	0.464682	0.500000	0.000000 
		0.500000	0.468756	0.450471	0.000000 
		0.500000	0.500000	0.500000	0.000000 
		0.500000	0.500000	0.500000	0.000000 
		0.500000	0.500000	0.500000	0.000000 
		0.500000	0.500000	0.500000	0.000000 
		0.500000	0.500000	0.500000	0.000000 
		0.420061	0.413813	0.500000	0.000000 
		0.420061	0.500000	0.500000	0.000000 
		0.500000	0.500000	0.500000	0.000000 
		0.500000	0.500000	0.500000	0.000000 
		0.500000	0.500000	0.500000	0.000000 
		0.500000	0.500000	0.500000	0.000000 
		0.420061	0.500000	0.500000	0.000000 
		0.420061	0.413813	0.500000	0.000000 
		0.500000	0.429214	0.500000	0.000000 
		0.500000	0.500000	0.500000	0.000000 
		0.500000	0.500000	0.500000	0.000000 
		0.500000	0.500000	0.500000	0.000000 
		0.420061	0.500000	0.500000	0.000000 
		0.420061	0.500000	0.500000	0.000000 
		0.420061	0.413813	0.500000	0.000000 
		0.420061	0.413813	0.500000	0.000000 
		0.500000	0.500000	0.500000	0.000000 
		0.500000	0.500000	0.500000	0.000000 
		0.500000	0.500000	0.500000	0.000000 
		0.500000	0.424872	0.500000	0.000000 
		0.500000	0.500000	0.500000	0.000000 
		0.500000	0.500000	0.500000	0.000000 
		0.500000	0.500000	0.500000	0.000000 
		0.500000	0.500000	0.500000	0.000000 
		0.500000	0.500000	0.500000	0.000000 
		0.500000	0.500000	0.500000	0.000000 
		0.500000	0.500000	0.500000	0.000000 
		0.500000	0.500000	0.500000	0.000000 
		0.500000	0.500000	0.500000	0.000000 
		0.500000	0.500000	0.500000	0.000000 
		0.500000	0.500000	0.500000	0.000000 
		0.500000	0.500000	0.500000	0.000000 
		0.500000	0.500000	0.500000	0.000000 
		0.500000	0.500000	0.500000	0.000000 
		0.500000	0.500000	0.500000	0.000000 
		0.500000	0.500000	0.500000	0.000000 
		0.500000	0.500000	0.500000	0.000000 
		0.500000	0.500000	0.500000	0.000000 
		0.500000	0.500000	0.500000	0.000000 
		0.500000	0.500000	0.500000	0.000000 
		0.500000	0.500000	0.500000	0.000000 
		0.500000	0.500000	0.500000	0.000000 
		0.500000	0.500000	0.500000	0.000000 
		0.500000	0.500000	0.500000	0.000000 
		0.500000	0.500000	0.500000	0.000000 
		0.500000	0.557660	0.500000	0.000000 
		0.500000	0.576948	0.500000	0.000000 
		0.557372	0.427561	0.500000	0.000000 
		0.500000	0.500000	0.500000	0.000000 
		0.500000	0.500000	0.500000	0.000000 
		0.557372	0.427561	0.500000	0.000000 
		0.557372	0.427561	0.500000	0.000000 
		0.500000	0.500000	0.500000	0.000000 
		0.500000	0.500000	0.500000	0.000000 
		0.557372	0.427561	0.500000	0.000000 
		0.557372	0.427561	0.500000	0.000000 
		0.500000	0.500000	0.500000	0.000000 
		0.557372	0.427561	0.500000	0.000000 
		0.500000	0.500000	0.500000	0.000000 
		0.500000	0.500000	0.500000	0.000000 
		0.500000	0.424872	0.500000	0.000000 
		0.500000	0.500000	0.500000	0.000000 
		0.500000	0.500000	0.500000	0.000000 
		0.500000	0.458010	0.500000	0.000000 
		0.500000	0.500000	0.500000	0.000000 
		0.500000	0.500000	0.500000	0.000000 
		0.500000	0.500000	0.500000	0.000000 
		0.500000	0.500000	0.500000	0.000000 
		0.500000	0.439438	0.500000	0.003922 
		0.500000	0.464182	0.500000	0.003922 
		0.500000	0.473549	0.500000	0.003922 
		0.500000	0.446959	0.500000	0.003922 
		0.500000	0.500000	0.500000	0.000000 
		0.500000	0.500000	0.500000	0.000000 
		0.500000	0.500000	0.500000	0.000000 
		0.500000	0.500000	0.500000	0.000000 
		0.500000	0.500000	0.500000	0.003922 
		0.500000	0.500000	0.500000	0.000000 
		0.500000	0.500000	0.500000	0.000000 
		0.500000	0.418005	0.500000	0.003922 
		0.500000	0.500000	0.500000	0.000000 
		0.500000	0.500000	0.500000	0.000000 
		0.500000	0.500000	0.500000	0.000000 
		0.500000	0.500000	0.500000	0.000000 
		0.500000	0.458010	0.500000	0.000000 
		0.500000	0.500000	0.500000	0.000000 
		0.500000	0.500000	0.500000	0.000000 
		0.500000	0.500000	0.500000	0.000000 
		0.500000	0.500000	0.500000	0.000000 
		0.585850	0.500000	0.500000	0.000000 
		0.500000	0.500000	0.500000	0.000000 
		0.500000	0.500000	0.500000	0.000000 
		0.611098	0.500000	0.500000	0.000000 
		0.500000	0.500000	0.500000	0.000000 
		0.500000	0.500000	0.500000	0.000000 
		0.500000	0.475013	0.500000	0.003922 
		0.500000	0.500000	0.500000	0.003922 
		0.500000	0.456704	0.500000	0.003922 
		0.500000	0.439438	0.500000	0.003922 
		0.500000	0.439438	0.500000	0.003922 
		0.500000	0.418005	0.500000	0.003922 
		0.500000	0.439438	0.500000	0.003922 
		0.500000	0.418005	0.500000	0.003922 
		0.500000	0.418005	0.500000	0.003922 
		0.500000	0.418005	0.500000	0.003922 
		0.500000	0.418005	0.500000	0.003922 
		0.500000	0.418005	0.500000	0.003922 
		0.500000	0.500000	0.500000	0.000000 
		0.500000	0.500000	0.500000	0.000000 
		0.500000	0.500000	0.500000	0.000000 
		0.500000	0.500000	0.500000	0.000000 
		0.500000	0.500000	0.500000	0.000000 
		0.500000	0.500000	0.500000	0.000000 
		0.500000	0.500000	0.500000	0.000000 
		0.500000	0.500000	0.500000	0.000000 
		0.585850	0.500000	0.500000	0.000000 
		0.585850	0.500000	0.500000	0.000000 
		0.500000	0.572746	0.500000	0.000000 
		0.500000	0.500000	0.500000	0.000000 
		0.500000	0.500000	0.500000	0.000000 
		0.500000	0.500000	0.500000	0.000000 
		0.500000	0.500000	0.500000	0.000000 
		0.500000	0.500000	0.500000	0.000000 
		0.500000	0.500000	0.500000	0.000000 
		0.500000	0.500000	0.500000	0.000000 
		0.500000	0.500000	0.500000	0.000000 
		0.500000	0.500000	0.500000	0.000000 
		0.500000	0.500000	0.500000	0.000000 
		0.500000	0.500000	0.500000	0.000000 
		0.500000	0.500000	0.500000	0.000000 
		0.500000	0.500000	0.500000	0.000000 
		0.500000	0.500000	0.500000	0.000000 
		0.585850	0.500000	0.500000	0.000000 
		0.585850	0.500000	0.500000	0.000000 
		0.585850	0.500000	0.500000	0.000000 
		0.500000	0.500000	0.500000	0.000000 
		0.500000	0.500000	0.500000	0.000000 
		0.500000	0.500000	0.500000	0.000000 
		0.500000	0.500000	0.500000	0.000000 
		0.500000	0.500000	0.500000	0.000000 
		0.500000	0.500000	0.500000	0.000000 
		0.500000	0.463065	0.500000	0.000000 
		0.500000	0.475013	0.500000	0.003922 
		0.500000	0.475013	0.500000	0.003922 
		0.580491	0.500000	0.500000	0.003922 
		0.580491	0.500000	0.500000	0.003922 
		0.500000	0.500000	0.500000	0.000000 
		0.500000	0.500000	0.500000	0.000000 
		0.500000	0.500000	0.500000	0.000000 
		0.500000	0.475013	0.500000	0.003922 
		0.500000	0.475013	0.500000	0.003922 
		0.500000	0.475013	0.500000	0.003922 
		0.500000	0.418005	0.500000	0.003922 
		0.545980	0.500000	0.500000	0.003922 
		0.545980	0.500000	0.500000	0.003922 
		0.500000	0.418005	0.500000	0.003922 
		0.500000	0.418005	0.500000	0.003922 
		0.500000	0.500000	0.500000	0.000000 
		0.500000	0.500000	0.500000	0.000000 
		0.500000	0.500000	0.500000	0.000000 
		0.500000	0.500000	0.500000	0.000000 
		0.500000	0.500000	0.500000	0.000000 
		0.500000	0.500000	0.500000	0.000000 
		0.500000	0.500000	0.500000	0.000000 
		0.500000	0.500000	0.500000	0.000000 
		0.500000	0.500000	0.500000	0.000000 
		0.500000	0.500000	0.500000	0.000000 
		0.500000	0.500000	0.500000	0.000000 
		0.500000	0.500000	0.500000	0.000000 
		0.500000	0.500000	0.500000	0.000000 
		0.500000	0.500000	0.500000	0.000000 
		0.500000	0.500000	0.500000	0.000000 
		0.500000	0.500000	0.500000	0.000000 
		0.500000	0.446959	0.500000	0.003922 
		0.500000	0.451431	0.500000	0.003922 
		0.500000	0.475013	0.500000	0.003922 
		0.500000	0.475013	0.500000	0.003922 
		0.500000	0.473549	0.500000	0.003922 
		0.500000	0.478205	0.500000	0.003922 
		0.500000	0.500000	0.500000	0.000000 
		0.500000	0.500000	0.500000	0.000000 
		0.500000	0.500000	0.500000	0.000000 
		0.500000	0.500000	0.500000	0.000000 
		0.500000	0.500000	0.500000	0.000000 
		0.500000	0.500000	0.500000	0.000000 
		0.500000	0.500000	0.500000	0.000000 
		0.500000	0.500000	0.500000	0.000000 
		0.500000	0.500000	0.500000	0.003922 
		0.500000	0.418005	0.500000	0.003922 
		0.500000	0.418005	0.500000	0.003922 
		0.500000	0.500000	0.500000	0.003922 
		0.500000	0.500000	0.500000	0.000000 
		0.500000	0.500000	0.500000	0.000000 
		0.500000	0.500000	0.500000	0.000000 
		0.500000	0.500000	0.500000	0.000000 
		0.500000	0.500000	0.500000	0.000000 
		0.500000	0.500000	0.500000	0.000000 
		0.500000	0.500000	0.500000	0.000000 
		0.500000	0.500000	0.500000	0.000000 
		0.500000	0.500000	0.500000	0.000000 
		0.500000	0.500000	0.500000	0.000000 
		0.500000	0.500000	0.500000	0.000000 
		0.500000	0.500000	0.500000	0.000000 
		0.500000	0.500000	0.500000	0.000000 
		0.500000	0.418005	0.500000	0.003922 
		0.500000	0.418005	0.500000	0.003922 
		0.500000	0.418005	0.500000	0.003922 
		0.500000	0.418005	0.500000	0.003922 
		0.500000	0.418005	0.500000	0.003922 
		0.500000	0.418005	0.500000	0.003922 
		0.500000	0.475013	0.500000	0.003922 
		0.500000	0.475013	0.500000	0.003922 
		0.500000	0.500000	0.500000	0.000000 
		0.500000	0.500000	0.500000	0.000000 
		0.500000	0.500000	0.500000	0.000000 
		0.500000	0.463065	0.500000	0.000000 
		0.500000	0.500000	0.500000	0.000000 
		0.500000	0.500000	0.500000	0.000000 
		0.500000	0.500000	0.500000	0.000000 
		0.500000	0.500000	0.500000	0.000000 
		0.500000	0.500000	0.500000	0.000000 
		0.500000	0.500000	0.500000	0.000000 
		0.425058	0.500000	0.500000	0.000000 
		0.425058	0.500000	0.500000	0.000000 
		0.500000	0.500000	0.500000	0.000000 
		0.500000	0.500000	0.500000	0.000000 
		0.500000	0.576948	0.500000	0.000000 
		0.500000	0.500000	0.500000	0.000000 
		0.500000	0.500000	0.500000	0.000000 
		0.500000	0.500000	0.500000	0.000000 
		0.500000	0.500000	0.500000	0.000000 
		0.435330	0.439495	0.527228	0.000000 
		0.500000	0.500000	0.500000	0.000000 
		0.500000	0.429214	0.500000	0.000000 
		0.500000	0.500000	0.500000	0.000000 
		0.500000	0.500000	0.500000	0.000000 
		0.500000	0.500000	0.500000	0.000000 
		0.500000	0.500000	0.500000	0.000000 
		0.500000	0.500000	0.500000	0.003922 
		0.500000	0.500000	0.500000	0.003922 
		0.500000	0.500000	0.500000	0.003922 
		0.500000	0.500000	0.500000	0.003922 
		0.500000	0.500000	0.500000	0.000000 
		0.500000	0.500000	0.500000	0.000000 
		0.500000	0.500000	0.500000	0.000000 
		0.500000	0.500000	0.500000	0.000000 
		0.500000	0.500000	0.500000	0.000000 
		0.500000	0.500000	0.500000	0.000000 
		0.500000	0.500000	0.500000	0.000000 
		0.500000	0.500000	0.500000	0.000000 
		0.500000	0.500000	0.500000	0.000000 
		0.500000	0.500000	0.500000	0.000000 
		0.500000	0.500000	0.500000	0.000000 
		0.500000	0.500000	0.500000	0.000000 
		0.500000	0.500000	0.500000	0.000000 
		0.500000	0.500000	0.500000	0.000000 
		0.500000	0.500000	0.500000	0.000000 
		0.500000	0.500000	0.500000	0.000000 
		0.500000	0.500000	0.500000	0.000000 
		0.500000	0.500000	0.500000	0.000000 
		0.500000	0.500000	0.500000	0.000000 
		0.500000	0.500000	0.500000	0.000000 
		0.500000	0.500000	0.500000	0.000000 
		0.500000	0.500000	0.500000	0.000000 
		0.500000	0.500000	0.500000	0.000000 
		0.500000	0.500000	0.500000	0.000000 
		0.500000	0.500000	0.500000	0.000000 
		0.500000	0.500000	0.500000	0.000000 
		0.500000	0.500000	0.500000	0.000000 
		0.500000	0.500000	0.500000	0.000000 
		0.500000	0.500000	0.500000	0.000000 
		0.500000	0.500000	0.500000	0.000000 
		0.500000	0.500000	0.500000	0.000000 
		0.500000	0.500000	0.500000	0.000000 
		0.500000	0.500000	0.500000	0.000000 
		0.425058	0.500000	0.500000	0.000000 
		0.500000	0.500000	0.500000	0.003922 
		0.500000	0.500000	0.500000	0.003922 
		0.500000	0.500000	0.500000	0.000000 
		0.500000	0.500000	0.500000	0.000000 
		0.500000	0.500000	0.500000	0.003922 
		0.500000	0.500000	0.500000	0.003922 
		0.500000	0.500000	0.500000	0.003922 
		0.500000	0.500000	0.500000	0.003922 
		0.500000	0.500000	0.500000	0.003922 
		0.500000	0.500000	0.500000	0.003922 
		0.500000	0.500000	0.500000	0.003922 
		0.500000	0.500000	0.500000	0.003922 
		0.500000	0.500000	0.500000	0.003922 
		0.500000	0.500000	0.500000	0.003922 
		0.500000	0.500000	0.500000	0.003922 
		0.500000	0.500000	0.500000	0.003922 
		0.425058	0.500000	0.500000	0.000000 
		0.425058	0.500000	0.500000	0.000000 
		0.425058	0.500000	0.500000	0.000000 
		0.500000	0.500000	0.500000	0.000000 
		0.500000	0.500000	0.500000	0.000000 
		0.500000	0.500000	0.500000	0.000000 
		0.500000	0.500000	0.500000	0.000000 
		0.500000	0.500000	0.500000	0.000000 
		0.500000	0.500000	0.500000	0.000000 
		0.500000	0.500000	0.500000	0.000000 
		0.500000	0.500000	0.500000	0.000000 
		0.500000	0.500000	0.500000	0.000000 
		0.500000	0.500000	0.500000	0.000000 
		0.500000	0.500000	0.500000	0.000000 
		0.500000	0.500000	0.500000	0.000000 
		0.500000	0.500000	0.500000	0.000000 
		0.545980	0.500000	0.500000	0.003922 
		0.500000	0.500000	0.500000	0.000000 
		0.500000	0.500000	0.500000	0.000000 
		0.580491	0.500000	0.500000	0.003922 
		0.500000	0.500000	0.500000	0.003922 
		0.545980	0.500000	0.500000	0.003922 
		0.500000	0.500000	0.500000	0.000000 
		0.500000	0.500000	0.500000	0.000000 
		0.500000	0.500000	0.500000	0.000000 
		0.500000	0.418005	0.500000	0.003922 
		0.500000	0.418005	0.500000	0.003922 
		0.500000	0.500000	0.500000	0.000000 
		0.500000	0.500000	0.500000	0.000000 
		0.500000	0.500000	0.500000	0.003922 
		0.500000	0.456704	0.500000	0.003922 
		0.500000	0.464182	0.500000	0.003922 
		0.500000	0.500000	0.500000	0.000000 
		0.500000	0.500000	0.500000	0.000000 
		0.500000	0.500000	0.500000	0.000000 
		0.500000	0.500000	0.500000	0.000000 
		0.500000	0.500000	0.500000	0.000000 
		0.500000	0.418005	0.500000	0.003922 
		0.500000	0.500000	0.500000	0.000000 
		0.500000	0.473549	0.500000	0.003922 
		0.500000	0.464182	0.500000	0.003922 
		0.500000	0.500000	0.500000	0.000000 
		0.500000	0.500000	0.500000	0.000000 
		0.500000	0.500000	0.500000	0.000000 
		0.500000	0.500000	0.500000	0.000000 
		0.500000	0.500000	0.500000	0.000000 
		0.500000	0.500000	0.500000	0.000000 
		0.500000	0.500000	0.500000	0.000000 
		0.500000	0.500000	0.500000	0.000000 
		0.500000	0.500000	0.500000	0.000000 
		0.500000	0.500000	0.500000	0.000000 
		0.500000	0.500000	0.500000	0.000000 
		0.500000	0.500000	0.500000	0.000000 
		0.518821	0.500000	0.500000	0.000000 
		0.518821	0.500000	0.500000	0.000000 
		0.500000	0.500000	0.500000	0.000000 
		0.518821	0.500000	0.500000	0.000000 
		0.500000	0.500000	0.500000	0.000000 
		0.518821	0.500000	0.500000	0.000000 
		0.518821	0.500000	0.500000	0.000000 
		0.518821	0.500000	0.500000	0.000000 
		0.518821	0.500000	0.500000	0.000000 
		0.518821	0.500000	0.500000	0.000000 
		0.500000	0.500000	0.500000	0.003922 
		0.500000	0.500000	0.500000	0.003922 
		0.500000	0.500000	0.500000	0.003922 
		0.500000	0.500000	0.500000	0.003922 
		0.500000	0.500000	0.500000	0.003922 
		0.500000	0.500000	0.500000	0.003922 
		0.500000	0.500000	0.500000	0.003922 
		0.500000	0.500000	0.500000	0.003922 
		0.500000	0.500000	0.500000	0.003922 
		0.500000	0.500000	0.500000	0.003922 
		0.500000	0.500000	0.500000	0.003922 
		0.500000	0.500000	0.500000	0.003922 
		0.500000	0.500000	0.500000	0.003922 
		0.500000	0.500000	0.500000	0.003922 
		0.500000	0.500000	0.500000	0.003922 
		0.500000	0.500000	0.500000	0.003922 
		0.500000	0.500000	0.500000	0.003922 
		0.500000	0.500000	0.500000	0.003922 
		0.476626	0.500000	0.500000	0.003922 
		0.476626	0.500000	0.500000	0.003922 
		0.500000	0.500000	0.500000	0.003922 
		0.476626	0.500000	0.500000	0.003922 
		0.500000	0.500000	0.500000	0.003922 
		0.476626	0.500000	0.500000	0.003922 
		0.476626	0.500000	0.500000	0.003922 
		0.476626	0.500000	0.500000	0.003922 
		0.476626	0.500000	0.500000	0.003922 
		0.476626	0.500000	0.500000	0.003922 
		0.476626	0.500000	0.500000	0.003922 
		0.476626	0.500000	0.500000	0.003922 
		0.476626	0.500000	0.500000	0.003922 
		0.476626	0.500000	0.500000	0.003922 
		0.476626	0.500000	0.500000	0.003922 
		0.476626	0.500000	0.500000	0.003922 
		0.433793	0.212296	0.500000	0.003922 
		0.433793	0.212296	0.500000	0.003922 
		0.476626	0.500000	0.500000	0.003922 
		0.433793	0.212296	0.500000	0.003922 
		0.476626	0.500000	0.500000	0.003922 
		0.433793	0.212296	0.500000	0.003922 
		0.500000	0.467541	0.500000	0.003922 
		0.500000	0.467541	0.500000	0.003922 
		0.553597	0.286490	0.500000	0.003922 
		0.553597	0.286490	0.500000	0.003922 
		0.500000	0.467541	0.500000	0.003922 
		0.553597	0.286490	0.500000	0.003922 
		0.500000	0.467541	0.500000	0.003922 
		0.553597	0.286490	0.500000	0.003922 
		0.500000	0.439438	0.500000	0.003922 
		0.500000	0.439438	0.500000	0.003922 
		0.500000	0.260339	0.500000	0.003922 
		0.500000	0.260339	0.500000	0.003922 
		0.500000	0.439438	0.500000	0.003922 
		0.500000	0.260339	0.500000	0.003922 
		0.500000	0.439438	0.500000	0.003922 
		0.500000	0.260339	0.500000	0.003922 
		0.500000	0.260339	0.500000	0.003922 
		0.500000	0.260339	0.500000	0.003922 
		0.500000	0.260339	0.500000	0.003922 
		0.500000	0.260339	0.500000	0.003922 
		0.500000	0.500000	0.500000	0.000000 
		0.500000	0.500000	0.500000	0.000000 
		0.500000	0.500000	0.500000	0.000000 
		0.500000	0.500000	0.500000	0.000000 
		0.500000	0.500000	0.500000	0.000000 
		0.500000	0.500000	0.500000	0.000000 
		0.500000	0.500000	0.500000	0.000000 
		0.500000	0.500000	0.500000	0.000000 
		0.500000	0.500000	0.500000	0.000000 
		0.500000	0.500000	0.500000	0.000000 
		0.500000	0.500000	0.500000	0.000000 
		0.500000	0.500000	0.500000	0.000000 
		0.500000	0.500000	0.500000	0.000000 
		0.500000	0.500000	0.500000	0.000000 
		0.500000	0.500000	0.500000	0.000000 
		0.500000	0.500000	0.500000	0.000000 
		0.500000	0.500000	0.500000	0.000000 
		0.500000	0.500000	0.500000	0.000000 
		0.500000	0.458010	0.500000	0.000000 
		0.500000	0.500000	0.500000	0.000000 
		0.500000	0.458010	0.500000	0.000000 
		0.500000	0.500000	0.500000	0.000000 
		0.500000	0.500000	0.500000	0.000000 
		0.500000	0.500000	0.500000	0.000000 
		0.500000	0.500000	0.500000	0.000000 
		0.500000	0.500000	0.500000	0.000000 
		0.500000	0.500000	0.500000	0.000000 
		0.500000	0.500000	0.500000	0.000000 
		0.500000	0.500000	0.500000	0.000000 
		0.500000	0.500000	0.500000	0.000000 
		0.500000	0.500000	0.500000	0.000000 
		0.500000	0.500000	0.500000	0.000000 
		0.500000	0.500000	0.500000	0.000000 
		0.500000	0.500000	0.500000	0.000000 
		0.500000	0.500000	0.500000	0.000000 
		0.500000	0.500000	0.500000	0.000000 
		0.500000	0.500000	0.500000	0.000000 
		0.500000	0.500000	0.500000	0.000000 
		0.500000	0.500000	0.500000	0.000000 
		0.500000	0.500000	0.500000	0.000000 
		0.500000	0.500000	0.500000	0.000000 
		0.500000	0.500000	0.500000	0.000000 
		0.500000	0.500000	0.500000	0.000000 
		0.500000	0.500000	0.500000	0.000000 
		0.500000	0.500000	0.500000	0.000000 
		0.500000	0.500000	0.500000	0.000000 
		0.500000	0.500000	0.500000	0.000000 
		0.500000	0.500000	0.500000	0.000000 
		0.500000	0.500000	0.500000	0.000000 
		0.500000	0.500000	0.500000	0.000000 
		0.500000	0.500000	0.500000	0.000000 
		0.500000	0.500000	0.500000	0.000000 
		0.500000	0.500000	0.500000	0.000000 
		0.500000	0.500000	0.500000	0.000000 
		0.500000	0.500000	0.500000	0.000000 
		0.500000	0.500000	0.500000	0.000000 
		0.500000	0.500000	0.500000	0.000000 
		0.500000	0.500000	0.500000	0.000000 
		0.473364	0.434932	0.512542	0.000000 
		0.473364	0.434932	0.512542	0.000000 
		0.473364	0.434932	0.512542	0.000000 
		0.473364	0.434932	0.512542	0.000000 
		0.473364	0.434932	0.512542	0.000000 
		0.473364	0.434932	0.512542	0.000000 
		0.473364	0.434932	0.512542	0.000000 
		0.473364	0.434932	0.512542	0.000000 
		0.473364	0.434932	0.512542	0.000000 
		0.473364	0.434932	0.512542	0.000000 
		0.500000	0.500000	0.500000	0.000000 
		0.500000	0.500000	0.500000	0.000000 
		0.500000	0.461076	0.512717	0.000000 
		0.500000	0.461076	0.512717	0.000000 
		0.500000	0.500000	0.500000	0.000000 
		0.500000	0.500000	0.500000	0.000000 
		0.500000	0.500000	0.500000	0.000000 
		0.500000	0.500000	0.500000	0.000000 
		0.500000	0.500000	0.500000	0.000000 
		0.500000	0.500000	0.500000	0.000000 
		0.500000	0.500000	0.500000	0.000000 
		0.500000	0.500000	0.500000	0.000000 
		0.500000	0.500000	0.500000	0.000000 
		0.500000	0.500000	0.500000	0.000000 
		0.500000	0.500000	0.500000	0.000000 
		0.500000	0.500000	0.500000	0.000000 
		0.500000	0.500000	0.500000	0.000000 
		0.500000	0.500000	0.500000	0.000000 
		0.500000	0.500000	0.500000	0.000000 
		0.500000	0.500000	0.500000	0.000000 
		0.500000	0.500000	0.500000	0.000000 
		0.500000	0.500000	0.500000	0.000000 
		0.500000	0.500000	0.500000	0.000000 
		0.500000	0.500000	0.500000	0.000000 
		0.500000	0.500000	0.500000	0.000000 
		0.500000	0.500000	0.500000	0.000000 
		0.500000	0.500000	0.500000	0.000000 
		0.500000	0.500000	0.500000	0.000000 
		0.500000	0.500000	0.500000	0.000000 
		0.500000	0.500000	0.500000	0.000000 
		0.500000	0.500000	0.500000	0.000000 
		0.500000	0.500000	0.500000	0.000000 
		0.500000	0.500000	0.500000	0.000000 
		0.500000	0.500000	0.500000	0.000000 
		0.500000	0.500000	0.500000	0.000000 
		0.500000	0.500000	0.500000	0.000000 
		0.500000	0.500000	0.500000	0.000000 
		0.500000	0.500000	0.500000	0.000000 
		0.500000	0.500000	0.500000	0.000000 
		0.500000	0.500000	0.500000	0.000000 
		0.500000	0.500000	0.500000	0.000000 
		0.500000	0.500000	0.500000	0.000000 
		0.500000	0.500000	0.500000	0.000000 
		0.500000	0.500000	0.500000	0.000000 
		0.500000	0.500000	0.500000	0.000000 
		0.500000	0.500000	0.500000	0.000000 
		0.500000	0.500000	0.500000	0.000000 
		0.500000	0.500000	0.500000	0.000000 
		0.500000	0.500000	0.500000	0.000000 
		0.500000	0.500000	0.500000	0.000000 
		0.500000	0.500000	0.500000	0.000000 
		0.500000	0.500000	0.500000	0.000000 
		0.500000	0.500000	0.500000	0.000000 
		0.500000	0.500000	0.500000	0.000000 
		0.500000	0.500000	0.500000	0.000000 
		0.500000	0.500000	0.500000	0.000000 
		0.500000	0.500000	0.500000	0.000000 
		0.500000	0.500000	0.473162	0.000000 
		0.500000	0.500000	0.473162	0.000000 
		0.500000	0.500000	0.473162	0.000000 
		0.500000	0.500000	0.473162	0.000000 
		0.500000	0.500000	0.450471	0.000000 
		0.500000	0.500000	0.500000	0.000000 
		0.500000	0.500000	0.500000	0.000000 
		0.500000	0.500000	0.450471	0.000000 
		0.500000	0.500000	0.500000	0.000000 
		0.500000	0.500000	0.500000	0.000000 
		0.500000	0.500000	0.500000	0.000000 
		0.500000	0.500000	0.500000	0.000000 
		0.500000	0.444628	0.500000	0.000000 
		0.500000	0.468756	0.450471	0.000000 
		0.500000	0.500000	0.450471	0.000000 
		0.500000	0.500000	0.500000	0.000000 
		0.500000	0.500000	0.500000	0.000000 
		0.500000	0.500000	0.500000	0.000000 
		0.500000	0.500000	0.500000	0.000000 
		0.500000	0.500000	0.450471	0.000000 
		0.500000	0.500000	0.471214	0.000000 
		0.500000	0.572746	0.471214	0.000000 
		0.500000	0.500000	0.415228	0.000000 
		0.500000	0.500000	0.378843	0.000000 
		0.500000	0.572746	0.500000	0.000000 
		0.500000	0.500000	0.500000	0.000000 
		0.500000	0.500000	0.500000	0.000000 
		0.500000	0.500000	0.500000	0.000000 
		0.500000	0.500000	0.500000	0.000000 
		0.500000	0.500000	0.471214	0.000000 
		0.500000	0.500000	0.500000	0.000000 
		0.500000	0.500000	0.500000	0.000000 
		0.500000	0.500000	0.500000	0.000000 
		0.500000	0.500000	0.378843	0.000000 
		0.500000	0.500000	0.415228	0.000000 
		0.500000	0.533143	0.500000	0.000000 
		0.500000	0.500000	0.500000	0.000000 
		0.500000	0.500000	0.500000	0.000000 
		0.500000	0.533143	0.500000	0.000000 
		0.500000	0.534348	0.500000	0.000000 
		0.500000	0.500000	0.500000	0.000000 
		0.500000	0.500000	0.500000	0.000000 
		0.500000	0.500000	0.500000	0.000000 
		0.500000	0.500000	0.500000	0.000000 
		0.500000	0.533143	0.500000	0.000000 
		0.500000	0.500000	0.500000	0.000000 
		0.500000	0.500000	0.500000	0.000000 
		0.500000	0.533143	0.500000	0.000000 
		0.500000	0.533143	0.500000	0.000000 
		0.500000	0.500000	0.500000	0.000000 
		0.500000	0.500000	0.500000	0.000000 
		0.500000	0.500000	0.500000	0.000000 
		0.500000	0.500000	0.500000	0.000000 
		0.500000	0.533143	0.500000	0.000000 
		0.500000	0.500000	0.500000	0.000000 
		0.500000	0.500000	0.500000	0.000000 
		0.500000	0.500000	0.500000	0.000000 
		0.500000	0.500000	0.500000	0.000000 
		0.500000	0.463065	0.500000	0.000000 
		0.500000	0.500000	0.500000	0.000000 
		0.500000	0.500000	0.500000	0.000000 
		0.500000	0.500000	0.500000	0.000000 
		0.500000	0.500000	0.500000	0.000000 
		0.500000	0.500000	0.500000	0.000000 
		0.500000	0.500000	0.500000	0.000000 
		0.500000	0.439438	0.500000	0.003922 
		0.500000	0.418005	0.500000	0.003922 
		0.500000	0.500000	0.500000	0.000000 
		0.500000	0.500000	0.500000	0.000000 
		0.500000	0.500000	0.500000	0.003922 
		0.500000	0.500000	0.500000	0.000000 
		0.500000	0.533143	0.500000	0.000000 
		0.500000	0.500000	0.415228	0.000000 
		0.500000	0.500000	0.500000	0.000000 
		0.500000	0.500000	0.450471	0.000000 
		0.500000	0.500000	0.473162	0.000000 
		0.500000	0.500000	0.500000	0.000000 
		0.500000	0.500000	0.500000	0.000000 
		0.500000	0.500000	0.500000	0.000000 
		0.500000	0.500000	0.500000	0.000000 
		0.500000	0.500000	0.500000	0.000000 
		0.500000	0.500000	0.500000	0.000000 
		0.500000	0.500000	0.500000	0.000000 
		0.500000	0.500000	0.500000	0.000000 
		0.500000	0.500000	0.500000	0.000000 
		0.500000	0.500000	0.415228	0.000000 
		0.500000	0.533143	0.500000	0.000000 
		0.500000	0.533143	0.500000	0.000000 
		0.500000	0.500000	0.500000	0.000000 
		0.500000	0.500000	0.500000	0.000000 
		0.500000	0.500000	0.500000	0.000000 
		0.500000	0.500000	0.500000	0.000000 
		0.500000	0.500000	0.500000	0.000000 
		0.500000	0.500000	0.500000	0.000000 
		0.500000	0.557660	0.500000	0.000000 
		0.500000	0.557660	0.500000	0.000000 
		0.500000	0.500000	0.500000	0.000000 
		0.500000	0.500000	0.500000	0.000000 
		0.500000	0.500000	0.500000	0.000000 
		0.500000	0.500000	0.500000	0.000000 
		0.500000	0.500000	0.500000	0.000000 
		0.435330	0.439495	0.527228	0.000000 
		0.435330	0.439495	0.527228	0.000000 
		0.500000	0.500000	0.500000	0.000000 
		0.500000	0.500000	0.500000	0.000000 
		0.500000	0.500000	0.500000	0.000000 
		0.500000	0.500000	0.500000	0.000000 
		0.337145	0.500000	0.500000	0.000000 
		0.500000	0.500000	0.500000	0.000000 
		0.500000	0.500000	0.500000	0.000000 
		0.500000	0.500000	0.500000	0.000000 
		0.500000	0.500000	0.500000	0.000000 
		0.500000	0.500000	0.500000	0.000000 
		0.500000	0.500000	0.500000	0.000000 
		0.370820	0.500000	0.500000	0.000000 
		0.500000	0.500000	0.500000	0.000000 
		0.500000	0.500000	0.500000	0.000000 
		0.500000	0.500000	0.500000	0.000000 
		0.500000	0.500000	0.500000	0.003922 
		0.500000	0.500000	0.500000	0.003922 
		0.500000	0.500000	0.500000	0.003922 
		0.500000	0.500000	0.500000	0.003922 
		0.500000	0.500000	0.500000	0.000000 
		0.500000	0.500000	0.500000	0.000000 
		0.500000	0.500000	0.500000	0.000000 
		0.500000	0.500000	0.500000	0.000000 
		0.500000	0.500000	0.500000	0.000000 
		0.500000	0.500000	0.500000	0.003922 
		0.500000	0.500000	0.500000	0.003922 
		0.500000	0.500000	0.500000	0.000000 
		0.500000	0.500000	0.500000	0.000000 
		0.500000	0.500000	0.500000	0.003922 
		0.500000	0.500000	0.500000	0.003922 
		0.500000	0.500000	0.500000	0.003922 
		0.500000	0.500000	0.500000	0.003922 
		0.500000	0.500000	0.500000	0.003922 
		0.500000	0.500000	0.500000	0.003922 
		0.500000	0.500000	0.500000	0.003922 
		0.500000	0.500000	0.500000	0.003922 
		0.500000	0.500000	0.500000	0.000000 
		0.500000	0.500000	0.500000	0.000000 
		0.500000	0.500000	0.500000	0.000000 
		0.500000	0.500000	0.500000	0.000000 
		0.500000	0.500000	0.500000	0.000000 
		0.500000	0.500000	0.500000	0.000000 
		0.500000	0.500000	0.500000	0.000000 
		0.500000	0.500000	0.500000	0.000000 
		0.500000	0.500000	0.500000	0.000000 
		0.500000	0.500000	0.500000	0.000000 
		0.500000	0.500000	0.500000	0.003922 
		0.500000	0.500000	0.500000	0.003922 
		0.500000	0.500000	0.500000	0.003922 
		0.500000	0.500000	0.500000	0.003922 
		0.500000	0.500000	0.500000	0.000000 
		0.500000	0.500000	0.500000	0.000000 
		0.500000	0.500000	0.500000	0.000000 
		0.500000	0.500000	0.500000	0.000000 
		0.500000	0.500000	0.500000	0.000000 
		0.500000	0.500000	0.500000	0.000000 
		0.500000	0.500000	0.500000	0.000000 
		0.500000	0.500000	0.500000	0.000000 
		0.500000	0.500000	0.500000	0.000000 
		0.500000	0.500000	0.500000	0.000000 
		0.500000	0.500000	0.500000	0.003922 
		0.500000	0.500000	0.500000	0.003922 
		0.500000	0.500000	0.500000	0.003922 
		0.500000	0.500000	0.500000	0.000000 
		0.500000	0.500000	0.500000	0.003922 
		0.500000	0.500000	0.500000	0.000000 
		0.500000	0.500000	0.500000	0.000000 
		0.500000	0.500000	0.500000	0.003922 
		0.500000	0.500000	0.500000	0.003922 
		0.500000	0.500000	0.500000	0.003922 
		0.500000	0.500000	0.500000	0.003922 
		0.500000	0.500000	0.500000	0.003922 
		0.500000	0.500000	0.500000	0.003922 
		0.500000	0.500000	0.500000	0.000000 
		0.500000	0.500000	0.500000	0.000000 
		0.500000	0.500000	0.500000	0.000000 
		0.500000	0.500000	0.500000	0.000000 
		0.500000	0.500000	0.500000	0.000000 
		0.500000	0.500000	0.500000	0.000000 
		0.500000	0.500000	0.500000	0.000000 
		0.500000	0.500000	0.500000	0.000000 
		0.500000	0.500000	0.500000	0.000000 
		0.500000	0.500000	0.500000	0.000000 
		0.500000	0.500000	0.500000	0.000000 
		0.500000	0.500000	0.500000	0.000000 
		0.500000	0.500000	0.500000	0.000000 
		0.500000	0.500000	0.500000	0.000000 
		0.500000	0.500000	0.500000	0.003922 
		0.500000	0.500000	0.500000	0.003922 
		0.500000	0.500000	0.500000	0.000000 
		0.500000	0.500000	0.500000	0.003922 
		0.500000	0.500000	0.500000	0.000000 
		0.500000	0.500000	0.500000	0.000000 
		0.500000	0.500000	0.500000	0.000000 
		0.500000	0.500000	0.500000	0.003922 
		0.500000	0.500000	0.500000	0.003922 
		0.500000	0.500000	0.500000	0.000000 
		0.500000	0.500000	0.500000	0.000000 
		0.500000	0.500000	0.500000	0.003922 
		0.500000	0.500000	0.500000	0.003922 
		0.500000	0.500000	0.500000	0.000000 
		0.500000	0.500000	0.500000	0.003922 
		0.500000	0.500000	0.500000	0.003922 
		0.500000	0.500000	0.500000	0.000000 
		0.500000	0.500000	0.500000	0.000000 
		0.500000	0.557660	0.500000	0.000000 
		0.500000	0.500000	0.500000	0.000000 
		0.500000	0.500000	0.500000	0.000000 
		0.500000	0.500000	0.500000	0.003922 
		0.500000	0.500000	0.500000	0.000000 
		0.500000	0.500000	0.500000	0.000000 
		0.500000	0.500000	0.500000	0.000000 
		0.420061	0.500000	0.500000	0.000000 
		0.500000	0.500000	0.500000	0.000000 
		0.500000	0.500000	0.500000	0.000000 
		0.500000	0.500000	0.500000	0.000000 
		0.420061	0.500000	0.500000	0.000000 
		0.500000	0.500000	0.500000	0.000000 
		0.500000	0.500000	0.500000	0.000000 
		0.500000	0.500000	0.500000	0.000000 
		0.500000	0.500000	0.500000	0.000000 
		0.500000	0.500000	0.500000	0.000000 
		0.500000	0.500000	0.500000	0.000000 
		0.420061	0.500000	0.500000	0.000000 
		0.420061	0.500000	0.500000	0.000000 
		0.500000	0.500000	0.500000	0.000000 
		0.500000	0.500000	0.500000	0.000000 
		0.500000	0.500000	0.500000	0.000000 
		0.500000	0.500000	0.500000	0.000000 
		0.500000	0.500000	0.500000	0.000000 
		0.500000	0.500000	0.500000	0.000000 
		0.500000	0.500000	0.500000	0.000000 
		0.500000	0.500000	0.500000	0.000000 
		0.500000	0.500000	0.500000	0.000000 
		0.500000	0.500000	0.500000	0.000000 
		0.500000	0.500000	0.500000	0.000000 
		0.500000	0.500000	0.500000	0.000000 
		0.500000	0.500000	0.500000	0.000000 
		0.500000	0.500000	0.500000	0.000000 
		0.500000	0.500000	0.500000	0.000000 
		0.500000	0.500000	0.500000	0.000000 
		0.500000	0.500000	0.500000	0.000000 
		0.500000	0.500000	0.500000	0.000000 
		0.500000	0.541773	0.500000	0.000000 
		0.500000	0.500000	0.500000	0.000000 
		0.500000	0.500000	0.500000	0.000000 
		0.500000	0.500000	0.500000	0.000000 
		0.500000	0.500000	0.500000	0.000000 
		0.500000	0.541773	0.500000	0.000000 
		0.500000	0.557660	0.500000	0.000000 
		0.500000	0.500000	0.500000	0.000000 
		0.500000	0.500000	0.500000	0.000000 
		0.500000	0.500000	0.500000	0.000000 
		0.500000	0.500000	0.500000	0.000000 
		0.500000	0.500000	0.500000	0.000000 
		0.500000	0.500000	0.500000	0.000000 
		0.500000	0.500000	0.500000	0.000000 
		0.500000	0.500000	0.500000	0.000000 
		0.500000	0.500000	0.500000	0.000000 
		0.435330	0.439495	0.527228	0.000000 
		0.500000	0.500000	0.500000	0.000000 
		0.500000	0.500000	0.500000	0.000000 
		0.500000	0.500000	0.500000	0.000000 
		0.500000	0.500000	0.500000	0.000000 
		0.500000	0.500000	0.500000	0.000000 
		0.500000	0.500000	0.500000	0.000000 
		0.500000	0.500000	0.500000	0.000000 
		0.500000	0.500000	0.500000	0.000000 
		0.500000	0.500000	0.500000	0.000000 
		0.500000	0.500000	0.500000	0.000000 
		0.500000	0.500000	0.500000	0.000000 
		0.500000	0.500000	0.500000	0.000000 
		0.500000	0.500000	0.500000	0.000000 
		0.500000	0.500000	0.500000	0.000000 
		0.500000	0.500000	0.500000	0.000000 
		0.500000	0.456704	0.500000	0.003922 
		0.500000	0.500000	0.500000	0.000000 
		0.500000	0.500000	0.500000	0.000000 
		0.500000	0.464182	0.500000	0.003922 
		0.500000	0.500000	0.500000	0.003922 
		0.500000	0.500000	0.500000	0.000000 
		0.500000	0.500000	0.500000	0.000000 
		0.500000	0.500000	0.500000	0.000000 
		0.480878	0.513754	0.500000	0.000000 
		0.478791	0.497283	0.500000	0.000000 
		0.552420	0.504691	0.500000	0.000000 
		0.550333	0.488220	0.500000	0.000000 
		0.550333	0.488220	0.500000	0.000000 
		0.552420	0.504691	0.500000	0.000000 
		0.555192	0.504340	0.500000	0.000000 
		0.553105	0.487869	0.500000	0.000000 
		0.483619	0.496672	0.500000	0.000000 
		0.485676	0.513146	0.500000	0.000000 
		0.500000	0.500000	0.500000	0.000000 
		0.500000	0.500000	0.500000	0.000000 
		0.500000	0.500000	0.500000	0.000000 
		0.500000	0.500000	0.500000	0.000000 
		0.485676	0.513146	0.500000	0.000000 
		0.480878	0.513754	0.500000	0.000000 
		0.558917	0.503868	0.500000	0.000000 
		0.555192	0.504340	0.500000	0.000000 
		0.552420	0.504691	0.500000	0.000000 
		0.500000	0.500000	0.500000	0.000000 
		0.500000	0.500000	0.500000	0.000000 
		0.478791	0.497283	0.500000	0.000000 
		0.483619	0.496672	0.500000	0.000000 
		0.550333	0.488220	0.500000	0.000000 
		0.553105	0.487869	0.500000	0.000000 
		0.553105	0.487869	0.500000	0.000000 
		0.555192	0.504340	0.500000	0.000000 
		0.567933	0.502725	0.500000	0.000000 
		0.565847	0.486254	0.500000	0.000000 
		0.567933	0.502725	0.500000	0.000000 
		0.565847	0.486254	0.500000	0.000000 
		0.558917	0.503868	0.500000	0.000000 
		0.556821	0.487727	0.500000	0.000000 
		0.567933	0.502725	0.500000	0.000000 
		0.567933	0.502725	0.500000	0.000000 
		0.553105	0.487869	0.500000	0.000000 
		0.565847	0.486254	0.500000	0.000000 
		0.565847	0.486254	0.500000	0.000000 
		0.556821	0.487727	0.500000	0.000000 
		0.483619	0.496672	0.500000	0.000000 
		0.558917	0.503868	0.500000	0.000000 
		0.485676	0.513146	0.500000	0.000000 
		0.483619	0.496672	0.500000	0.000000 
		0.556821	0.487727	0.500000	0.000000 
		0.549792	0.408563	0.500000	0.000000 
		0.549792	0.408563	0.500000	0.000000 
		0.500000	0.477629	0.535142	0.000000 
		0.500000	0.477629	0.535142	0.000000 
		0.549792	0.408563	0.500000	0.000000 
		0.549792	0.408563	0.500000	0.000000 
		0.500000	0.477629	0.535142	0.000000 
		0.500000	0.477629	0.535142	0.000000 
		0.549792	0.408563	0.500000	0.000000 
		0.549792	0.408563	0.500000	0.000000 
		0.500000	0.477629	0.535142	0.000000 
		0.500000	0.477629	0.535142	0.000000 
		0.549792	0.408563	0.500000	0.000000 
		0.549792	0.408563	0.500000	0.000000 
		0.500000	0.477629	0.535142	0.000000 
		0.500000	0.477629	0.535142	0.000000 
		0.500000	0.500000	0.500000	0.000000 
		0.500000	0.500000	0.500000	0.000000 
		0.500000	0.500000	0.500000	0.000000 
		0.500000	0.500000	0.500000	0.000000 
		0.500000	0.500000	0.500000	0.000000 
		0.500000	0.500000	0.500000	0.000000 
		0.500000	0.500000	0.500000	0.000000 
		0.500000	0.500000	0.500000	0.000000 
		0.500000	0.500000	0.500000	0.000000 
		0.500000	0.500000	0.500000	0.000000 
		0.500000	0.500000	0.500000	0.000000 
		0.500000	0.500000	0.500000	0.000000 
		0.500000	0.500000	0.500000	0.000000 
		0.500000	0.500000	0.500000	0.000000 
		0.500000	0.500000	0.500000	0.000000 
		0.500000	0.500000	0.500000	0.000000 
		0.500000	0.500000	0.500000	0.000000 
		0.500000	0.500000	0.500000	0.000000 
		0.500000	0.500000	0.500000	0.000000 
		0.500000	0.500000	0.500000	0.000000 
		0.500000	0.500000	0.500000	0.000000 
		0.500000	0.500000	0.500000	0.000000 
		0.500000	0.500000	0.500000	0.000000 
		0.500000	0.500000	0.500000	0.000000 
		0.500000	0.500000	0.500000	0.000000 
		0.500000	0.500000	0.500000	0.000000 
		0.500000	0.500000	0.500000	0.000000 
		0.500000	0.500000	0.500000	0.000000 
		0.500000	0.500000	0.500000	0.000000 
		0.500000	0.500000	0.500000	0.000000 
		0.500000	0.500000	0.500000	0.000000 
		0.500000	0.500000	0.500000	0.000000 
		0.500000	0.500000	0.500000	0.000000 
		0.500000	0.500000	0.500000	0.000000 
		0.500000	0.500000	0.500000	0.000000 
		0.500000	0.500000	0.500000	0.000000 
		0.500000	0.500000	0.500000	0.000000 
		0.500000	0.500000	0.500000	0.000000 
		0.500000	0.500000	0.500000	0.000000 
		0.500000	0.500000	0.500000	0.000000 
		0.500000	0.500000	0.500000	0.000000 
		0.500000	0.500000	0.500000	0.000000 
		0.500000	0.500000	0.500000	0.000000 
		0.500000	0.500000	0.500000	0.000000 
		0.500000	0.500000	0.500000	0.000000 
		0.500000	0.500000	0.500000	0.000000 
		0.500000	0.500000	0.500000	0.000000 
		0.500000	0.500000	0.500000	0.000000 
		0.500000	0.500000	0.500000	0.000000 
		0.500000	0.500000	0.500000	0.000000 
		0.500000	0.500000	0.500000	0.000000 
		0.500000	0.500000	0.500000	0.000000 
		0.500000	0.500000	0.500000	0.000000 
		0.500000	0.500000	0.500000	0.000000 
		0.500000	0.500000	0.500000	0.000000 
		0.500000	0.500000	0.500000	0.000000 
		0.500000	0.500000	0.500000	0.000000 
		0.500000	0.500000	0.500000	0.000000 
		0.500000	0.500000	0.500000	0.000000 
		0.500000	0.500000	0.500000	0.000000 
		0.500000	0.500000	0.500000	0.000000 
		0.500000	0.576948	0.500000	0.000000 
		0.500000	0.541773	0.500000	0.000000 
		0.500000	0.557660	0.500000	0.000000 
		0.500000	0.557660	0.500000	0.000000 
		0.500000	0.557660	0.500000	0.000000 
		0.500000	0.557660	0.500000	0.000000 
		0.500000	0.557660	0.500000	0.000000 
		0.500000	0.559035	0.500000	0.000000 
		0.500000	0.500000	0.500000	0.000000 
		0.500000	0.500000	0.500000	0.000000 
		0.500000	0.500000	0.500000	0.000000 
		0.500000	0.500000	0.500000	0.000000 
		0.500000	0.534348	0.500000	0.000000 
		0.500000	0.572746	0.471214	0.000000 
		0.500000	0.500000	0.500000	0.000000 
		0.500000	0.500000	0.500000	0.000000 
		0.500000	0.500000	0.500000	0.000000 
		0.500000	0.500000	0.500000	0.000000 
		0.500000	0.572746	0.500000	0.000000 
		0.585850	0.500000	0.500000	0.000000 
		0.500000	0.500000	0.500000	0.000000 
		0.500000	0.500000	0.500000	0.000000 
		0.500000	0.500000	0.500000	0.000000 
		0.500000	0.500000	0.500000	0.000000 
		0.500000	0.500000	0.500000	0.000000 
		0.500000	0.500000	0.500000	0.000000 
		0.500000	0.500000	0.500000	0.000000 
		0.500000	0.500000	0.500000	0.000000 
		0.500000	0.500000	0.500000	0.000000 
		0.500000	0.500000	0.500000	0.000000 
		0.500000	0.559035	0.500000	0.000000 
		0.500000	0.576948	0.500000	0.000000 
		0.500000	0.500000	0.500000	0.000000 
		0.500000	0.500000	0.500000	0.000000 
		0.500000	0.500000	0.500000	0.000000 
		0.500000	0.500000	0.500000	0.000000 
		0.500000	0.500000	0.500000	0.000000 
	}

	Tex0 425 { 
		0.026367	0.961914 
		0.944336	0.111328 
		0.941406	0.112305 
		0.943359	0.124023 
		0.945313	0.100586 
		0.942383	0.103516 
		0.958984	0.124023 
		0.959961	0.111328 
		0.960938	0.100586 
		0.025391	0.967773 
		0.975586	0.193359 
		0.994141	0.214844 
		0.993164	0.243164 
		0.973633	0.263672 
		0.946289	0.262695 
		0.948242	0.192383 
		0.927734	0.241211 
		0.928711	0.211914 
		0.948242	0.262695 
		0.930664	0.241211 
		0.950195	0.192383 
		0.931641	0.211914 
		0.056641	0.631836 
		0.046875	0.681641 
		0.067383	0.684570 
		0.068359	0.631836 
		0.037109	0.666992 
		0.031250	0.631836 
		0.068359	0.682617 
		0.853516	0.937500 
		0.022461	0.199219 
		0.022461	0.205078 
		0.085938	0.209961 
		0.084961	0.204102 
		0.022461	0.255859 
		0.087891	0.258789 
		0.888672	0.489258 
		0.786133	0.495117 
		0.972656	0.490234 
		0.977539	0.487305 
		0.787109	0.491211 
		0.888672	0.487305 
		0.888672	0.440430 
		0.796875	0.446289 
		0.997070	0.435547 
		0.066406	0.066406 
		0.057617	0.054688 
		0.109375	0.059570 
		0.030273	0.055664 
		0.045898	0.066406 
		0.061523	0.014648 
		0.102539	0.023438 
		0.064453	0.030273 
		0.102539	0.001953 
		0.047852	0.030273 
		0.035156	0.971680 
		0.037109	0.971680 
		0.056641	0.018555 
		0.049805	0.967773 
		0.141602	0.629883 
		0.805664	0.431641 
		0.888672	0.423828 
		0.037109	0.964844 
		0.194336	0.485352 
		0.229492	0.478516 
		0.227539	0.468750 
		0.194336	0.474609 
		0.754883	0.169922 
		0.819336	0.155273 
		0.709961	0.202148 
		0.706055	0.140625 
		0.810547	0.141602 
		0.749023	0.141602 
		0.298828	0.128906 
		0.167969	0.117188 
		0.173828	0.106445 
		0.282227	0.109375 
		0.073242	0.087891 
		0.060547	0.095703 
		0.799805	0.082031 
		0.952148	0.083008 
		0.951172	0.111328 
		0.791992	0.117188 
		0.133789	0.084961 
		0.881836	0.495117 
		0.010742	0.484375 
		0.027344	0.486328 
		0.021484	0.474609 
		0.001953	0.465820 
		0.757813	0.154297 
		0.190430	0.094727 
		0.765625	0.095703 
		0.705078	0.118164 
		0.719727	0.089844 
		0.956055	0.053711 
		0.822266	0.049805 
		0.826172	0.013672 
		0.970703	0.030273 
		0.253906	0.054688 
		0.272461	0.003906 
		0.505859	0.003906 
		0.516602	0.059570 
		0.693359	0.063477 
		0.236328	0.078125 
		0.035156	0.965820 
		0.035156	0.967773 
		0.035156	0.969727 
		0.063477	0.077148 
		0.052734	0.089844 
		0.099609	0.262695 
		0.096680	0.210938 
		0.545898	0.226563 
		0.521484	0.225586 
		0.516602	0.182617 
		0.539063	0.183594 
		0.859375	0.473633 
		0.130859	0.477539 
		0.130859	0.488281 
		0.150391	0.477539 
		0.038086	0.476563 
		0.677734	0.165039 
		0.691406	0.173828 
		0.674805	0.211914 
		0.655273	0.216797 
		0.529297	0.137695 
		0.673828	0.143555 
		0.536133	0.140625 
		0.704102	0.143555 
		0.685547	0.143555 
		0.521484	0.114258 
		0.508789	0.140625 
		0.355469	0.134766 
		0.797852	0.301758 
		0.471680	0.224609 
		0.472656	0.222656 
		0.425781	0.212891 
		0.427734	0.210938 
		0.308594	0.132813 
		0.312500	0.142578 
		0.346680	0.166992 
		0.348633	0.165039 
		0.754883	0.155273 
		0.746094	0.144531 
		0.708008	0.199219 
		0.751953	0.167969 
		0.673828	0.215820 
		0.654297	0.219727 
		0.955078	0.075195 
		0.949219	0.138672 
		0.022461	0.968750 
		0.994141	0.420898 
		0.999023	0.422852 
		0.097656	0.261719 
		0.103516	0.266602 
		0.692383	0.211914 
		0.670898	0.003906 
		0.875000	0.265625 
		0.750000	0.265625 
		0.625000	0.265625 
		1.000000	0.265625 
		0.500000	0.265625 
		0.375000	0.265625 
		0.250000	0.265625 
		0.125000	0.265625 
		0.000000	0.265625 
		0.125000	0.371094 
		0.000000	0.371094 
		0.250000	0.371094 
		0.375000	0.371094 
		0.500000	0.371094 
		0.625000	0.371094 
		0.750000	0.371094 
		0.875000	0.371094 
		1.000000	0.371094 
		0.125000	0.477539 
		0.000000	0.477539 
		0.250000	0.477539 
		0.375000	0.477539 
		0.500000	0.477539 
		0.625000	0.477539 
		0.750000	0.477539 
		0.687500	0.556641 
		1.000000	0.477539 
		0.994141	2.028320 
		0.996094	2.018555 
		1.000000	2.033203 
		1.000000	2.000977 
		0.909180	2.000977 
		0.959961	2.000977 
		0.976563	2.000977 
		0.000000	0.000000 
		1.000000	0.000000 
		1.000000	1.000000 
		0.000000	1.000000 
		0.500000	0.143555 
		0.931641	2.000977 
		0.642578	0.767578 
		0.648438	0.749023 
		0.648438	0.735352 
		0.643555	0.735352 
		0.584961	0.767578 
		0.584961	0.734375 
		0.568359	0.735352 
		0.569336	0.766602 
		0.584961	0.709961 
		0.568359	0.710938 
		0.643555	0.709961 
		0.701172	0.726563 
		0.751953	0.794922 
		0.577148	0.795898 
		0.576172	0.734375 
		0.803711	0.726563 
		0.751953	0.727539 
		0.928711	0.734375 
		0.926758	0.795898 
		0.579102	0.673828 
		0.699219	0.672852 
		0.667969	0.556641 
		0.699219	0.609375 
		0.573242	0.609375 
		0.566406	0.551758 
		0.538086	0.608398 
		0.884766	0.790039 
		0.548828	0.735352 
		0.546875	0.673828 
		0.536133	0.656250 
		0.573242	0.657227 
		0.701172	0.656250 
		0.804688	0.672852 
		0.926758	0.673828 
		0.804688	0.609375 
		0.751953	0.556641 
		0.930664	0.609375 
		0.937500	0.551758 
		0.965820	0.608398 
		0.701172	0.663086 
		0.802734	0.663086 
		0.836914	0.556641 
		0.802734	0.656250 
		0.931641	0.657227 
		0.967773	0.656250 
		0.957031	0.673828 
		0.955078	0.735352 
		0.553711	0.795898 
		0.742188	0.728516 
		0.951172	0.795898 
		0.750000	0.977539 
		0.615234	0.968750 
		0.578125	0.857422 
		0.750000	0.860352 
		0.884766	0.968750 
		0.920898	0.857422 
		0.436523	0.630859 
		0.435547	0.684570 
		0.371094	0.684570 
		0.369141	0.631836 
		0.367188	0.631836 
		0.369141	0.684570 
		0.521484	0.703125 
		0.521484	0.698242 
		0.537109	0.698242 
		0.537109	0.703125 
		0.944336	0.297852 
		0.960938	0.297852 
		0.956055	0.318359 
		0.943359	0.318359 
		0.892578	0.326172 
		0.898438	0.291016 
		0.939453	0.286133 
		0.958984	0.289063 
		0.934570	0.332031 
		0.956055	0.332031 
		0.294922	0.404297 
		0.251953	0.405273 
		0.189453	0.406250 
		0.928711	0.354492 
		0.941406	0.362305 
		0.833008	0.382813 
		0.829102	0.372070 
		0.243164	0.417969 
		0.181641	0.419922 
		0.209961	0.381836 
		0.204102	0.348633 
		0.235352	0.359375 
		0.282227	0.354492 
		0.295898	0.381836 
		0.764648	0.344727 
		0.811523	0.361328 
		0.718750	0.375000 
		0.478516	0.401367 
		0.487305	0.378906 
		0.702148	0.394531 
		0.345703	0.481445 
		0.326172	0.477539 
		0.305664	0.428711 
		0.323242	0.428711 
		0.492188	0.405273 
		0.464844	0.405273 
		0.645508	0.399414 
		0.485352	0.446289 
		0.461914	0.447266 
		0.479492	0.488281 
		0.455078	0.489258 
		0.529297	0.487305 
		0.478516	0.490234 
		0.528320	0.485352 
		0.575195	0.476563 
		0.574219	0.474609 
		0.688477	0.407227 
		0.693359	0.397461 
		0.654297	0.432617 
		0.652344	0.430664 
		0.504883	0.267578 
		0.729492	0.267578 
		0.747070	0.321289 
		0.497070	0.325195 
		0.456055	0.491211 
		0.328125	0.407227 
		0.296875	0.408203 
		0.315430	0.407227 
		0.254883	0.408203 
		0.327148	0.480469 
		0.291016	0.464844 
		0.246094	0.433594 
		0.247070	0.418945 
		0.249023	0.431641 
		0.292969	0.461914 
		0.048828	0.347656 
		0.045898	0.337891 
		0.048828	0.375977 
		0.051758	0.402344 
		0.951172	0.353516 
		0.937500	0.344727 
		0.328125	0.409180 
		0.868164	0.351563 
		0.044922	0.317383 
		0.184570	0.325195 
		0.898438	0.269531 
		0.030273	0.292969 
		0.175781	0.276367 
		0.308594	0.474609 
		0.307617	0.329102 
		0.331055	0.266602 
		0.139648	0.710938 
		0.142578	0.683594 
		0.359375	0.683594 
		0.362305	0.710938 
		0.133789	0.708008 
		0.064453	0.705078 
		0.136719	0.684570 
		0.138672	0.633789 
		0.144531	0.634766 
		0.365234	0.632813 
		0.358398	0.634766 
		0.368164	0.707031 
		0.367188	0.684570 
		0.436523	0.686523 
		0.439453	0.705078 
		0.462891	0.606445 
		0.457031	0.632813 
		0.370117	0.562500 
		0.458008	0.562500 
		0.370117	0.606445 
		0.354492	0.546875 
		0.434570	0.541992 
		0.131836	0.606445 
		0.131836	0.562500 
		0.041016	0.606445 
		0.045898	0.562500 
		0.066406	0.632813 
		0.044922	0.633789 
		0.148438	0.546875 
		0.068359	0.541992 
		0.250977	0.546875 
		0.457031	0.679688 
		0.459961	0.699219 
		0.041992	0.699219 
		0.044922	0.679688 
		0.251953	0.808594 
		0.150391	0.807617 
		0.251953	0.955078 
		0.354492	0.807617 
		0.057617	0.816406 
		0.103516	0.948242 
		0.401367	0.948242 
		0.447266	0.816406 
		0.034180	0.954102 
		0.013672	0.114258 
		0.000977	0.280273 
		0.073242	0.190430 
		0.080078	0.022461 
		0.074219	-0.046875 
		0.028320	-0.001953 
		0.006836	0.052734 
		0.073242	0.799805 
		0.000977	0.708984 
		0.013672	0.875000 
		0.080078	0.966797 
		0.074219	0.977539 
		0.006836	0.877930 
		0.028320	0.932617 
		0.073242	0.495117 
		0.000977	0.495117 
		0.499023	0.011719 
		0.254883	0.020508 
		0.254883	0.184570 
		0.998047	0.495117 
		0.998047	0.316406 
		0.834961	0.181641 
		0.834961	0.495117 
		0.669922	0.170898 
		0.669922	0.495117 
		0.977539	0.102539 
		0.834961	0.017578 
		0.254883	0.495117 
		0.254883	0.804688 
		0.669922	0.817383 
		0.489258	0.977539 
		0.669922	0.983398 
		0.977539	0.887695 
		0.998047	0.673828 
		0.834961	0.808594 
		0.834961	0.971680 
		0.254883	0.968750 
		0.669922	0.005859 
	}

	Tex1 0 
	Adj 1114 { 
		P 0 
		N 0 
		C0 0 
		T0 0 
		P 1 
		N 1 
		C0 1 
		T0 0 
		P 2 
		N 2 
		C0 2 
		T0 0 
		P 3 
		N 3 
		C0 3 
		T0 0 
		P 4 
		N 4 
		C0 4 
		T0 0 
		P 5 
		N 5 
		C0 5 
		T0 0 
		P 6 
		N 6 
		C0 6 
		T0 0 
		P 7 
		N 7 
		C0 7 
		T0 0 
		P 8 
		N 8 
		C0 8 
		T0 0 
		P 9 
		N 9 
		C0 9 
		T0 1 
		P 10 
		N 10 
		C0 10 
		T0 2 
		P 11 
		N 11 
		C0 11 
		T0 3 
		P 12 
		N 12 
		C0 12 
		T0 4 
		P 13 
		N 13 
		C0 13 
		T0 5 
		P 14 
		N 14 
		C0 14 
		T0 6 
		P 15 
		N 15 
		C0 15 
		T0 7 
		P 16 
		N 15 
		C0 16 
		T0 8 
		P 17 
		N 16 
		C0 17 
		T0 9 
		P 18 
		N 17 
		C0 18 
		T0 9 
		P 19 
		N 18 
		C0 19 
		T0 9 
		P 20 
		N 19 
		C0 20 
		T0 9 
		P 21 
		N 20 
		C0 21 
		T0 9 
		P 22 
		N 21 
		C0 22 
		T0 9 
		P 23 
		N 22 
		C0 23 
		T0 9 
		P 24 
		N 23 
		C0 24 
		T0 9 
		P 25 
		N 24 
		C0 25 
		T0 9 
		P 26 
		N 25 
		C0 26 
		T0 9 
		P 27 
		N 26 
		C0 27 
		T0 9 
		P 28 
		N 27 
		C0 28 
		T0 9 
		P 29 
		N 28 
		C0 29 
		T0 9 
		P 30 
		N 28 
		C0 30 
		T0 9 
		P 31 
		N 28 
		C0 31 
		T0 9 
		P 32 
		N 28 
		C0 32 
		T0 9 
		P 33 
		N 29 
		C0 33 
		T0 9 
		P 34 
		N 30 
		C0 34 
		T0 9 
		P 35 
		N 31 
		C0 35 
		T0 9 
		P 36 
		N 32 
		C0 36 
		T0 9 
		P 37 
		N 33 
		C0 37 
		T0 9 
		P 38 
		N 34 
		C0 38 
		T0 9 
		P 39 
		N 35 
		C0 39 
		T0 9 
		P 40 
		N 36 
		C0 40 
		T0 9 
		P 41 
		N 37 
		C0 41 
		T0 9 
		P 42 
		N 38 
		C0 42 
		T0 9 
		P 43 
		N 39 
		C0 43 
		T0 9 
		P 44 
		N 40 
		C0 44 
		T0 9 
		P 45 
		N 41 
		C0 45 
		T0 9 
		P 46 
		N 41 
		C0 46 
		T0 9 
		P 47 
		N 41 
		C0 47 
		T0 9 
		P 48 
		N 41 
		C0 48 
		T0 9 
		P 49 
		N 42 
		C0 49 
		T0 9 
		P 50 
		N 43 
		C0 50 
		T0 9 
		P 51 
		N 44 
		C0 51 
		T0 9 
		P 52 
		N 45 
		C0 52 
		T0 9 
		P 53 
		N 46 
		C0 53 
		T0 9 
		P 54 
		N 47 
		C0 54 
		T0 9 
		P 55 
		N 48 
		C0 55 
		T0 9 
		P 56 
		N 49 
		C0 56 
		T0 9 
		P 57 
		N 50 
		C0 57 
		T0 9 
		P 58 
		N 51 
		C0 58 
		T0 9 
		P 59 
		N 52 
		C0 59 
		T0 9 
		P 60 
		N 53 
		C0 60 
		T0 9 
		P 61 
		N 54 
		C0 61 
		T0 10 
		P 62 
		N 54 
		C0 62 
		T0 11 
		P 63 
		N 54 
		C0 63 
		T0 12 
		P 64 
		N 54 
		C0 64 
		T0 13 
		P 65 
		N 54 
		C0 65 
		T0 14 
		P 66 
		N 54 
		C0 66 
		T0 15 
		P 67 
		N 54 
		C0 67 
		T0 16 
		P 68 
		N 54 
		C0 68 
		T0 17 
		P 69 
		N 55 
		C0 69 
		T0 13 
		P 70 
		N 55 
		C0 70 
		T0 12 
		P 71 
		N 55 
		C0 71 
		T0 11 
		P 72 
		N 55 
		C0 72 
		T0 18 
		P 73 
		N 55 
		C0 73 
		T0 10 
		P 74 
		N 55 
		C0 74 
		T0 19 
		P 75 
		N 55 
		C0 75 
		T0 20 
		P 76 
		N 55 
		C0 76 
		T0 21 
		P 77 
		N 56 
		C0 77 
		T0 22 
		P 78 
		N 56 
		C0 78 
		T0 23 
		P 79 
		N 57 
		C0 79 
		T0 24 
		P 80 
		N 57 
		C0 80 
		T0 25 
		P 81 
		N 58 
		C0 81 
		T0 26 
		P 82 
		N 58 
		C0 82 
		T0 27 
		P 83 
		N 59 
		C0 83 
		T0 25 
		P 84 
		N 59 
		C0 84 
		T0 28 
		P 85 
		N 60 
		C0 85 
		T0 23 
		P 86 
		N 60 
		C0 86 
		T0 22 
		P 87 
		N 61 
		C0 87 
		T0 26 
		P 88 
		N 61 
		C0 88 
		T0 27 
		P 89 
		N 62 
		C0 89 
		T0 29 
		P 90 
		N 63 
		C0 90 
		T0 29 
		P 91 
		N 64 
		C0 91 
		T0 29 
		P 92 
		N 65 
		C0 92 
		T0 29 
		P 93 
		N 66 
		C0 93 
		T0 29 
		P 94 
		N 67 
		C0 94 
		T0 29 
		P 89 
		N 68 
		C0 95 
		T0 29 
		P 94 
		N 68 
		C0 96 
		T0 29 
		P 95 
		N 69 
		C0 97 
		T0 29 
		P 96 
		N 70 
		C0 98 
		T0 29 
		P 97 
		N 71 
		C0 99 
		T0 29 
		P 98 
		N 72 
		C0 100 
		T0 29 
		P 99 
		N 73 
		C0 101 
		T0 29 
		P 100 
		N 74 
		C0 102 
		T0 29 
		P 95 
		N 75 
		C0 103 
		T0 29 
		P 100 
		N 75 
		C0 104 
		T0 29 
		P 101 
		N 76 
		C0 105 
		T0 29 
		P 102 
		N 77 
		C0 106 
		T0 29 
		P 103 
		N 78 
		C0 107 
		T0 29 
		P 104 
		N 79 
		C0 108 
		T0 29 
		P 105 
		N 80 
		C0 109 
		T0 29 
		P 106 
		N 81 
		C0 110 
		T0 29 
		P 101 
		N 82 
		C0 111 
		T0 29 
		P 106 
		N 82 
		C0 112 
		T0 29 
		P 107 
		N 83 
		C0 113 
		T0 29 
		P 108 
		N 84 
		C0 114 
		T0 29 
		P 109 
		N 85 
		C0 115 
		T0 29 
		P 110 
		N 86 
		C0 116 
		T0 29 
		P 111 
		N 87 
		C0 117 
		T0 29 
		P 112 
		N 88 
		C0 118 
		T0 29 
		P 107 
		N 89 
		C0 119 
		T0 29 
		P 112 
		N 89 
		C0 120 
		T0 29 
		P 113 
		N 90 
		C0 121 
		T0 30 
		P 114 
		N 91 
		C0 122 
		T0 31 
		P 115 
		N 92 
		C0 123 
		T0 32 
		P 116 
		N 93 
		C0 124 
		T0 33 
		P 117 
		N 94 
		C0 125 
		T0 34 
		P 118 
		N 95 
		C0 126 
		T0 35 
		P 119 
		N 96 
		C0 127 
		T0 32 
		P 120 
		N 97 
		C0 128 
		T0 35 
		P 121 
		N 98 
		C0 129 
		T0 33 
		P 122 
		N 99 
		C0 130 
		T0 36 
		P 123 
		N 100 
		C0 131 
		T0 37 
		P 124 
		N 100 
		C0 132 
		T0 37 
		P 125 
		N 99 
		C0 133 
		T0 36 
		P 126 
		N 101 
		C0 134 
		T0 38 
		P 127 
		N 102 
		C0 135 
		T0 39 
		P 128 
		N 103 
		C0 136 
		T0 40 
		P 129 
		N 104 
		C0 137 
		T0 41 
		P 130 
		N 104 
		C0 138 
		T0 42 
		P 131 
		N 103 
		C0 139 
		T0 43 
		P 127 
		N 105 
		C0 140 
		T0 39 
		P 132 
		N 105 
		C0 141 
		T0 44 
		P 128 
		N 106 
		C0 142 
		T0 40 
		P 123 
		N 106 
		C0 143 
		T0 37 
		P 122 
		N 107 
		C0 144 
		T0 36 
		P 129 
		N 107 
		C0 145 
		T0 41 
		P 127 
		N 108 
		C0 146 
		T0 39 
		P 133 
		N 109 
		C0 147 
		T0 40 
		P 134 
		N 109 
		C0 148 
		T0 43 
		P 135 
		N 110 
		C0 149 
		T0 42 
		P 136 
		N 110 
		C0 150 
		T0 36 
		P 133 
		N 111 
		C0 151 
		T0 40 
		P 136 
		N 112 
		C0 152 
		T0 36 
		P 125 
		N 112 
		C0 153 
		T0 36 
		P 124 
		N 111 
		C0 154 
		T0 37 
		P 137 
		N 113 
		C0 155 
		T0 39 
		P 138 
		N 114 
		C0 156 
		T0 45 
		P 139 
		N 115 
		C0 157 
		T0 46 
		P 140 
		N 116 
		C0 158 
		T0 47 
		P 141 
		N 117 
		C0 159 
		T0 48 
		P 142 
		N 118 
		C0 160 
		T0 49 
		P 143 
		N 119 
		C0 161 
		T0 50 
		P 144 
		N 120 
		C0 162 
		T0 51 
		P 145 
		N 121 
		C0 163 
		T0 52 
		P 146 
		N 122 
		C0 164 
		T0 53 
		P 147 
		N 123 
		C0 165 
		T0 54 
		P 140 
		N 124 
		C0 166 
		T0 55 
		P 144 
		N 125 
		C0 167 
		T0 55 
		P 148 
		N 126 
		C0 168 
		T0 56 
		P 146 
		N 127 
		C0 169 
		T0 55 
		P 149 
		N 128 
		C0 170 
		T0 56 
		P 150 
		N 129 
		C0 171 
		T0 57 
		P 151 
		N 130 
		C0 172 
		T0 55 
		P 152 
		N 131 
		C0 173 
		T0 56 
		P 153 
		N 132 
		C0 174 
		T0 55 
		P 154 
		N 133 
		C0 175 
		T0 55 
		P 155 
		N 134 
		C0 176 
		T0 56 
		P 156 
		N 135 
		C0 177 
		T0 58 
		P 157 
		N 136 
		C0 178 
		T0 58 
		P 158 
		N 137 
		C0 179 
		T0 58 
		P 159 
		N 138 
		C0 180 
		T0 58 
		P 160 
		N 139 
		C0 181 
		T0 58 
		P 161 
		N 140 
		C0 182 
		T0 58 
		P 162 
		N 141 
		C0 183 
		T0 58 
		P 163 
		N 142 
		C0 184 
		T0 58 
		P 159 
		N 143 
		C0 185 
		T0 59 
		P 158 
		N 144 
		C0 186 
		T0 59 
		P 160 
		N 144 
		C0 187 
		T0 59 
		P 164 
		N 145 
		C0 188 
		T0 59 
		P 161 
		N 145 
		C0 189 
		T0 59 
		P 135 
		N 146 
		C0 190 
		T0 42 
		P 134 
		N 147 
		C0 191 
		T0 43 
		P 165 
		N 148 
		C0 192 
		T0 60 
		P 166 
		N 146 
		C0 193 
		T0 61 
		P 149 
		N 149 
		C0 194 
		T0 56 
		P 167 
		N 150 
		C0 195 
		T0 62 
		P 168 
		N 151 
		C0 196 
		T0 62 
		P 148 
		N 152 
		C0 197 
		T0 56 
		P 169 
		N 153 
		C0 198 
		T0 63 
		P 170 
		N 154 
		C0 199 
		T0 64 
		P 171 
		N 155 
		C0 200 
		T0 65 
		P 172 
		N 156 
		C0 201 
		T0 66 
		P 173 
		N 157 
		C0 202 
		T0 62 
		P 174 
		N 158 
		C0 203 
		T0 56 
		P 175 
		N 159 
		C0 204 
		T0 56 
		P 176 
		N 160 
		C0 205 
		T0 62 
		P 177 
		N 161 
		C0 206 
		T0 67 
		P 178 
		N 162 
		C0 207 
		T0 68 
		P 118 
		N 95 
		C0 208 
		T0 68 
		P 179 
		N 163 
		C0 209 
		T0 69 
		P 180 
		N 164 
		C0 210 
		T0 70 
		P 181 
		N 164 
		C0 211 
		T0 71 
		P 182 
		N 164 
		C0 212 
		T0 72 
		P 183 
		N 165 
		C0 213 
		T0 73 
		P 166 
		N 166 
		C0 214 
		T0 74 
		P 184 
		N 167 
		C0 215 
		T0 75 
		P 185 
		N 168 
		C0 216 
		T0 76 
		P 186 
		N 169 
		C0 217 
		T0 77 
		P 165 
		N 148 
		C0 218 
		T0 78 
		P 187 
		N 170 
		C0 219 
		T0 79 
		P 188 
		N 171 
		C0 220 
		T0 80 
		P 189 
		N 172 
		C0 221 
		T0 81 
		P 190 
		N 173 
		C0 222 
		T0 82 
		P 191 
		N 174 
		C0 223 
		T0 83 
		P 140 
		N 175 
		C0 224 
		T0 47 
		P 192 
		N 176 
		C0 225 
		T0 84 
		P 193 
		N 41 
		C0 226 
		T0 84 
		P 194 
		N 101 
		C0 227 
		T0 84 
		P 169 
		N 153 
		C0 228 
		T0 84 
		P 195 
		N 177 
		C0 229 
		T0 84 
		P 196 
		N 178 
		C0 230 
		T0 84 
		P 197 
		N 179 
		C0 231 
		T0 84 
		P 198 
		N 180 
		C0 232 
		T0 84 
		P 198 
		N 180 
		C0 233 
		T0 85 
		P 196 
		N 178 
		C0 234 
		T0 86 
		P 199 
		N 181 
		C0 235 
		T0 87 
		P 179 
		N 163 
		C0 236 
		T0 88 
		P 200 
		N 182 
		C0 237 
		T0 89 
		P 182 
		N 183 
		C0 238 
		T0 72 
		P 181 
		N 184 
		C0 239 
		T0 71 
		P 201 
		N 185 
		C0 240 
		T0 90 
		P 202 
		N 186 
		C0 241 
		T0 91 
		P 203 
		N 187 
		C0 242 
		T0 92 
		P 204 
		N 188 
		C0 243 
		T0 93 
		P 205 
		N 189 
		C0 244 
		T0 94 
		P 206 
		N 190 
		C0 245 
		T0 95 
		P 207 
		N 191 
		C0 246 
		T0 96 
		P 208 
		N 192 
		C0 247 
		T0 97 
		P 209 
		N 193 
		C0 248 
		T0 98 
		P 210 
		N 194 
		C0 249 
		T0 99 
		P 211 
		N 194 
		C0 250 
		T0 100 
		P 212 
		N 195 
		C0 251 
		T0 101 
		P 213 
		N 196 
		C0 252 
		T0 102 
		P 214 
		N 197 
		C0 253 
		T0 103 
		P 209 
		N 198 
		C0 254 
		T0 104 
		P 210 
		N 199 
		C0 255 
		T0 104 
		P 201 
		N 200 
		C0 256 
		T0 105 
		P 191 
		N 201 
		C0 257 
		T0 55 
		P 140 
		N 202 
		C0 258 
		T0 55 
		P 214 
		N 203 
		C0 259 
		T0 104 
		P 213 
		N 204 
		C0 260 
		T0 55 
		P 215 
		N 205 
		C0 261 
		T0 55 
		P 206 
		N 206 
		C0 262 
		T0 104 
		P 207 
		N 207 
		C0 263 
		T0 104 
		P 187 
		N 208 
		C0 264 
		T0 104 
		P 202 
		N 209 
		C0 265 
		T0 105 
		P 204 
		N 210 
		C0 266 
		T0 106 
		P 216 
		N 211 
		C0 267 
		T0 107 
		P 138 
		N 212 
		C0 268 
		T0 45 
		P 217 
		N 213 
		C0 269 
		T0 108 
		P 178 
		N 162 
		C0 270 
		T0 109 
		P 218 
		N 214 
		C0 271 
		T0 110 
		P 219 
		N 215 
		C0 272 
		T0 111 
		P 220 
		N 215 
		C0 273 
		T0 112 
		P 221 
		N 216 
		C0 274 
		T0 113 
		P 222 
		N 216 
		C0 275 
		T0 114 
		P 223 
		N 217 
		C0 276 
		T0 115 
		P 224 
		N 218 
		C0 277 
		T0 115 
		P 225 
		N 217 
		C0 278 
		T0 115 
		P 226 
		N 219 
		C0 279 
		T0 116 
		P 192 
		N 176 
		C0 280 
		T0 117 
		P 227 
		N 220 
		C0 281 
		T0 118 
		P 228 
		N 221 
		C0 282 
		T0 119 
		P 229 
		N 222 
		C0 283 
		T0 120 
		P 230 
		N 164 
		C0 284 
		T0 121 
		P 231 
		N 223 
		C0 285 
		T0 122 
		P 232 
		N 223 
		C0 286 
		T0 123 
		P 233 
		N 224 
		C0 287 
		T0 124 
		P 180 
		N 225 
		C0 288 
		T0 70 
		P 234 
		N 226 
		C0 289 
		T0 125 
		P 235 
		N 224 
		C0 290 
		T0 126 
		P 236 
		N 227 
		C0 291 
		T0 127 
		P 237 
		N 228 
		C0 292 
		T0 128 
		P 233 
		N 229 
		C0 293 
		T0 124 
		P 238 
		N 187 
		C0 294 
		T0 129 
		P 239 
		N 224 
		C0 295 
		T0 130 
		P 183 
		N 230 
		C0 296 
		T0 73 
		P 240 
		N 230 
		C0 297 
		T0 131 
		P 241 
		N 231 
		C0 298 
		T0 132 
		P 242 
		N 232 
		C0 299 
		T0 132 
		P 126 
		N 232 
		C0 300 
		T0 132 
		P 137 
		N 231 
		C0 301 
		T0 132 
		P 223 
		N 233 
		C0 302 
		T0 132 
		P 172 
		N 234 
		C0 303 
		T0 133 
		P 243 
		N 235 
		C0 304 
		T0 134 
		P 220 
		N 236 
		C0 305 
		T0 112 
		P 227 
		N 235 
		C0 306 
		T0 112 
		P 171 
		N 237 
		C0 307 
		T0 135 
		P 244 
		N 238 
		C0 308 
		T0 136 
		P 245 
		N 238 
		C0 309 
		T0 137 
		P 224 
		N 239 
		C0 310 
		T0 138 
		P 225 
		N 165 
		C0 311 
		T0 139 
		P 246 
		N 165 
		C0 312 
		T0 140 
		P 182 
		N 240 
		C0 313 
		T0 72 
		P 200 
		N 241 
		C0 314 
		T0 89 
		P 247 
		N 241 
		C0 315 
		T0 141 
		P 248 
		N 240 
		C0 316 
		T0 142 
		P 177 
		N 242 
		C0 317 
		T0 67 
		P 179 
		N 243 
		C0 318 
		T0 69 
		P 249 
		N 243 
		C0 319 
		T0 143 
		P 250 
		N 242 
		C0 320 
		T0 144 
		P 158 
		N 244 
		C0 321 
		T0 58 
		P 157 
		N 245 
		C0 322 
		T0 58 
		P 240 
		N 246 
		C0 323 
		T0 58 
		P 246 
		N 247 
		C0 324 
		T0 58 
		P 245 
		N 248 
		C0 325 
		T0 58 
		P 251 
		N 249 
		C0 326 
		T0 58 
		P 164 
		N 250 
		C0 327 
		T0 58 
		P 251 
		N 251 
		C0 328 
		T0 58 
		P 237 
		N 252 
		C0 329 
		T0 128 
		P 236 
		N 253 
		C0 330 
		T0 127 
		P 234 
		N 254 
		C0 331 
		T0 125 
		P 235 
		N 255 
		C0 332 
		T0 126 
		P 239 
		N 255 
		C0 333 
		T0 130 
		P 199 
		N 216 
		C0 334 
		T0 145 
		P 231 
		N 216 
		C0 335 
		T0 122 
		P 199 
		N 256 
		C0 336 
		T0 145 
		P 228 
		N 257 
		C0 337 
		T0 146 
		P 232 
		N 258 
		C0 338 
		T0 123 
		P 231 
		N 256 
		C0 339 
		T0 122 
		P 226 
		N 259 
		C0 340 
		T0 111 
		P 219 
		N 44 
		C0 341 
		T0 111 
		P 181 
		N 260 
		C0 342 
		T0 71 
		P 180 
		N 261 
		C0 343 
		T0 70 
		P 252 
		N 262 
		C0 344 
		T0 147 
		P 218 
		N 263 
		C0 345 
		T0 148 
		P 223 
		N 264 
		C0 346 
		T0 44 
		P 137 
		N 264 
		C0 347 
		T0 39 
		P 240 
		N 265 
		C0 348 
		T0 58 
		P 246 
		N 265 
		C0 349 
		T0 58 
		P 164 
		N 265 
		C0 350 
		T0 58 
		P 158 
		N 265 
		C0 351 
		T0 58 
		P 253 
		N 266 
		C0 352 
		T0 149 
		P 254 
		N 267 
		C0 353 
		T0 149 
		P 255 
		N 268 
		C0 354 
		T0 149 
		P 256 
		N 269 
		C0 355 
		T0 149 
		P 155 
		N 270 
		C0 356 
		T0 56 
		P 152 
		N 271 
		C0 357 
		T0 56 
		P 257 
		N 272 
		C0 358 
		T0 62 
		P 258 
		N 273 
		C0 359 
		T0 62 
		P 259 
		N 274 
		C0 360 
		T0 61 
		P 260 
		N 275 
		C0 361 
		T0 60 
		P 131 
		N 276 
		C0 362 
		T0 43 
		P 130 
		N 274 
		C0 363 
		T0 42 
		P 261 
		N 277 
		C0 364 
		T0 62 
		P 262 
		N 278 
		C0 365 
		T0 62 
		P 263 
		N 279 
		C0 366 
		T0 56 
		P 264 
		N 280 
		C0 367 
		T0 56 
		P 265 
		N 281 
		C0 368 
		T0 84 
		P 266 
		N 282 
		C0 369 
		T0 84 
		P 267 
		N 283 
		C0 370 
		T0 84 
		P 268 
		N 284 
		C0 371 
		T0 84 
		P 269 
		N 285 
		C0 372 
		T0 104 
		P 270 
		N 199 
		C0 373 
		T0 104 
		P 271 
		N 286 
		C0 374 
		T0 105 
		P 272 
		N 287 
		C0 375 
		T0 55 
		P 151 
		N 288 
		C0 376 
		T0 55 
		P 273 
		N 289 
		C0 377 
		T0 104 
		P 274 
		N 290 
		C0 378 
		T0 55 
		P 275 
		N 291 
		C0 379 
		T0 55 
		P 276 
		N 292 
		C0 380 
		T0 104 
		P 277 
		N 293 
		C0 381 
		T0 104 
		P 278 
		N 294 
		C0 382 
		T0 104 
		P 279 
		N 295 
		C0 383 
		T0 105 
		P 280 
		N 296 
		C0 384 
		T0 106 
		P 281 
		N 297 
		C0 385 
		T0 132 
		P 127 
		N 297 
		C0 386 
		T0 132 
		P 126 
		N 298 
		C0 387 
		T0 132 
		P 242 
		N 298 
		C0 388 
		T0 132 
		P 132 
		N 299 
		C0 389 
		T0 132 
		P 132 
		N 300 
		C0 390 
		T0 44 
		P 282 
		N 300 
		C0 391 
		T0 150 
		P 283 
		N 301 
		C0 392 
		T0 151 
		P 284 
		N 302 
		C0 393 
		T0 152 
		P 285 
		N 303 
		C0 394 
		T0 110 
		P 286 
		N 304 
		C0 395 
		T0 153 
		P 255 
		N 305 
		C0 396 
		T0 149 
		P 287 
		N 306 
		C0 397 
		T0 149 
		P 256 
		N 307 
		C0 398 
		T0 149 
		P 288 
		N 308 
		C0 399 
		T0 149 
		P 289 
		N 309 
		C0 400 
		T0 149 
		P 290 
		N 310 
		C0 401 
		T0 149 
		P 291 
		N 311 
		C0 402 
		T0 149 
		P 292 
		N 312 
		C0 403 
		T0 149 
		P 290 
		N 313 
		C0 404 
		T0 149 
		P 293 
		N 314 
		C0 405 
		T0 149 
		P 294 
		N 315 
		C0 406 
		T0 115 
		P 295 
		N 316 
		C0 407 
		T0 115 
		P 296 
		N 317 
		C0 408 
		T0 115 
		P 132 
		N 317 
		C0 409 
		T0 115 
		P 297 
		N 318 
		C0 410 
		T0 66 
		P 295 
		N 316 
		C0 411 
		T0 65 
		P 294 
		N 315 
		C0 412 
		T0 64 
		P 266 
		N 282 
		C0 413 
		T0 63 
		P 265 
		N 281 
		C0 414 
		T0 117 
		P 298 
		N 319 
		C0 415 
		T0 116 
		P 299 
		N 320 
		C0 416 
		T0 118 
		P 268 
		N 284 
		C0 417 
		T0 86 
		P 300 
		N 321 
		C0 418 
		T0 119 
		P 301 
		N 322 
		C0 419 
		T0 87 
		P 302 
		N 323 
		C0 420 
		T0 88 
		P 267 
		N 283 
		C0 421 
		T0 85 
		P 303 
		N 324 
		C0 422 
		T0 149 
		P 254 
		N 325 
		C0 423 
		T0 59 
		P 303 
		N 326 
		C0 424 
		T0 59 
		P 255 
		N 326 
		C0 425 
		T0 59 
		P 288 
		N 327 
		C0 426 
		T0 59 
		P 291 
		N 327 
		C0 427 
		T0 59 
		P 287 
		N 328 
		C0 428 
		T0 149 
		P 255 
		N 328 
		C0 429 
		T0 149 
		P 291 
		N 328 
		C0 430 
		T0 149 
		P 304 
		N 328 
		C0 431 
		T0 149 
		P 304 
		N 329 
		C0 432 
		T0 149 
		P 291 
		N 330 
		C0 433 
		T0 149 
		P 216 
		N 331 
		C0 434 
		T0 107 
		P 217 
		N 56 
		C0 435 
		T0 108 
		P 142 
		N 56 
		C0 436 
		T0 49 
		P 138 
		N 331 
		C0 437 
		T0 45 
		P 229 
		N 216 
		C0 438 
		T0 120 
		P 240 
		N 332 
		C0 439 
		T0 131 
		P 239 
		N 333 
		C0 440 
		T0 130 
		P 221 
		N 334 
		C0 441 
		T0 113 
		P 250 
		N 182 
		C0 442 
		T0 144 
		P 230 
		N 335 
		C0 443 
		T0 121 
		P 236 
		N 336 
		C0 444 
		T0 127 
		P 247 
		N 336 
		C0 445 
		T0 141 
		P 248 
		N 337 
		C0 446 
		T0 142 
		P 249 
		N 338 
		C0 447 
		T0 143 
		P 231 
		N 338 
		C0 448 
		T0 122 
		P 235 
		N 225 
		C0 449 
		T0 126 
		P 234 
		N 225 
		C0 450 
		T0 125 
		P 294 
		N 315 
		C0 451 
		T0 84 
		P 305 
		N 339 
		C0 452 
		T0 84 
		P 170 
		N 154 
		C0 453 
		T0 84 
		P 181 
		N 184 
		C0 454 
		T0 153 
		P 164 
		N 340 
		C0 455 
		T0 58 
		P 223 
		N 341 
		C0 456 
		T0 44 
		P 183 
		N 341 
		C0 457 
		T0 150 
		P 224 
		N 342 
		C0 458 
		T0 151 
		P 198 
		N 180 
		C0 459 
		T0 154 
		P 283 
		N 343 
		C0 460 
		T0 115 
		P 171 
		N 155 
		C0 461 
		T0 115 
		P 170 
		N 154 
		C0 462 
		T0 115 
		P 137 
		N 344 
		C0 463 
		T0 39 
		P 215 
		N 345 
		C0 464 
		T0 155 
		P 306 
		N 346 
		C0 465 
		T0 1 
		P 307 
		N 347 
		C0 466 
		T0 3 
		P 308 
		N 348 
		C0 467 
		T0 2 
		P 309 
		N 349 
		C0 468 
		T0 4 
		P 310 
		N 350 
		C0 469 
		T0 5 
		P 311 
		N 351 
		C0 470 
		T0 6 
		P 312 
		N 352 
		C0 471 
		T0 7 
		P 313 
		N 352 
		C0 472 
		T0 8 
		P 5 
		N 353 
		C0 473 
		T0 0 
		P 8 
		N 354 
		C0 474 
		T0 0 
		P 314 
		N 354 
		C0 475 
		T0 0 
		P 315 
		N 353 
		C0 476 
		T0 0 
		P 0 
		N 355 
		C0 477 
		T0 0 
		P 316 
		N 355 
		C0 478 
		T0 0 
		P 4 
		N 356 
		C0 479 
		T0 0 
		P 317 
		N 356 
		C0 480 
		T0 0 
		P 316 
		N 357 
		C0 481 
		T0 0 
		P 317 
		N 357 
		C0 482 
		T0 0 
		P 315 
		N 357 
		C0 483 
		T0 0 
		P 314 
		N 357 
		C0 484 
		T0 0 
		P 25 
		N 353 
		C0 485 
		T0 9 
		P 28 
		N 358 
		C0 486 
		T0 9 
		P 318 
		N 358 
		C0 487 
		T0 9 
		P 319 
		N 353 
		C0 488 
		T0 9 
		P 19 
		N 355 
		C0 489 
		T0 9 
		P 320 
		N 355 
		C0 490 
		T0 9 
		P 22 
		N 359 
		C0 491 
		T0 9 
		P 321 
		N 359 
		C0 492 
		T0 9 
		P 319 
		N 360 
		C0 493 
		T0 9 
		P 318 
		N 361 
		C0 494 
		T0 9 
		P 322 
		N 361 
		C0 495 
		T0 9 
		P 323 
		N 360 
		C0 496 
		T0 9 
		P 320 
		N 362 
		C0 497 
		T0 9 
		P 324 
		N 362 
		C0 498 
		T0 9 
		P 321 
		N 363 
		C0 499 
		T0 9 
		P 325 
		N 363 
		C0 500 
		T0 9 
		P 323 
		N 353 
		C0 501 
		T0 9 
		P 322 
		N 364 
		C0 502 
		T0 9 
		P 326 
		N 364 
		C0 503 
		T0 9 
		P 327 
		N 353 
		C0 504 
		T0 9 
		P 324 
		N 355 
		C0 505 
		T0 9 
		P 328 
		N 355 
		C0 506 
		T0 9 
		P 325 
		N 365 
		C0 507 
		T0 9 
		P 329 
		N 365 
		C0 508 
		T0 9 
		P 327 
		N 366 
		C0 509 
		T0 9 
		P 326 
		N 367 
		C0 510 
		T0 9 
		P 330 
		N 367 
		C0 511 
		T0 9 
		P 331 
		N 366 
		C0 512 
		T0 9 
		P 328 
		N 368 
		C0 513 
		T0 9 
		P 332 
		N 368 
		C0 514 
		T0 9 
		P 329 
		N 369 
		C0 515 
		T0 9 
		P 333 
		N 369 
		C0 516 
		T0 9 
		P 331 
		N 353 
		C0 517 
		T0 9 
		P 330 
		N 364 
		C0 518 
		T0 9 
		P 30 
		N 364 
		C0 519 
		T0 9 
		P 29 
		N 353 
		C0 520 
		T0 9 
		P 332 
		N 355 
		C0 521 
		T0 9 
		P 31 
		N 355 
		C0 522 
		T0 9 
		P 333 
		N 365 
		C0 523 
		T0 9 
		P 32 
		N 365 
		C0 524 
		T0 9 
		P 41 
		N 353 
		C0 525 
		T0 9 
		P 44 
		N 364 
		C0 526 
		T0 9 
		P 48 
		N 364 
		C0 527 
		T0 9 
		P 47 
		N 353 
		C0 528 
		T0 9 
		P 35 
		N 355 
		C0 529 
		T0 9 
		P 45 
		N 355 
		C0 530 
		T0 9 
		P 38 
		N 365 
		C0 531 
		T0 9 
		P 46 
		N 365 
		C0 532 
		T0 9 
		P 57 
		N 353 
		C0 533 
		T0 9 
		P 60 
		N 370 
		C0 534 
		T0 9 
		P 334 
		N 370 
		C0 535 
		T0 9 
		P 335 
		N 353 
		C0 536 
		T0 9 
		P 51 
		N 355 
		C0 537 
		T0 9 
		P 336 
		N 355 
		C0 538 
		T0 9 
		P 54 
		N 371 
		C0 539 
		T0 9 
		P 337 
		N 371 
		C0 540 
		T0 9 
		P 336 
		N 41 
		C0 541 
		T0 9 
		P 337 
		N 41 
		C0 542 
		T0 9 
		P 335 
		N 41 
		C0 543 
		T0 9 
		P 334 
		N 41 
		C0 544 
		T0 9 
		P 338 
		N 372 
		C0 545 
		T0 156 
		P 339 
		N 373 
		C0 546 
		T0 157 
		P 340 
		N 374 
		C0 547 
		T0 158 
		P 341 
		N 375 
		C0 548 
		T0 159 
		P 342 
		N 376 
		C0 549 
		T0 160 
		P 343 
		N 377 
		C0 550 
		T0 161 
		P 344 
		N 378 
		C0 551 
		T0 162 
		P 345 
		N 379 
		C0 552 
		T0 163 
		P 341 
		N 375 
		C0 553 
		T0 164 
		P 346 
		N 380 
		C0 554 
		T0 165 
		P 347 
		N 381 
		C0 555 
		T0 166 
		P 348 
		N 382 
		C0 556 
		T0 167 
		P 349 
		N 383 
		C0 557 
		T0 168 
		P 350 
		N 384 
		C0 558 
		T0 169 
		P 351 
		N 385 
		C0 559 
		T0 170 
		P 352 
		N 386 
		C0 560 
		T0 171 
		P 353 
		N 387 
		C0 561 
		T0 172 
		P 347 
		N 381 
		C0 562 
		T0 173 
		P 63 
		N 388 
		C0 563 
		T0 174 
		P 62 
		N 389 
		C0 564 
		T0 175 
		P 64 
		N 390 
		C0 565 
		T0 176 
		P 65 
		N 391 
		C0 566 
		T0 177 
		P 67 
		N 392 
		C0 567 
		T0 178 
		P 68 
		N 393 
		C0 568 
		T0 179 
		P 66 
		N 394 
		C0 569 
		T0 180 
		P 61 
		N 395 
		C0 570 
		T0 181 
		P 62 
		N 389 
		C0 571 
		T0 182 
		P 354 
		N 396 
		C0 572 
		T0 183 
		P 355 
		N 397 
		C0 573 
		T0 184 
		P 356 
		N 398 
		C0 574 
		T0 185 
		P 357 
		N 399 
		C0 575 
		T0 186 
		P 358 
		N 400 
		C0 576 
		T0 187 
		P 359 
		N 400 
		C0 577 
		T0 188 
		P 360 
		N 401 
		C0 578 
		T0 186 
		P 361 
		N 402 
		C0 579 
		T0 185 
		P 362 
		N 403 
		C0 580 
		T0 186 
		P 360 
		N 403 
		C0 581 
		T0 186 
		P 357 
		N 403 
		C0 582 
		T0 186 
		P 363 
		N 404 
		C0 583 
		T0 183 
		P 364 
		N 405 
		C0 584 
		T0 187 
		P 358 
		N 405 
		C0 585 
		T0 187 
		P 359 
		N 406 
		C0 586 
		T0 188 
		P 364 
		N 406 
		C0 587 
		T0 187 
		P 358 
		N 407 
		C0 588 
		T0 187 
		P 355 
		N 397 
		C0 589 
		T0 189 
		P 362 
		N 408 
		C0 590 
		T0 186 
		P 355 
		N 409 
		C0 591 
		T0 190 
		P 359 
		N 410 
		C0 592 
		T0 191 
		P 365 
		N 410 
		C0 593 
		T0 192 
		P 366 
		N 409 
		C0 594 
		T0 193 
		P 359 
		N 410 
		C0 595 
		T0 190 
		P 362 
		N 411 
		C0 596 
		T0 191 
		P 367 
		N 411 
		C0 597 
		T0 192 
		P 365 
		N 410 
		C0 598 
		T0 193 
		P 362 
		N 411 
		C0 599 
		T0 190 
		P 355 
		N 409 
		C0 600 
		T0 191 
		P 366 
		N 409 
		C0 601 
		T0 192 
		P 367 
		N 411 
		C0 602 
		T0 193 
		P 368 
		N 412 
		C0 603 
		T0 194 
		P 369 
		N 413 
		C0 604 
		T0 164 
		P 370 
		N 414 
		C0 605 
		T0 163 
		P 371 
		N 415 
		C0 606 
		T0 162 
		P 372 
		N 416 
		C0 607 
		T0 161 
		P 373 
		N 417 
		C0 608 
		T0 160 
		P 374 
		N 418 
		C0 609 
		T0 158 
		P 375 
		N 419 
		C0 610 
		T0 157 
		P 376 
		N 420 
		C0 611 
		T0 156 
		P 369 
		N 413 
		C0 612 
		T0 159 
		P 377 
		N 421 
		C0 613 
		T0 166 
		P 378 
		N 422 
		C0 614 
		T0 165 
		P 379 
		N 423 
		C0 615 
		T0 167 
		P 380 
		N 424 
		C0 616 
		T0 168 
		P 381 
		N 425 
		C0 617 
		T0 169 
		P 382 
		N 426 
		C0 618 
		T0 170 
		P 383 
		N 427 
		C0 619 
		T0 171 
		P 384 
		N 428 
		C0 620 
		T0 172 
		P 377 
		N 421 
		C0 621 
		T0 173 
		P 71 
		N 429 
		C0 622 
		T0 175 
		P 70 
		N 430 
		C0 623 
		T0 174 
		P 69 
		N 431 
		C0 624 
		T0 176 
		P 72 
		N 432 
		C0 625 
		T0 177 
		P 74 
		N 433 
		C0 626 
		T0 178 
		P 76 
		N 434 
		C0 627 
		T0 179 
		P 75 
		N 435 
		C0 628 
		T0 180 
		P 73 
		N 436 
		C0 629 
		T0 181 
		P 71 
		N 429 
		C0 630 
		T0 182 
		P 385 
		N 437 
		C0 631 
		T0 183 
		P 386 
		N 438 
		C0 632 
		T0 189 
		P 387 
		N 439 
		C0 633 
		T0 188 
		P 388 
		N 439 
		C0 634 
		T0 187 
		P 389 
		N 440 
		C0 635 
		T0 185 
		P 386 
		N 438 
		C0 636 
		T0 184 
		P 390 
		N 441 
		C0 637 
		T0 186 
		P 391 
		N 442 
		C0 638 
		T0 186 
		P 392 
		N 443 
		C0 639 
		T0 186 
		P 391 
		N 444 
		C0 640 
		T0 186 
		P 390 
		N 445 
		C0 641 
		T0 186 
		P 393 
		N 446 
		C0 642 
		T0 183 
		P 394 
		N 447 
		C0 643 
		T0 185 
		P 392 
		N 448 
		C0 644 
		T0 186 
		P 388 
		N 449 
		C0 645 
		T0 187 
		P 395 
		N 449 
		C0 646 
		T0 195 
		P 388 
		N 450 
		C0 647 
		T0 187 
		P 387 
		N 451 
		C0 648 
		T0 188 
		P 395 
		N 450 
		C0 649 
		T0 195 
		P 386 
		N 452 
		C0 650 
		T0 190 
		P 396 
		N 452 
		C0 651 
		T0 193 
		P 397 
		N 453 
		C0 652 
		T0 192 
		P 387 
		N 453 
		C0 653 
		T0 191 
		P 387 
		N 453 
		C0 654 
		T0 190 
		P 397 
		N 453 
		C0 655 
		T0 193 
		P 398 
		N 454 
		C0 656 
		T0 192 
		P 391 
		N 454 
		C0 657 
		T0 191 
		P 391 
		N 454 
		C0 658 
		T0 190 
		P 398 
		N 454 
		C0 659 
		T0 193 
		P 396 
		N 452 
		C0 660 
		T0 192 
		P 386 
		N 452 
		C0 661 
		T0 191 
		P 399 
		N 455 
		C0 662 
		T0 196 
		P 400 
		N 456 
		C0 663 
		T0 197 
		P 401 
		N 457 
		C0 664 
		T0 198 
		P 402 
		N 458 
		C0 665 
		T0 199 
		P 403 
		N 459 
		C0 666 
		T0 200 
		P 404 
		N 459 
		C0 667 
		T0 201 
		P 15 
		N 15 
		C0 668 
		T0 202 
		P 14 
		N 14 
		C0 669 
		T0 203 
		P 405 
		N 460 
		C0 670 
		T0 196 
		P 406 
		N 461 
		C0 671 
		T0 199 
		P 407 
		N 462 
		C0 672 
		T0 198 
		P 408 
		N 463 
		C0 673 
		T0 197 
		P 409 
		N 464 
		C0 674 
		T0 200 
		P 311 
		N 351 
		C0 675 
		T0 203 
		P 312 
		N 352 
		C0 676 
		T0 202 
		P 410 
		N 464 
		C0 677 
		T0 201 
		P 411 
		N 459 
		C0 678 
		T0 204 
		P 16 
		N 15 
		C0 679 
		T0 205 
		P 412 
		N 458 
		C0 680 
		T0 206 
		P 413 
		N 465 
		C0 681 
		T0 207 
		P 113 
		N 466 
		C0 682 
		T0 208 
		P 116 
		N 467 
		C0 683 
		T0 209 
		P 414 
		N 468 
		C0 684 
		T0 210 
		P 415 
		N 469 
		C0 685 
		T0 211 
		P 416 
		N 470 
		C0 686 
		T0 212 
		P 417 
		N 471 
		C0 687 
		T0 213 
		P 121 
		N 471 
		C0 688 
		T0 214 
		P 418 
		N 472 
		C0 689 
		T0 215 
		P 419 
		N 473 
		C0 690 
		T0 216 
		P 420 
		N 474 
		C0 691 
		T0 217 
		P 421 
		N 475 
		C0 692 
		T0 218 
		P 422 
		N 476 
		C0 693 
		T0 219 
		P 208 
		N 192 
		C0 694 
		T0 220 
		P 205 
		N 189 
		C0 695 
		T0 221 
		P 423 
		N 477 
		C0 696 
		T0 222 
		P 424 
		N 478 
		C0 697 
		T0 222 
		P 413 
		N 478 
		C0 698 
		T0 222 
		P 419 
		N 477 
		C0 699 
		T0 222 
		P 189 
		N 172 
		C0 700 
		T0 223 
		P 188 
		N 171 
		C0 701 
		T0 224 
		P 252 
		N 262 
		C0 702 
		T0 225 
		P 425 
		N 479 
		C0 703 
		T0 226 
		P 426 
		N 480 
		C0 704 
		T0 227 
		P 427 
		N 481 
		C0 705 
		T0 228 
		P 428 
		N 482 
		C0 706 
		T0 229 
		P 415 
		N 483 
		C0 707 
		T0 211 
		P 429 
		N 484 
		C0 708 
		T0 230 
		P 430 
		N 485 
		C0 709 
		T0 231 
		P 431 
		N 486 
		C0 710 
		T0 232 
		P 432 
		N 487 
		C0 711 
		T0 233 
		P 433 
		N 488 
		C0 712 
		T0 234 
		P 423 
		N 489 
		C0 713 
		T0 235 
		P 434 
		N 489 
		C0 714 
		T0 236 
		P 435 
		N 489 
		C0 715 
		T0 211 
		P 424 
		N 489 
		C0 716 
		T0 207 
		P 434 
		N 490 
		C0 717 
		T0 222 
		P 427 
		N 490 
		C0 718 
		T0 222 
		P 415 
		N 491 
		C0 719 
		T0 222 
		P 435 
		N 491 
		C0 720 
		T0 222 
		P 436 
		N 492 
		C0 721 
		T0 237 
		P 417 
		N 493 
		C0 722 
		T0 213 
		P 437 
		N 494 
		C0 723 
		T0 238 
		P 438 
		N 495 
		C0 724 
		T0 239 
		P 439 
		N 496 
		C0 725 
		T0 240 
		P 440 
		N 497 
		C0 726 
		T0 241 
		P 441 
		N 498 
		C0 727 
		T0 242 
		P 218 
		N 263 
		C0 728 
		T0 243 
		P 424 
		N 499 
		C0 729 
		T0 244 
		P 435 
		N 499 
		C0 730 
		T0 244 
		P 415 
		N 499 
		C0 731 
		T0 244 
		P 416 
		N 499 
		C0 732 
		T0 244 
		P 413 
		N 499 
		C0 733 
		T0 244 
		P 285 
		N 500 
		C0 734 
		T0 245 
		P 197 
		N 501 
		C0 735 
		T0 246 
		P 198 
		N 502 
		C0 736 
		T0 247 
		P 118 
		N 502 
		C0 737 
		T0 248 
		P 117 
		N 501 
		C0 738 
		T0 249 
		P 267 
		N 503 
		C0 739 
		T0 250 
		P 120 
		N 503 
		C0 740 
		T0 251 
		P 437 
		N 504 
		C0 741 
		T0 222 
		P 426 
		N 505 
		C0 742 
		T0 222 
		P 313 
		N 352 
		C0 743 
		T0 205 
		P 442 
		N 464 
		C0 744 
		T0 204 
		P 443 
		N 461 
		C0 745 
		T0 206 
		P 80 
		N 57 
		C0 746 
		T0 252 
		P 79 
		N 57 
		C0 747 
		T0 253 
		P 444 
		N 506 
		C0 748 
		T0 254 
		P 445 
		N 506 
		C0 749 
		T0 255 
		P 446 
		N 507 
		C0 750 
		T0 256 
		P 447 
		N 507 
		C0 751 
		T0 257 
		P 84 
		N 59 
		C0 752 
		T0 253 
		P 83 
		N 59 
		C0 753 
		T0 252 
		P 423 
		N 508 
		C0 754 
		T0 258 
		P 426 
		N 508 
		C0 755 
		T0 259 
		P 437 
		N 508 
		C0 756 
		T0 260 
		P 434 
		N 508 
		C0 757 
		T0 261 
		P 448 
		N 509 
		C0 758 
		T0 262 
		P 449 
		N 510 
		C0 759 
		T0 263 
		P 450 
		N 511 
		C0 760 
		T0 264 
		P 451 
		N 512 
		C0 761 
		T0 265 
		P 151 
		N 513 
		C0 762 
		T0 266 
		P 153 
		N 514 
		C0 763 
		T0 267 
		P 452 
		N 515 
		C0 764 
		T0 268 
		P 453 
		N 516 
		C0 765 
		T0 269 
		P 454 
		N 517 
		C0 766 
		T0 270 
		P 455 
		N 518 
		C0 767 
		T0 271 
		P 456 
		N 519 
		C0 768 
		T0 272 
		P 457 
		N 520 
		C0 769 
		T0 273 
		P 286 
		N 304 
		C0 770 
		T0 274 
		P 458 
		N 521 
		C0 771 
		T0 275 
		P 260 
		N 275 
		C0 772 
		T0 276 
		P 259 
		N 522 
		C0 773 
		T0 277 
		P 459 
		N 523 
		C0 774 
		T0 278 
		P 460 
		N 524 
		C0 775 
		T0 279 
		P 284 
		N 302 
		C0 776 
		T0 280 
		P 461 
		N 525 
		C0 777 
		T0 281 
		P 277 
		N 526 
		C0 778 
		T0 282 
		P 279 
		N 527 
		C0 779 
		T0 283 
		P 280 
		N 528 
		C0 780 
		T0 284 
		P 462 
		N 529 
		C0 781 
		T0 285 
		P 273 
		N 530 
		C0 782 
		T0 286 
		P 271 
		N 531 
		C0 783 
		T0 287 
		P 463 
		N 532 
		C0 784 
		T0 288 
		P 464 
		N 533 
		C0 785 
		T0 289 
		P 465 
		N 529 
		C0 786 
		T0 290 
		P 282 
		N 534 
		C0 787 
		T0 291 
		P 466 
		N 535 
		C0 788 
		T0 292 
		P 467 
		N 535 
		C0 789 
		T0 293 
		P 468 
		N 536 
		C0 790 
		T0 294 
		P 469 
		N 537 
		C0 791 
		T0 295 
		P 470 
		N 538 
		C0 792 
		T0 296 
		P 471 
		N 538 
		C0 793 
		T0 297 
		P 464 
		N 538 
		C0 794 
		T0 289 
		P 282 
		N 539 
		C0 795 
		T0 291 
		P 287 
		N 539 
		C0 796 
		T0 298 
		P 472 
		N 540 
		C0 797 
		T0 299 
		P 473 
		N 540 
		C0 798 
		T0 300 
		P 471 
		N 541 
		C0 799 
		T0 297 
		P 470 
		N 541 
		C0 800 
		T0 296 
		P 474 
		N 542 
		C0 801 
		T0 301 
		P 475 
		N 542 
		C0 802 
		T0 302 
		P 297 
		N 543 
		C0 803 
		T0 303 
		P 299 
		N 544 
		C0 804 
		T0 304 
		P 474 
		N 545 
		C0 805 
		T0 301 
		P 476 
		N 544 
		C0 806 
		T0 305 
		P 295 
		N 546 
		C0 807 
		T0 306 
		P 477 
		N 547 
		C0 808 
		T0 307 
		P 282 
		N 548 
		C0 809 
		T0 291 
		P 283 
		N 539 
		C0 810 
		T0 308 
		P 292 
		N 539 
		C0 811 
		T0 309 
		P 296 
		N 549 
		C0 812 
		T0 310 
		P 304 
		N 547 
		C0 813 
		T0 311 
		P 478 
		N 550 
		C0 814 
		T0 312 
		P 270 
		N 550 
		C0 815 
		T0 313 
		P 269 
		N 551 
		C0 816 
		T0 314 
		P 479 
		N 552 
		C0 817 
		T0 315 
		P 292 
		N 553 
		C0 818 
		T0 309 
		P 466 
		N 554 
		C0 819 
		T0 292 
		P 475 
		N 555 
		C0 820 
		T0 302 
		P 298 
		N 556 
		C0 821 
		T0 316 
		P 300 
		N 557 
		C0 822 
		T0 292 
		P 456 
		N 558 
		C0 823 
		T0 272 
		P 480 
		N 559 
		C0 824 
		T0 317 
		P 481 
		N 560 
		C0 825 
		T0 318 
		P 482 
		N 561 
		C0 826 
		T0 319 
		P 481 
		N 562 
		C0 827 
		T0 318 
		P 483 
		N 563 
		C0 828 
		T0 320 
		P 457 
		N 563 
		C0 829 
		T0 273 
		P 481 
		N 564 
		C0 830 
		T0 318 
		P 482 
		N 565 
		C0 831 
		T0 319 
		P 480 
		N 561 
		C0 832 
		T0 317 
		P 301 
		N 566 
		C0 833 
		T0 321 
		P 467 
		N 566 
		C0 834 
		T0 293 
		P 302 
		N 323 
		C0 835 
		T0 322 
		P 120 
		N 97 
		C0 836 
		T0 280 
		P 484 
		N 567 
		C0 837 
		T0 323 
		P 485 
		N 568 
		C0 838 
		T0 324 
		P 460 
		N 568 
		C0 839 
		T0 279 
		P 486 
		N 569 
		C0 840 
		T0 325 
		P 484 
		N 569 
		C0 841 
		T0 323 
		P 487 
		N 570 
		C0 842 
		T0 326 
		P 302 
		N 570 
		C0 843 
		T0 322 
		P 301 
		N 540 
		C0 844 
		T0 321 
		P 467 
		N 540 
		C0 845 
		T0 293 
		P 456 
		N 571 
		C0 846 
		T0 272 
		P 286 
		N 572 
		C0 847 
		T0 274 
		P 440 
		N 497 
		C0 848 
		T0 327 
		P 439 
		N 496 
		C0 849 
		T0 328 
		P 441 
		N 498 
		C0 850 
		T0 329 
		P 285 
		N 500 
		C0 851 
		T0 330 
		P 488 
		N 573 
		C0 852 
		T0 331 
		P 489 
		N 574 
		C0 853 
		T0 332 
		P 489 
		N 575 
		C0 854 
		T0 332 
		P 454 
		N 575 
		C0 855 
		T0 270 
		P 455 
		N 576 
		C0 856 
		T0 271 
		P 488 
		N 576 
		C0 857 
		T0 331 
		P 151 
		N 577 
		C0 858 
		T0 266 
		P 454 
		N 578 
		C0 859 
		T0 270 
		P 473 
		N 579 
		C0 860 
		T0 300 
		P 469 
		N 579 
		C0 861 
		T0 295 
		P 480 
		N 541 
		C0 862 
		T0 333 
		P 472 
		N 580 
		C0 863 
		T0 299 
		P 470 
		N 581 
		C0 864 
		T0 296 
		P 287 
		N 546 
		C0 865 
		T0 298 
		P 481 
		N 582 
		C0 866 
		T0 318 
		P 468 
		N 583 
		C0 867 
		T0 294 
		P 486 
		N 584 
		C0 868 
		T0 325 
		P 485 
		N 582 
		C0 869 
		T0 324 
		P 483 
		N 585 
		C0 870 
		T0 320 
		P 487 
		N 304 
		C0 871 
		T0 326 
		P 467 
		N 586 
		C0 872 
		T0 293 
		P 272 
		N 587 
		C0 873 
		T0 334 
		P 475 
		N 588 
		C0 874 
		T0 302 
		P 466 
		N 588 
		C0 875 
		T0 292 
		P 433 
		N 488 
		C0 876 
		T0 335 
		P 276 
		N 589 
		C0 877 
		T0 336 
		P 154 
		N 590 
		C0 878 
		T0 337 
		P 432 
		N 487 
		C0 879 
		T0 338 
		P 278 
		N 591 
		C0 880 
		T0 339 
		P 267 
		N 283 
		C0 881 
		T0 340 
		P 274 
		N 592 
		C0 882 
		T0 341 
		P 456 
		N 538 
		C0 883 
		T0 272 
		P 275 
		N 593 
		C0 884 
		T0 342 
		P 123 
		N 100 
		C0 885 
		T0 343 
		P 490 
		N 594 
		C0 886 
		T0 344 
		P 491 
		N 595 
		C0 887 
		T0 345 
		P 124 
		N 100 
		C0 888 
		T0 346 
		P 128 
		N 103 
		C0 889 
		T0 347 
		P 131 
		N 103 
		C0 890 
		T0 348 
		P 492 
		N 596 
		C0 891 
		T0 24 
		P 493 
		N 596 
		C0 892 
		T0 349 
		P 494 
		N 597 
		C0 893 
		T0 350 
		P 495 
		N 598 
		C0 894 
		T0 351 
		P 493 
		N 599 
		C0 895 
		T0 349 
		P 123 
		N 106 
		C0 896 
		T0 343 
		P 128 
		N 106 
		C0 897 
		T0 347 
		P 496 
		N 600 
		C0 898 
		T0 352 
		P 497 
		N 601 
		C0 899 
		T0 353 
		P 133 
		N 109 
		C0 900 
		T0 354 
		P 498 
		N 602 
		C0 901 
		T0 355 
		P 499 
		N 602 
		C0 902 
		T0 356 
		P 134 
		N 109 
		C0 903 
		T0 357 
		P 124 
		N 111 
		C0 904 
		T0 346 
		P 498 
		N 603 
		C0 905 
		T0 355 
		P 133 
		N 111 
		C0 906 
		T0 354 
		P 141 
		N 117 
		C0 907 
		T0 358 
		P 142 
		N 118 
		C0 908 
		T0 359 
		P 500 
		N 604 
		C0 909 
		T0 252 
		P 501 
		N 605 
		C0 910 
		T0 360 
		P 147 
		N 123 
		C0 911 
		T0 361 
		P 502 
		N 606 
		C0 912 
		T0 362 
		P 503 
		N 607 
		C0 913 
		T0 363 
		P 150 
		N 129 
		C0 914 
		T0 364 
		P 504 
		N 608 
		C0 915 
		T0 365 
		P 505 
		N 609 
		C0 916 
		T0 366 
		P 450 
		N 511 
		C0 917 
		T0 367 
		P 449 
		N 510 
		C0 918 
		T0 368 
		P 506 
		N 610 
		C0 919 
		T0 369 
		P 455 
		N 518 
		C0 920 
		T0 370 
		P 507 
		N 611 
		C0 921 
		T0 371 
		P 453 
		N 516 
		C0 922 
		T0 372 
		P 508 
		N 612 
		C0 923 
		T0 373 
		P 496 
		N 613 
		C0 924 
		T0 352 
		P 494 
		N 614 
		C0 925 
		T0 350 
		P 499 
		N 615 
		C0 926 
		T0 356 
		P 217 
		N 213 
		C0 927 
		T0 374 
		P 165 
		N 148 
		C0 928 
		T0 375 
		P 134 
		N 147 
		C0 929 
		T0 357 
		P 492 
		N 616 
		C0 930 
		T0 24 
		P 131 
		N 276 
		C0 931 
		T0 348 
		P 260 
		N 275 
		C0 932 
		T0 376 
		P 488 
		N 573 
		C0 933 
		T0 377 
		P 500 
		N 617 
		C0 934 
		T0 252 
		P 499 
		N 617 
		C0 935 
		T0 356 
		P 498 
		N 506 
		C0 936 
		T0 355 
		P 496 
		N 506 
		C0 937 
		T0 352 
		P 142 
		N 56 
		C0 938 
		T0 359 
		P 217 
		N 56 
		C0 939 
		T0 374 
		P 506 
		N 618 
		C0 940 
		T0 369 
		P 492 
		N 618 
		C0 941 
		T0 24 
		P 488 
		N 576 
		C0 942 
		T0 377 
		P 455 
		N 576 
		C0 943 
		T0 370 
		P 494 
		N 507 
		C0 944 
		T0 350 
		P 493 
		N 507 
		C0 945 
		T0 349 
		P 242 
		N 619 
		C0 946 
		T0 378 
		P 241 
		N 620 
		C0 947 
		T0 379 
		P 305 
		N 619 
		C0 948 
		T0 380 
		P 281 
		N 621 
		C0 949 
		T0 381 
		P 223 
		N 620 
		C0 950 
		T0 382 
		P 170 
		N 620 
		C0 951 
		T0 383 
		P 294 
		N 621 
		C0 952 
		T0 384 
		P 132 
		N 621 
		C0 953 
		T0 385 
		P 509 
		N 622 
		C0 954 
		T0 386 
		P 510 
		N 622 
		C0 955 
		T0 386 
		P 511 
		N 623 
		C0 956 
		T0 386 
		P 512 
		N 623 
		C0 957 
		T0 386 
		P 513 
		N 624 
		C0 958 
		T0 386 
		P 514 
		N 624 
		C0 959 
		T0 386 
		P 514 
		N 625 
		C0 960 
		T0 386 
		P 513 
		N 625 
		C0 961 
		T0 386 
		P 515 
		N 625 
		C0 962 
		T0 386 
		P 516 
		N 625 
		C0 963 
		T0 386 
		P 517 
		N 508 
		C0 964 
		T0 386 
		P 518 
		N 508 
		C0 965 
		T0 386 
		P 519 
		N 508 
		C0 966 
		T0 386 
		P 520 
		N 508 
		C0 967 
		T0 386 
		P 510 
		N 355 
		C0 968 
		T0 386 
		P 519 
		N 355 
		C0 969 
		T0 386 
		P 518 
		N 355 
		C0 970 
		T0 386 
		P 511 
		N 355 
		C0 971 
		T0 386 
		P 521 
		N 355 
		C0 972 
		T0 386 
		P 515 
		N 355 
		C0 973 
		T0 386 
		P 513 
		N 355 
		C0 974 
		T0 386 
		P 520 
		N 353 
		C0 975 
		T0 386 
		P 509 
		N 353 
		C0 976 
		T0 386 
		P 512 
		N 353 
		C0 977 
		T0 386 
		P 517 
		N 353 
		C0 978 
		T0 386 
		P 514 
		N 353 
		C0 979 
		T0 386 
		P 516 
		N 353 
		C0 980 
		T0 386 
		P 516 
		N 626 
		C0 981 
		T0 386 
		P 515 
		N 626 
		C0 982 
		T0 386 
		P 522 
		N 627 
		C0 983 
		T0 386 
		P 523 
		N 627 
		C0 984 
		T0 386 
		P 524 
		N 628 
		C0 985 
		T0 386 
		P 525 
		N 628 
		C0 986 
		T0 386 
		P 521 
		N 629 
		C0 987 
		T0 386 
		P 526 
		N 629 
		C0 988 
		T0 386 
		P 524 
		N 355 
		C0 989 
		T0 386 
		P 522 
		N 355 
		C0 990 
		T0 386 
		P 516 
		N 630 
		C0 991 
		T0 386 
		P 523 
		N 631 
		C0 992 
		T0 386 
		P 525 
		N 631 
		C0 993 
		T0 386 
		P 526 
		N 630 
		C0 994 
		T0 386 
		P 517 
		N 632 
		C0 995 
		T0 386 
		P 521 
		N 633 
		C0 996 
		T0 386 
		P 518 
		N 633 
		C0 997 
		T0 386 
		P 517 
		N 633 
		C0 998 
		T0 386 
		P 526 
		N 633 
		C0 999 
		T0 386 
		P 527 
		N 41 
		C0 1000 
		T0 386 
		P 528 
		N 41 
		C0 1001 
		T0 386 
		P 529 
		N 41 
		C0 1002 
		T0 386 
		P 530 
		N 41 
		C0 1003 
		T0 386 
		P 531 
		N 633 
		C0 1004 
		T0 386 
		P 527 
		N 633 
		C0 1005 
		T0 386 
		P 530 
		N 633 
		C0 1006 
		T0 386 
		P 532 
		N 633 
		C0 1007 
		T0 386 
		P 533 
		N 634 
		C0 1008 
		T0 386 
		P 531 
		N 634 
		C0 1009 
		T0 386 
		P 532 
		N 634 
		C0 1010 
		T0 386 
		P 534 
		N 634 
		C0 1011 
		T0 386 
		P 528 
		N 624 
		C0 1012 
		T0 386 
		P 533 
		N 624 
		C0 1013 
		T0 386 
		P 534 
		N 624 
		C0 1014 
		T0 386 
		P 529 
		N 624 
		C0 1015 
		T0 386 
		P 535 
		N 622 
		C0 1016 
		T0 386 
		P 536 
		N 623 
		C0 1017 
		T0 386 
		P 537 
		N 623 
		C0 1018 
		T0 386 
		P 538 
		N 622 
		C0 1019 
		T0 386 
		P 539 
		N 624 
		C0 1020 
		T0 386 
		P 540 
		N 624 
		C0 1021 
		T0 386 
		P 539 
		N 625 
		C0 1022 
		T0 386 
		P 541 
		N 625 
		C0 1023 
		T0 386 
		P 542 
		N 625 
		C0 1024 
		T0 386 
		P 540 
		N 625 
		C0 1025 
		T0 386 
		P 543 
		N 508 
		C0 1026 
		T0 386 
		P 544 
		N 508 
		C0 1027 
		T0 386 
		P 545 
		N 508 
		C0 1028 
		T0 386 
		P 546 
		N 508 
		C0 1029 
		T0 386 
		P 538 
		N 353 
		C0 1030 
		T0 386 
		P 537 
		N 353 
		C0 1031 
		T0 386 
		P 546 
		N 353 
		C0 1032 
		T0 386 
		P 545 
		N 353 
		C0 1033 
		T0 386 
		P 547 
		N 353 
		C0 1034 
		T0 386 
		P 542 
		N 353 
		C0 1035 
		T0 386 
		P 540 
		N 353 
		C0 1036 
		T0 386 
		P 544 
		N 355 
		C0 1037 
		T0 386 
		P 543 
		N 355 
		C0 1038 
		T0 386 
		P 536 
		N 355 
		C0 1039 
		T0 386 
		P 535 
		N 355 
		C0 1040 
		T0 386 
		P 541 
		N 355 
		C0 1041 
		T0 386 
		P 539 
		N 355 
		C0 1042 
		T0 386 
		P 541 
		N 626 
		C0 1043 
		T0 386 
		P 548 
		N 627 
		C0 1044 
		T0 386 
		P 549 
		N 627 
		C0 1045 
		T0 386 
		P 542 
		N 626 
		C0 1046 
		T0 386 
		P 550 
		N 628 
		C0 1047 
		T0 386 
		P 551 
		N 628 
		C0 1048 
		T0 386 
		P 552 
		N 629 
		C0 1049 
		T0 386 
		P 547 
		N 629 
		C0 1050 
		T0 386 
		P 551 
		N 353 
		C0 1051 
		T0 386 
		P 549 
		N 353 
		C0 1052 
		T0 386 
		P 541 
		N 635 
		C0 1053 
		T0 386 
		P 552 
		N 635 
		C0 1054 
		T0 386 
		P 550 
		N 636 
		C0 1055 
		T0 386 
		P 548 
		N 636 
		C0 1056 
		T0 386 
		P 543 
		N 637 
		C0 1057 
		T0 386 
		P 547 
		N 633 
		C0 1058 
		T0 386 
		P 552 
		N 633 
		C0 1059 
		T0 386 
		P 543 
		N 633 
		C0 1060 
		T0 386 
		P 546 
		N 633 
		C0 1061 
		T0 386 
		P 553 
		N 41 
		C0 1062 
		T0 386 
		P 554 
		N 41 
		C0 1063 
		T0 386 
		P 555 
		N 633 
		C0 1064 
		T0 386 
		P 553 
		N 633 
		C0 1065 
		T0 386 
		P 556 
		N 634 
		C0 1066 
		T0 386 
		P 555 
		N 634 
		C0 1067 
		T0 386 
		P 554 
		N 624 
		C0 1068 
		T0 386 
		P 556 
		N 624 
		C0 1069 
		T0 386 
		P 150 
		N 638 
		C0 1070 
		T0 387 
		P 503 
		N 639 
		C0 1071 
		T0 388 
		P 149 
		N 639 
		C0 1072 
		T0 389 
		P 146 
		N 638 
		C0 1073 
		T0 390 
		P 146 
		N 638 
		C0 1074 
		T0 391 
		P 143 
		N 640 
		C0 1075 
		T0 392 
		P 150 
		N 638 
		C0 1076 
		T0 393 
		P 155 
		N 641 
		C0 1077 
		T0 394 
		P 507 
		N 641 
		C0 1078 
		T0 395 
		P 453 
		N 642 
		C0 1079 
		T0 396 
		P 154 
		N 642 
		C0 1080 
		T0 397 
		P 154 
		N 642 
		C0 1081 
		T0 398 
		P 453 
		N 642 
		C0 1082 
		T0 399 
		P 452 
		N 643 
		C0 1083 
		T0 400 
		P 557 
		N 644 
		C0 1084 
		T0 401 
		P 508 
		N 644 
		C0 1085 
		T0 402 
		P 211 
		N 645 
		C0 1086 
		T0 403 
		P 210 
		N 645 
		C0 1087 
		T0 404 
		P 167 
		N 645 
		C0 1088 
		T0 405 
		P 430 
		N 646 
		C0 1089 
		T0 406 
		P 420 
		N 646 
		C0 1090 
		T0 407 
		P 176 
		N 647 
		C0 1091 
		T0 408 
		P 558 
		N 647 
		C0 1092 
		T0 409 
		P 175 
		N 648 
		C0 1093 
		T0 410 
		P 559 
		N 648 
		C0 1094 
		T0 411 
		P 208 
		N 649 
		C0 1095 
		T0 412 
		P 207 
		N 649 
		C0 1096 
		T0 413 
		P 559 
		N 645 
		C0 1097 
		T0 411 
		P 560 
		N 645 
		C0 1098 
		T0 414 
		P 258 
		N 645 
		C0 1099 
		T0 415 
		P 263 
		N 645 
		C0 1100 
		T0 416 
		P 478 
		N 645 
		C0 1101 
		T0 417 
		P 275 
		N 645 
		C0 1102 
		T0 418 
		P 432 
		N 650 
		C0 1103 
		T0 419 
		P 436 
		N 646 
		C0 1104 
		T0 420 
		P 262 
		N 647 
		C0 1105 
		T0 421 
		P 278 
		N 650 
		C0 1106 
		T0 422 
		P 557 
		N 645 
		C0 1107 
		T0 401 
		P 155 
		N 645 
		C0 1108 
		T0 394 
		P 270 
		N 645 
		C0 1109 
		T0 423 
		P 215 
		N 645 
		C0 1110 
		T0 424 
		P 175 
		N 645 
		C0 1111 
		T0 410 
		P 263 
		N 648 
		C0 1112 
		T0 416 
		P 149 
		N 645 
		C0 1113 
		T0 389 
	}

	Mtl 8 { 
		{
			Name "#2" 
			Priority 32 
			Prim 73 { 
				{
					Type TRISTRIP
					Priority 32 
					Idx 4 { 30 31 29 32 }
				}
				{
					Type TRISTRIP
					Priority 32 
					Idx 4 { 48 45 47 46 }
				}
				{
					Type TRISTRIP
					Priority 32 
					Idx 6 { 83 84 86 85 88 87 }
				}
				{
					Type TRISTRIP
					Priority 32 
					Idx 6 { 89 90 91 92 93 94 }
				}
				{
					Type TRISTRIP
					Priority 32 
					Idx 4 { 95 91 96 93 }
				}
				{
					Type TRISTRIP
					Priority 32 
					Idx 6 { 97 98 99 100 101 102 }
				}
				{
					Type TRISTRIP
					Priority 32 
					Idx 4 { 103 99 104 101 }
				}
				{
					Type TRISTRIP
					Priority 32 
					Idx 6 { 110 109 108 106 112 111 }
				}
				{
					Type TRISTRIP
					Priority 32 
					Idx 4 { 105 106 107 109 }
				}
				{
					Type TRISTRIP
					Priority 32 
					Idx 6 { 118 117 116 114 120 119 }
				}
				{
					Type TRISTRIP
					Priority 32 
					Idx 4 { 113 114 115 117 }
				}
				{
					Type TRISTRIP
					Priority 32 
					Idx 5 { 135 130 134 133 463 }
				}
				{
					Type TRISTRIP2
					Priority 32 
					Idx 4 { 132 131 133 130 }
				}
				{
					Type TRISTRIP2
					Priority 32 
					Idx 6 { 136 139 137 138 140 141 }
				}
				{
					Type TRISTRIP2
					Priority 32 
					Idx 5 { 143 142 144 145 146 }
				}
				{
					Type TRISTRIP
					Priority 32 
					Idx 5 { 155 153 152 154 151 }
				}
				{
					Type TRISTRIP2
					Priority 32 
					Idx 6 { 148 147 149 150 346 347 }
				}
				{
					Type TRISTRIP2
					Priority 32 
					Idx 5 { 166 168 167 170 169 }
				}
				{
					Type TRISTRIP
					Priority 32 
					Idx 5 { 172 173 174 176 175 }
				}
				{
					Type TRISTRIP2
					Priority 32 
					Idx 5 { 189 188 187 186 185 }
				}
				{
					Type TRISTRIP
					Priority 32 
					Idx 8 { 238 239 237 207 206 208 209 459 }
				}
				{
					Type TRISTRIP
					Priority 32 
					Idx 6 { 272 273 275 274 332 333 }
				}
				{
					Type TRISTRIP
					Priority 32 
					Idx 5 { 299 300 298 301 302 }
				}
				{
					Type TRISTRIP2
					Priority 32 
					Idx 7 { 192 191 193 190 457 456 458 }
				}
				{
					Type TRISTRIP
					Priority 32 
					Idx 5 { 330 284 329 283 331 }
				}
				{
					Type TRISTRIP2
					Priority 32 
					Idx 5 { 277 276 278 462 461 }
				}
				{
					Type TRISTRIP
					Priority 32 
					Idx 4 { 286 283 285 284 }
				}
				{
					Type TRISTRIP
					Priority 32 
					Idx 4 { 348 349 351 350 }
				}
				{
					Type TRISTRIP
					Priority 32 
					Idx 5 { 387 388 386 385 389 }
				}
				{
					Type TRISTRIP2
					Priority 32 
					Idx 7 { 321 323 322 325 326 324 455 }
				}
				{
					Type TRISTRIP
					Priority 32 
					Idx 7 { 392 391 390 360 363 361 362 }
				}
				{
					Type TRISTRIP2
					Priority 32 
					Idx 5 { 407 406 408 409 460 }
				}
				{
					Type TRISTRIP
					Priority 32 
					Idx 7 { 396 397 398 403 404 432 433 }
				}
				{
					Type TRISTRIP2
					Priority 32 
					Idx 5 { 427 426 425 424 423 }
				}
				{
					Type TRISTRIP
					Priority 32 
					Idx 4 { 431 428 430 429 }
				}
				{
					Type TRISTRIP
					Priority 32 
					Idx 4 { 436 437 435 434 }
				}
				{
					Type TRISTRIP
					Priority 32 
					Idx 7 { 446 445 444 442 443 447 448 }
				}
				{
					Type TRISTRIP2
					Priority 32 
					Idx 13 { 454 270 271 126 123 125 122 128 127 128 394 393 395 }
				}
				{
					Type TRISTRIP
					Priority 32 
					Idx 13 { 453 228 452 227 451 227 369 226 368 229 371 231 370 }
				}
				{
					Type TRISTRIP2
					Priority 32 
					Idx 8 { 228 227 225 226 230 229 232 231 }
				}
				{
					Type TRISTRIP2
					Priority 32 
					Idx 8 { 394 129 127 121 122 124 123 271 }
				}
				{
					Type TRISTRIP2
					Priority 32 
					Idx 13 { 200 199 201 198 281 280 279 280 282 234 235 233 236 }
				}
				{
					Type TRISTRIP
					Priority 32 
					Idx 10 { 376 375 357 374 358 377 358 372 359 373 }
				}
				{
					Type TRISTRIP
					Priority 32 
					Idx 4 { 356 357 359 358 }
				}
				{
					Type TRISTRIP
					Priority 32 
					Idx 9 { 75 76 73 74 71 72 71 69 70 }
				}
				{
					Type TRISTRIP2
					Priority 32 
					Idx 10 { 258 257 197 256 196 259 196 254 195 255 }
				}
				{
					Type TRISTRIP2
					Priority 32 
					Idx 4 { 194 197 195 196 }
				}
				{
					Type TRISTRIP2
					Priority 32 
					Idx 9 { 63 62 64 61 64 66 65 68 67 }
				}
				{
					Type TRISTRIP
					Priority 32 
					Idx 7 { 79 80 78 77 78 82 81 }
				}
				{
					Type TRISTRIP2
					Priority 32 
					Idx 14 { 420 421 419 417 418 417 415 414 416 413 410 413 411 412 }
				}
				{
					Type TRISTRIP2
					Priority 32 
					Idx 40 { 439 312 440 308 441 304 305 304 303 308 307 312 311 312 310 309 296 297 287 295 287 290 288 289 288 292 288 291 288 316 313 315 314 320 317 320 318 319 334 335 }
				}
				{
					Type TRISTRIP2
					Priority 32 
					Idx 11 { 339 338 336 338 337 338 340 341 306 305 303 }
				}
				{
					Type TRISTRIP
					Priority 32 
					Idx 6 { 338 341 438 275 450 449 }
				}
				{
					Type TRISTRIP
					Priority 32 
					Idx 10 { 470 466 471 465 472 465 468 465 467 466 }
				}
				{
					Type TRISTRIP
					Priority 32 
					Idx 10 { 13 10 12 9 16 9 15 9 11 10 }
				}
				{
					Type TRISTRIP
					Priority 32 
					Idx 22 { 247 244 246 244 245 344 219 220 219 221 219 222 241 222 243 242 252 242 294 242 293 288 }
				}
				{
					Type TRISTRIP
					Priority 32 
					Idx 7 { 345 342 221 342 222 343 242 }
				}
				{
					Type TRISTRIP2
					Priority 32 
					Idx 16 { 240 216 253 216 248 251 249 251 250 251 464 251 252 251 294 216 }
				}
				{
					Type TRISTRIP2
					Priority 32 
					Idx 19 { 164 161 162 161 163 171 163 165 163 159 157 160 157 156 157 158 157 162 163 }
				}
				{
					Type TRISTRIP
					Priority 32 
					Idx 18 { 382 365 380 364 381 364 383 364 384 367 378 367 379 367 366 367 365 364 }
				}
				{
					Type TRISTRIP
					Priority 32 
					Idx 14 { 268 224 267 217 269 217 218 217 214 217 215 217 223 224 }
				}
				{
					Type TRISTRIP
					Priority 32 
					Idx 9 { 223 240 215 216 214 216 213 294 293 }
				}
				{
					Type TRISTRIP2
					Priority 32 
					Idx 18 { 263 205 262 202 264 202 265 202 266 203 260 203 261 203 204 203 205 202 }
				}
				{
					Type TRISTRIP2
					Priority 32 
					Idx 11 { 4 2 0 1 8 7 5 6 4 3 2 }
				}
				{
					Type TRISTRIP
					Priority 32 
					Idx 15 { 422 405 399 400 402 400 401 405 355 352 354 352 353 405 422 }
				}
				{
					Type TRISTRIP2
					Priority 32 
					Idx 17 { 56 57 58 60 59 60 49 51 50 51 52 54 53 54 55 57 56 }
				}
				{
					Type TRISTRIP
					Priority 32 
					Idx 7 { 327 328 183 184 183 182 327 }
				}
				{
					Type TRISTRIP2
					Priority 32 
					Idx 11 { 182 181 184 180 177 179 177 178 177 328 184 }
				}
				{
					Type TRISTRIP
					Priority 32 
					Idx 17 { 44 33 35 34 35 36 38 37 38 39 41 40 41 42 44 43 33 }
				}
				{
					Type TRISTRIP2
					Priority 32 
					Idx 17 { 24 25 26 28 27 28 17 19 18 19 20 22 21 22 23 25 24 }
				}
				{
					Type TRISTRIP
					Priority 32 
					Idx 3 { 15 11 14 }
				}
				{
					Type TRISTRIP2
					Priority 32 
					Idx 3 { 210 212 211 }
				}
				{
					Type TRISTRIP
					Priority 32 
					Idx 3 { 467 469 468 }
				}
			}

		}
		{
			Name "#3" 
			Priority 32 
			Prim 27 { 
				{
					Type TRISTRIP
					Priority 32 
					Idx 4 { 484 481 483 482 }
				}
				{
					Type TRISTRIP
					Priority 32 
					Idx 4 { 544 541 543 542 }
				}
				{
					Type TRISTRIP
					Priority 32 
					Idx 8 { 576 577 572 573 574 575 579 578 }
				}
				{
					Type TRISTRIP
					Priority 32 
					Idx 4 { 591 592 594 593 }
				}
				{
					Type TRISTRIP
					Priority 32 
					Idx 4 { 596 597 595 598 }
				}
				{
					Type TRISTRIP
					Priority 32 
					Idx 4 { 599 600 602 601 }
				}
				{
					Type TRISTRIP
					Priority 32 
					Idx 4 { 633 634 632 631 }
				}
				{
					Type TRISTRIP
					Priority 32 
					Idx 4 { 652 653 651 650 }
				}
				{
					Type TRISTRIP
					Priority 32 
					Idx 4 { 656 657 655 654 }
				}
				{
					Type TRISTRIP
					Priority 32 
					Idx 4 { 659 660 658 661 }
				}
				{
					Type TRISTRIP
					Priority 32 
					Idx 15 { 645 646 631 642 631 643 631 635 636 635 638 635 637 643 644 }
				}
				{
					Type TRISTRIP2
					Priority 32 
					Idx 6 { 582 581 580 587 586 588 }
				}
				{
					Type TRISTRIP2
					Priority 32 
					Idx 7 { 579 574 583 572 583 585 584 }
				}
				{
					Type TRISTRIP
					Priority 32 
					Idx 56 { 630 621 629 620 629 619 628 618 627 617 626 616 625 616 624 615 623 614 622 614 613 605 604 605 603 605 606 614 606 615 607 616 607 617 608 618 609 619 610 619 611 620 611 621 611 612 611 603 610 603 609 603 608 603 607 606 }
				}
				{
					Type TRISTRIP
					Priority 32 
					Idx 7 { 647 648 649 648 639 640 641 }
				}
				{
					Type TRISTRIP2
					Priority 32 
					Idx 12 { 564 563 555 554 553 554 552 554 556 554 565 563 }
				}
				{
					Type TRISTRIP2
					Priority 32 
					Idx 40 { 565 566 556 557 556 551 552 549 552 547 548 546 548 545 562 561 571 561 570 561 569 561 560 545 560 546 559 547 558 549 558 557 558 566 558 567 559 568 560 569 }
				}
				{
					Type TRISTRIP2
					Priority 32 
					Idx 5 { 549 551 550 557 549 }
				}
				{
					Type TRISTRIP
					Priority 32 
					Idx 11 { 540 539 536 533 535 534 535 537 538 539 540 }
				}
				{
					Type TRISTRIP2
					Priority 32 
					Idx 11 { 531 528 525 527 526 527 529 530 531 532 528 }
				}
				{
					Type TRISTRIP
					Priority 32 
					Idx 11 { 524 523 520 517 519 518 519 521 522 523 524 }
				}
				{
					Type TRISTRIP2
					Priority 32 
					Idx 11 { 515 512 509 511 510 511 513 514 515 516 512 }
				}
				{
					Type TRISTRIP
					Priority 32 
					Idx 11 { 508 507 504 501 503 502 503 505 506 507 508 }
				}
				{
					Type TRISTRIP2
					Priority 32 
					Idx 11 { 491 488 485 487 486 487 489 490 491 492 488 }
				}
				{
					Type TRISTRIP
					Priority 32 
					Idx 11 { 480 479 476 473 475 474 475 477 478 479 480 }
				}
				{
					Type TRISTRIP2
					Priority 32 
					Idx 12 { 498 500 499 496 493 496 494 495 494 498 497 499 }
				}
				{
					Type TRISTRIP2
					Priority 32 
					Idx 3 { 575 590 589 }
				}
			}

		}
		{
			Name "#4" 
			Priority 32 
			Prim 2 { 
				{
					Type TRISTRIP
					Priority 32 
					Idx 9 { 672 673 671 670 677 674 677 675 676 }
				}
				{
					Type TRISTRIP2
					Priority 32 
					Idx 9 { 664 663 665 662 665 666 667 669 668 }
				}
			}

		}
		{
			Name "#2" 
			Priority 32 
			Prim 11 { 
				{
					Type TRISTRIP
					Priority 32 
					Idx 4 { 713 714 716 715 }
				}
				{
					Type TRISTRIP
					Priority 32 
					Idx 5 { 719 720 718 717 741 }
				}
				{
					Type TRISTRIP2
					Priority 32 
					Idx 5 { 698 697 699 696 742 }
				}
				{
					Type TRISTRIP
					Priority 32 
					Idx 5 { 730 731 729 732 733 }
				}
				{
					Type TRISTRIP2
					Priority 32 
					Idx 8 { 668 679 667 678 667 680 665 664 }
				}
				{
					Type TRISTRIP2
					Priority 32 
					Idx 8 { 743 676 744 677 744 671 745 672 }
				}
				{
					Type TRISTRIP2
					Priority 32 
					Idx 7 { 740 738 739 738 735 737 736 }
				}
				{
					Type TRISTRIP
					Priority 32 
					Idx 46 { 734 688 727 688 687 688 685 682 686 682 681 684 689 700 689 701 689 702 703 693 692 691 692 709 708 721 708 711 710 712 710 725 724 706 723 706 705 706 707 706 722 706 727 706 726 725 }
				}
				{
					Type TRISTRIP
					Priority 32 
					Idx 5 { 682 683 684 728 700 }
				}
				{
					Type TRISTRIP2
					Priority 32 
					Idx 5 { 691 694 693 695 702 }
				}
				{
					Type TRISTRIP
					Priority 32 
					Idx 12 { 710 724 708 723 708 704 692 704 703 690 689 681 }
				}
			}

		}
		{
			Name "#5" 
			Priority 32 
			Prim 2 { 
				{
					Type TRISTRIP
					Priority 32 
					Idx 4 { 746 747 749 748 }
				}
				{
					Type TRISTRIP
					Priority 32 
					Idx 4 { 750 751 753 752 }
				}
			}

		}
		{
			Name "#2" 
			Priority 32 
			Prim 18 { 
				{
					Type TRISTRIP
					Priority 32 
					Idx 4 { 754 755 757 756 }
				}
				{
					Type TRISTRIP
					Priority 32 
					Idx 9 { 768 769 770 775 776 837 836 835 881 }
				}
				{
					Type TRISTRIP2
					Priority 32 
					Idx 6 { 800 799 797 798 801 802 }
				}
				{
					Type TRISTRIP2
					Priority 32 
					Idx 5 { 830 790 831 791 832 }
				}
				{
					Type TRISTRIP
					Priority 32 
					Idx 4 { 788 789 791 790 }
				}
				{
					Type TRISTRIP
					Priority 32 
					Idx 4 { 856 857 855 854 }
				}
				{
					Type TRISTRIP
					Priority 32 
					Idx 7 { 872 871 867 868 866 869 870 }
				}
				{
					Type TRISTRIP2
					Priority 32 
					Idx 6 { 799 862 860 861 874 875 }
				}
				{
					Type TRISTRIP2
					Priority 32 
					Idx 13 { 827 823 828 829 838 839 838 841 840 843 842 844 845 }
				}
				{
					Type TRISTRIP
					Priority 32 
					Idx 13 { 825 823 826 823 824 823 793 794 792 794 796 795 818 }
				}
				{
					Type TRISTRIP2
					Priority 32 
					Idx 13 { 851 847 850 777 850 778 848 778 849 877 876 880 879 }
				}
				{
					Type TRISTRIP
					Priority 32 
					Idx 8 { 778 779 777 780 777 781 847 846 }
				}
				{
					Type TRISTRIP
					Priority 32 
					Idx 19 { 853 771 859 771 858 771 873 774 783 784 782 784 816 784 817 786 882 781 780 }
				}
				{
					Type TRISTRIP2
					Priority 32 
					Idx 7 { 882 817 884 817 814 816 815 }
				}
				{
					Type TRISTRIP
					Priority 32 
					Idx 13 { 883 781 785 786 787 784 787 774 773 771 772 853 852 }
				}
				{
					Type TRISTRIP2
					Priority 32 
					Idx 20 { 809 811 810 813 812 813 807 813 808 865 808 864 808 863 806 805 806 803 808 807 }
				}
				{
					Type TRISTRIP2
					Priority 32 
					Idx 10 { 834 833 819 822 820 821 820 804 805 803 }
				}
				{
					Type TRISTRIP2
					Priority 32 
					Idx 18 { 765 764 759 764 758 878 758 763 761 762 761 766 761 767 761 760 758 759 }
				}
			}

		}
		{
			Name "#2" 
			Priority 32 
			Prim 31 { 
				{
					Type TRISTRIP
					Priority 32 
					Idx 4 { 892 889 891 890 }
				}
				{
					Type TRISTRIP
					Priority 32 
					Idx 4 { 902 903 901 900 }
				}
				{
					Type TRISTRIP
					Priority 32 
					Idx 4 { 927 928 926 929 }
				}
				{
					Type TRISTRIP
					Priority 32 
					Idx 4 { 930 931 933 932 }
				}
				{
					Type TRISTRIP
					Priority 32 
					Idx 6 { 936 937 935 934 939 938 }
				}
				{
					Type TRISTRIP
					Priority 32 
					Idx 6 { 942 943 941 940 945 944 }
				}
				{
					Type TRISTRIP
					Priority 32 
					Idx 4 { 961 962 960 963 }
				}
				{
					Type TRISTRIP
					Priority 32 
					Idx 4 { 965 966 964 967 }
				}
				{
					Type TRISTRIP
					Priority 32 
					Idx 5 { 995 991 994 992 993 }
				}
				{
					Type TRISTRIP2
					Priority 32 
					Idx 4 { 997 996 998 999 }
				}
				{
					Type TRISTRIP2
					Priority 32 
					Idx 6 { 1005 1004 1006 1007 1065 1064 }
				}
				{
					Type TRISTRIP2
					Priority 32 
					Idx 6 { 1009 1008 1010 1011 1067 1066 }
				}
				{
					Type TRISTRIP2
					Priority 32 
					Idx 4 { 1022 1025 1023 1024 }
				}
				{
					Type TRISTRIP2
					Priority 32 
					Idx 4 { 1026 1029 1027 1028 }
				}
				{
					Type TRISTRIP2
					Priority 32 
					Idx 5 { 1057 1053 1054 1056 1055 }
				}
				{
					Type TRISTRIP
					Priority 32 
					Idx 6 { 1000 1001 1003 1002 1062 1063 }
				}
				{
					Type TRISTRIP
					Priority 32 
					Idx 6 { 1012 1013 1015 1014 1068 1069 }
				}
				{
					Type TRISTRIP
					Priority 32 
					Idx 4 { 1060 1061 1059 1058 }
				}
				{
					Type TRISTRIP
					Priority 32 
					Idx 11 { 920 917 919 915 925 915 924 912 909 907 908 }
				}
				{
					Type TRISTRIP2
					Priority 32 
					Idx 12 { 885 888 886 887 894 899 894 893 886 895 896 897 }
				}
				{
					Type TRISTRIP2
					Priority 32 
					Idx 7 { 904 906 887 905 899 898 893 }
				}
				{
					Type TRISTRIP
					Priority 32 
					Idx 9 { 1049 1050 1047 1048 1047 1045 1044 1046 1043 }
				}
				{
					Type TRISTRIP2
					Priority 32 
					Idx 9 { 982 981 983 984 985 986 985 988 987 }
				}
				{
					Type TRISTRIP
					Priority 32 
					Idx 7 { 1041 1042 1038 1039 1038 1040 1037 }
				}
				{
					Type TRISTRIP2
					Priority 32 
					Idx 7 { 1021 1020 1018 1017 1018 1016 1019 }
				}
				{
					Type TRISTRIP
					Priority 32 
					Idx 7 { 975 976 978 977 978 979 980 }
				}
				{
					Type TRISTRIP2
					Priority 32 
					Idx 7 { 959 958 957 956 957 955 954 }
				}
				{
					Type TRISTRIP
					Priority 32 
					Idx 11 { 1033 1030 1032 1031 1032 1036 1032 1035 1034 1052 1051 }
				}
				{
					Type TRISTRIP2
					Priority 32 
					Idx 11 { 969 968 970 971 970 974 970 973 972 990 989 }
				}
				{
					Type TRISTRIP
					Priority 32 
					Idx 10 { 952 953 948 949 948 946 948 947 951 950 }
				}
				{
					Type TRISTRIP
					Priority 32 
					Idx 22 { 917 918 915 918 916 922 916 921 916 923 916 913 910 914 910 911 910 907 910 912 916 915 }
				}
			}

		}
		{
			Name "#6" 
			Priority 32 
			Prim 9 { 
				{
					Type TRISTRIP
					Priority 32 
					Idx 5 { 1087 1088 1086 1111 1110 }
				}
				{
					Type TRISTRIP2
					Priority 32 
					Idx 10 { 1070 1073 1071 1072 1085 1084 1078 1077 1079 1080 }
				}
				{
					Type TRISTRIP2
					Priority 32 
					Idx 10 { 1096 1095 1091 1090 1092 1089 1105 1104 1106 1103 }
				}
				{
					Type TRISTRIP2
					Priority 32 
					Idx 6 { 1093 1091 1094 1092 1112 1105 }
				}
				{
					Type TRISTRIP2
					Priority 32 
					Idx 5 { 1109 1099 1101 1100 1102 }
				}
				{
					Type TRISTRIP
					Priority 32 
					Idx 9 { 1113 1107 1088 1098 1111 1098 1097 1099 1100 }
				}
				{
					Type TRISTRIP2
					Priority 32 
					Idx 4 { 1107 1098 1108 1099 }
				}
				{
					Type TRISTRIP2
					Priority 32 
					Idx 3 { 1074 1076 1075 }
				}
				{
					Type TRISTRIP
					Priority 32 
					Idx 3 { 1083 1081 1082 }
				}
			}

		}
	}

	Offset 0 
}
