{
	Skinned 0 
	PosSkin 0 
	Pos 542 { 
		0.090554	1.495463	0.130996 
		0.074310	1.397039	0.180726 
		0.213481	1.397039	0.180726 
		0.197238	1.495463	0.130996 
		0.186336	1.484159	-0.005734 
		0.101456	1.484159	-0.005734 
		0.199260	1.397038	-0.052952 
		0.088532	1.397038	-0.052952 
		0.104835	1.369511	0.015857 
		0.182956	1.369511	0.015857 
		0.192990	1.369511	0.170331 
		0.094802	1.369511	0.170331 
		-0.053342	1.495463	0.051484 
		-0.069586	1.397039	0.101214 
		0.069586	1.397039	0.101214 
		0.053342	1.495463	0.051484 
		0.042440	1.484159	-0.085246 
		-0.042440	1.484159	-0.085246 
		0.055364	1.397038	-0.132464 
		-0.055364	1.397038	-0.132464 
		-0.039060	1.369511	-0.063654 
		0.039060	1.369511	-0.063654 
		0.049094	1.369511	0.090820 
		-0.049094	1.369511	0.090820 
		-0.197238	1.495463	0.130996 
		-0.213481	1.397039	0.180726 
		-0.074310	1.397039	0.180726 
		-0.090554	1.495463	0.130996 
		-0.101456	1.484159	-0.005734 
		-0.186336	1.484159	-0.005734 
		-0.088532	1.397038	-0.052952 
		-0.199260	1.397038	-0.052952 
		-0.182956	1.369511	0.015857 
		-0.104835	1.369511	0.015857 
		-0.094802	1.369511	0.170331 
		-0.192990	1.369511	0.170331 
		-0.341134	1.495463	0.217927 
		-0.357377	1.397039	0.267656 
		-0.218206	1.397039	0.267656 
		-0.234450	1.495463	0.217927 
		-0.245352	1.484160	0.081196 
		-0.330232	1.484160	0.081196 
		-0.232428	1.397039	0.033979 
		-0.343156	1.397039	0.033979 
		-0.326852	1.369511	0.102788 
		-0.248731	1.369511	0.102788 
		-0.238698	1.369511	0.257262 
		-0.336886	1.369511	0.257262 
		-0.485029	1.495463	0.312102 
		-0.501273	1.397039	0.361831 
		-0.362102	1.397039	0.361831 
		-0.378346	1.495463	0.312102 
		-0.389248	1.484160	0.175371 
		-0.474128	1.484160	0.175371 
		-0.376324	1.397039	0.128153 
		-0.487051	1.397039	0.128153 
		-0.470748	1.369511	0.196963 
		-0.392627	1.369511	0.196963 
		-0.382593	1.369511	0.351437 
		-0.480782	1.369511	0.351437 
		-0.509193	1.395211	0.408719 
		-0.509193	1.363950	0.392203 
		-0.469595	1.363950	0.392203 
		-0.469595	1.395211	0.408719 
		0.509193	1.363950	0.392203 
		0.469595	1.363950	0.392203 
		0.509193	1.363950	0.315111 
		-0.509193	1.363950	0.315111 
		-0.075917	1.363950	0.051485 
		-0.075917	1.395211	0.051485 
		0.075917	1.395211	0.051485 
		0.075917	1.363950	0.051485 
		-0.305516	1.427075	0.352766 
		-0.469595	1.427075	0.427353 
		0.469595	1.427075	0.427353 
		0.328147	1.427075	0.352766 
		0.509193	1.395211	0.408719 
		0.509193	1.395211	0.331628 
		-0.509193	1.395211	0.331628 
		0.328147	1.395211	0.331628 
		-0.305516	1.395211	0.331628 
		0.469595	1.360884	0.480624 
		0.469595	1.427075	0.477381 
		0.352196	1.427075	0.477381 
		0.352196	1.360884	0.480624 
		0.469595	1.395211	0.408719 
		-0.469595	1.427075	0.477381 
		-0.352196	1.427075	0.477381 
		-0.234798	1.427075	0.477381 
		-0.117399	1.427075	0.477381 
		0.000000	1.427075	0.477381 
		0.117399	1.427075	0.477381 
		0.234798	1.427075	0.477381 
		0.234798	1.360884	0.480624 
		0.117399	1.360884	0.480624 
		0.000000	1.360884	0.480624 
		-0.117399	1.360884	0.480624 
		-0.234798	1.360884	0.480624 
		-0.352196	1.360884	0.480624 
		-0.469595	1.360884	0.480624 
		0.378346	1.495463	0.312102 
		0.362102	1.397039	0.361831 
		0.501273	1.397039	0.361831 
		0.485029	1.495463	0.312102 
		0.474128	1.484160	0.175371 
		0.389248	1.484160	0.175371 
		0.487051	1.397039	0.128153 
		0.376324	1.397039	0.128153 
		0.392627	1.369511	0.196963 
		0.470748	1.369511	0.196963 
		0.480782	1.369511	0.351437 
		0.382593	1.369511	0.351437 
		0.234450	1.495463	0.217927 
		0.218206	1.397039	0.267656 
		0.357377	1.397039	0.267656 
		0.341134	1.495463	0.217927 
		0.330232	1.484160	0.081196 
		0.245352	1.484160	0.081196 
		0.343156	1.397039	0.033979 
		0.232428	1.397039	0.033979 
		0.248731	1.369511	0.102788 
		0.326852	1.369511	0.102788 
		0.336886	1.369511	0.257262 
		0.238698	1.369511	0.257262 
		-0.441117	1.352320	0.439233 
		-0.423568	1.351374	0.439233 
		-0.432765	1.363794	0.439233 
		-0.389299	1.363794	0.427855 
		-0.389299	1.363794	0.183327 
		-0.432766	1.363794	0.141140 
		-0.441117	1.352320	0.136544 
		-0.423568	1.351374	0.136544 
		-0.441117	1.352320	0.392315 
		-0.441117	1.352320	0.183327 
		-0.423568	1.351374	0.392315 
		-0.423568	1.351374	0.183327 
		-0.434914	1.313881	0.120512 
		-0.449267	1.312925	0.120512 
		-0.445064	1.330541	0.443231 
		-0.430711	1.331498	0.443231 
		-0.430711	1.331498	0.401379 
		-0.445064	1.330541	0.401379 
		-0.449267	1.312925	0.164775 
		-0.434914	1.313881	0.164775 
		0.441117	1.352320	0.439233 
		0.432765	1.363794	0.439233 
		0.423568	1.351374	0.439233 
		0.389299	1.363794	0.427855 
		0.432766	1.363794	0.141140 
		0.389299	1.363794	0.183327 
		0.441117	1.352320	0.136544 
		0.423568	1.351374	0.136544 
		0.441117	1.352320	0.392315 
		0.441117	1.352320	0.183327 
		0.423568	1.351374	0.183327 
		0.423568	1.351374	0.392315 
		0.449267	1.312925	0.120512 
		0.434914	1.313881	0.120512 
		0.430711	1.331498	0.443231 
		0.445064	1.330541	0.443231 
		0.430711	1.331498	0.401379 
		0.445064	1.330541	0.401379 
		0.449267	1.312925	0.164775 
		0.434914	1.313881	0.164775 
		0.463420	0.975514	2.202781 
		0.000000	0.978533	2.230711 
		0.000000	0.879852	2.266959 
		0.454550	0.878752	2.239657 
		0.000000	0.642496	2.286044 
		0.435342	0.642496	2.261876 
		0.643352	1.013844	1.527688 
		0.494818	1.017295	1.620809 
		0.000000	1.020934	1.693439 
		0.679276	0.979991	1.557040 
		0.707436	0.966641	2.144022 
		0.783661	0.823275	2.158269 
		0.729361	0.953727	2.141037 
		0.794395	0.641098	2.178619 
		0.500448	1.269480	0.919525 
		0.000000	1.310470	0.906371 
		0.757068	0.918191	0.573944 
		0.523088	1.295412	0.448858 
		0.537406	1.262586	0.737561 
		0.746728	0.965342	1.013967 
		0.764514	0.909240	-0.381679 
		0.663819	1.078895	-0.349312 
		0.551024	1.250822	-0.100211 
		0.000000	1.296356	-0.232777 
		0.500538	1.269536	-0.180971 
		0.581331	0.937616	-0.787434 
		0.000000	0.956544	-0.865760 
		0.753694	0.966065	-0.377119 
		0.775480	0.895067	-0.623632 
		0.757279	0.940358	-0.495989 
		0.774628	0.899574	-0.489557 
		0.796530	1.013921	-0.368658 
		0.926903	0.911010	-0.317576 
		0.934824	1.017938	-0.324317 
		0.944162	0.921664	-0.398024 
		0.949961	0.947540	-0.398700 
		0.865338	0.503378	-0.749721 
		0.866547	0.530735	0.566253 
		0.861740	0.373709	0.490526 
		0.858840	0.362699	-0.722572 
		0.836020	0.299736	0.396880 
		0.835698	0.298190	-0.653716 
		0.853116	0.702151	-0.749670 
		0.855684	0.716979	0.604945 
		0.881106	0.349035	-0.963773 
		0.888805	0.490929	-1.022212 
		0.817407	0.767113	-0.997891 
		0.890119	0.642501	-1.209290 
		0.809696	0.763679	-1.286214 
		0.890126	0.646877	-1.448775 
		0.783164	0.722749	-1.632153 
		0.845226	0.568155	-1.699101 
		0.765211	0.566114	-1.882498 
		0.751942	0.664465	-1.860237 
		0.741407	0.816580	-1.428025 
		0.890031	0.544393	-1.608008 
		0.708185	0.750795	-1.780163 
		0.704090	0.714650	-1.879931 
		0.000000	1.326542	-0.051363 
		0.471709	1.307373	-0.012219 
		0.474136	1.312108	0.777206 
		0.460585	1.337433	0.445009 
		0.734177	0.910919	-0.743961 
		0.000000	1.357156	0.418074 
		0.766900	0.951227	1.105475 
		0.746986	0.965082	1.670562 
		0.849076	0.787271	1.106361 
		0.825784	0.822657	1.670937 
		0.880145	0.773783	1.670838 
		0.905621	0.732616	1.106053 
		0.909553	0.652248	1.438470 
		0.913071	0.635895	1.172768 
		0.913071	0.495730	1.009696 
		0.873335	0.373404	0.540987 
		0.912240	0.370092	0.966283 
		0.901803	0.599957	1.566560 
		0.435342	0.621713	2.308889 
		0.435342	0.496664	2.315673 
		0.770047	0.495356	2.228671 
		0.778928	0.624731	2.223363 
		0.798936	0.487687	2.141385 
		0.000000	0.621728	2.331328 
		0.209766	0.575967	2.330619 
		-0.209766	0.575967	2.330619 
		0.186579	0.575982	2.296642 
		-0.186579	0.575982	2.296642 
		0.188053	0.404391	2.313040 
		-0.188053	0.404391	2.313040 
		0.886166	0.451301	1.673063 
		0.859103	0.322987	1.696507 
		0.783726	0.384991	2.110693 
		0.779389	0.304380	2.104840 
		0.833474	0.233229	1.701616 
		0.640812	0.322125	2.249274 
		0.742042	0.320770	2.201571 
		0.749239	0.396994	2.208820 
		0.640253	0.396233	2.254430 
		0.435342	0.404348	2.291598 
		0.209766	0.497086	2.334302 
		0.419136	0.322179	2.217811 
		0.000000	0.322183	2.242100 
		0.861524	0.206425	0.396063 
		0.889081	0.186920	0.961032 
		0.868722	0.192135	-0.953131 
		0.870970	0.223033	-1.709692 
		0.832191	0.280585	-1.798726 
		0.883909	0.378256	-1.694169 
		0.874650	0.534468	-1.707184 
		0.865890	0.117295	-1.706448 
		0.829996	0.116032	-1.945295 
		0.818844	0.224154	-1.942729 
		0.726343	0.223811	-2.060638 
		0.729903	0.115594	-2.087246 
		0.351797	0.222541	-2.188265 
		0.312045	0.114144	-2.216969 
		-0.312045	0.114144	-2.216969 
		-0.351797	0.222541	-2.188265 
		0.796733	0.531876	-1.936139 
		0.789551	0.282148	-1.931124 
		0.718709	0.281521	-2.034248 
		0.712145	0.528886	-2.036930 
		0.696553	0.564766	-1.978815 
		0.373716	0.521789	-2.189064 
		0.371705	0.555777	-2.139756 
		0.345388	0.541647	-2.182246 
		0.351755	0.514447	-2.239736 
		-0.351755	0.514447	-2.239736 
		0.373716	0.276940	-2.168189 
		0.315833	0.665170	-2.169433 
		0.000000	0.670397	-2.185904 
		0.000000	0.716247	-2.146385 
		0.347068	0.703965	-2.122378 
		0.381647	0.683253	-2.093101 
		0.344945	0.628503	-2.165442 
		0.499372	0.849699	-1.431505 
		0.400647	0.734407	-1.988588 
		0.475789	0.861841	-1.434505 
		0.371284	0.753463	-1.998554 
		0.000000	0.881622	-1.480566 
		0.000000	0.766821	-2.027319 
		-0.463420	0.975514	2.202781 
		-0.454550	0.878752	2.239657 
		-0.435342	0.642496	2.261876 
		-0.643352	1.013844	1.527688 
		-0.494818	1.017295	1.620809 
		-0.679276	0.979991	1.557040 
		-0.707436	0.966641	2.144022 
		-0.783661	0.823275	2.158269 
		-0.729361	0.953727	2.141037 
		-0.794395	0.641098	2.178619 
		-0.500448	1.269480	0.919525 
		-0.757068	0.918191	0.573944 
		-0.537406	1.262586	0.737561 
		-0.523088	1.295412	0.448858 
		-0.746728	0.965342	1.013967 
		-0.764514	0.909240	-0.381679 
		-0.663819	1.078895	-0.349312 
		-0.551024	1.250822	-0.100211 
		-0.581331	0.937616	-0.787434 
		-0.500538	1.269536	-0.180971 
		-0.753694	0.966065	-0.377119 
		-0.775480	0.895067	-0.623632 
		-0.774628	0.899574	-0.489557 
		-0.757279	0.940358	-0.495989 
		-0.796530	1.013921	-0.368658 
		-0.934824	1.017938	-0.324317 
		-0.926903	0.911010	-0.317576 
		-0.944162	0.921664	-0.398024 
		-0.949961	0.947540	-0.398700 
		-0.865338	0.503378	-0.749721 
		-0.858840	0.362699	-0.722572 
		-0.861740	0.373709	0.490526 
		-0.866547	0.530735	0.566253 
		-0.835698	0.298190	-0.653716 
		-0.836020	0.299736	0.396880 
		-0.853116	0.702151	-0.749670 
		-0.855684	0.716979	0.604945 
		-0.888805	0.490929	-1.022212 
		-0.881106	0.349035	-0.963773 
		-0.817407	0.767113	-0.997891 
		-0.809696	0.763679	-1.286214 
		-0.890119	0.642501	-1.209290 
		-0.783164	0.722749	-1.632153 
		-0.890126	0.646877	-1.448775 
		-0.751942	0.664465	-1.860237 
		-0.765211	0.566114	-1.882498 
		-0.845226	0.568155	-1.699101 
		-0.741407	0.816580	-1.428025 
		-0.890031	0.544393	-1.608008 
		-0.708185	0.750795	-1.780163 
		-0.704090	0.714650	-1.879931 
		-0.471709	1.307373	-0.012219 
		-0.474136	1.312108	0.777206 
		-0.460585	1.337433	0.445009 
		-0.734177	0.910919	-0.743961 
		-0.766900	0.951227	1.105475 
		-0.746986	0.965082	1.670562 
		-0.849076	0.787271	1.106361 
		-0.905621	0.732616	1.106053 
		-0.880145	0.773783	1.670838 
		-0.825784	0.822657	1.670937 
		-0.909553	0.652248	1.438470 
		-0.913071	0.635895	1.172768 
		-0.913071	0.495730	1.009696 
		-0.873335	0.373404	0.540987 
		-0.912240	0.370092	0.966283 
		-0.901803	0.599957	1.566560 
		-0.435342	0.621713	2.308889 
		-0.778928	0.624731	2.223363 
		-0.770047	0.495356	2.228671 
		-0.435342	0.496664	2.315673 
		-0.798936	0.487687	2.141385 
		-0.886166	0.451301	1.673063 
		-0.859103	0.322987	1.696507 
		-0.783726	0.384991	2.110693 
		-0.779389	0.304380	2.104840 
		-0.833474	0.233229	1.701616 
		-0.640812	0.322125	2.249274 
		-0.640253	0.396233	2.254430 
		-0.749239	0.396994	2.208820 
		-0.742042	0.320770	2.201571 
		-0.435342	0.404348	2.291598 
		-0.209766	0.497086	2.334302 
		-0.494631	0.391055	2.268448 
		-0.256868	0.322146	2.235108 
		-0.320474	0.389902	2.286804 
		-0.545176	0.322177	2.204646 
		-0.861524	0.206425	0.396063 
		-0.889081	0.186920	0.961032 
		-0.868722	0.192135	-0.953131 
		-0.870970	0.223033	-1.709692 
		-0.883909	0.378256	-1.694169 
		-0.832191	0.280585	-1.798726 
		-0.874650	0.534468	-1.707184 
		-0.865890	0.117295	-1.706448 
		-0.818844	0.224154	-1.942729 
		-0.829996	0.116032	-1.945295 
		-0.726343	0.223811	-2.060638 
		-0.729903	0.115594	-2.087246 
		-0.796733	0.531876	-1.936139 
		-0.712145	0.528886	-2.036930 
		-0.718709	0.281521	-2.034248 
		-0.789551	0.282148	-1.931124 
		-0.696553	0.564766	-1.978815 
		-0.371705	0.555777	-2.139756 
		-0.373716	0.521789	-2.189064 
		-0.345388	0.541647	-2.182246 
		-0.373716	0.276940	-2.168189 
		-0.315833	0.665170	-2.169433 
		-0.347068	0.703965	-2.122378 
		-0.381647	0.683253	-2.093101 
		-0.344945	0.628503	-2.165442 
		-0.499372	0.849699	-1.431505 
		-0.400647	0.734407	-1.988588 
		-0.475789	0.861841	-1.434505 
		-0.371284	0.753463	-1.998554 
		-0.443115	0.977972	2.124895 
		-0.408816	0.977972	2.124895 
		-0.409700	1.148555	2.115696 
		-0.442231	1.148555	2.115695 
		-0.425966	1.147323	2.006442 
		-0.425966	0.994842	1.911877 
		-0.690992	1.121727	2.076319 
		-0.686000	1.141094	1.938227 
		-0.665772	1.141094	1.938227 
		-0.670759	1.121749	2.076319 
		-0.669179	1.127987	2.167182 
		-0.689407	1.127987	2.167182 
		-0.671236	1.176745	2.211134 
		-0.651008	1.176745	2.211134 
		-0.645879	1.228595	2.208711 
		-0.666107	1.228595	2.208711 
		-0.650527	1.201647	2.076319 
		-0.670758	1.201632	2.076319 
		-0.677364	1.185083	1.927800 
		-0.657137	1.185083	1.927800 
		-0.674553	1.144511	2.118204 
		-0.674553	1.148015	1.953115 
		0.674553	1.148015	1.953115 
		0.674553	1.144511	2.118204 
		-0.652024	1.210791	2.177732 
		0.652024	1.210791	2.177732 
		0.443115	0.977972	2.124895 
		0.442231	1.148555	2.115695 
		0.409700	1.148555	2.115696 
		0.408816	0.977972	2.124895 
		0.425966	1.147323	2.006442 
		0.425966	0.994842	1.911877 
		0.690992	1.121727	2.076319 
		0.670759	1.121749	2.076319 
		0.665772	1.141094	1.938227 
		0.686000	1.141094	1.938227 
		0.689407	1.127987	2.167182 
		0.669179	1.127987	2.167182 
		0.671236	1.176745	2.211134 
		0.666107	1.228595	2.208711 
		0.645879	1.228595	2.208711 
		0.651008	1.176745	2.211134 
		0.670758	1.201632	2.076319 
		0.650527	1.201647	2.076319 
		0.677364	1.185083	1.927800 
		0.657137	1.185083	1.927800 
		-0.311508	0.325367	2.322003 
		-0.309809	0.326601	2.254091 
		-0.332021	0.342740	2.254091 
		-0.332670	0.340742	2.322003 
		-0.359477	0.342740	2.254091 
		-0.358828	0.340742	2.322003 
		-0.381690	0.326601	2.254091 
		-0.379991	0.325367	2.322003 
		-0.390174	0.300489	2.254091 
		-0.388074	0.300489	2.322003 
		-0.381690	0.274377	2.254091 
		-0.379991	0.275611	2.322003 
		-0.359477	0.258239	2.254091 
		-0.358828	0.260236	2.322003 
		-0.332021	0.258239	2.254091 
		-0.332670	0.260236	2.322003 
		-0.309809	0.274377	2.254091 
		-0.311508	0.275611	2.322003 
		-0.301324	0.300489	2.254091 
		-0.303424	0.300489	2.322003 
		-0.340683	0.371748	2.254091 
		-0.458032	0.371748	2.254091 
		-0.496421	0.343856	2.254091 
		-0.302293	0.343856	2.254091 
		-0.287630	0.298727	2.254091 
		-0.511085	0.298727	2.254091 
		-0.340683	0.225705	2.254091 
		-0.302293	0.253597	2.254091 
		-0.496421	0.253597	2.254091 
		-0.458032	0.225705	2.254091 
		-0.458032	0.371748	1.925458 
		-0.496421	0.343856	1.925458 
		-0.340683	0.371748	1.925458 
		-0.302293	0.343856	1.925458 
		-0.287630	0.298727	1.925458 
		-0.302293	0.253597	1.925458 
		-0.340683	0.225705	1.925458 
		-0.458032	0.225705	1.925458 
		-0.496421	0.253597	1.925458 
		-0.511085	0.298727	1.925458 
		-0.466044	0.340742	2.322003 
		-0.439886	0.340742	2.322003 
		-0.439237	0.342740	2.254091 
		-0.466693	0.342740	2.254091 
		-0.418724	0.325367	2.322003 
		-0.417025	0.326601	2.254091 
		-0.410640	0.300489	2.322003 
		-0.408540	0.300489	2.254091 
		-0.418724	0.275611	2.322003 
		-0.417025	0.274377	2.254091 
		-0.439886	0.260236	2.322003 
		-0.439237	0.258239	2.254091 
		-0.466044	0.260236	2.322003 
		-0.466693	0.258239	2.254091 
		-0.487207	0.275611	2.322003 
		-0.488905	0.274377	2.254091 
		-0.495290	0.300489	2.322003 
		-0.497390	0.300489	2.254091 
		-0.487207	0.325367	2.322003 
		-0.488905	0.326601	2.254091 
		0.500000	0.670119	-0.964608 
		0.500000	0.627792	-1.575802 
		0.500000	0.192135	-0.953131 
		0.500000	0.628670	1.545525 
		0.500000	0.670723	0.961032 
		0.500000	0.186920	0.961032 
		0.500000	0.117295	-1.706448 
		0.500000	0.233229	1.701616 
		-0.500000	0.233229	1.701616 
		-0.500000	0.192135	-0.953131 
		-0.500000	0.670119	-0.964608 
		-0.500000	0.627792	-1.575802 
		-0.500000	0.670723	0.961032 
		-0.500000	0.628670	1.545525 
		-0.500000	0.186920	0.961032 
		-0.500000	0.117295	-1.706448 
	}

	Nrm 554 { 
		-0.484375	0.796875	0.359375 
		-0.687500	0.421875	0.578125 
		0.687500	0.421875	0.578125 
		0.484375	0.796875	0.359375 
		0.453125	0.750000	-0.484375 
		-0.453125	0.750000	-0.484375 
		0.656250	0.421875	-0.625000 
		-0.656250	0.421875	-0.625000 
		-0.296875	-0.937500	-0.156250 
		0.296875	-0.937500	-0.156250 
		0.359375	-0.859375	0.390625 
		-0.359375	-0.859375	0.390625 
		-0.453125	-0.859375	-0.234375 
		0.453125	-0.859375	-0.234375 
		0.531250	-0.625000	0.578125 
		-0.531250	-0.625000	0.578125 
		0.000000	1.000000	0.000000 
		0.000000	-0.468750	0.890625 
		0.000000	-1.000000	0.000000 
		0.000000	-1.000000	-0.015625 
		0.000000	-1.000000	-0.031250 
		0.000000	0.000000	-1.000000 
		1.000000	0.000000	0.000000 
		-1.000000	0.000000	0.000000 
		-0.515625	0.218750	-0.828125 
		0.515625	0.218750	-0.828125 
		0.000000	0.046875	1.000000 
		0.000000	0.546875	-0.828125 
		0.406250	0.484375	-0.765625 
		-0.359375	0.500000	-0.796875 
		0.000000	0.093750	1.000000 
		0.078125	0.125000	0.984375 
		0.125000	0.093750	0.984375 
		0.250000	0.187500	0.953125 
		-0.593750	0.796875	0.000000 
		0.015625	0.375000	-0.921875 
		0.296875	0.515625	-0.796875 
		0.203125	0.484375	-0.859375 
		0.546875	0.609375	-0.562500 
		-0.984375	0.140625	0.000000 
		0.343750	-0.937500	0.000000 
		0.000000	0.390625	-0.921875 
		0.000000	0.187500	0.984375 
		0.937500	-0.343750	0.000000 
		-0.921875	0.390625	0.000000 
		-0.984375	0.171875	0.000000 
		-0.921875	0.406250	0.000000 
		-0.984375	0.203125	0.000000 
		0.953125	-0.296875	0.000000 
		0.000000	-0.406250	-0.921875 
		-0.046875	-1.000000	0.000000 
		0.000000	-0.437500	0.906250 
		-0.125000	0.093750	0.984375 
		-0.078125	0.125000	0.984375 
		-0.250000	0.187500	0.953125 
		0.593750	0.796875	0.000000 
		-0.015625	0.375000	-0.921875 
		-0.203125	0.484375	-0.859375 
		-0.296875	0.515625	-0.796875 
		-0.546875	0.609375	-0.562500 
		0.984375	0.140625	0.000000 
		-0.343750	-0.937500	0.000000 
		-0.937500	-0.343750	0.000000 
		0.921875	0.390625	0.000000 
		0.984375	0.171875	0.000000 
		0.921875	0.406250	0.000000 
		0.984375	0.203125	0.000000 
		-0.953125	-0.296875	0.000000 
		0.046875	-1.000000	0.000000 
		0.156250	0.312500	0.937500 
		0.000000	0.343750	0.937500 
		0.000000	0.218750	0.968750 
		0.156250	0.203125	0.968750 
		0.000000	0.078125	1.000000 
		0.156250	0.093750	0.984375 
		0.484375	0.859375	0.156250 
		0.093750	0.968750	0.203125 
		0.046875	1.000000	0.078125 
		0.000000	1.000000	0.078125 
		0.578125	0.796875	0.203125 
		0.625000	0.765625	0.125000 
		0.046875	1.000000	0.015625 
		0.250000	0.203125	0.953125 
		0.265625	0.234375	0.937500 
		0.265625	0.250000	0.937500 
		0.234375	0.093750	0.968750 
		0.375000	0.890625	0.250000 
		0.000000	0.968750	0.234375 
		0.000000	0.937500	0.343750 
		0.843750	0.546875	-0.015625 
		0.718750	0.687500	0.015625 
		0.750000	0.656250	0.046875 
		0.671875	0.734375	0.015625 
		0.859375	0.515625	0.000000 
		0.656250	0.750000	-0.093750 
		0.000000	0.937500	-0.328125 
		0.078125	0.937500	-0.328125 
		0.093750	0.875000	-0.468750 
		0.000000	0.875000	-0.468750 
		0.781250	0.546875	0.312500 
		0.265625	-0.031250	0.968750 
		0.703125	0.421875	0.578125 
		0.843750	0.515625	-0.062500 
		0.828125	0.562500	-0.078125 
		-0.093750	-0.093750	0.984375 
		-0.218750	-0.031250	0.968750 
		-0.296875	0.843750	-0.437500 
		-0.718750	0.671875	-0.171875 
		-0.343750	0.031250	0.937500 
		0.062500	-1.000000	0.000000 
		0.375000	-0.703125	-0.609375 
		0.765625	-0.562500	-0.328125 
		0.687500	-0.718750	0.156250 
		0.468750	-0.015625	-0.890625 
		0.765625	0.312500	-0.562500 
		0.843750	0.484375	-0.250000 
		1.000000	-0.031250	0.000000 
		0.984375	-0.187500	0.000000 
		0.937500	-0.328125	0.000000 
		0.953125	0.296875	0.015625 
		0.968750	0.234375	0.000000 
		1.000000	0.062500	0.000000 
		0.921875	0.390625	-0.015625 
		0.906250	0.406250	0.000000 
		1.000000	0.031250	0.078125 
		1.000000	-0.015625	0.093750 
		0.859375	0.500000	-0.031250 
		0.906250	0.421875	0.000000 
		0.796875	0.609375	-0.078125 
		0.812500	0.546875	-0.187500 
		0.796875	0.562500	-0.218750 
		0.859375	0.421875	-0.296875 
		0.890625	0.359375	-0.296875 
		0.828125	0.500000	-0.281250 
		0.875000	0.484375	-0.046875 
		0.765625	0.640625	-0.125000 
		0.843750	0.468750	-0.296875 
		0.734375	0.640625	-0.218750 
		0.750000	0.609375	-0.250000 
		0.000000	0.984375	-0.125000 
		0.062500	0.984375	-0.125000 
		0.046875	0.984375	0.187500 
		0.625000	0.781250	0.078125 
		0.578125	0.812500	0.000000 
		0.578125	0.796875	-0.156250 
		0.531250	0.843750	-0.078125 
		0.687500	0.703125	-0.187500 
		0.718750	0.671875	-0.156250 
		0.031250	1.000000	0.015625 
		0.000000	1.000000	0.015625 
		0.750000	0.671875	-0.015625 
		0.281250	0.968750	0.015625 
		0.640625	0.765625	0.046875 
		0.640625	0.765625	0.031250 
		0.296875	0.953125	0.015625 
		0.796875	0.593750	-0.031250 
		0.921875	0.375000	0.078125 
		0.906250	0.437500	-0.046875 
		0.890625	0.421875	0.125000 
		0.937500	0.328125	-0.093750 
		0.890625	0.437500	0.062500 
		0.890625	0.453125	0.031250 
		1.000000	0.109375	0.062500 
		1.000000	0.078125	-0.062500 
		0.984375	0.093750	-0.093750 
		0.984375	0.062500	-0.156250 
		1.000000	0.046875	-0.093750 
		0.984375	0.062500	0.140625 
		0.984375	0.046875	0.171875 
		0.968750	0.078125	-0.218750 
		0.687500	0.734375	0.000000 
		0.265625	0.859375	-0.437500 
		0.109375	0.500000	0.859375 
		0.156250	-0.078125	0.984375 
		0.609375	-0.140625	0.781250 
		0.562500	0.390625	0.734375 
		0.953125	-0.125000	0.265625 
		0.859375	0.375000	0.375000 
		0.000000	0.515625	0.859375 
		0.062500	0.921875	0.406250 
		0.000000	0.906250	0.406250 
		0.031250	0.093750	1.000000 
		-0.031250	0.093750	1.000000 
		0.000000	-0.671875	0.734375 
		0.984375	-0.093750	0.187500 
		0.984375	0.000000	0.171875 
		0.968750	-0.187500	0.203125 
		0.937500	-0.218750	0.265625 
		0.953125	-0.140625	0.265625 
		0.968750	-0.171875	0.187500 
		0.406250	-0.093750	0.906250 
		0.718750	-0.109375	0.687500 
		0.156250	-0.187500	0.968750 
		0.078125	-0.093750	0.984375 
		0.078125	-0.250000	0.968750 
		0.296875	-0.203125	0.937500 
		0.687500	-0.281250	0.671875 
		-0.015625	-0.390625	0.921875 
		0.078125	-0.687500	0.718750 
		0.000000	-0.515625	0.859375 
		0.031250	-0.671875	0.734375 
		-0.031250	-0.687500	0.718750 
		-0.812500	0.046875	0.593750 
		0.078125	0.046875	1.000000 
		-0.140625	-0.062500	0.984375 
		0.953125	0.234375	-0.171875 
		0.921875	0.187500	-0.328125 
		0.984375	0.062500	-0.203125 
		0.984375	0.140625	-0.140625 
		1.000000	-0.062500	-0.062500 
		1.000000	0.078125	0.062500 
		0.984375	-0.109375	0.125000 
		0.906250	-0.031250	-0.421875 
		0.921875	-0.015625	-0.390625 
		0.937500	0.015625	-0.343750 
		0.906250	0.312500	-0.296875 
		0.906250	0.375000	-0.171875 
		0.984375	0.031250	-0.187500 
		0.906250	0.078125	-0.390625 
		0.578125	0.171875	-0.796875 
		0.156250	0.218750	-0.968750 
		-0.156250	0.218750	-0.968750 
		0.656250	0.718750	-0.203125 
		0.781250	0.437500	-0.421875 
		0.890625	-0.031250	-0.468750 
		0.609375	-0.031250	-0.796875 
		0.531250	0.468750	-0.703125 
		0.515625	0.796875	-0.296875 
		0.328125	0.843750	-0.437500 
		0.578125	0.453125	-0.687500 
		0.343750	0.812500	-0.468750 
		0.234375	0.875000	-0.437500 
		0.437500	0.484375	-0.765625 
		0.000000	-0.171875	-0.984375 
		-0.437500	0.484375	-0.765625 
		0.875000	-0.062500	-0.484375 
		0.390625	0.562500	-0.734375 
		0.000000	0.703125	-0.703125 
		0.765625	0.234375	-0.609375 
		0.843750	0.125000	-0.531250 
		0.328125	0.328125	-0.890625 
		0.546875	0.390625	-0.750000 
		0.828125	0.406250	-0.390625 
		0.890625	0.375000	-0.234375 
		0.390625	-0.031250	-0.921875 
		0.031250	0.046875	-1.000000 
		0.000000	0.078125	-1.000000 
		0.078125	0.125000	-0.984375 
		0.609375	0.796875	-0.109375 
		0.296875	0.937500	-0.156250 
		0.390625	0.906250	-0.125000 
		0.140625	0.968750	-0.171875 
		0.171875	0.968750	-0.140625 
		0.156250	0.937500	-0.312500 
		0.203125	0.890625	-0.406250 
		0.500000	0.843750	-0.218750 
		0.468750	0.859375	-0.171875 
		0.656250	0.640625	-0.406250 
		0.593750	0.734375	-0.328125 
		0.000000	0.984375	-0.156250 
		0.046875	0.984375	-0.156250 
		0.062500	0.953125	-0.296875 
		0.000000	0.953125	-0.296875 
		0.000000	0.921875	-0.390625 
		0.062500	0.921875	-0.390625 
		0.000000	1.000000	-0.125000 
		0.046875	0.984375	-0.125000 
		-0.156250	0.312500	0.937500 
		-0.156250	0.203125	0.968750 
		-0.156250	0.093750	0.984375 
		-0.484375	0.859375	0.156250 
		-0.046875	1.000000	0.078125 
		-0.093750	0.968750	0.203125 
		-0.578125	0.796875	0.203125 
		-0.625000	0.765625	0.125000 
		-0.046875	1.000000	0.015625 
		-0.250000	0.203125	0.953125 
		-0.265625	0.250000	0.937500 
		-0.265625	0.234375	0.937500 
		-0.234375	0.093750	0.968750 
		-0.375000	0.890625	0.250000 
		-0.828125	0.546875	-0.031250 
		-0.750000	0.656250	0.046875 
		-0.718750	0.687500	0.015625 
		-0.671875	0.734375	0.015625 
		-0.859375	0.515625	0.000000 
		-0.656250	0.750000	-0.093750 
		-0.093750	0.875000	-0.468750 
		-0.078125	0.937500	-0.328125 
		-0.781250	0.546875	0.312500 
		-0.203125	0.859375	0.453125 
		-0.265625	-0.031250	0.968750 
		-0.843750	0.515625	-0.062500 
		-0.796875	-0.343750	-0.484375 
		-0.546875	0.718750	-0.437500 
		0.093750	-0.093750	0.984375 
		0.218750	-0.031250	0.968750 
		0.296875	0.843750	-0.437500 
		0.343750	0.031250	0.937500 
		-0.062500	-1.000000	0.000000 
		-0.687500	-0.718750	0.156250 
		-0.765625	-0.562500	-0.328125 
		-0.765625	0.312500	-0.562500 
		-0.843750	0.484375	-0.250000 
		-1.000000	-0.031250	0.000000 
		-0.984375	-0.187500	0.000000 
		-0.937500	-0.328125	0.000000 
		-0.953125	0.296875	0.015625 
		-1.000000	0.062500	0.000000 
		-0.968750	0.234375	0.000000 
		-0.906250	0.406250	0.000000 
		-0.921875	0.390625	-0.015625 
		-1.000000	0.031250	0.078125 
		-1.000000	-0.015625	0.093750 
		-0.859375	0.500000	-0.031250 
		-0.796875	0.609375	-0.078125 
		-0.906250	0.421875	0.000000 
		-0.796875	0.562500	-0.218750 
		-0.812500	0.546875	-0.187500 
		-0.828125	0.500000	-0.281250 
		-0.890625	0.359375	-0.296875 
		-0.859375	0.421875	-0.296875 
		-0.875000	0.484375	-0.046875 
		-0.765625	0.640625	-0.125000 
		-0.843750	0.468750	-0.296875 
		-0.734375	0.640625	-0.218750 
		-0.750000	0.609375	-0.250000 
		-0.062500	0.984375	-0.125000 
		-0.046875	0.984375	0.187500 
		-0.625000	0.781250	0.078125 
		-0.578125	0.812500	0.000000 
		-0.531250	0.843750	-0.078125 
		-0.578125	0.796875	-0.156250 
		-0.687500	0.703125	-0.187500 
		-0.718750	0.671875	-0.156250 
		-0.031250	1.000000	0.015625 
		-0.750000	0.671875	-0.015625 
		-0.281250	0.968750	0.015625 
		-0.296875	0.953125	0.015625 
		-0.640625	0.765625	0.031250 
		-0.640625	0.765625	0.046875 
		-0.796875	0.593750	-0.031250 
		-0.906250	0.437500	-0.046875 
		-0.921875	0.375000	0.078125 
		-0.890625	0.421875	0.125000 
		-0.937500	0.328125	-0.093750 
		-0.890625	0.437500	0.062500 
		-0.890625	0.453125	0.031250 
		-1.000000	0.109375	0.062500 
		-1.000000	0.078125	-0.062500 
		-0.984375	0.093750	-0.093750 
		-0.984375	0.062500	-0.156250 
		-1.000000	0.046875	-0.093750 
		-0.984375	0.062500	0.140625 
		-0.984375	0.046875	0.171875 
		-0.968750	0.078125	-0.218750 
		-0.687500	0.734375	0.000000 
		-0.265625	0.859375	-0.437500 
		-0.109375	0.500000	0.859375 
		-0.562500	0.390625	0.734375 
		-0.609375	-0.140625	0.781250 
		-0.156250	-0.078125	0.984375 
		-0.859375	0.375000	0.375000 
		-0.953125	-0.125000	0.265625 
		-0.062500	0.921875	0.406250 
		-0.984375	-0.093750	0.187500 
		-0.984375	0.000000	0.171875 
		-0.968750	-0.187500	0.203125 
		-0.937500	-0.218750	0.265625 
		-0.953125	-0.140625	0.265625 
		-0.968750	-0.171875	0.187500 
		-0.406250	-0.093750	0.906250 
		-0.718750	-0.109375	0.687500 
		-0.156250	-0.187500	0.968750 
		-0.078125	-0.250000	0.968750 
		-0.078125	-0.093750	0.984375 
		-0.296875	-0.203125	0.937500 
		-0.687500	-0.281250	0.671875 
		0.000000	-0.609375	0.781250 
		-0.015625	-0.656250	0.750000 
		-0.078125	-0.750000	0.671875 
		0.812500	0.046875	0.593750 
		-0.078125	0.046875	1.000000 
		-0.031250	-0.671875	0.734375 
		-0.046875	-0.703125	0.703125 
		0.109375	-0.468750	0.875000 
		-0.953125	0.234375	-0.171875 
		-0.984375	0.140625	-0.140625 
		-0.984375	0.062500	-0.203125 
		-0.921875	0.187500	-0.328125 
		-1.000000	-0.062500	-0.062500 
		-1.000000	0.078125	0.062500 
		-0.984375	-0.109375	0.125000 
		-0.906250	-0.031250	-0.421875 
		-0.937500	0.015625	-0.343750 
		-0.921875	-0.015625	-0.390625 
		-0.906250	0.375000	-0.171875 
		-0.906250	0.312500	-0.296875 
		-0.984375	0.031250	-0.187500 
		-0.906250	0.078125	-0.390625 
		-0.578125	0.171875	-0.796875 
		-0.656250	0.718750	-0.203125 
		-0.781250	0.437500	-0.421875 
		-0.531250	0.468750	-0.703125 
		-0.609375	-0.031250	-0.796875 
		-0.890625	-0.031250	-0.468750 
		-0.515625	0.796875	-0.296875 
		-0.328125	0.843750	-0.437500 
		-0.343750	0.812500	-0.468750 
		-0.578125	0.453125	-0.687500 
		-0.234375	0.875000	-0.437500 
		-0.875000	-0.062500	-0.484375 
		-0.390625	0.562500	-0.734375 
		-0.765625	0.234375	-0.609375 
		-0.843750	0.125000	-0.531250 
		-0.328125	0.328125	-0.890625 
		-0.546875	0.390625	-0.750000 
		-0.828125	0.406250	-0.390625 
		-0.890625	0.375000	-0.234375 
		-0.390625	-0.031250	-0.921875 
		-0.031250	0.046875	-1.000000 
		-0.078125	0.125000	-0.984375 
		-0.609375	0.796875	-0.109375 
		-0.390625	0.906250	-0.125000 
		-0.296875	0.937500	-0.156250 
		-0.140625	0.968750	-0.171875 
		-0.171875	0.968750	-0.140625 
		-0.156250	0.937500	-0.312500 
		-0.203125	0.890625	-0.406250 
		-0.500000	0.843750	-0.218750 
		-0.468750	0.859375	-0.171875 
		-0.656250	0.640625	-0.406250 
		-0.593750	0.734375	-0.328125 
		-0.046875	0.984375	-0.156250 
		-0.046875	0.984375	-0.125000 
		-0.062500	0.953125	-0.296875 
		-0.062500	0.921875	-0.390625 
		-1.000000	0.031250	-0.109375 
		1.000000	0.031250	-0.109375 
		0.000000	-0.984375	-0.140625 
		0.000000	-0.906250	0.437500 
		0.000000	-0.343750	0.937500 
		0.000000	0.781250	0.609375 
		0.000000	1.000000	-0.109375 
		-0.968750	0.250000	0.015625 
		-0.984375	0.203125	0.015625 
		-1.000000	0.093750	0.015625 
		-0.984375	0.187500	0.015625 
		-0.953125	0.281250	0.031250 
		1.000000	-0.093750	-0.015625 
		0.984375	-0.187500	-0.015625 
		0.984375	-0.203125	-0.015625 
		0.953125	-0.281250	-0.031250 
		0.968750	-0.250000	-0.015625 
		0.968750	-0.234375	0.000000 
		0.000000	-0.921875	0.390625 
		0.000000	-0.671875	0.750000 
		0.000000	0.968750	-0.265625 
		0.000000	-0.234375	-0.968750 
		0.968750	0.250000	0.015625 
		0.984375	0.203125	0.015625 
		1.000000	0.093750	0.015625 
		0.984375	0.187500	0.015625 
		0.953125	0.281250	0.031250 
		-1.000000	-0.093750	-0.015625 
		-0.984375	-0.203125	-0.015625 
		-0.984375	-0.187500	-0.015625 
		-0.953125	-0.281250	-0.031250 
		-0.968750	-0.250000	-0.015625 
		-0.968750	-0.234375	0.000000 
		0.812500	0.593750	0.031250 
		0.312500	0.953125	0.031250 
		-0.312500	0.953125	0.031250 
		-0.812500	0.593750	0.031250 
		-1.000000	0.000000	0.031250 
		-0.812500	-0.593750	0.031250 
		-0.312500	-0.953125	0.031250 
		0.312500	-0.953125	0.031250 
		0.812500	-0.593750	0.031250 
		1.000000	0.000000	0.031250 
		0.000000	0.000000	1.000000 
		-0.812500	0.593750	0.000000 
		-0.312500	0.953125	0.000000 
		0.312500	0.953125	0.000000 
		0.812500	0.593750	0.000000 
		0.812500	-0.593750	0.000000 
		0.312500	-0.953125	0.000000 
		-0.312500	-0.953125	0.000000 
		-0.812500	-0.593750	0.000000 
		-0.203125	-0.750000	-0.625000 
		-0.078125	-0.953125	0.296875 
		-0.218750	-0.937500	-0.296875 
		-0.093750	-0.109375	-0.984375 
		-0.281250	-0.437500	-0.859375 
		-0.140625	-0.828125	0.531250 
		-0.031250	-0.984375	-0.203125 
		-0.187500	-0.734375	0.656250 
		-0.203125	-0.921875	0.312500 
		-0.234375	-0.421875	0.875000 
		-0.062500	-0.078125	1.000000 
		-0.046875	-0.921875	-0.375000 
		0.000000	-0.062500	-1.000000 
		0.062500	-0.187500	-0.984375 
		0.062500	-0.453125	-0.890625 
		0.000000	-0.578125	-0.812500 
		0.031250	-0.968750	0.234375 
		0.000000	-0.984375	0.171875 
		-0.015625	-0.984375	0.171875 
		0.015625	-0.984375	0.171875 
		0.046875	-0.984375	0.187500 
		0.078125	-0.984375	0.203125 
		0.015625	-1.000000	-0.015625 
		0.000000	-0.031250	1.000000 
		0.015625	-0.734375	-0.687500 
		0.062500	-0.093750	1.000000 
		0.046875	-0.343750	0.937500 
		-0.031250	-0.453125	0.890625 
		0.000000	0.031250	1.000000 
		0.093750	-0.109375	-0.984375 
		0.281250	-0.437500	-0.859375 
		0.203125	-0.750000	-0.625000 
		0.218750	-0.937500	-0.296875 
		0.078125	-0.953125	0.296875 
		0.140625	-0.828125	0.531250 
		0.031250	-0.984375	-0.203125 
		0.203125	-0.921875	0.312500 
		0.187500	-0.734375	0.656250 
		0.062500	-0.078125	1.000000 
		0.234375	-0.421875	0.875000 
		0.046875	-0.921875	-0.375000 
		0.000000	-1.000000	0.046875 
		0.000000	-1.000000	0.093750 
		0.000000	-1.000000	0.062500 
		0.000000	-1.000000	0.031250 
		-0.062500	-0.187500	-0.984375 
		-0.062500	-0.453125	-0.890625 
		-0.281250	-0.921875	0.281250 
		-0.281250	-0.906250	0.328125 
		0.359375	-0.890625	0.250000 
		0.421875	-0.890625	0.187500 
		-0.046875	-0.984375	0.187500 
		0.000000	-0.984375	0.187500 
		-0.078125	-0.984375	0.203125 
		-0.015625	-1.000000	-0.015625 
		-0.015625	-0.734375	-0.687500 
		-0.062500	-0.093750	1.000000 
		-0.046875	-0.343750	0.937500 
		0.031250	-0.453125	0.890625 
		0.593750	0.359375	-0.718750 
		0.734375	0.312500	-0.609375 
		0.437500	0.390625	-0.812500 
		-0.593750	0.359375	-0.718750 
		-0.734375	0.312500	-0.609375 
		-0.437500	0.390625	-0.812500 
	}

	Cpv 1208 { 
		0.500000	0.500000	0.500000	0.047059 
		0.500000	0.500000	0.500000	0.047059 
		0.500000	0.500000	0.500000	0.047059 
		0.500000	0.500000	0.500000	0.047059 
		0.500000	0.500000	0.500000	0.039216 
		0.500000	0.500000	0.500000	0.039216 
		0.500000	0.500000	0.500000	0.039216 
		0.500000	0.500000	0.500000	0.039216 
		0.500000	0.500000	0.500000	0.039216 
		0.500000	0.500000	0.500000	0.039216 
		0.500000	0.500000	0.500000	0.047059 
		0.500000	0.500000	0.500000	0.047059 
		0.500000	0.500000	0.500000	0.039216 
		0.500000	0.500000	0.500000	0.039216 
		0.500000	0.500000	0.500000	0.047059 
		0.500000	0.500000	0.500000	0.047059 
		0.500000	0.500000	0.500000	0.039216 
		0.500000	0.500000	0.500000	0.039216 
		0.500000	0.500000	0.500000	0.047059 
		0.500000	0.500000	0.500000	0.047059 
		0.500000	0.500000	0.500000	0.035294 
		0.500000	0.500000	0.500000	0.043137 
		0.500000	0.500000	0.500000	0.047059 
		0.500000	0.500000	0.500000	0.039216 
		0.500000	0.500000	0.500000	0.039216 
		0.500000	0.500000	0.500000	0.035294 
		0.500000	0.500000	0.500000	0.039216 
		0.500000	0.500000	0.500000	0.035294 
		0.500000	0.500000	0.500000	0.035294 
		0.500000	0.500000	0.500000	0.039216 
		0.500000	0.500000	0.500000	0.039216 
		0.500000	0.500000	0.500000	0.035294 
		0.500000	0.500000	0.500000	0.035294 
		0.500000	0.500000	0.500000	0.039216 
		0.500000	0.500000	0.500000	0.047059 
		0.500000	0.500000	0.500000	0.043137 
		0.500000	0.500000	0.500000	0.039216 
		0.500000	0.500000	0.500000	0.035294 
		0.500000	0.500000	0.500000	0.043137 
		0.500000	0.500000	0.500000	0.047059 
		0.500000	0.500000	0.500000	0.043137 
		0.500000	0.500000	0.500000	0.043137 
		0.500000	0.500000	0.500000	0.043137 
		0.500000	0.500000	0.500000	0.043137 
		0.500000	0.500000	0.500000	0.035294 
		0.500000	0.500000	0.500000	0.035294 
		0.500000	0.500000	0.500000	0.035294 
		0.500000	0.500000	0.500000	0.035294 
		0.500000	0.500000	0.500000	0.035294 
		0.500000	0.500000	0.500000	0.035294 
		0.500000	0.500000	0.500000	0.043137 
		0.500000	0.500000	0.500000	0.043137 
		0.500000	0.500000	0.500000	0.035294 
		0.500000	0.500000	0.500000	0.035294 
		0.500000	0.500000	0.500000	0.043137 
		0.500000	0.500000	0.500000	0.043137 
		0.500000	0.500000	0.500000	0.035294 
		0.500000	0.500000	0.500000	0.035294 
		0.500000	0.500000	0.500000	0.043137 
		0.500000	0.500000	0.500000	0.043137 
		0.500000	0.500000	0.500000	0.043137 
		0.500000	0.500000	0.500000	0.043137 
		0.500000	0.500000	0.500000	0.043137 
		0.500000	0.500000	0.500000	0.043137 
		0.500000	0.500000	0.500000	0.035294 
		0.500000	0.500000	0.500000	0.035294 
		0.500000	0.500000	0.500000	0.035294 
		0.500000	0.500000	0.500000	0.035294 
		0.500000	0.500000	0.500000	0.043137 
		0.500000	0.500000	0.500000	0.043137 
		0.500000	0.500000	0.500000	0.043137 
		0.500000	0.500000	0.500000	0.043137 
		0.500000	0.500000	0.500000	0.035294 
		0.500000	0.500000	0.500000	0.035294 
		0.500000	0.500000	0.500000	0.043137 
		0.500000	0.500000	0.500000	0.043137 
		0.500000	0.500000	0.500000	0.035294 
		0.500000	0.500000	0.500000	0.035294 
		0.500000	0.500000	0.500000	0.043137 
		0.500000	0.500000	0.500000	0.043137 
		0.500000	0.500000	0.500000	0.043137 
		0.500000	0.500000	0.500000	0.043137 
		0.500000	0.500000	0.500000	0.043137 
		0.500000	0.500000	0.500000	0.043137 
		0.500000	0.500000	0.500000	0.043137 
		0.500000	0.500000	0.500000	0.043137 
		0.500000	0.500000	0.500000	0.043137 
		0.500000	0.500000	0.500000	0.043137 
		0.500000	0.463343	0.500000	0.043137 
		0.500000	0.463343	0.500000	0.043137 
		0.500000	0.500000	0.500000	0.043137 
		0.500000	0.500000	0.500000	0.043137 
		0.500000	0.500000	0.500000	0.043137 
		0.500000	0.500000	0.500000	0.043137 
		0.500000	0.500000	0.500000	0.043137 
		0.500000	0.500000	0.500000	0.043137 
		0.500000	0.500000	0.500000	0.043137 
		0.500000	0.500000	0.500000	0.043137 
		0.500000	0.500000	0.500000	0.043137 
		0.500000	0.500000	0.500000	0.043137 
		0.500000	0.500000	0.500000	0.043137 
		0.500000	0.489493	0.500000	0.043137 
		0.500000	0.489493	0.500000	0.043137 
		0.500000	0.500000	0.500000	0.043137 
		0.500000	0.500000	0.500000	0.047059 
		0.500000	0.500000	0.500000	0.047059 
		0.500000	0.500000	0.500000	0.047059 
		0.500000	0.489493	0.500000	0.043137 
		0.500000	0.476845	0.500000	0.043137 
		0.500000	0.489493	0.500000	0.043137 
		0.500000	0.500000	0.500000	0.035294 
		0.500000	0.500000	0.500000	0.035294 
		0.500000	0.500000	0.500000	0.039216 
		0.500000	0.500000	0.500000	0.039216 
		0.500000	0.500000	0.500000	0.043137 
		0.500000	0.500000	0.500000	0.043137 
		0.500000	0.500000	0.500000	0.047059 
		0.500000	0.500000	0.500000	0.047059 
		0.500000	0.500000	0.500000	0.047059 
		0.500000	0.500000	0.500000	0.047059 
		0.500000	0.500000	0.500000	0.047059 
		0.500000	0.500000	0.500000	0.047059 
		0.500000	0.500000	0.500000	0.043137 
		0.500000	0.476845	0.500000	0.043137 
		0.500000	0.489493	0.500000	0.043137 
		0.500000	0.500000	0.500000	0.043137 
		0.500000	0.500000	0.500000	0.035294 
		0.500000	0.500000	0.500000	0.035294 
		0.500000	0.476845	0.500000	0.043137 
		0.500000	0.500000	0.500000	0.043137 
		0.500000	0.500000	0.500000	0.047059 
		0.500000	0.500000	0.500000	0.039216 
		0.500000	0.500000	0.500000	0.047059 
		0.500000	0.500000	0.500000	0.043137 
		0.500000	0.500000	0.500000	0.043137 
		0.500000	0.500000	0.500000	0.035294 
		0.500000	0.500000	0.500000	0.047059 
		0.500000	0.500000	0.500000	0.039216 
		0.500000	0.500000	0.500000	0.039216 
		0.500000	0.500000	0.500000	0.047059 
		0.500000	0.500000	0.500000	0.035294 
		0.500000	0.500000	0.500000	0.039216 
		0.500000	0.500000	0.500000	0.047059 
		0.500000	0.500000	0.500000	0.047059 
		0.500000	0.500000	0.500000	0.047059 
		0.500000	0.500000	0.500000	0.047059 
		0.500000	0.500000	0.500000	0.047059 
		0.500000	0.500000	0.500000	0.047059 
		0.500000	0.500000	0.500000	0.047059 
		0.500000	0.500000	0.500000	0.047059 
		0.500000	0.500000	0.500000	0.043137 
		0.500000	0.500000	0.500000	0.043137 
		0.500000	0.500000	0.500000	0.043137 
		0.500000	0.500000	0.500000	0.043137 
		0.500000	0.500000	0.500000	0.047059 
		0.500000	0.500000	0.500000	0.047059 
		0.500000	0.500000	0.500000	0.047059 
		0.500000	0.500000	0.500000	0.047059 
		0.500000	0.500000	0.500000	0.047059 
		0.500000	0.500000	0.500000	0.047059 
		0.500000	0.500000	0.500000	0.047059 
		0.500000	0.500000	0.500000	0.047059 
		0.500000	0.500000	0.500000	0.047059 
		0.500000	0.500000	0.500000	0.047059 
		0.500000	0.500000	0.500000	0.043137 
		0.500000	0.500000	0.500000	0.043137 
		0.500000	0.500000	0.500000	0.043137 
		0.500000	0.500000	0.500000	0.043137 
		0.500000	0.500000	0.500000	0.043137 
		0.500000	0.500000	0.500000	0.043137 
		0.500000	0.489493	0.500000	0.043137 
		0.500000	0.500000	0.500000	0.043137 
		0.500000	0.500000	0.500000	0.043137 
		0.500000	0.500000	0.500000	0.043137 
		0.500000	0.500000	0.500000	0.043137 
		0.500000	0.500000	0.500000	0.047059 
		0.500000	0.500000	0.500000	0.047059 
		0.500000	0.500000	0.500000	0.043137 
		0.500000	0.500000	0.500000	0.043137 
		0.500000	0.500000	0.500000	0.047059 
		0.500000	0.500000	0.500000	0.047059 
		0.500000	0.500000	0.500000	0.047059 
		0.500000	0.500000	0.500000	0.047059 
		0.500000	0.500000	0.500000	0.047059 
		0.500000	0.500000	0.500000	0.047059 
		0.500000	0.500000	0.500000	0.043137 
		0.500000	0.500000	0.500000	0.043137 
		0.500000	0.500000	0.500000	0.043137 
		0.500000	0.500000	0.500000	0.043137 
		0.500000	0.500000	0.500000	0.047059 
		0.500000	0.500000	0.500000	0.047059 
		0.500000	0.500000	0.500000	0.047059 
		0.500000	0.500000	0.500000	0.047059 
		0.500000	0.500000	0.500000	0.047059 
		0.500000	0.500000	0.500000	0.047059 
		0.500000	0.500000	0.500000	0.047059 
		0.500000	0.500000	0.500000	0.043137 
		0.500000	0.500000	0.500000	0.043137 
		0.500000	0.500000	0.500000	0.047059 
		0.500000	0.500000	0.500000	0.047059 
		0.500000	0.500000	0.500000	0.047059 
		0.500000	0.500000	0.500000	0.047059 
		0.500000	0.500000	0.500000	0.043137 
		0.500000	0.500000	0.500000	0.043137 
		0.500000	0.500000	0.500000	0.043137 
		0.500000	0.500000	0.500000	0.043137 
		0.500000	0.500000	0.500000	0.043137 
		0.500000	0.500000	0.500000	0.043137 
		0.500000	0.500000	0.500000	0.043137 
		0.500000	0.500000	0.500000	0.043137 
		0.500000	0.500000	0.500000	0.043137 
		0.500000	0.500000	0.500000	0.043137 
		0.500000	0.500000	0.500000	0.043137 
		0.500000	0.500000	0.500000	0.043137 
		0.500000	0.500000	0.500000	0.047059 
		0.500000	0.500000	0.500000	0.047059 
		0.500000	0.500000	0.500000	0.047059 
		0.500000	0.500000	0.500000	0.047059 
		0.500000	0.500000	0.500000	0.047059 
		0.500000	0.500000	0.500000	0.047059 
		0.500000	0.500000	0.500000	0.047059 
		0.500000	0.500000	0.500000	0.047059 
		0.500000	0.500000	0.500000	0.047059 
		0.500000	0.500000	0.500000	0.047059 
		0.500000	0.500000	0.500000	0.047059 
		0.500000	0.500000	0.500000	0.047059 
		0.500000	0.500000	0.500000	0.047059 
		0.500000	0.500000	0.500000	0.047059 
		0.500000	0.500000	0.500000	0.047059 
		0.500000	0.500000	0.500000	0.047059 
		0.500000	0.500000	0.500000	0.047059 
		0.500000	0.500000	0.500000	0.047059 
		0.500000	0.500000	0.500000	0.047059 
		0.500000	0.500000	0.500000	0.047059 
		0.500000	0.500000	0.500000	0.047059 
		0.500000	0.500000	0.500000	0.047059 
		0.500000	0.500000	0.500000	0.047059 
		0.500000	0.500000	0.500000	0.047059 
		0.500000	0.500000	0.500000	0.047059 
		0.500000	0.500000	0.500000	0.047059 
		0.500000	0.500000	0.500000	0.047059 
		0.500000	0.500000	0.500000	0.047059 
		0.500000	0.500000	0.500000	0.047059 
		0.500000	0.500000	0.500000	0.047059 
		0.500000	0.500000	0.500000	0.039216 
		0.500000	0.500000	0.500000	0.039216 
		0.500000	0.500000	0.500000	0.039216 
		0.500000	0.500000	0.500000	0.039216 
		0.500000	0.500000	0.500000	0.047059 
		0.500000	0.500000	0.500000	0.047059 
		0.500000	0.500000	0.500000	0.047059 
		0.500000	0.500000	0.500000	0.047059 
		0.500000	0.500000	0.500000	0.039216 
		0.500000	0.500000	0.500000	0.039216 
		0.500000	0.500000	0.500000	0.047059 
		0.500000	0.500000	0.500000	0.047059 
		0.500000	0.500000	0.500000	0.039216 
		0.500000	0.500000	0.500000	0.039216 
		0.500000	0.500000	0.500000	0.047059 
		0.500000	0.500000	0.500000	0.047059 
		0.500000	0.500000	0.500000	0.043137 
		0.500000	0.500000	0.500000	0.043137 
		0.500000	0.500000	0.500000	0.043137 
		0.500000	0.500000	0.500000	0.043137 
		0.500000	0.500000	0.500000	0.043137 
		0.500000	0.463343	0.500000	0.043137 
		0.500000	0.463343	0.500000	0.043137 
		0.500000	0.500000	0.500000	0.043137 
		0.500000	0.463343	0.500000	0.043137 
		0.500000	0.463343	0.500000	0.043137 
		0.500000	0.463343	0.500000	0.043137 
		0.500000	0.463343	0.500000	0.043137 
		0.500000	0.487293	0.500000	0.043137 
		0.500000	0.463343	0.500000	0.043137 
		0.500000	0.463343	0.500000	0.043137 
		0.500000	0.500000	0.500000	0.043137 
		0.500000	0.487293	0.500000	0.043137 
		0.500000	0.463343	0.500000	0.043137 
		0.500000	0.470270	0.500000	0.043137 
		0.500000	0.470270	0.500000	0.043137 
		0.500000	0.476845	0.500000	0.043137 
		0.500000	0.476845	0.500000	0.043137 
		0.500000	0.500000	0.500000	0.043137 
		0.500000	0.476845	0.500000	0.043137 
		0.500000	0.468820	0.500000	0.043137 
		0.500000	0.487293	0.500000	0.043137 
		0.500000	0.500000	0.500000	0.043137 
		0.500000	0.500000	0.500000	0.043137 
		0.500000	0.468820	0.500000	0.043137 
		0.500000	0.476845	0.500000	0.043137 
		0.500000	0.463343	0.500000	0.043137 
		0.500000	0.470270	0.500000	0.043137 
		0.500000	0.470270	0.500000	0.043137 
		0.500000	0.463343	0.500000	0.043137 
		0.500000	0.470270	0.500000	0.043137 
		0.500000	0.470270	0.500000	0.043137 
		0.500000	0.463343	0.500000	0.043137 
		0.500000	0.463343	0.500000	0.043137 
		0.500000	0.487293	0.500000	0.043137 
		0.500000	0.487293	0.500000	0.043137 
		0.500000	0.468820	0.500000	0.043137 
		0.500000	0.468820	0.500000	0.043137 
		0.500000	0.487293	0.500000	0.043137 
		0.500000	0.463343	0.500000	0.043137 
		0.500000	0.463343	0.500000	0.043137 
		0.500000	0.463343	0.500000	0.043137 
		0.500000	0.470270	0.500000	0.043137 
		0.500000	0.470270	0.500000	0.043137 
		0.500000	0.500000	0.500000	0.047059 
		0.500000	0.500000	0.500000	0.047059 
		0.500000	0.500000	0.500000	0.047059 
		0.500000	0.500000	0.500000	0.047059 
		0.500000	0.500000	0.500000	0.047059 
		0.500000	0.500000	0.500000	0.047059 
		0.500000	0.500000	0.500000	0.047059 
		0.500000	0.500000	0.500000	0.047059 
		0.500000	0.500000	0.500000	0.047059 
		0.500000	0.500000	0.500000	0.047059 
		0.500000	0.500000	0.500000	0.047059 
		0.500000	0.500000	0.500000	0.047059 
		0.500000	0.500000	0.500000	0.047059 
		0.500000	0.500000	0.500000	0.047059 
		0.500000	0.500000	0.500000	0.047059 
		0.500000	0.500000	0.500000	0.047059 
		0.500000	0.500000	0.500000	0.047059 
		0.500000	0.500000	0.500000	0.047059 
		0.500000	0.491594	0.500000	0.047059 
		0.500000	0.491594	0.500000	0.047059 
		0.500000	0.481016	0.500000	0.047059 
		0.500000	0.481016	0.500000	0.047059 
		0.500000	0.500000	0.500000	0.047059 
		0.500000	0.500000	0.500000	0.047059 
		0.500000	0.481016	0.500000	0.047059 
		0.500000	0.481016	0.500000	0.047059 
		0.500000	0.500000	0.500000	0.047059 
		0.500000	0.500000	0.500000	0.047059 
		0.500000	0.481016	0.500000	0.047059 
		0.500000	0.481016	0.500000	0.047059 
		0.500000	0.500000	0.500000	0.047059 
		0.500000	0.491594	0.500000	0.047059 
		0.500000	0.491594	0.500000	0.047059 
		0.500000	0.500000	0.500000	0.047059 
		0.500000	0.491594	0.500000	0.047059 
		0.500000	0.500000	0.500000	0.047059 
		0.500000	0.500000	0.500000	0.047059 
		0.500000	0.491594	0.500000	0.047059 
		0.500000	0.500000	0.500000	0.047059 
		0.500000	0.481016	0.500000	0.047059 
		0.500000	0.481016	0.500000	0.047059 
		0.500000	0.500000	0.500000	0.047059 
		0.500000	0.500000	0.500000	0.047059 
		0.500000	0.500000	0.500000	0.047059 
		0.500000	0.500000	0.500000	0.047059 
		0.500000	0.491594	0.500000	0.047059 
		0.500000	0.491594	0.500000	0.047059 
		0.500000	0.500000	0.500000	0.047059 
		0.500000	0.500000	0.500000	0.027451 
		0.500000	0.500000	0.500000	0.027451 
		0.500000	0.500000	0.500000	0.027451 
		0.500000	0.500000	0.500000	0.027451 
		0.500000	0.500000	0.456592	0.027451 
		0.500000	0.500000	0.431849	0.027451 
		0.459306	0.500000	0.500000	0.023529 
		0.479430	0.505611	0.480936	0.026471 
		0.500000	0.500000	0.500000	0.027451 
		0.500000	0.500000	0.500000	0.027451 
		0.500000	0.500000	0.500000	0.027451 
		0.500000	0.500000	0.500000	0.027451 
		0.459306	0.500000	0.500000	0.023529 
		0.500000	0.500000	0.500000	0.027451 
		0.500000	0.500000	0.500000	0.023529 
		0.459306	0.500000	0.500000	0.023529 
		0.500000	0.500000	0.500000	0.023529 
		0.500000	0.500000	0.500000	0.023529 
		0.500000	0.500000	0.500000	0.023529 
		0.441560	0.500000	0.500000	0.023529 
		0.500000	0.417197	0.500000	0.043137 
		0.500272	0.426575	0.500620	0.044444 
		0.500000	0.500000	0.500000	0.027451 
		0.421898	0.500000	0.500000	0.015686 
		0.500000	0.474617	0.500000	0.043137 
		0.500000	0.417197	0.500000	0.043137 
		0.421898	0.500000	0.500000	0.015686 
		0.500000	0.500000	0.500000	0.007843 
		0.500000	0.500000	0.500000	0.035294 
		0.500000	0.476185	0.500000	0.035294 
		0.500000	0.417419	0.500000	0.039216 
		0.500000	0.436200	0.500000	0.035294 
		0.500000	0.500000	0.500000	0.007843 
		0.500000	0.500000	0.500000	0.011765 
		0.500000	0.500000	0.500000	0.035294 
		0.500000	0.500000	0.500000	0.007843 
		0.500000	0.500000	0.500000	0.007843 
		0.500000	0.500000	0.500000	0.007843 
		0.500000	0.500000	0.500000	0.007843 
		0.500000	0.500000	0.500000	0.007843 
		0.500000	0.500000	0.500000	0.007843 
		0.500000	0.500000	0.500000	0.007843 
		0.457235	0.500000	0.506458	0.007843 
		0.500000	0.500000	0.500000	0.007843 
		0.500000	0.500000	0.500000	0.007843 
		0.457235	0.500000	0.506458	0.007843 
		0.432269	0.500000	0.547549	0.007843 
		0.434083	0.500000	0.550626	0.007843 
		0.500000	0.500000	0.500000	0.007843 
		0.500000	0.500000	0.500000	0.007843 
		0.458465	0.500000	0.558130	0.007843 
		0.432269	0.500000	0.547549	0.007843 
		0.500000	0.500000	0.500000	0.007843 
		0.458352	0.500000	0.560131	0.007843 
		0.434083	0.500000	0.550626	0.007843 
		0.380554	0.500000	0.500000	0.007843 
		0.454255	0.500000	0.500000	0.015686 
		0.427965	0.500000	0.500000	0.015686 
		0.442378	0.500000	0.500000	0.007843 
		0.433533	0.500000	0.500000	0.015686 
		0.442378	0.500000	0.500000	0.007843 
		0.464340	0.500000	0.500000	0.007843 
		0.500000	0.500000	0.500000	0.016176 
		0.454255	0.500000	0.500000	0.015686 
		0.380554	0.500000	0.500000	0.007843 
		0.500000	0.500000	0.500000	0.007843 
		0.421898	0.500000	0.500000	0.015686 
		0.380554	0.500000	0.500000	0.007843 
		0.442378	0.500000	0.500000	0.007843 
		0.416199	0.500000	0.500000	0.007843 
		0.500000	0.522025	0.514969	0.000980 
		0.500000	0.500000	0.500000	0.000000 
		0.461895	0.523847	0.500000	0.000000 
		0.535020	0.458002	0.500000	0.000000 
		0.500000	0.500000	0.500000	0.000000 
		0.542217	0.500000	0.500000	0.000000 
		0.500000	0.500000	0.500000	0.000000 
		0.461237	0.506018	0.522370	0.000000 
		0.500000	0.500000	0.500000	0.000000 
		0.500000	0.500000	0.500000	0.007843 
		0.500000	0.432303	0.500000	0.000000 
		0.500000	0.529250	0.505770	0.000000 
		0.500000	0.500000	0.500000	0.000000 
		0.500000	0.500000	0.500000	0.000000 
		0.500000	0.455757	0.500000	0.039216 
		0.500000	0.491578	0.500000	0.035294 
		0.500000	0.417197	0.500000	0.043137 
		0.500000	0.417197	0.500000	0.043137 
		0.501859	0.485794	0.500184	0.043137 
		0.500000	0.436200	0.500000	0.035294 
		0.500000	0.491578	0.500000	0.035294 
		0.500000	0.417197	0.500000	0.043137 
		0.500000	0.500000	0.500000	0.035294 
		0.500000	0.500000	0.500000	0.007843 
		0.500000	0.500000	0.500000	0.007843 
		0.459306	0.500000	0.500000	0.023529 
		0.501859	0.485794	0.500184	0.043137 
		0.500000	0.476449	0.500000	0.047059 
		0.459306	0.500000	0.500000	0.023529 
		0.421898	0.500000	0.500000	0.015686 
		0.500000	0.500000	0.500000	0.023529 
		0.500000	0.500000	0.500000	0.023529 
		0.459306	0.500000	0.500000	0.023529 
		0.459306	0.500000	0.500000	0.023529 
		0.471489	0.577027	0.500000	0.015686 
		0.419344	0.560826	0.500000	0.023529 
		0.419344	0.560826	0.500000	0.023529 
		0.471489	0.577027	0.500000	0.015686 
		0.500000	0.500000	0.500000	0.023529 
		0.500000	0.500000	0.500000	0.016176 
		0.500000	0.500000	0.500000	0.023529 
		0.419344	0.560826	0.500000	0.023529 
		0.459555	0.628740	0.552265	0.023529 
		0.471489	0.590230	0.457928	0.019314 
		0.440466	0.500000	0.500000	0.015686 
		0.454255	0.500000	0.500000	0.015686 
		0.471489	0.590230	0.457928	0.019314 
		0.427965	0.500000	0.500000	0.015686 
		0.454255	0.500000	0.500000	0.015686 
		0.440466	0.500000	0.500000	0.015686 
		0.440466	0.500000	0.500000	0.015686 
		0.459555	0.628740	0.552265	0.023529 
		0.441560	0.500000	0.500000	0.023529 
		0.427965	0.500000	0.500000	0.015686 
		0.500000	0.500000	0.500000	0.007843 
		0.500000	0.500000	0.500000	0.007843 
		0.421898	0.500000	0.500000	0.015686 
		0.500000	0.500000	0.500000	0.007843 
		0.500000	0.500000	0.500000	0.007843 
		0.500000	0.436200	0.500000	0.035294 
		0.500000	0.500000	0.431849	0.027451 
		0.500000	0.500000	0.431849	0.027451 
		0.436866	0.500000	0.500000	0.023529 
		0.441560	0.500000	0.500000	0.023529 
		0.441560	0.500000	0.500000	0.023529 
		0.436866	0.500000	0.500000	0.023529 
		0.413021	0.500000	0.500000	0.023529 
		0.441560	0.500000	0.500000	0.023529 
		0.500000	0.500000	0.456592	0.027451 
		0.500000	0.500000	0.431849	0.027451 
		0.500000	0.500000	0.456592	0.027451 
		0.441560	0.500000	0.500000	0.023529 
		0.500000	0.500000	0.437341	0.027451 
		0.532961	0.517438	0.442531	0.027451 
		0.500000	0.500000	0.437341	0.027451 
		0.500000	0.500000	0.437341	0.027451 
		0.532961	0.517438	0.442531	0.027451 
		0.533326	0.519534	0.449821	0.027451 
		0.500000	0.500000	0.420750	0.027451 
		0.539475	0.533863	0.441942	0.027451 
		0.405083	0.500000	0.555398	0.023529 
		0.459555	0.628740	0.552265	0.023529 
		0.370797	0.500000	0.527593	0.023529 
		0.433378	0.500000	0.500000	0.023529 
		0.433378	0.500000	0.500000	0.023529 
		0.370797	0.500000	0.527593	0.023529 
		0.370797	0.500000	0.527593	0.023529 
		0.433378	0.500000	0.500000	0.023529 
		0.460872	0.500000	0.438780	0.023529 
		0.460872	0.500000	0.482247	0.023529 
		0.460872	0.500000	0.482247	0.023529 
		0.460872	0.500000	0.438780	0.023529 
		0.500000	0.500000	0.431849	0.027451 
		0.500000	0.500000	0.437341	0.027451 
		0.500000	0.500000	0.420750	0.027451 
		0.460872	0.500000	0.438780	0.023529 
		0.460872	0.500000	0.482247	0.023529 
		0.460872	0.500000	0.482247	0.023529 
		0.460872	0.500000	0.482247	0.023529 
		0.460872	0.500000	0.482247	0.023529 
		0.460872	0.500000	0.438780	0.023529 
		0.500000	0.500000	0.431849	0.027451 
		0.500000	0.500000	0.431849	0.027451 
		0.500000	0.526364	0.445704	0.027451 
		0.500000	0.500000	0.420750	0.027451 
		0.539475	0.533863	0.441942	0.027451 
		0.500000	0.500000	0.437341	0.027451 
		0.500000	0.500000	0.420750	0.027451 
		0.500000	0.500000	0.437341	0.027451 
		0.500000	0.500000	0.437341	0.027451 
		0.500000	0.500000	0.437341	0.027451 
		0.460872	0.500000	0.438780	0.023529 
		0.433533	0.500000	0.500000	0.015686 
		0.427965	0.500000	0.500000	0.015686 
		0.427965	0.500000	0.500000	0.015686 
		0.433533	0.500000	0.500000	0.015686 
		0.440466	0.500000	0.500000	0.015686 
		0.457477	0.500000	0.500000	0.015686 
		0.442378	0.500000	0.500000	0.007843 
		0.416199	0.500000	0.500000	0.007843 
		0.442378	0.500000	0.500000	0.007843 
		0.416199	0.500000	0.500000	0.007843 
		0.500000	0.500000	0.500000	0.000000 
		0.500000	0.500000	0.500000	0.000000 
		0.500000	0.525561	0.500000	0.000000 
		0.500000	0.525561	0.500000	0.000000 
		0.500000	0.529250	0.505770	0.000000 
		0.500000	0.500000	0.500000	0.000000 
		0.491340	0.500000	0.510352	0.000000 
		0.495732	0.500000	0.516881	0.000000 
		0.500000	0.500000	0.500000	0.000000 
		0.472032	0.500000	0.520957	0.000000 
		0.495732	0.500000	0.516881	0.000000 
		0.491340	0.500000	0.510352	0.000000 
		0.477654	0.500000	0.524255	0.000000 
		0.500000	0.500000	0.631726	0.000000 
		0.500000	0.500000	0.606344	0.000000 
		0.500000	0.549667	0.500000	0.000000 
		0.500000	0.543407	0.515904	0.000000 
		0.500000	0.500000	0.500000	0.000000 
		0.467490	0.506748	0.526076	0.000000 
		0.495732	0.500000	0.516881	0.000000 
		0.472032	0.500000	0.520957	0.000000 
		0.473844	0.492276	0.522477	0.000000 
		0.467490	0.506748	0.526076	0.000000 
		0.461237	0.506018	0.522370	0.000000 
		0.453781	0.493481	0.531165	0.000000 
		0.461237	0.506018	0.522370	0.000000 
		0.500000	0.527909	0.595375	0.000000 
		0.500000	0.527909	0.595375	0.000000 
		0.495732	0.500000	0.516881	0.000000 
		0.500000	0.527909	0.595375	0.000000 
		0.500000	0.527909	0.595375	0.000000 
		0.500000	0.500000	0.631726	0.000000 
		0.500000	0.543407	0.515904	0.000000 
		0.500000	0.500000	0.543350	0.000000 
		0.500000	0.500000	0.631726	0.000000 
		0.500000	0.500000	0.631726	0.000000 
		0.500000	0.500000	0.534941	0.000000 
		0.500000	0.500000	0.500000	0.003922 
		0.500000	0.500000	0.500000	0.003922 
		0.500000	0.500000	0.534941	0.000000 
		0.496699	0.500000	0.535474	0.000000 
		0.500000	0.500000	0.534941	0.000000 
		0.500000	0.527909	0.595375	0.000000 
		0.500000	0.527909	0.595375	0.000000 
		0.500000	0.500000	0.631726	0.000000 
		0.500000	0.500000	0.631726	0.000000 
		0.472032	0.500000	0.520957	0.000000 
		0.472032	0.500000	0.520957	0.000000 
		0.495732	0.500000	0.516881	0.000000 
		0.495732	0.500000	0.516881	0.000000 
		0.500000	0.500000	0.500000	0.000000 
		0.495732	0.500000	0.516881	0.000000 
		0.495732	0.500000	0.516881	0.000000 
		0.500000	0.500000	0.500000	0.000000 
		0.500000	0.500000	0.631726	0.000000 
		0.500000	0.527909	0.595375	0.000000 
		0.500000	0.500000	0.500000	0.003922 
		0.500000	0.500000	0.534941	0.000000 
		0.500000	0.500000	0.534941	0.000000 
		0.500000	0.500000	0.500000	0.007843 
		0.500000	0.432303	0.500000	0.000000 
		0.500000	0.500000	0.500000	0.007843 
		0.500000	0.432303	0.500000	0.000000 
		0.500000	0.500000	0.500000	0.007843 
		0.500000	0.500000	0.500000	0.007843 
		0.500000	0.432303	0.500000	0.000000 
		0.500000	0.500000	0.500000	0.000000 
		0.500000	0.500000	0.500000	0.000000 
		0.496699	0.500000	0.535474	0.000000 
		0.500000	0.500000	0.500000	0.000000 
		0.500000	0.432303	0.500000	0.000000 
		0.500000	0.500000	0.500000	0.007843 
		0.500000	0.432303	0.500000	0.000000 
		0.500000	0.500000	0.534941	0.000000 
		0.500000	0.500000	0.500000	0.000000 
		0.500000	0.500000	0.500000	0.000000 
		0.496699	0.500000	0.535474	0.000000 
		0.500000	0.500000	0.500000	0.001471 
		0.500000	0.432303	0.500000	0.000000 
		0.500000	0.500000	0.500000	0.000000 
		0.500000	0.500000	0.500000	0.003922 
		0.500000	0.500000	0.500000	0.003922 
		0.500000	0.500000	0.534941	0.000000 
		0.500000	0.500000	0.500000	0.011765 
		0.500000	0.500000	0.500000	0.007843 
		0.500000	0.500000	0.428614	0.027451 
		0.500000	0.500000	0.399535	0.027451 
		0.500000	0.500000	0.344904	0.027451 
		0.602506	0.484767	0.477190	0.023529 
		0.500000	0.500000	0.428614	0.027451 
		0.589253	0.488189	0.489625	0.026471 
		0.500000	0.500000	0.428614	0.027451 
		0.577723	0.496024	0.495187	0.023529 
		0.500000	0.500000	0.428614	0.027451 
		0.577723	0.496024	0.495187	0.023529 
		0.500000	0.500000	0.500000	0.023529 
		0.500000	0.500000	0.500000	0.023529 
		0.500000	0.500000	0.500000	0.023529 
		0.500000	0.500000	0.500000	0.023529 
		0.500000	0.500000	0.444901	0.023529 
		0.500000	0.490724	0.500000	0.043137 
		0.609734	0.522729	0.506352	0.015686 
		0.488660	0.476397	0.471231	0.043137 
		0.501159	0.475080	0.502127	0.043137 
		0.498403	0.512269	0.503568	0.015686 
		0.517778	0.505093	0.516946	0.007843 
		0.609734	0.522729	0.506352	0.015686 
		0.517297	0.491421	0.493671	0.035294 
		0.537724	0.461401	0.487209	0.035294 
		0.506571	0.499084	0.426753	0.007843 
		0.528447	0.442457	0.498194	0.035294 
		0.517297	0.491421	0.493671	0.035294 
		0.517591	0.512921	0.482326	0.007843 
		0.517778	0.505093	0.516946	0.007843 
		0.559668	0.510058	0.510522	0.007843 
		0.557562	0.513453	0.513043	0.007843 
		0.540101	0.511426	0.508330	0.007843 
		0.517591	0.512921	0.482326	0.007843 
		0.542708	0.514729	0.464322	0.007843 
		0.517778	0.505093	0.516946	0.007843 
		0.540101	0.511426	0.508330	0.007843 
		0.542708	0.514729	0.464322	0.007843 
		0.517591	0.512921	0.482326	0.007843 
		0.560901	0.545896	0.369161	0.007843 
		0.535876	0.542943	0.360802	0.007843 
		0.517778	0.505093	0.516946	0.007843 
		0.535876	0.542943	0.360802	0.007843 
		0.615905	0.542285	0.382621	0.007843 
		0.557562	0.513453	0.513043	0.007843 
		0.624178	0.541321	0.382036	0.007843 
		0.560901	0.545896	0.369161	0.007843 
		0.606409	0.496838	0.519549	0.007843 
		0.601284	0.511127	0.513851	0.007843 
		0.522981	0.482680	0.499224	0.015686 
		0.567483	0.496369	0.496545	0.015686 
		0.586061	0.498617	0.516470	0.007843 
		0.508100	0.504695	0.501928	0.015686 
		0.583567	0.496270	0.516579	0.007843 
		0.606409	0.496838	0.519549	0.007843 
		0.567483	0.496369	0.496545	0.015686 
		0.573724	0.491788	0.505883	0.016176 
		0.609734	0.522729	0.506352	0.015686 
		0.557562	0.513453	0.513043	0.007843 
		0.606409	0.496838	0.519549	0.007843 
		0.527021	0.549726	0.449860	0.000490 
		0.585631	0.495833	0.504823	0.007843 
		0.601284	0.511127	0.513851	0.007843 
		0.559110	0.482601	0.497936	0.000000 
		0.527098	0.512634	0.474970	0.000000 
		0.532878	0.494099	0.513498	0.000000 
		0.473560	0.500000	0.500000	0.000000 
		0.529800	0.509114	0.526029	0.000000 
		0.500000	0.500000	0.508091	0.000000 
		0.500000	0.516392	0.526701	0.000000 
		0.500000	0.500000	0.500000	0.000000 
		0.559668	0.510058	0.510522	0.007843 
		0.500000	0.549667	0.500000	0.000000 
		0.513055	0.493590	0.507864	0.000000 
		0.500000	0.516740	0.500000	0.000000 
		0.500000	0.500000	0.508091	0.000000 
		0.499959	0.454910	0.499544	0.035294 
		0.498471	0.477444	0.500433	0.043137 
		0.498471	0.477444	0.500433	0.043137 
		0.500296	0.472697	0.500856	0.043137 
		0.499959	0.454910	0.499544	0.035294 
		0.528447	0.442457	0.498194	0.035294 
		0.500000	0.490724	0.500000	0.043137 
		0.533226	0.503182	0.504927	0.007843 
		0.517297	0.491421	0.493671	0.035294 
		0.559668	0.510058	0.510522	0.007843 
		0.602506	0.484767	0.477190	0.023529 
		0.500296	0.472697	0.500856	0.043137 
		0.577723	0.496024	0.495187	0.023529 
		0.500012	0.513427	0.502972	0.015686 
		0.500000	0.500000	0.500000	0.023529 
		0.577723	0.496024	0.495187	0.023529 
		0.582927	0.500000	0.500000	0.023529 
		0.500000	0.500000	0.500000	0.023529 
		0.500410	0.509620	0.506439	0.015686 
		0.541503	0.504656	0.502266	0.015686 
		0.601029	0.500228	0.498994	0.023529 
		0.558043	0.500495	0.497890	0.023529 
		0.500000	0.500000	0.500000	0.023529 
		0.573724	0.491788	0.505883	0.016176 
		0.500000	0.500000	0.500000	0.023529 
		0.558043	0.500495	0.497890	0.023529 
		0.531972	0.505871	0.473928	0.023529 
		0.541751	0.506590	0.488488	0.019314 
		0.541751	0.506590	0.488488	0.019314 
		0.567483	0.496369	0.496545	0.015686 
		0.504855	0.497687	0.435062	0.015686 
		0.511802	0.483615	0.493448	0.015686 
		0.493475	0.505221	0.450318	0.015686 
		0.504855	0.497687	0.435062	0.015686 
		0.567483	0.496369	0.496545	0.015686 
		0.500000	0.500000	0.500000	0.023529 
		0.500000	0.500000	0.444901	0.023529 
		0.522981	0.482680	0.499224	0.015686 
		0.557562	0.513453	0.513043	0.007843 
		0.609734	0.522729	0.506352	0.015686 
		0.517778	0.505093	0.516946	0.007843 
		0.533226	0.503182	0.504927	0.007843 
		0.528447	0.442457	0.498194	0.035294 
		0.506571	0.499084	0.426753	0.007843 
		0.500000	0.500000	0.344904	0.027451 
		0.500000	0.500000	0.426125	0.023529 
		0.500000	0.500000	0.381765	0.023529 
		0.500000	0.500000	0.380763	0.027451 
		0.500000	0.500000	0.426125	0.023529 
		0.500000	0.500000	0.444901	0.023529 
		0.500000	0.500000	0.381765	0.023529 
		0.500000	0.500000	0.381765	0.023529 
		0.500000	0.500000	0.344904	0.027451 
		0.500000	0.500000	0.444901	0.023529 
		0.477717	0.500000	0.500000	0.023529 
		0.500000	0.500000	0.500000	0.023529 
		0.498731	0.500000	0.500000	0.023529 
		0.530045	0.500000	0.381765	0.023529 
		0.485022	0.500000	0.364566	0.023529 
		0.530045	0.500000	0.381765	0.023529 
		0.498731	0.500000	0.500000	0.023529 
		0.477717	0.500000	0.500000	0.023529 
		0.500000	0.500000	0.371275	0.023529 
		0.500000	0.500000	0.371275	0.023529 
		0.530045	0.500000	0.381765	0.023529 
		0.485022	0.500000	0.364566	0.023529 
		0.500000	0.500000	0.393459	0.027451 
		0.539475	0.533863	0.441942	0.027451 
		0.546798	0.503092	0.438730	0.027451 
		0.500000	0.500000	0.371275	0.023529 
		0.530045	0.500000	0.381765	0.023529 
		0.485022	0.500000	0.364566	0.023529 
		0.530045	0.500000	0.381765	0.023529 
		0.530045	0.500000	0.381765	0.023529 
		0.500000	0.500000	0.371275	0.023529 
		0.500000	0.500000	0.393459	0.027451 
		0.500000	0.500000	0.393459	0.027451 
		0.533326	0.519534	0.449821	0.027451 
		0.532961	0.517438	0.442531	0.027451 
		0.546798	0.503092	0.438730	0.027451 
		0.539475	0.533863	0.441942	0.027451 
		0.532961	0.517438	0.442531	0.027451 
		0.500000	0.500000	0.441310	0.027451 
		0.500000	0.500000	0.393459	0.027451 
		0.500000	0.500000	0.371275	0.023529 
		0.500000	0.500000	0.441310	0.027451 
		0.508100	0.504695	0.501928	0.015686 
		0.524004	0.531095	0.503174	0.015686 
		0.511802	0.483615	0.493448	0.015686 
		0.522981	0.482680	0.499224	0.015686 
		0.505566	0.498189	0.447772	0.015686 
		0.493475	0.505221	0.450318	0.015686 
		0.586061	0.498617	0.516470	0.007843 
		0.571615	0.498696	0.508215	0.007843 
		0.601284	0.511127	0.513851	0.007843 
		0.585631	0.495833	0.504823	0.007843 
		0.547250	0.514657	0.528675	0.000000 
		0.545825	0.465165	0.483950	0.000000 
		0.532368	0.500000	0.500000	0.000000 
		0.513055	0.493590	0.507864	0.000000 
		0.500000	0.500000	0.500000	0.000000 
		0.556365	0.509045	0.502621	0.000000 
		0.547250	0.514657	0.528675	0.000000 
		0.532368	0.500000	0.500000	0.000000 
		0.532368	0.500000	0.500000	0.000000 
		0.515335	0.500000	0.525447	0.000000 
		0.515335	0.500000	0.525447	0.000000 
		0.532368	0.500000	0.500000	0.000000 
		0.532368	0.500000	0.500000	0.000000 
		0.500000	0.500000	0.500000	0.000000 
		0.500000	0.500000	0.500000	0.000000 
		0.500000	0.500000	0.532923	0.000000 
		0.534946	0.500000	0.535369	0.000000 
		0.532368	0.500000	0.500000	0.000000 
		0.500000	0.516392	0.526701	0.000000 
		0.500000	0.500000	0.500000	0.000000 
		0.500000	0.516392	0.526701	0.000000 
		0.500000	0.500000	0.532923	0.000000 
		0.500000	0.500000	0.543350	0.000000 
		0.500000	0.500000	0.543350	0.000000 
		0.532368	0.500000	0.500000	0.000000 
		0.500000	0.500000	0.543350	0.000000 
		0.500000	0.543407	0.515904	0.000000 
		0.500000	0.543407	0.515904	0.000000 
		0.525141	0.500000	0.520483	0.000000 
		0.500000	0.500000	0.541135	0.000000 
		0.500000	0.500000	0.541135	0.000000 
		0.525141	0.500000	0.520483	0.000000 
		0.500000	0.500000	0.543350	0.000000 
		0.500000	0.500000	0.543350	0.000000 
		0.500000	0.543407	0.515904	0.000000 
		0.515335	0.500000	0.525447	0.000000 
		0.534946	0.500000	0.535369	0.000000 
		0.500000	0.543407	0.515904	0.000000 
		0.532368	0.500000	0.500000	0.000000 
		0.532368	0.500000	0.500000	0.000000 
		0.547250	0.514657	0.528675	0.000000 
		0.532368	0.500000	0.500000	0.000000 
		0.532368	0.500000	0.500000	0.000000 
		0.532368	0.500000	0.500000	0.000000 
		0.500000	0.543407	0.515904	0.000000 
		0.500000	0.500000	0.543350	0.000000 
		0.525141	0.500000	0.520483	0.000000 
		0.525141	0.500000	0.520483	0.000000 
		0.559668	0.510058	0.510522	0.007843 
		0.533226	0.503182	0.504927	0.007843 
		0.500000	0.549667	0.500000	0.000000 
		0.500000	0.534742	0.500000	0.000000 
		0.500000	0.549667	0.500000	0.000000 
		0.533226	0.503182	0.504927	0.007843 
		0.506571	0.499084	0.426753	0.007843 
		0.500000	0.500000	0.521861	0.000000 
		0.500000	0.516740	0.500000	0.000000 
		0.500000	0.500000	0.541135	0.000000 
		0.500000	0.500000	0.508091	0.000000 
		0.500000	0.534742	0.500000	0.000000 
		0.500000	0.534742	0.500000	0.000000 
		0.506571	0.499084	0.426753	0.007843 
		0.500000	0.500000	0.541135	0.000000 
		0.500000	0.500000	0.541135	0.000000 
		0.500000	0.500000	0.521861	0.000000 
		0.500000	0.500000	0.521861	0.000000 
		0.500000	0.534742	0.500000	0.000000 
		0.506571	0.499084	0.426753	0.007843 
		0.500000	0.500000	0.521861	0.000000 
		0.500000	0.500000	0.541135	0.000000 
		0.534198	0.496958	0.455542	0.027451 
		0.529863	0.493192	0.456045	0.027451 
		0.501396	0.540371	0.498547	0.054902 
		0.504910	0.543459	0.499362	0.054902 
		0.504543	0.517675	0.501913	0.054902 
		0.516176	0.477251	0.501082	0.027451 
		0.534198	0.496958	0.455542	0.027451 
		0.504910	0.543459	0.499362	0.054902 
		0.529863	0.493192	0.456045	0.027451 
		0.516176	0.477251	0.501082	0.027451 
		0.504543	0.517675	0.501913	0.054902 
		0.501396	0.540371	0.498547	0.054902 
		0.539764	0.528823	0.477568	0.050980 
		0.515336	0.528823	0.477568	0.050980 
		0.515336	0.528823	0.477568	0.050980 
		0.539764	0.528823	0.477568	0.050980 
		0.559961	0.528823	0.477568	0.050980 
		0.559961	0.528823	0.477568	0.050980 
		0.559961	0.528823	0.477568	0.050980 
		0.559961	0.528823	0.477568	0.050980 
		0.559961	0.528823	0.477568	0.050980 
		0.559961	0.528823	0.477568	0.050980 
		0.539764	0.528823	0.477568	0.050980 
		0.539764	0.528823	0.477568	0.050980 
		0.515336	0.528823	0.477568	0.050980 
		0.515336	0.528823	0.477568	0.050980 
		0.539764	0.528823	0.477568	0.050980 
		0.539764	0.528823	0.477568	0.050980 
		0.515336	0.528823	0.477568	0.050980 
		0.515336	0.528823	0.477568	0.050980 
		0.559961	0.528823	0.477568	0.050980 
		0.559961	0.528823	0.477568	0.050980 
		0.559961	0.528823	0.477568	0.050980 
		0.559961	0.528823	0.477568	0.050980 
		0.559961	0.528823	0.477568	0.050980 
		0.539764	0.528823	0.477568	0.050980 
		0.559961	0.528823	0.477568	0.050980 
		0.539764	0.528823	0.477568	0.050980 
		0.515336	0.528823	0.477568	0.050980 
		0.515336	0.528823	0.477568	0.050980 
		0.550876	0.528823	0.477568	0.050980 
		0.515336	0.528823	0.477568	0.050980 
		0.451290	0.453357	0.484246	0.050980 
		0.451290	0.453357	0.484246	0.050980 
		0.559961	0.528823	0.477568	0.050980 
		0.471030	0.453357	0.484246	0.050980 
		0.515336	0.528823	0.477568	0.050980 
		0.559961	0.528823	0.477568	0.050980 
		0.471030	0.453357	0.484246	0.050980 
		0.451290	0.453357	0.484246	0.050980 
		0.515336	0.528823	0.477568	0.050980 
		0.515336	0.528823	0.477568	0.050980 
		0.515336	0.528823	0.477568	0.050980 
		0.515336	0.528823	0.477568	0.050980 
		0.492074	0.492289	0.519616	0.027451 
		0.525092	0.507463	0.513257	0.054902 
		0.525092	0.507463	0.513257	0.054902 
		0.487035	0.493296	0.520317	0.027451 
		0.529045	0.465688	0.512994	0.054902 
		0.525092	0.507463	0.513257	0.054902 
		0.492074	0.492289	0.519616	0.027451 
		0.473778	0.479540	0.507214	0.027451 
		0.487035	0.493296	0.520317	0.027451 
		0.525092	0.507463	0.513257	0.054902 
		0.529045	0.465688	0.512994	0.054902 
		0.473778	0.479540	0.507214	0.027451 
		0.451290	0.453357	0.484246	0.050980 
		0.451290	0.453357	0.484246	0.050980 
		0.451290	0.453357	0.484246	0.050980 
		0.451290	0.453357	0.484246	0.050980 
		0.451290	0.453357	0.484246	0.050980 
		0.451290	0.453357	0.484246	0.050980 
		0.471030	0.453357	0.484246	0.050980 
		0.471030	0.453357	0.484246	0.050980 
		0.471030	0.453357	0.484246	0.050980 
		0.471030	0.453357	0.484246	0.050980 
		0.471030	0.453357	0.484246	0.050980 
		0.471030	0.453357	0.484246	0.050980 
		0.471030	0.453357	0.484246	0.050980 
		0.471030	0.453357	0.484246	0.050980 
		0.451290	0.453357	0.484246	0.050980 
		0.451290	0.453357	0.484246	0.050980 
		0.471030	0.453357	0.484246	0.050980 
		0.471030	0.453357	0.484246	0.050980 
		0.471030	0.453357	0.484246	0.050980 
		0.471030	0.453357	0.484246	0.050980 
		0.451290	0.453357	0.484246	0.050980 
		0.471030	0.453357	0.484246	0.050980 
		0.471030	0.453357	0.484246	0.050980 
		0.471030	0.453357	0.484246	0.050980 
		0.451290	0.453357	0.484246	0.050980 
		0.451290	0.453357	0.484246	0.050980 
		0.471030	0.453357	0.484246	0.050980 
		0.451290	0.453357	0.484246	0.050980 
		0.471030	0.453357	0.484246	0.050980 
		0.471030	0.453357	0.484246	0.050980 
		0.451290	0.453357	0.484246	0.050980 
		0.451290	0.453357	0.484246	0.050980 
		0.500000	0.500000	0.441310	0.027451 
		0.500000	0.500000	0.441310	0.027451 
		0.500000	0.500000	0.441310	0.027451 
		0.500000	0.500000	0.441310	0.027451 
		0.500000	0.500000	0.441310	0.027451 
		0.500000	0.500000	0.441310	0.027451 
		0.500000	0.500000	0.441310	0.027451 
		0.500000	0.500000	0.441310	0.027451 
		0.500000	0.500000	0.441310	0.027451 
		0.500000	0.500000	0.441310	0.027451 
		0.500000	0.500000	0.441310	0.027451 
		0.500000	0.500000	0.441310	0.027451 
		0.500000	0.500000	0.441310	0.027451 
		0.500000	0.500000	0.441310	0.027451 
		0.500000	0.500000	0.441310	0.027451 
		0.500000	0.500000	0.441310	0.027451 
		0.500000	0.500000	0.441310	0.027451 
		0.500000	0.500000	0.441310	0.027451 
		0.500000	0.500000	0.441310	0.027451 
		0.500000	0.500000	0.441310	0.027451 
		0.500000	0.500000	0.441310	0.027451 
		0.500000	0.500000	0.441310	0.027451 
		0.500000	0.500000	0.441310	0.027451 
		0.500000	0.500000	0.441310	0.027451 
		0.500000	0.500000	0.441310	0.027451 
		0.500000	0.500000	0.441310	0.027451 
		0.500000	0.500000	0.441310	0.027451 
		0.500000	0.500000	0.441310	0.027451 
		0.500000	0.500000	0.441310	0.027451 
		0.500000	0.500000	0.441310	0.027451 
		0.500000	0.500000	0.441310	0.027451 
		0.500000	0.500000	0.441310	0.027451 
		0.500000	0.500000	0.441310	0.027451 
		0.500000	0.500000	0.441310	0.027451 
		0.500000	0.500000	0.441310	0.027451 
		0.500000	0.500000	0.441310	0.027451 
		0.500000	0.500000	0.441310	0.027451 
		0.500000	0.500000	0.441310	0.027451 
		0.500000	0.500000	0.441310	0.027451 
		0.500000	0.500000	0.441310	0.027451 
		0.500000	0.500000	0.441310	0.027451 
		0.500000	0.500000	0.441310	0.027451 
		0.500000	0.500000	0.441310	0.027451 
		0.500000	0.500000	0.441310	0.027451 
		0.500000	0.500000	0.441310	0.027451 
		0.500000	0.500000	0.441310	0.027451 
		0.500000	0.500000	0.441310	0.027451 
		0.500000	0.500000	0.441310	0.027451 
		0.500000	0.500000	0.441310	0.027451 
		0.500000	0.500000	0.441310	0.027451 
		0.500000	0.500000	0.441310	0.027451 
		0.500000	0.500000	0.441310	0.027451 
		0.500000	0.500000	0.441310	0.027451 
		0.500000	0.500000	0.441310	0.027451 
		0.500000	0.500000	0.441310	0.027451 
		0.500000	0.500000	0.441310	0.027451 
		0.500000	0.500000	0.441310	0.027451 
		0.500000	0.500000	0.441310	0.027451 
		0.500000	0.500000	0.441310	0.027451 
		0.500000	0.500000	0.441310	0.027451 
		0.500000	0.500000	0.441310	0.027451 
		0.500000	0.500000	0.441310	0.027451 
		0.500000	0.500000	0.441310	0.027451 
		0.500000	0.500000	0.441310	0.027451 
		0.500000	0.500000	0.441310	0.027451 
		0.500000	0.500000	0.441310	0.027451 
		0.500000	0.500000	0.441310	0.027451 
		0.500000	0.500000	0.441310	0.027451 
		0.500000	0.500000	0.441310	0.027451 
		0.500000	0.500000	0.441310	0.027451 
		0.500000	0.500000	0.441310	0.027451 
		0.500000	0.500000	0.441310	0.027451 
		0.500000	0.500000	0.441310	0.027451 
		0.500000	0.500000	0.441310	0.027451 
		0.500000	0.500000	0.441310	0.027451 
		0.500000	0.500000	0.441310	0.027451 
		0.500000	0.500000	0.441310	0.027451 
		0.500000	0.500000	0.441310	0.027451 
		0.500000	0.500000	0.441310	0.027451 
		0.500000	0.500000	0.441310	0.027451 
		0.500000	0.500000	0.441310	0.027451 
		0.500000	0.500000	0.441310	0.027451 
		0.500000	0.500000	0.441310	0.027451 
		0.500000	0.500000	0.441310	0.027451 
		0.500000	0.500000	0.441310	0.027451 
		0.500000	0.500000	0.441310	0.027451 
		0.500000	0.500000	0.441310	0.027451 
		0.500000	0.500000	0.441310	0.027451 
		0.500000	0.500000	0.441310	0.027451 
		0.500000	0.500000	0.441310	0.027451 
		0.500000	0.500000	0.441310	0.027451 
		0.500000	0.500000	0.441310	0.027451 
		0.500000	0.500000	0.441310	0.027451 
		0.500000	0.500000	0.441310	0.027451 
		0.500000	0.500000	0.441310	0.027451 
		0.500000	0.500000	0.441310	0.027451 
		0.500000	0.500000	0.500000	0.007843 
		0.500000	0.500000	0.500000	0.000000 
		0.500000	0.500000	0.500000	0.000000 
		0.461895	0.523847	0.500000	0.000000 
		0.500000	0.500000	0.500000	0.007843 
		0.500000	0.522025	0.514969	0.000980 
		0.416199	0.500000	0.500000	0.007843 
		0.500000	0.529250	0.505770	0.000000 
		0.459555	0.628740	0.552265	0.023529 
		0.500000	0.500000	0.500000	0.027451 
		0.500000	0.500000	0.500000	0.016176 
		0.471489	0.590230	0.457928	0.019314 
		0.440466	0.500000	0.500000	0.015686 
		0.500000	0.500000	0.500000	0.016176 
		0.440466	0.500000	0.500000	0.015686 
		0.459555	0.628740	0.552265	0.023529 
		0.500000	0.500000	0.500000	0.007843 
		0.500000	0.500000	0.500000	0.000000 
		0.500000	0.500000	0.500000	0.000000 
		0.500000	0.500000	0.500000	0.007843 
		0.500000	0.500000	0.500000	0.016176 
		0.500000	0.500000	0.500000	0.027451 
		0.500000	0.500000	0.500000	0.027451 
		0.500000	0.500000	0.500000	0.016176 
		0.370797	0.500000	0.527593	0.023529 
		0.500000	0.500000	0.500000	0.027451 
		0.370797	0.500000	0.527593	0.023529 
		0.500000	0.500000	0.500000	0.027451 
		0.459555	0.628740	0.552265	0.023529 
		0.405083	0.500000	0.555398	0.023529 
		0.501091	0.499462	0.499497	0.027451 
		0.500000	0.500000	0.500000	0.027451 
		0.500000	0.500000	0.431849	0.027451 
		0.500000	0.526364	0.445704	0.027451 
		0.370797	0.500000	0.527593	0.023529 
		0.433378	0.500000	0.500000	0.023529 
		0.460872	0.500000	0.438780	0.023529 
		0.460872	0.500000	0.482247	0.023529 
		0.500000	0.500000	0.500000	0.016176 
		0.433533	0.500000	0.500000	0.015686 
		0.457477	0.500000	0.500000	0.015686 
		0.440466	0.500000	0.500000	0.015686 
		0.500000	0.500000	0.500000	0.016176 
		0.457477	0.500000	0.500000	0.015686 
		0.500000	0.500000	0.500000	0.007843 
		0.416199	0.500000	0.500000	0.007843 
		0.416199	0.500000	0.500000	0.007843 
		0.500000	0.500000	0.500000	0.007843 
		0.416199	0.500000	0.500000	0.007843 
		0.500000	0.500000	0.500000	0.000000 
		0.500000	0.500000	0.500000	0.000000 
		0.500000	0.525561	0.500000	0.000000 
		0.500000	0.500000	0.500000	0.000000 
		0.500000	0.529250	0.505770	0.000000 
		0.500000	0.500000	0.500000	0.000000 
		0.500000	0.500000	0.606344	0.000000 
		0.477654	0.500000	0.524255	0.000000 
		0.500000	0.500000	0.500000	0.000000 
		0.491340	0.500000	0.510352	0.000000 
		0.500000	0.500000	0.500000	0.000000 
		0.500000	0.500000	0.500000	0.007843 
		0.585631	0.495833	0.504823	0.007843 
		0.527021	0.549726	0.449860	0.000490 
		0.500000	0.500000	0.500000	0.007843 
		0.532878	0.494099	0.513498	0.000000 
		0.529800	0.509114	0.526029	0.000000 
		0.500000	0.500000	0.500000	0.000000 
		0.513055	0.493590	0.507864	0.000000 
		0.531972	0.505871	0.473928	0.023529 
		0.541751	0.506590	0.488488	0.019314 
		0.500000	0.500000	0.500000	0.016176 
		0.500000	0.500000	0.500000	0.027451 
		0.500000	0.500000	0.500000	0.016176 
		0.504855	0.497687	0.435062	0.015686 
		0.493475	0.505221	0.450318	0.015686 
		0.500000	0.500000	0.500000	0.023529 
		0.500000	0.500000	0.500000	0.007843 
		0.500000	0.500000	0.500000	0.007843 
		0.500000	0.500000	0.500000	0.000000 
		0.500000	0.500000	0.500000	0.000000 
		0.500000	0.500000	0.500000	0.016176 
		0.500000	0.500000	0.500000	0.016176 
		0.501091	0.499462	0.499497	0.027451 
		0.500000	0.500000	0.500000	0.027451 
		0.500000	0.500000	0.500000	0.007843 
		0.500000	0.500000	0.500000	0.007843 
		0.500000	0.500000	0.500000	0.000000 
		0.500000	0.500000	0.500000	0.000000 
		0.501091	0.499462	0.499497	0.027451 
		0.500000	0.500000	0.500000	0.016176 
		0.500000	0.500000	0.500000	0.016176 
		0.500000	0.500000	0.500000	0.027451 
		0.477717	0.500000	0.500000	0.023529 
		0.498731	0.500000	0.500000	0.023529 
		0.501091	0.499462	0.499497	0.027451 
		0.500000	0.500000	0.500000	0.027451 
		0.477717	0.500000	0.500000	0.023529 
		0.500000	0.500000	0.500000	0.023529 
		0.500000	0.500000	0.441310	0.027451 
		0.500000	0.500000	0.393459	0.027451 
		0.500000	0.500000	0.393459	0.027451 
		0.500000	0.500000	0.441310	0.027451 
		0.485022	0.500000	0.364566	0.023529 
		0.477717	0.500000	0.500000	0.023529 
		0.500000	0.500000	0.371275	0.023529 
		0.485022	0.500000	0.364566	0.023529 
		0.500000	0.500000	0.500000	0.016176 
		0.505566	0.498189	0.447772	0.015686 
		0.524004	0.531095	0.503174	0.015686 
		0.493475	0.505221	0.450318	0.015686 
		0.505566	0.498189	0.447772	0.015686 
		0.500000	0.500000	0.500000	0.016176 
		0.500000	0.500000	0.500000	0.007843 
		0.571615	0.498696	0.508215	0.007843 
		0.571615	0.498696	0.508215	0.007843 
		0.585631	0.495833	0.504823	0.007843 
		0.500000	0.500000	0.500000	0.007843 
		0.500000	0.500000	0.500000	0.000000 
		0.500000	0.500000	0.500000	0.000000 
		0.545825	0.465165	0.483950	0.000000 
		0.547250	0.514657	0.528675	0.000000 
		0.513055	0.493590	0.507864	0.000000 
		0.556365	0.509045	0.502621	0.000000 
		0.500000	0.500000	0.500000	0.000000 
		0.500000	0.549667	0.500000	0.000000 
		0.515335	0.500000	0.525447	0.000000 
		0.532368	0.500000	0.500000	0.000000 
		0.556365	0.509045	0.502621	0.000000 
		0.500000	0.500000	0.500000	0.000000 
		0.500000	0.500000	0.500000	0.000000 
		0.461237	0.506018	0.522370	0.000000 
		0.453781	0.493481	0.531165	0.000000 
		0.500000	0.527909	0.595375	0.000000 
		0.496699	0.500000	0.535474	0.000000 
		0.500000	0.500000	0.508091	0.000000 
		0.500000	0.500000	0.532923	0.000000 
		0.500000	0.516392	0.526701	0.000000 
		0.500000	0.500000	0.508091	0.000000 
		0.500000	0.500000	0.543350	0.000000 
		0.500000	0.500000	0.541135	0.000000 
	}

	Tex0 364 { 
		0.645508	0.647461 
		0.545898	0.610352 
		0.288086	0.606445 
		0.285156	0.609375 
		0.336914	0.625000 
		0.336914	0.588867 
		0.406250	0.588867 
		0.406250	0.625000 
		0.476563	0.588867 
		0.476563	0.625000 
		0.185547	0.669922 
		0.186523	0.772461 
		0.165039	0.772461 
		0.165039	0.671875 
		0.113281	0.772461 
		0.113281	0.676758 
		0.401367	0.965820 
		0.383789	0.932617 
		0.264648	0.923828 
		0.369141	0.833984 
		0.261719	0.833984 
		0.395508	0.969727 
		0.276367	0.971680 
		0.152344	0.599609 
		0.180664	0.612305 
		0.183594	0.617188 
		0.112305	0.597656 
		0.520508	0.937500 
		0.523438	0.833984 
		0.371094	0.443359 
		0.397461	0.527344 
		0.334961	0.520508 
		0.275391	0.454102 
		0.578125	0.441406 
		0.571289	0.479492 
		0.516602	0.517578 
		0.584961	0.833984 
		0.580078	0.935547 
		0.705078	0.952148 
		0.720703	0.833984 
		0.772461	0.809570 
		0.395508	0.400391 
		0.070313	0.236328 
		0.070313	0.241211 
		0.061523	0.250000 
		0.068359	0.230469 
		0.067383	0.228516 
		0.034180	0.231445 
		0.038086	0.229492 
		0.033203	0.236328 
		0.035156	0.250000 
		0.658203	0.350586 
		0.372070	0.357422 
		0.388672	0.322266 
		0.652344	0.319336 
		0.409180	0.305664 
		0.637695	0.304688 
		0.658203	0.395508 
		0.364258	0.398438 
		0.601563	0.439453 
		0.704102	0.316406 
		0.716797	0.348633 
		0.711914	0.410156 
		0.757813	0.381836 
		0.774414	0.409180 
		0.809570	0.382813 
		0.849609	0.399414 
		0.864258	0.365234 
		0.904297	0.365234 
		0.899414	0.386719 
		0.630859	0.438477 
		0.805664	0.420898 
		0.844727	0.360352 
		0.881836	0.406250 
		0.903320	0.398438 
		0.569336	0.833984 
		0.561523	0.925781 
		0.548828	0.925781 
		0.326172	0.531250 
		0.398438	0.537109 
		0.530273	0.519531 
		0.498047	0.530273 
		0.295898	0.521484 
		0.657227	0.441406 
		0.164063	0.464844 
		0.544922	0.922852 
		0.549805	0.833984 
		0.157227	0.457031 
		0.254883	0.451172 
		0.030273	0.452148 
		0.132813	0.454102 
		0.254883	0.414063 
		0.132813	0.421875 
		0.132813	0.411133 
		0.254883	0.402344 
		0.026367	0.421875 
		0.182617	0.383789 
		0.240234	0.380859 
		0.276367	0.349609 
		0.377930	0.322266 
		0.285156	0.321289 
		0.155273	0.372070 
		0.022461	0.381836 
		0.696289	0.982422 
		0.108398	0.676758 
		0.081055	0.676758 
		0.081055	0.602539 
		0.109375	0.600586 
		0.012695	0.377930 
		0.011719	0.349609 
		0.030273	0.347656 
		0.108398	0.772461 
		0.098633	0.725586 
		0.098633	0.818359 
		0.098633	0.731445 
		0.098633	0.813477 
		0.060547	0.730469 
		0.060547	0.813477 
		0.131836	0.338867 
		0.126953	0.310547 
		0.037109	0.324219 
		0.038086	0.306641 
		0.125977	0.291016 
		0.042969	0.631836 
		0.042969	0.609375 
		0.059570	0.607422 
		0.058594	0.631836 
		0.060547	0.676758 
		0.081055	0.725586 
		0.015625	0.327148 
		0.017578	0.310547 
		0.042969	0.679688 
		0.042969	0.772461 
		0.409180	0.285156 
		0.287109	0.280273 
		0.702148	0.281250 
		0.866211	0.288086 
		0.885742	0.300781 
		0.863281	0.323242 
		0.866211	0.357422 
		0.866211	0.264648 
		0.917969	0.264648 
		0.916992	0.289063 
		0.622070	0.548828 
		0.601563	0.548828 
		0.598633	0.524414 
		0.621094	0.524414 
		0.706055	0.547852 
		0.714844	0.523438 
		0.854492	0.523438 
		0.863281	0.547852 
		0.606445	0.618164 
		0.607422	0.561523 
		0.624023	0.561523 
		0.625000	0.617188 
		0.916016	0.357422 
		0.628906	0.627930 
		0.613281	0.628906 
		0.701172	0.616211 
		0.703125	0.625977 
		0.915039	0.301758 
		0.707031	0.620117 
		0.706055	0.614258 
		0.863281	0.614258 
		0.701172	0.560547 
		0.713867	0.648438 
		0.784180	0.649414 
		0.784180	0.660156 
		0.707031	0.657227 
		0.701172	0.652344 
		0.707031	0.639648 
		0.821289	0.930664 
		0.820313	0.977539 
		0.929688	0.912109 
		0.889648	0.971680 
		0.950195	0.908203 
		0.909180	0.970703 
		0.821289	0.925781 
		0.956055	0.901367 
		0.931641	0.906250 
		0.830078	0.833984 
		0.937500	0.833984 
		0.960938	0.833984 
		0.185547	0.874023 
		0.165039	0.872070 
		0.113281	0.868164 
		0.401367	0.702148 
		0.264648	0.744141 
		0.383789	0.735352 
		0.395508	0.698242 
		0.276367	0.696289 
		0.152344	0.944336 
		0.183594	0.927734 
		0.180664	0.932617 
		0.112305	0.946289 
		0.520508	0.730469 
		0.615234	0.178711 
		0.650391	0.255859 
		0.587891	0.262695 
		0.709961	0.189453 
		0.407227	0.176758 
		0.414063	0.214844 
		0.468750	0.252930 
		0.705078	0.715820 
		0.580078	0.732422 
		0.327148	0.085938 
		0.333008	0.054688 
		0.596680	0.057617 
		0.613281	0.092773 
		0.348633	0.040039 
		0.576172	0.041016 
		0.327148	0.130859 
		0.622070	0.133789 
		0.383789	0.174805 
		0.268555	0.083008 
		0.281250	0.051758 
		0.273438	0.145508 
		0.210938	0.144531 
		0.227539	0.117188 
		0.135742	0.134766 
		0.175781	0.118164 
		0.085938	0.122070 
		0.082031	0.100586 
		0.121094	0.100586 
		0.354492	0.173828 
		0.180664	0.156250 
		0.141602	0.095703 
		0.103516	0.141602 
		0.082031	0.133789 
		0.561523	0.742188 
		0.548828	0.742188 
		0.659180	0.266602 
		0.586914	0.272461 
		0.487305	0.265625 
		0.455078	0.254883 
		0.689453	0.256836 
		0.329102	0.176758 
		0.822266	0.200195 
		0.544922	0.744141 
		0.828125	0.192383 
		0.730469	0.186523 
		0.956055	0.188477 
		0.852539	0.189453 
		0.955078	0.186523 
		0.730469	0.149414 
		0.730469	0.137695 
		0.852539	0.146484 
		0.853516	0.157227 
		0.958984	0.157227 
		0.802734	0.119141 
		0.745117	0.116211 
		0.709961	0.084961 
		0.607422	0.057617 
		0.700195	0.056641 
		0.830078	0.107422 
		0.962891	0.117188 
		0.696289	0.685547 
		0.108398	0.868164 
		0.109375	0.943359 
		0.081055	0.941406 
		0.081055	0.868164 
		0.972656	0.113281 
		0.955078	0.083008 
		0.973633	0.083984 
		0.853516	0.074219 
		0.858398	0.045898 
		0.948242	0.059570 
		0.947266	0.041992 
		0.859375	0.026367 
		0.042969	0.913086 
		0.058594	0.913086 
		0.059570	0.936523 
		0.042969	0.935547 
		0.060547	0.868164 
		0.081055	0.818359 
		0.967773	0.045898 
		0.969727	0.062500 
		0.057617	0.880859 
		0.042969	0.828125 
		0.057617	0.842773 
		0.042969	0.891602 
		0.576172	0.019531 
		0.699219	0.015625 
		0.283203	0.016602 
		0.119141	0.023438 
		0.122070	0.058594 
		0.099609	0.036133 
		0.120117	0.092773 
		0.120117	0.000000 
		0.068359	0.023438 
		0.068359	0.000000 
		0.946289	0.548828 
		0.947266	0.524414 
		0.969727	0.524414 
		0.967773	0.548828 
		0.962891	0.618164 
		0.943359	0.617188 
		0.945313	0.561523 
		0.960938	0.561523 
		0.070313	0.092773 
		0.955078	0.628906 
		0.940430	0.627930 
		0.865234	0.625977 
		0.868164	0.616211 
		0.071289	0.037109 
		0.861328	0.620117 
		0.868164	0.560547 
		0.854492	0.648438 
		0.862305	0.657227 
		0.867188	0.652344 
		0.861328	0.639648 
		0.821289	0.737305 
		0.820313	0.690430 
		0.929688	0.755859 
		0.889648	0.696289 
		0.950195	0.759766 
		0.909180	0.697266 
		0.821289	0.741211 
		0.956055	0.766602 
		0.931641	0.761719 
		0.541992	0.613281 
		0.766602	0.724609 
		0.535156	0.611328 
		0.199219	0.021484 
		0.870117	0.218750 
		0.870117	0.781250 
		0.984375	0.735352 
		0.990234	0.500000 
		0.870117	0.968750 
		0.959961	0.938477 
		0.991211	0.860352 
		0.981445	0.916992 
		0.706055	0.781250 
		0.580078	0.984375 
		0.706055	1.000000 
		0.280273	0.781250 
		0.280273	0.988281 
		0.000000	0.675781 
		0.028320	0.910156 
		0.113281	0.781250 
		0.060547	0.966797 
		0.113281	0.987305 
		0.280273	0.218750 
		0.113281	0.218750 
		0.706055	0.218750 
		0.988281	0.355469 
		1.000000	0.319336 
		0.996094	0.221680 
		0.981445	0.193359 
		0.959961	0.061523 
		0.870117	0.031250 
		0.991211	0.139648 
		0.981445	0.083008 
		0.706055	0.000000 
		0.580078	0.015625 
		0.280273	0.011719 
		0.000000	0.324219 
		0.028320	0.089844 
		0.060547	0.033203 
		0.113281	0.012695 
		0.628906	0.657227 
		0.618164	0.648438 
		0.939453	0.657227 
		0.950195	0.648438 
	}

	Tex1 0 
	Adj 1208 { 
		P 0 
		N 0 
		C0 0 
		T0 0 
		P 1 
		N 1 
		C0 1 
		T0 0 
		P 2 
		N 2 
		C0 2 
		T0 0 
		P 3 
		N 3 
		C0 3 
		T0 0 
		P 4 
		N 4 
		C0 4 
		T0 0 
		P 5 
		N 5 
		C0 5 
		T0 0 
		P 6 
		N 6 
		C0 6 
		T0 0 
		P 7 
		N 7 
		C0 7 
		T0 0 
		P 8 
		N 8 
		C0 8 
		T0 1 
		P 9 
		N 9 
		C0 9 
		T0 1 
		P 10 
		N 10 
		C0 10 
		T0 1 
		P 11 
		N 11 
		C0 11 
		T0 1 
		P 7 
		N 12 
		C0 12 
		T0 1 
		P 6 
		N 13 
		C0 13 
		T0 1 
		P 2 
		N 14 
		C0 14 
		T0 1 
		P 1 
		N 15 
		C0 15 
		T0 1 
		P 6 
		N 16 
		C0 16 
		T0 1 
		P 7 
		N 16 
		C0 17 
		T0 1 
		P 1 
		N 16 
		C0 18 
		T0 1 
		P 2 
		N 16 
		C0 19 
		T0 1 
		P 12 
		N 0 
		C0 20 
		T0 2 
		P 13 
		N 1 
		C0 21 
		T0 2 
		P 14 
		N 2 
		C0 22 
		T0 2 
		P 15 
		N 3 
		C0 23 
		T0 2 
		P 16 
		N 4 
		C0 24 
		T0 2 
		P 17 
		N 5 
		C0 25 
		T0 2 
		P 18 
		N 6 
		C0 26 
		T0 2 
		P 19 
		N 7 
		C0 27 
		T0 2 
		P 20 
		N 8 
		C0 28 
		T0 1 
		P 21 
		N 9 
		C0 29 
		T0 1 
		P 22 
		N 10 
		C0 30 
		T0 1 
		P 23 
		N 11 
		C0 31 
		T0 1 
		P 19 
		N 12 
		C0 32 
		T0 1 
		P 18 
		N 13 
		C0 33 
		T0 1 
		P 14 
		N 14 
		C0 34 
		T0 1 
		P 13 
		N 15 
		C0 35 
		T0 1 
		P 18 
		N 16 
		C0 36 
		T0 1 
		P 19 
		N 16 
		C0 37 
		T0 1 
		P 13 
		N 16 
		C0 38 
		T0 1 
		P 14 
		N 16 
		C0 39 
		T0 1 
		P 24 
		N 0 
		C0 40 
		T0 0 
		P 25 
		N 1 
		C0 41 
		T0 0 
		P 26 
		N 2 
		C0 42 
		T0 0 
		P 27 
		N 3 
		C0 43 
		T0 0 
		P 28 
		N 4 
		C0 44 
		T0 0 
		P 29 
		N 5 
		C0 45 
		T0 0 
		P 30 
		N 6 
		C0 46 
		T0 0 
		P 31 
		N 7 
		C0 47 
		T0 0 
		P 32 
		N 8 
		C0 48 
		T0 1 
		P 33 
		N 9 
		C0 49 
		T0 1 
		P 34 
		N 10 
		C0 50 
		T0 1 
		P 35 
		N 11 
		C0 51 
		T0 1 
		P 31 
		N 12 
		C0 52 
		T0 1 
		P 30 
		N 13 
		C0 53 
		T0 1 
		P 26 
		N 14 
		C0 54 
		T0 1 
		P 25 
		N 15 
		C0 55 
		T0 1 
		P 30 
		N 16 
		C0 56 
		T0 1 
		P 31 
		N 16 
		C0 57 
		T0 1 
		P 25 
		N 16 
		C0 58 
		T0 1 
		P 26 
		N 16 
		C0 59 
		T0 1 
		P 36 
		N 0 
		C0 60 
		T0 2 
		P 37 
		N 1 
		C0 61 
		T0 2 
		P 38 
		N 2 
		C0 62 
		T0 2 
		P 39 
		N 3 
		C0 63 
		T0 2 
		P 40 
		N 4 
		C0 64 
		T0 2 
		P 41 
		N 5 
		C0 65 
		T0 2 
		P 42 
		N 6 
		C0 66 
		T0 2 
		P 43 
		N 7 
		C0 67 
		T0 2 
		P 44 
		N 8 
		C0 68 
		T0 1 
		P 45 
		N 9 
		C0 69 
		T0 1 
		P 46 
		N 10 
		C0 70 
		T0 1 
		P 47 
		N 11 
		C0 71 
		T0 1 
		P 43 
		N 12 
		C0 72 
		T0 1 
		P 42 
		N 13 
		C0 73 
		T0 1 
		P 38 
		N 14 
		C0 74 
		T0 1 
		P 37 
		N 15 
		C0 75 
		T0 1 
		P 42 
		N 16 
		C0 76 
		T0 1 
		P 43 
		N 16 
		C0 77 
		T0 1 
		P 37 
		N 16 
		C0 78 
		T0 1 
		P 38 
		N 16 
		C0 79 
		T0 1 
		P 48 
		N 0 
		C0 80 
		T0 3 
		P 49 
		N 1 
		C0 81 
		T0 3 
		P 50 
		N 2 
		C0 82 
		T0 3 
		P 51 
		N 3 
		C0 83 
		T0 3 
		P 52 
		N 4 
		C0 84 
		T0 3 
		P 53 
		N 5 
		C0 85 
		T0 3 
		P 54 
		N 6 
		C0 86 
		T0 3 
		P 55 
		N 7 
		C0 87 
		T0 3 
		P 56 
		N 8 
		C0 88 
		T0 1 
		P 57 
		N 9 
		C0 89 
		T0 1 
		P 58 
		N 10 
		C0 90 
		T0 1 
		P 59 
		N 11 
		C0 91 
		T0 1 
		P 55 
		N 12 
		C0 92 
		T0 1 
		P 54 
		N 13 
		C0 93 
		T0 1 
		P 50 
		N 14 
		C0 94 
		T0 1 
		P 49 
		N 15 
		C0 95 
		T0 1 
		P 54 
		N 16 
		C0 96 
		T0 1 
		P 55 
		N 16 
		C0 97 
		T0 1 
		P 49 
		N 16 
		C0 98 
		T0 1 
		P 50 
		N 16 
		C0 99 
		T0 1 
		P 60 
		N 17 
		C0 100 
		T0 1 
		P 61 
		N 17 
		C0 101 
		T0 1 
		P 62 
		N 17 
		C0 102 
		T0 1 
		P 63 
		N 17 
		C0 103 
		T0 1 
		P 64 
		N 18 
		C0 104 
		T0 1 
		P 65 
		N 19 
		C0 105 
		T0 1 
		P 66 
		N 18 
		C0 106 
		T0 1 
		P 62 
		N 20 
		C0 107 
		T0 1 
		P 67 
		N 18 
		C0 108 
		T0 1 
		P 61 
		N 18 
		C0 109 
		T0 1 
		P 68 
		N 21 
		C0 110 
		T0 1 
		P 69 
		N 21 
		C0 111 
		T0 1 
		P 70 
		N 21 
		C0 112 
		T0 1 
		P 71 
		N 21 
		C0 113 
		T0 1 
		P 72 
		N 16 
		C0 114 
		T0 1 
		P 73 
		N 16 
		C0 115 
		T0 1 
		P 74 
		N 16 
		C0 116 
		T0 1 
		P 75 
		N 16 
		C0 117 
		T0 1 
		P 76 
		N 22 
		C0 118 
		T0 1 
		P 64 
		N 22 
		C0 119 
		T0 1 
		P 66 
		N 22 
		C0 120 
		T0 1 
		P 77 
		N 22 
		C0 121 
		T0 1 
		P 78 
		N 23 
		C0 122 
		T0 1 
		P 67 
		N 23 
		C0 123 
		T0 1 
		P 61 
		N 23 
		C0 124 
		T0 1 
		P 60 
		N 23 
		C0 125 
		T0 1 
		P 69 
		N 24 
		C0 126 
		T0 1 
		P 68 
		N 24 
		C0 127 
		T0 1 
		P 67 
		N 24 
		C0 128 
		T0 1 
		P 78 
		N 24 
		C0 129 
		T0 1 
		P 77 
		N 16 
		C0 130 
		T0 1 
		P 70 
		N 16 
		C0 131 
		T0 1 
		P 79 
		N 16 
		C0 132 
		T0 1 
		P 78 
		N 16 
		C0 133 
		T0 1 
		P 80 
		N 16 
		C0 134 
		T0 1 
		P 69 
		N 16 
		C0 135 
		T0 1 
		P 66 
		N 25 
		C0 136 
		T0 1 
		P 71 
		N 25 
		C0 137 
		T0 1 
		P 70 
		N 25 
		C0 138 
		T0 1 
		P 77 
		N 25 
		C0 139 
		T0 1 
		P 68 
		N 18 
		C0 140 
		T0 1 
		P 71 
		N 18 
		C0 141 
		T0 1 
		P 81 
		N 26 
		C0 142 
		T0 4 
		P 82 
		N 26 
		C0 143 
		T0 5 
		P 83 
		N 26 
		C0 144 
		T0 6 
		P 84 
		N 26 
		C0 145 
		T0 7 
		P 85 
		N 17 
		C0 146 
		T0 1 
		P 65 
		N 17 
		C0 147 
		T0 1 
		P 64 
		N 17 
		C0 148 
		T0 1 
		P 76 
		N 17 
		C0 149 
		T0 1 
		P 86 
		N 16 
		C0 150 
		T0 1 
		P 87 
		N 16 
		C0 151 
		T0 1 
		P 88 
		N 16 
		C0 152 
		T0 1 
		P 89 
		N 16 
		C0 153 
		T0 1 
		P 90 
		N 16 
		C0 154 
		T0 1 
		P 91 
		N 16 
		C0 155 
		T0 1 
		P 92 
		N 16 
		C0 156 
		T0 1 
		P 83 
		N 16 
		C0 157 
		T0 1 
		P 82 
		N 16 
		C0 158 
		T0 1 
		P 81 
		N 20 
		C0 159 
		T0 1 
		P 84 
		N 20 
		C0 160 
		T0 1 
		P 93 
		N 20 
		C0 161 
		T0 1 
		P 94 
		N 20 
		C0 162 
		T0 1 
		P 95 
		N 20 
		C0 163 
		T0 1 
		P 96 
		N 20 
		C0 164 
		T0 1 
		P 97 
		N 20 
		C0 165 
		T0 1 
		P 98 
		N 20 
		C0 166 
		T0 1 
		P 99 
		N 20 
		C0 167 
		T0 1 
		P 86 
		N 23 
		C0 168 
		T0 1 
		P 63 
		N 23 
		C0 169 
		T0 1 
		P 62 
		N 23 
		C0 170 
		T0 1 
		P 99 
		N 23 
		C0 171 
		T0 1 
		P 73 
		N 23 
		C0 172 
		T0 1 
		P 60 
		N 16 
		C0 173 
		T0 1 
		P 63 
		N 16 
		C0 174 
		T0 1 
		P 85 
		N 16 
		C0 175 
		T0 1 
		P 76 
		N 16 
		C0 176 
		T0 1 
		P 80 
		N 27 
		C0 177 
		T0 1 
		P 72 
		N 27 
		C0 178 
		T0 1 
		P 75 
		N 27 
		C0 179 
		T0 1 
		P 79 
		N 27 
		C0 180 
		T0 1 
		P 79 
		N 28 
		C0 181 
		T0 1 
		P 75 
		N 28 
		C0 182 
		T0 1 
		P 74 
		N 28 
		C0 183 
		T0 1 
		P 85 
		N 28 
		C0 184 
		T0 1 
		P 63 
		N 29 
		C0 185 
		T0 1 
		P 73 
		N 29 
		C0 186 
		T0 1 
		P 72 
		N 29 
		C0 187 
		T0 1 
		P 80 
		N 29 
		C0 188 
		T0 1 
		P 65 
		N 22 
		C0 189 
		T0 1 
		P 85 
		N 22 
		C0 190 
		T0 1 
		P 82 
		N 22 
		C0 191 
		T0 1 
		P 81 
		N 22 
		C0 192 
		T0 1 
		P 74 
		N 22 
		C0 193 
		T0 1 
		P 95 
		N 26 
		C0 194 
		T0 7 
		P 90 
		N 26 
		C0 195 
		T0 6 
		P 89 
		N 26 
		C0 196 
		T0 8 
		P 96 
		N 26 
		C0 197 
		T0 9 
		P 93 
		N 26 
		C0 198 
		T0 7 
		P 92 
		N 26 
		C0 199 
		T0 6 
		P 91 
		N 26 
		C0 200 
		T0 8 
		P 94 
		N 26 
		C0 201 
		T0 9 
		P 97 
		N 26 
		C0 202 
		T0 7 
		P 88 
		N 26 
		C0 203 
		T0 6 
		P 87 
		N 26 
		C0 204 
		T0 8 
		P 98 
		N 26 
		C0 205 
		T0 9 
		P 96 
		N 26 
		C0 206 
		T0 7 
		P 89 
		N 26 
		C0 207 
		T0 6 
		P 88 
		N 26 
		C0 208 
		T0 8 
		P 97 
		N 26 
		C0 209 
		T0 9 
		P 98 
		N 26 
		C0 210 
		T0 4 
		P 87 
		N 26 
		C0 211 
		T0 5 
		P 86 
		N 26 
		C0 212 
		T0 6 
		P 99 
		N 26 
		C0 213 
		T0 7 
		P 94 
		N 26 
		C0 214 
		T0 7 
		P 91 
		N 26 
		C0 215 
		T0 6 
		P 90 
		N 26 
		C0 216 
		T0 8 
		P 95 
		N 26 
		C0 217 
		T0 9 
		P 92 
		N 26 
		C0 218 
		T0 8 
		P 93 
		N 26 
		C0 219 
		T0 9 
		P 100 
		N 0 
		C0 220 
		T0 3 
		P 101 
		N 1 
		C0 221 
		T0 3 
		P 102 
		N 2 
		C0 222 
		T0 3 
		P 103 
		N 3 
		C0 223 
		T0 3 
		P 104 
		N 4 
		C0 224 
		T0 3 
		P 105 
		N 5 
		C0 225 
		T0 3 
		P 106 
		N 6 
		C0 226 
		T0 3 
		P 107 
		N 7 
		C0 227 
		T0 3 
		P 108 
		N 8 
		C0 228 
		T0 1 
		P 109 
		N 9 
		C0 229 
		T0 1 
		P 110 
		N 10 
		C0 230 
		T0 1 
		P 111 
		N 11 
		C0 231 
		T0 1 
		P 107 
		N 12 
		C0 232 
		T0 1 
		P 106 
		N 13 
		C0 233 
		T0 1 
		P 102 
		N 14 
		C0 234 
		T0 1 
		P 101 
		N 15 
		C0 235 
		T0 1 
		P 106 
		N 16 
		C0 236 
		T0 1 
		P 107 
		N 16 
		C0 237 
		T0 1 
		P 101 
		N 16 
		C0 238 
		T0 1 
		P 102 
		N 16 
		C0 239 
		T0 1 
		P 112 
		N 0 
		C0 240 
		T0 2 
		P 113 
		N 1 
		C0 241 
		T0 2 
		P 114 
		N 2 
		C0 242 
		T0 2 
		P 115 
		N 3 
		C0 243 
		T0 2 
		P 116 
		N 4 
		C0 244 
		T0 2 
		P 117 
		N 5 
		C0 245 
		T0 2 
		P 118 
		N 6 
		C0 246 
		T0 2 
		P 119 
		N 7 
		C0 247 
		T0 2 
		P 120 
		N 8 
		C0 248 
		T0 1 
		P 121 
		N 9 
		C0 249 
		T0 1 
		P 122 
		N 10 
		C0 250 
		T0 1 
		P 123 
		N 11 
		C0 251 
		T0 1 
		P 119 
		N 12 
		C0 252 
		T0 1 
		P 118 
		N 13 
		C0 253 
		T0 1 
		P 114 
		N 14 
		C0 254 
		T0 1 
		P 113 
		N 15 
		C0 255 
		T0 1 
		P 118 
		N 16 
		C0 256 
		T0 1 
		P 119 
		N 16 
		C0 257 
		T0 1 
		P 113 
		N 16 
		C0 258 
		T0 1 
		P 114 
		N 16 
		C0 259 
		T0 1 
		P 124 
		N 30 
		C0 260 
		T0 1 
		P 125 
		N 31 
		C0 261 
		T0 1 
		P 126 
		N 32 
		C0 262 
		T0 1 
		P 127 
		N 33 
		C0 263 
		T0 1 
		P 127 
		N 16 
		C0 264 
		T0 1 
		P 128 
		N 16 
		C0 265 
		T0 1 
		P 129 
		N 34 
		C0 266 
		T0 1 
		P 126 
		N 34 
		C0 267 
		T0 1 
		P 130 
		N 35 
		C0 268 
		T0 1 
		P 129 
		N 36 
		C0 269 
		T0 1 
		P 131 
		N 37 
		C0 270 
		T0 1 
		P 128 
		N 38 
		C0 271 
		T0 1 
		P 132 
		N 39 
		C0 272 
		T0 1 
		P 133 
		N 39 
		C0 273 
		T0 1 
		P 128 
		N 40 
		C0 274 
		T0 1 
		P 127 
		N 40 
		C0 275 
		T0 1 
		P 134 
		N 40 
		C0 276 
		T0 1 
		P 135 
		N 40 
		C0 277 
		T0 1 
		P 136 
		N 41 
		C0 278 
		T0 1 
		P 137 
		N 41 
		C0 279 
		T0 1 
		P 138 
		N 42 
		C0 280 
		T0 1 
		P 139 
		N 42 
		C0 281 
		T0 1 
		P 125 
		N 43 
		C0 282 
		T0 1 
		P 139 
		N 43 
		C0 283 
		T0 1 
		P 140 
		N 43 
		C0 284 
		T0 1 
		P 134 
		N 43 
		C0 285 
		T0 1 
		P 125 
		N 40 
		C0 286 
		T0 1 
		P 124 
		N 44 
		C0 287 
		T0 1 
		P 141 
		N 45 
		C0 288 
		T0 1 
		P 138 
		N 45 
		C0 289 
		T0 1 
		P 130 
		N 46 
		C0 290 
		T0 1 
		P 137 
		N 47 
		C0 291 
		T0 1 
		P 142 
		N 47 
		C0 292 
		T0 1 
		P 131 
		N 40 
		C0 293 
		T0 1 
		P 143 
		N 48 
		C0 294 
		T0 1 
		P 136 
		N 48 
		C0 295 
		T0 1 
		P 131 
		N 48 
		C0 296 
		T0 1 
		P 135 
		N 48 
		C0 297 
		T0 1 
		P 132 
		N 49 
		C0 298 
		T0 1 
		P 134 
		N 49 
		C0 299 
		T0 1 
		P 140 
		N 49 
		C0 300 
		T0 1 
		P 141 
		N 49 
		C0 301 
		T0 1 
		P 134 
		N 50 
		C0 302 
		T0 1 
		P 135 
		N 50 
		C0 303 
		T0 1 
		P 135 
		N 51 
		C0 304 
		T0 1 
		P 133 
		N 51 
		C0 305 
		T0 1 
		P 142 
		N 51 
		C0 306 
		T0 1 
		P 143 
		N 51 
		C0 307 
		T0 1 
		P 144 
		N 30 
		C0 308 
		T0 1 
		P 145 
		N 52 
		C0 309 
		T0 1 
		P 146 
		N 53 
		C0 310 
		T0 1 
		P 147 
		N 54 
		C0 311 
		T0 1 
		P 147 
		N 16 
		C0 312 
		T0 1 
		P 145 
		N 55 
		C0 313 
		T0 1 
		P 148 
		N 55 
		C0 314 
		T0 1 
		P 149 
		N 16 
		C0 315 
		T0 1 
		P 150 
		N 56 
		C0 316 
		T0 1 
		P 151 
		N 57 
		C0 317 
		T0 1 
		P 148 
		N 58 
		C0 318 
		T0 1 
		P 149 
		N 59 
		C0 319 
		T0 1 
		P 152 
		N 60 
		C0 320 
		T0 1 
		P 153 
		N 60 
		C0 321 
		T0 1 
		P 149 
		N 61 
		C0 322 
		T0 1 
		P 154 
		N 61 
		C0 323 
		T0 1 
		P 155 
		N 61 
		C0 324 
		T0 1 
		P 147 
		N 61 
		C0 325 
		T0 1 
		P 156 
		N 41 
		C0 326 
		T0 1 
		P 157 
		N 41 
		C0 327 
		T0 1 
		P 158 
		N 42 
		C0 328 
		T0 1 
		P 159 
		N 42 
		C0 329 
		T0 1 
		P 146 
		N 62 
		C0 330 
		T0 1 
		P 155 
		N 62 
		C0 331 
		T0 1 
		P 160 
		N 62 
		C0 332 
		T0 1 
		P 158 
		N 62 
		C0 333 
		T0 1 
		P 146 
		N 61 
		C0 334 
		T0 1 
		P 144 
		N 63 
		C0 335 
		T0 1 
		P 161 
		N 64 
		C0 336 
		T0 1 
		P 159 
		N 64 
		C0 337 
		T0 1 
		P 150 
		N 65 
		C0 338 
		T0 1 
		P 162 
		N 66 
		C0 339 
		T0 1 
		P 156 
		N 66 
		C0 340 
		T0 1 
		P 151 
		N 61 
		C0 341 
		T0 1 
		P 163 
		N 67 
		C0 342 
		T0 1 
		P 154 
		N 67 
		C0 343 
		T0 1 
		P 151 
		N 67 
		C0 344 
		T0 1 
		P 157 
		N 67 
		C0 345 
		T0 1 
		P 152 
		N 49 
		C0 346 
		T0 1 
		P 161 
		N 49 
		C0 347 
		T0 1 
		P 160 
		N 49 
		C0 348 
		T0 1 
		P 155 
		N 49 
		C0 349 
		T0 1 
		P 155 
		N 68 
		C0 350 
		T0 1 
		P 154 
		N 68 
		C0 351 
		T0 1 
		P 154 
		N 51 
		C0 352 
		T0 1 
		P 163 
		N 51 
		C0 353 
		T0 1 
		P 162 
		N 51 
		C0 354 
		T0 1 
		P 153 
		N 51 
		C0 355 
		T0 1 
		P 164 
		N 69 
		C0 356 
		T0 10 
		P 165 
		N 70 
		C0 357 
		T0 11 
		P 166 
		N 71 
		C0 358 
		T0 12 
		P 167 
		N 72 
		C0 359 
		T0 13 
		P 168 
		N 73 
		C0 360 
		T0 14 
		P 169 
		N 74 
		C0 361 
		T0 15 
		P 170 
		N 75 
		C0 362 
		T0 16 
		P 171 
		N 76 
		C0 363 
		T0 17 
		P 164 
		N 77 
		C0 364 
		T0 18 
		P 172 
		N 78 
		C0 365 
		T0 19 
		P 165 
		N 78 
		C0 366 
		T0 20 
		P 164 
		N 79 
		C0 367 
		T0 18 
		P 173 
		N 80 
		C0 368 
		T0 21 
		P 164 
		N 81 
		C0 369 
		T0 18 
		P 174 
		N 81 
		C0 370 
		T0 22 
		P 173 
		N 81 
		C0 371 
		T0 21 
		P 175 
		N 82 
		C0 372 
		T0 23 
		P 176 
		N 83 
		C0 373 
		T0 24 
		P 174 
		N 84 
		C0 374 
		T0 25 
		P 177 
		N 85 
		C0 375 
		T0 26 
		P 178 
		N 86 
		C0 376 
		T0 27 
		P 179 
		N 87 
		C0 377 
		T0 28 
		P 172 
		N 88 
		C0 378 
		T0 19 
		P 180 
		N 89 
		C0 379 
		T0 29 
		P 181 
		N 90 
		C0 380 
		T0 30 
		P 182 
		N 91 
		C0 381 
		T0 31 
		P 183 
		N 92 
		C0 382 
		T0 32 
		P 184 
		N 93 
		C0 383 
		T0 33 
		P 185 
		N 93 
		C0 384 
		T0 34 
		P 186 
		N 94 
		C0 385 
		T0 35 
		P 187 
		N 95 
		C0 386 
		T0 36 
		P 188 
		N 96 
		C0 387 
		T0 37 
		P 189 
		N 97 
		C0 388 
		T0 38 
		P 190 
		N 98 
		C0 389 
		T0 39 
		P 185 
		N 99 
		C0 390 
		T0 40 
		P 184 
		N 100 
		C0 391 
		T0 40 
		P 191 
		N 101 
		C0 392 
		T0 40 
		P 192 
		N 102 
		C0 393 
		T0 40 
		P 193 
		N 103 
		C0 394 
		T0 40 
		P 194 
		N 63 
		C0 395 
		T0 40 
		P 191 
		N 104 
		C0 396 
		T0 41 
		P 184 
		N 105 
		C0 397 
		T0 41 
		P 195 
		N 105 
		C0 398 
		T0 41 
		P 193 
		N 106 
		C0 399 
		T0 42 
		P 191 
		N 107 
		C0 400 
		T0 43 
		P 195 
		N 106 
		C0 401 
		T0 44 
		P 196 
		N 108 
		C0 402 
		T0 41 
		P 197 
		N 108 
		C0 403 
		T0 41 
		P 184 
		N 109 
		C0 404 
		T0 45 
		P 194 
		N 110 
		C0 405 
		T0 46 
		P 198 
		N 111 
		C0 406 
		T0 47 
		P 196 
		N 112 
		C0 407 
		T0 48 
		P 193 
		N 113 
		C0 408 
		T0 42 
		P 199 
		N 114 
		C0 409 
		T0 49 
		P 197 
		N 115 
		C0 410 
		T0 50 
		P 200 
		N 116 
		C0 411 
		T0 51 
		P 201 
		N 116 
		C0 412 
		T0 52 
		P 202 
		N 117 
		C0 413 
		T0 53 
		P 203 
		N 117 
		C0 414 
		T0 54 
		P 204 
		N 118 
		C0 415 
		T0 55 
		P 205 
		N 118 
		C0 416 
		T0 56 
		P 206 
		N 119 
		C0 417 
		T0 57 
		P 207 
		N 120 
		C0 418 
		T0 58 
		P 201 
		N 121 
		C0 419 
		T0 52 
		P 200 
		N 121 
		C0 420 
		T0 51 
		P 194 
		N 122 
		C0 421 
		T0 59 
		P 180 
		N 123 
		C0 422 
		T0 29 
		P 200 
		N 124 
		C0 423 
		T0 51 
		P 203 
		N 125 
		C0 424 
		T0 54 
		P 208 
		N 125 
		C0 425 
		T0 60 
		P 209 
		N 124 
		C0 426 
		T0 61 
		P 210 
		N 126 
		C0 427 
		T0 62 
		P 211 
		N 127 
		C0 428 
		T0 63 
		P 212 
		N 128 
		C0 429 
		T0 64 
		P 213 
		N 129 
		C0 430 
		T0 65 
		P 214 
		N 130 
		C0 431 
		T0 66 
		P 215 
		N 131 
		C0 432 
		T0 67 
		P 216 
		N 132 
		C0 433 
		T0 68 
		P 217 
		N 133 
		C0 434 
		T0 69 
		P 192 
		N 134 
		C0 435 
		T0 70 
		P 218 
		N 135 
		C0 436 
		T0 71 
		P 219 
		N 136 
		C0 437 
		T0 72 
		P 220 
		N 137 
		C0 438 
		T0 73 
		P 221 
		N 138 
		C0 439 
		T0 74 
		P 222 
		N 139 
		C0 440 
		T0 75 
		P 223 
		N 140 
		C0 441 
		T0 76 
		P 224 
		N 141 
		C0 442 
		T0 77 
		P 224 
		N 142 
		C0 443 
		T0 78 
		P 225 
		N 143 
		C0 444 
		T0 79 
		P 188 
		N 144 
		C0 445 
		T0 80 
		P 223 
		N 145 
		C0 446 
		T0 81 
		P 178 
		N 86 
		C0 447 
		T0 82 
		P 185 
		N 146 
		C0 448 
		T0 34 
		P 226 
		N 146 
		C0 449 
		T0 83 
		P 192 
		N 147 
		C0 450 
		T0 70 
		P 170 
		N 75 
		C0 451 
		T0 84 
		P 225 
		N 148 
		C0 452 
		T0 85 
		P 227 
		N 149 
		C0 453 
		T0 86 
		P 173 
		N 80 
		C0 454 
		T0 87 
		P 228 
		N 150 
		C0 455 
		T0 88 
		P 174 
		N 151 
		C0 456 
		T0 89 
		P 176 
		N 152 
		C0 457 
		T0 89 
		P 229 
		N 153 
		C0 458 
		T0 90 
		P 173 
		N 154 
		C0 459 
		T0 87 
		P 230 
		N 155 
		C0 460 
		T0 91 
		P 231 
		N 92 
		C0 461 
		T0 92 
		P 232 
		N 156 
		C0 462 
		T0 93 
		P 233 
		N 157 
		C0 463 
		T0 94 
		P 175 
		N 158 
		C0 464 
		T0 95 
		P 207 
		N 159 
		C0 465 
		T0 58 
		P 175 
		N 160 
		C0 466 
		T0 95 
		P 231 
		N 161 
		C0 467 
		T0 92 
		P 234 
		N 162 
		C0 468 
		T0 96 
		P 235 
		N 163 
		C0 469 
		T0 97 
		P 236 
		N 164 
		C0 470 
		T0 98 
		P 201 
		N 164 
		C0 471 
		T0 52 
		P 207 
		N 159 
		C0 472 
		T0 58 
		P 237 
		N 165 
		C0 473 
		T0 99 
		P 201 
		N 165 
		C0 474 
		T0 52 
		P 236 
		N 166 
		C0 475 
		T0 98 
		P 238 
		N 166 
		C0 476 
		T0 100 
		P 239 
		N 167 
		C0 477 
		T0 101 
		P 177 
		N 168 
		C0 478 
		T0 102 
		P 202 
		N 169 
		C0 479 
		T0 53 
		P 194 
		N 170 
		C0 480 
		T0 59 
		P 184 
		N 170 
		C0 481 
		T0 33 
		P 180 
		N 170 
		C0 482 
		T0 29 
		P 226 
		N 171 
		C0 483 
		T0 103 
		P 189 
		N 171 
		C0 484 
		T0 38 
		P 188 
		N 171 
		C0 485 
		T0 37 
		P 240 
		N 172 
		C0 486 
		T0 104 
		P 241 
		N 173 
		C0 487 
		T0 105 
		P 242 
		N 174 
		C0 488 
		T0 106 
		P 243 
		N 175 
		C0 489 
		T0 107 
		P 243 
		N 175 
		C0 490 
		T0 108 
		P 242 
		N 174 
		C0 491 
		T0 109 
		P 244 
		N 176 
		C0 492 
		T0 110 
		P 177 
		N 177 
		C0 493 
		T0 102 
		P 245 
		N 178 
		C0 494 
		T0 111 
		P 169 
		N 179 
		C0 495 
		T0 15 
		P 168 
		N 180 
		C0 496 
		T0 14 
		P 177 
		N 177 
		C0 497 
		T0 26 
		P 246 
		N 181 
		C0 498 
		T0 112 
		P 247 
		N 182 
		C0 499 
		T0 113 
		P 248 
		N 183 
		C0 500 
		T0 114 
		P 246 
		N 18 
		C0 501 
		T0 112 
		P 247 
		N 18 
		C0 502 
		T0 113 
		P 249 
		N 183 
		C0 503 
		T0 115 
		P 250 
		N 30 
		C0 504 
		T0 116 
		P 251 
		N 30 
		C0 505 
		T0 117 
		P 252 
		N 184 
		C0 506 
		T0 118 
		P 239 
		N 185 
		C0 507 
		T0 101 
		P 253 
		N 186 
		C0 508 
		T0 119 
		P 254 
		N 187 
		C0 509 
		T0 120 
		P 255 
		N 188 
		C0 510 
		T0 121 
		P 256 
		N 189 
		C0 511 
		T0 122 
		P 253 
		N 189 
		C0 512 
		T0 119 
		P 254 
		N 188 
		C0 513 
		T0 120 
		P 257 
		N 190 
		C0 514 
		T0 123 
		P 258 
		N 191 
		C0 515 
		T0 124 
		P 259 
		N 191 
		C0 516 
		T0 125 
		P 260 
		N 190 
		C0 517 
		T0 126 
		P 261 
		N 192 
		C0 518 
		T0 127 
		P 262 
		N 193 
		C0 519 
		T0 128 
		P 250 
		N 194 
		C0 520 
		T0 116 
		P 260 
		N 195 
		C0 521 
		T0 126 
		P 259 
		N 196 
		C0 522 
		T0 125 
		P 259 
		N 191 
		C0 523 
		T0 129 
		P 258 
		N 191 
		C0 524 
		T0 130 
		P 259 
		N 196 
		C0 525 
		T0 129 
		P 260 
		N 197 
		C0 526 
		T0 126 
		P 261 
		N 198 
		C0 527 
		T0 127 
		P 263 
		N 199 
		C0 528 
		T0 131 
		P 264 
		N 183 
		C0 529 
		T0 132 
		P 250 
		N 200 
		C0 530 
		T0 116 
		P 251 
		N 201 
		C0 531 
		T0 117 
		P 248 
		N 202 
		C0 532 
		T0 114 
		P 250 
		N 202 
		C0 533 
		T0 116 
		P 262 
		N 202 
		C0 534 
		T0 128 
		P 246 
		N 202 
		C0 535 
		T0 112 
		P 246 
		N 203 
		C0 536 
		T0 112 
		P 257 
		N 204 
		C0 537 
		T0 123 
		P 204 
		N 205 
		C0 538 
		T0 55 
		P 202 
		N 206 
		C0 539 
		T0 53 
		P 237 
		N 207 
		C0 540 
		T0 99 
		P 265 
		N 208 
		C0 541 
		T0 133 
		P 238 
		N 209 
		C0 542 
		T0 100 
		P 266 
		N 209 
		C0 543 
		T0 134 
		P 205 
		N 210 
		C0 544 
		T0 56 
		P 267 
		N 210 
		C0 545 
		T0 135 
		P 203 
		N 211 
		C0 546 
		T0 54 
		P 208 
		N 211 
		C0 547 
		T0 60 
		P 268 
		N 212 
		C0 548 
		T0 136 
		P 269 
		N 213 
		C0 549 
		T0 137 
		P 270 
		N 214 
		C0 550 
		T0 138 
		P 271 
		N 215 
		C0 551 
		T0 139 
		P 219 
		N 216 
		C0 552 
		T0 72 
		P 272 
		N 217 
		C0 553 
		T0 140 
		P 273 
		N 218 
		C0 554 
		T0 141 
		P 274 
		N 218 
		C0 555 
		T0 142 
		P 268 
		N 217 
		C0 556 
		T0 136 
		P 275 
		N 219 
		C0 557 
		T0 143 
		P 274 
		N 218 
		C0 558 
		T0 144 
		P 273 
		N 218 
		C0 559 
		T0 145 
		P 276 
		N 219 
		C0 560 
		T0 146 
		P 277 
		N 220 
		C0 561 
		T0 147 
		P 278 
		N 220 
		C0 562 
		T0 148 
		P 279 
		N 221 
		C0 563 
		T0 149 
		P 280 
		N 221 
		C0 564 
		T0 150 
		P 215 
		N 222 
		C0 565 
		T0 67 
		P 281 
		N 223 
		C0 566 
		T0 151 
		P 282 
		N 224 
		C0 567 
		T0 152 
		P 283 
		N 225 
		C0 568 
		T0 153 
		P 284 
		N 226 
		C0 569 
		T0 154 
		P 281 
		N 223 
		C0 570 
		T0 155 
		P 216 
		N 227 
		C0 571 
		T0 68 
		P 285 
		N 228 
		C0 572 
		T0 156 
		P 216 
		N 227 
		C0 573 
		T0 157 
		P 286 
		N 229 
		C0 574 
		T0 158 
		P 287 
		N 230 
		C0 575 
		T0 159 
		P 282 
		N 224 
		C0 576 
		T0 160 
		P 288 
		N 231 
		C0 577 
		T0 161 
		P 289 
		N 232 
		C0 578 
		T0 162 
		P 277 
		N 233 
		C0 579 
		T0 147 
		P 280 
		N 233 
		C0 580 
		T0 150 
		P 290 
		N 234 
		C0 581 
		T0 163 
		P 291 
		N 235 
		C0 582 
		T0 164 
		P 277 
		N 235 
		C0 583 
		T0 147 
		P 292 
		N 236 
		C0 584 
		T0 165 
		P 293 
		N 237 
		C0 585 
		T0 166 
		P 294 
		N 237 
		C0 586 
		T0 167 
		P 295 
		N 236 
		C0 587 
		T0 168 
		P 296 
		N 238 
		C0 588 
		T0 169 
		P 297 
		N 238 
		C0 589 
		T0 170 
		P 287 
		N 239 
		C0 590 
		T0 159 
		P 288 
		N 239 
		C0 591 
		T0 161 
		P 277 
		N 240 
		C0 592 
		T0 147 
		P 291 
		N 240 
		C0 593 
		T0 164 
		P 283 
		N 241 
		C0 594 
		T0 153 
		P 275 
		N 241 
		C0 595 
		T0 143 
		P 274 
		N 242 
		C0 596 
		T0 144 
		P 282 
		N 242 
		C0 597 
		T0 152 
		P 268 
		N 243 
		C0 598 
		T0 136 
		P 274 
		N 242 
		C0 599 
		T0 142 
		P 282 
		N 242 
		C0 600 
		T0 160 
		P 269 
		N 243 
		C0 601 
		T0 137 
		P 291 
		N 244 
		C0 602 
		T0 164 
		P 288 
		N 245 
		C0 603 
		T0 161 
		P 293 
		N 246 
		C0 604 
		T0 166 
		P 292 
		N 247 
		C0 605 
		T0 165 
		P 297 
		N 247 
		C0 606 
		T0 170 
		P 192 
		N 248 
		C0 607 
		T0 70 
		P 218 
		N 249 
		C0 608 
		T0 71 
		P 226 
		N 250 
		C0 609 
		T0 83 
		P 298 
		N 251 
		C0 610 
		T0 171 
		P 189 
		N 252 
		C0 611 
		T0 38 
		P 226 
		N 250 
		C0 612 
		T0 103 
		P 218 
		N 249 
		C0 613 
		T0 172 
		P 299 
		N 253 
		C0 614 
		T0 173 
		P 220 
		N 253 
		C0 615 
		T0 174 
		P 296 
		N 254 
		C0 616 
		T0 175 
		P 221 
		N 254 
		C0 617 
		T0 176 
		P 300 
		N 255 
		C0 618 
		T0 177 
		P 189 
		N 256 
		C0 619 
		T0 38 
		P 298 
		N 255 
		C0 620 
		T0 171 
		P 295 
		N 257 
		C0 621 
		T0 178 
		P 301 
		N 258 
		C0 622 
		T0 179 
		P 299 
		N 258 
		C0 623 
		T0 173 
		P 296 
		N 257 
		C0 624 
		T0 175 
		P 302 
		N 259 
		C0 625 
		T0 180 
		P 300 
		N 260 
		C0 626 
		T0 177 
		P 301 
		N 261 
		C0 627 
		T0 179 
		P 303 
		N 262 
		C0 628 
		T0 181 
		P 294 
		N 263 
		C0 629 
		T0 182 
		P 295 
		N 264 
		C0 630 
		T0 178 
		P 190 
		N 265 
		C0 631 
		T0 39 
		P 189 
		N 266 
		C0 632 
		T0 38 
		P 304 
		N 267 
		C0 633 
		T0 183 
		P 305 
		N 268 
		C0 634 
		T0 184 
		P 306 
		N 269 
		C0 635 
		T0 185 
		P 307 
		N 270 
		C0 636 
		T0 186 
		P 304 
		N 271 
		C0 637 
		T0 187 
		P 308 
		N 272 
		C0 638 
		T0 188 
		P 304 
		N 273 
		C0 639 
		T0 187 
		P 309 
		N 274 
		C0 640 
		T0 189 
		P 304 
		N 275 
		C0 641 
		T0 187 
		P 309 
		N 275 
		C0 642 
		T0 189 
		P 310 
		N 275 
		C0 643 
		T0 190 
		P 311 
		N 276 
		C0 644 
		T0 191 
		P 310 
		N 277 
		C0 645 
		T0 192 
		P 312 
		N 278 
		C0 646 
		T0 193 
		P 313 
		N 279 
		C0 647 
		T0 194 
		P 314 
		N 280 
		C0 648 
		T0 195 
		P 315 
		N 281 
		C0 649 
		T0 196 
		P 316 
		N 282 
		C0 650 
		T0 197 
		P 317 
		N 283 
		C0 651 
		T0 198 
		P 318 
		N 284 
		C0 652 
		T0 199 
		P 319 
		N 285 
		C0 653 
		T0 200 
		P 315 
		N 285 
		C0 654 
		T0 196 
		P 320 
		N 285 
		C0 655 
		T0 201 
		P 321 
		N 286 
		C0 656 
		T0 202 
		P 322 
		N 287 
		C0 657 
		T0 203 
		P 323 
		N 288 
		C0 658 
		T0 204 
		P 320 
		N 289 
		C0 659 
		T0 40 
		P 324 
		N 290 
		C0 660 
		T0 40 
		P 319 
		N 291 
		C0 661 
		T0 40 
		P 325 
		N 292 
		C0 662 
		T0 40 
		P 326 
		N 293 
		C0 663 
		T0 40 
		P 327 
		N 294 
		C0 664 
		T0 40 
		P 324 
		N 295 
		C0 665 
		T0 41 
		P 328 
		N 296 
		C0 666 
		T0 41 
		P 319 
		N 296 
		C0 667 
		T0 41 
		P 327 
		N 294 
		C0 668 
		T0 42 
		P 328 
		N 297 
		C0 669 
		T0 44 
		P 324 
		N 290 
		C0 670 
		T0 43 
		P 329 
		N 298 
		C0 671 
		T0 41 
		P 330 
		N 298 
		C0 672 
		T0 41 
		P 319 
		N 299 
		C0 673 
		T0 45 
		P 330 
		N 300 
		C0 674 
		T0 48 
		P 331 
		N 301 
		C0 675 
		T0 47 
		P 326 
		N 293 
		C0 676 
		T0 46 
		P 332 
		N 302 
		C0 677 
		T0 49 
		P 329 
		N 303 
		C0 678 
		T0 50 
		P 333 
		N 304 
		C0 679 
		T0 205 
		P 334 
		N 305 
		C0 680 
		T0 206 
		P 335 
		N 305 
		C0 681 
		T0 207 
		P 336 
		N 304 
		C0 682 
		T0 208 
		P 337 
		N 306 
		C0 683 
		T0 209 
		P 338 
		N 306 
		C0 684 
		T0 210 
		P 339 
		N 307 
		C0 685 
		T0 211 
		P 333 
		N 308 
		C0 686 
		T0 205 
		P 336 
		N 308 
		C0 687 
		T0 208 
		P 340 
		N 309 
		C0 688 
		T0 212 
		P 315 
		N 310 
		C0 689 
		T0 196 
		P 326 
		N 311 
		C0 690 
		T0 213 
		P 333 
		N 312 
		C0 691 
		T0 205 
		P 341 
		N 312 
		C0 692 
		T0 214 
		P 342 
		N 313 
		C0 693 
		T0 215 
		P 334 
		N 313 
		C0 694 
		T0 206 
		P 343 
		N 314 
		C0 695 
		T0 216 
		P 344 
		N 315 
		C0 696 
		T0 217 
		P 345 
		N 316 
		C0 697 
		T0 218 
		P 346 
		N 317 
		C0 698 
		T0 219 
		P 347 
		N 318 
		C0 699 
		T0 220 
		P 348 
		N 319 
		C0 700 
		T0 221 
		P 349 
		N 320 
		C0 701 
		T0 222 
		P 350 
		N 321 
		C0 702 
		T0 223 
		P 325 
		N 322 
		C0 703 
		T0 224 
		P 351 
		N 323 
		C0 704 
		T0 225 
		P 352 
		N 324 
		C0 705 
		T0 226 
		P 353 
		N 325 
		C0 706 
		T0 227 
		P 354 
		N 326 
		C0 707 
		T0 228 
		P 355 
		N 327 
		C0 708 
		T0 229 
		P 356 
		N 328 
		C0 709 
		T0 230 
		P 356 
		N 329 
		C0 710 
		T0 231 
		P 357 
		N 330 
		C0 711 
		T0 232 
		P 355 
		N 331 
		C0 712 
		T0 233 
		P 323 
		N 332 
		C0 713 
		T0 234 
		P 314 
		N 280 
		C0 714 
		T0 235 
		P 358 
		N 333 
		C0 715 
		T0 236 
		P 320 
		N 333 
		C0 716 
		T0 201 
		P 325 
		N 334 
		C0 717 
		T0 224 
		P 307 
		N 270 
		C0 718 
		T0 237 
		P 357 
		N 335 
		C0 719 
		T0 238 
		P 309 
		N 274 
		C0 720 
		T0 239 
		P 359 
		N 336 
		C0 721 
		T0 240 
		P 310 
		N 337 
		C0 722 
		T0 241 
		P 309 
		N 338 
		C0 723 
		T0 239 
		P 360 
		N 339 
		C0 724 
		T0 242 
		P 312 
		N 340 
		C0 725 
		T0 243 
		P 361 
		N 341 
		C0 726 
		T0 244 
		P 362 
		N 342 
		C0 727 
		T0 245 
		P 363 
		N 343 
		C0 728 
		T0 246 
		P 364 
		N 284 
		C0 729 
		T0 247 
		P 311 
		N 344 
		C0 730 
		T0 248 
		P 340 
		N 345 
		C0 731 
		T0 212 
		P 311 
		N 346 
		C0 732 
		T0 248 
		P 364 
		N 347 
		C0 733 
		T0 247 
		P 365 
		N 348 
		C0 734 
		T0 249 
		P 366 
		N 349 
		C0 735 
		T0 250 
		P 340 
		N 345 
		C0 736 
		T0 212 
		P 336 
		N 350 
		C0 737 
		T0 208 
		P 367 
		N 350 
		C0 738 
		T0 251 
		P 368 
		N 351 
		C0 739 
		T0 252 
		P 369 
		N 352 
		C0 740 
		T0 253 
		P 367 
		N 352 
		C0 741 
		T0 251 
		P 336 
		N 351 
		C0 742 
		T0 208 
		P 370 
		N 353 
		C0 743 
		T0 254 
		P 313 
		N 354 
		C0 744 
		T0 255 
		P 335 
		N 355 
		C0 745 
		T0 207 
		P 326 
		N 356 
		C0 746 
		T0 213 
		P 315 
		N 356 
		C0 747 
		T0 196 
		P 319 
		N 356 
		C0 748 
		T0 200 
		P 358 
		N 357 
		C0 749 
		T0 256 
		P 323 
		N 357 
		C0 750 
		T0 204 
		P 322 
		N 357 
		C0 751 
		T0 203 
		P 371 
		N 358 
		C0 752 
		T0 257 
		P 372 
		N 359 
		C0 753 
		T0 258 
		P 373 
		N 360 
		C0 754 
		T0 259 
		P 374 
		N 361 
		C0 755 
		T0 260 
		P 372 
		N 359 
		C0 756 
		T0 261 
		P 313 
		N 362 
		C0 757 
		T0 255 
		P 375 
		N 363 
		C0 758 
		T0 262 
		P 373 
		N 360 
		C0 759 
		T0 263 
		P 306 
		N 364 
		C0 760 
		T0 185 
		P 313 
		N 362 
		C0 761 
		T0 194 
		P 376 
		N 365 
		C0 762 
		T0 264 
		P 370 
		N 366 
		C0 763 
		T0 254 
		P 377 
		N 367 
		C0 764 
		T0 265 
		P 378 
		N 368 
		C0 765 
		T0 266 
		P 379 
		N 369 
		C0 766 
		T0 267 
		P 378 
		N 369 
		C0 767 
		T0 266 
		P 377 
		N 370 
		C0 768 
		T0 265 
		P 380 
		N 370 
		C0 769 
		T0 268 
		P 381 
		N 371 
		C0 770 
		T0 269 
		P 382 
		N 371 
		C0 771 
		T0 270 
		P 383 
		N 372 
		C0 772 
		T0 271 
		P 384 
		N 372 
		C0 773 
		T0 272 
		P 385 
		N 373 
		C0 774 
		T0 273 
		P 251 
		N 374 
		C0 775 
		T0 117 
		P 386 
		N 375 
		C0 776 
		T0 274 
		P 382 
		N 376 
		C0 777 
		T0 270 
		P 383 
		N 377 
		C0 778 
		T0 271 
		P 384 
		N 372 
		C0 779 
		T0 275 
		P 383 
		N 372 
		C0 780 
		T0 276 
		P 383 
		N 377 
		C0 781 
		T0 276 
		P 382 
		N 378 
		C0 782 
		T0 270 
		P 387 
		N 379 
		C0 783 
		T0 277 
		P 385 
		N 380 
		C0 784 
		T0 273 
		P 249 
		N 381 
		C0 785 
		T0 115 
		P 247 
		N 381 
		C0 786 
		T0 113 
		P 386 
		N 381 
		C0 787 
		T0 274 
		P 251 
		N 381 
		C0 788 
		T0 117 
		P 247 
		N 382 
		C0 789 
		T0 113 
		P 388 
		N 383 
		C0 790 
		T0 278 
		P 389 
		N 384 
		C0 791 
		T0 279 
		P 381 
		N 385 
		C0 792 
		T0 269 
		P 390 
		N 385 
		C0 793 
		T0 280 
		P 338 
		N 386 
		C0 794 
		T0 210 
		P 391 
		N 387 
		C0 795 
		T0 281 
		P 368 
		N 388 
		C0 796 
		T0 252 
		P 335 
		N 389 
		C0 797 
		T0 207 
		P 392 
		N 390 
		C0 798 
		T0 282 
		P 369 
		N 390 
		C0 799 
		T0 253 
		P 337 
		N 391 
		C0 800 
		T0 209 
		P 393 
		N 391 
		C0 801 
		T0 283 
		P 334 
		N 392 
		C0 802 
		T0 206 
		P 342 
		N 392 
		C0 803 
		T0 215 
		P 394 
		N 393 
		C0 804 
		T0 284 
		P 395 
		N 394 
		C0 805 
		T0 285 
		P 396 
		N 395 
		C0 806 
		T0 286 
		P 352 
		N 396 
		C0 807 
		T0 226 
		P 397 
		N 397 
		C0 808 
		T0 287 
		P 398 
		N 398 
		C0 809 
		T0 288 
		P 394 
		N 398 
		C0 810 
		T0 284 
		P 399 
		N 399 
		C0 811 
		T0 289 
		P 400 
		N 399 
		C0 812 
		T0 290 
		P 401 
		N 400 
		C0 813 
		T0 291 
		P 402 
		N 400 
		C0 814 
		T0 292 
		P 400 
		N 399 
		C0 815 
		T0 293 
		P 399 
		N 399 
		C0 816 
		T0 294 
		P 350 
		N 401 
		C0 817 
		T0 223 
		P 403 
		N 402 
		C0 818 
		T0 295 
		P 404 
		N 403 
		C0 819 
		T0 296 
		P 405 
		N 404 
		C0 820 
		T0 297 
		P 406 
		N 405 
		C0 821 
		T0 298 
		P 349 
		N 406 
		C0 822 
		T0 222 
		P 403 
		N 402 
		C0 823 
		T0 299 
		P 349 
		N 406 
		C0 824 
		T0 300 
		P 407 
		N 407 
		C0 825 
		T0 301 
		P 408 
		N 408 
		C0 826 
		T0 302 
		P 409 
		N 409 
		C0 827 
		T0 303 
		P 406 
		N 405 
		C0 828 
		T0 304 
		P 410 
		N 410 
		C0 829 
		T0 305 
		P 280 
		N 411 
		C0 830 
		T0 150 
		P 411 
		N 411 
		C0 831 
		T0 306 
		P 412 
		N 412 
		C0 832 
		T0 307 
		P 413 
		N 412 
		C0 833 
		T0 308 
		P 414 
		N 413 
		C0 834 
		T0 309 
		P 415 
		N 413 
		C0 835 
		T0 310 
		P 410 
		N 414 
		C0 836 
		T0 305 
		P 408 
		N 414 
		C0 837 
		T0 302 
		P 280 
		N 415 
		C0 838 
		T0 150 
		P 401 
		N 416 
		C0 839 
		T0 291 
		P 405 
		N 416 
		C0 840 
		T0 297 
		P 411 
		N 415 
		C0 841 
		T0 306 
		P 399 
		N 417 
		C0 842 
		T0 294 
		P 406 
		N 417 
		C0 843 
		T0 298 
		P 394 
		N 418 
		C0 844 
		T0 284 
		P 396 
		N 418 
		C0 845 
		T0 286 
		P 406 
		N 417 
		C0 846 
		T0 304 
		P 399 
		N 417 
		C0 847 
		T0 289 
		P 411 
		N 419 
		C0 848 
		T0 306 
		P 410 
		N 420 
		C0 849 
		T0 305 
		P 415 
		N 421 
		C0 850 
		T0 310 
		P 412 
		N 421 
		C0 851 
		T0 307 
		P 325 
		N 422 
		C0 852 
		T0 224 
		P 358 
		N 423 
		C0 853 
		T0 236 
		P 351 
		N 424 
		C0 854 
		T0 225 
		P 416 
		N 425 
		C0 855 
		T0 311 
		P 351 
		N 424 
		C0 856 
		T0 312 
		P 358 
		N 423 
		C0 857 
		T0 256 
		P 322 
		N 426 
		C0 858 
		T0 203 
		P 417 
		N 427 
		C0 859 
		T0 313 
		P 353 
		N 427 
		C0 860 
		T0 314 
		P 414 
		N 428 
		C0 861 
		T0 315 
		P 354 
		N 428 
		C0 862 
		T0 316 
		P 418 
		N 429 
		C0 863 
		T0 317 
		P 416 
		N 429 
		C0 864 
		T0 311 
		P 322 
		N 430 
		C0 865 
		T0 203 
		P 413 
		N 431 
		C0 866 
		T0 318 
		P 414 
		N 431 
		C0 867 
		T0 315 
		P 417 
		N 432 
		C0 868 
		T0 313 
		P 419 
		N 432 
		C0 869 
		T0 319 
		P 418 
		N 433 
		C0 870 
		T0 317 
		P 322 
		N 434 
		C0 871 
		T0 203 
		P 419 
		N 435 
		C0 872 
		T0 319 
		P 413 
		N 436 
		C0 873 
		T0 318 
		P 420 
		N 26 
		C0 874 
		T0 320 
		P 421 
		N 26 
		C0 875 
		T0 320 
		P 422 
		N 26 
		C0 876 
		T0 320 
		P 423 
		N 26 
		C0 877 
		T0 320 
		P 424 
		N 437 
		C0 878 
		T0 320 
		P 425 
		N 437 
		C0 879 
		T0 320 
		P 420 
		N 437 
		C0 880 
		T0 320 
		P 423 
		N 437 
		C0 881 
		T0 320 
		P 421 
		N 438 
		C0 882 
		T0 320 
		P 425 
		N 438 
		C0 883 
		T0 320 
		P 424 
		N 438 
		C0 884 
		T0 320 
		P 422 
		N 438 
		C0 885 
		T0 320 
		P 426 
		N 20 
		C0 886 
		T0 320 
		P 427 
		N 439 
		C0 887 
		T0 320 
		P 428 
		N 439 
		C0 888 
		T0 320 
		P 429 
		N 20 
		C0 889 
		T0 320 
		P 430 
		N 440 
		C0 890 
		T0 320 
		P 431 
		N 440 
		C0 891 
		T0 320 
		P 432 
		N 441 
		C0 892 
		T0 320 
		P 433 
		N 441 
		C0 893 
		T0 320 
		P 434 
		N 442 
		C0 894 
		T0 320 
		P 435 
		N 442 
		C0 895 
		T0 320 
		P 436 
		N 259 
		C0 896 
		T0 320 
		P 437 
		N 259 
		C0 897 
		T0 320 
		P 438 
		N 443 
		C0 898 
		T0 320 
		P 439 
		N 443 
		C0 899 
		T0 320 
		P 426 
		N 444 
		C0 900 
		T0 320 
		P 437 
		N 445 
		C0 901 
		T0 320 
		P 438 
		N 309 
		C0 902 
		T0 320 
		P 427 
		N 309 
		C0 903 
		T0 320 
		P 435 
		N 446 
		C0 904 
		T0 320 
		P 432 
		N 447 
		C0 905 
		T0 320 
		P 431 
		N 448 
		C0 906 
		T0 320 
		P 434 
		N 449 
		C0 907 
		T0 320 
		P 433 
		N 450 
		C0 908 
		T0 320 
		P 436 
		N 451 
		C0 909 
		T0 320 
		P 430 
		N 452 
		C0 910 
		T0 320 
		P 429 
		N 453 
		C0 911 
		T0 320 
		P 428 
		N 454 
		C0 912 
		T0 320 
		P 439 
		N 454 
		C0 913 
		T0 320 
		P 440 
		N 455 
		C0 914 
		T0 321 
		P 441 
		N 19 
		C0 915 
		T0 321 
		P 442 
		N 19 
		C0 916 
		T0 321 
		P 443 
		N 455 
		C0 917 
		T0 321 
		P 444 
		N 456 
		C0 918 
		T0 321 
		P 445 
		N 456 
		C0 919 
		T0 321 
		P 441 
		N 457 
		C0 920 
		T0 321 
		P 444 
		N 457 
		C0 921 
		T0 321 
		P 445 
		N 457 
		C0 922 
		T0 321 
		P 442 
		N 457 
		C0 923 
		T0 321 
		P 439 
		N 458 
		C0 924 
		T0 320 
		P 428 
		N 458 
		C0 925 
		T0 320 
		P 427 
		N 458 
		C0 926 
		T0 320 
		P 438 
		N 458 
		C0 927 
		T0 320 
		P 446 
		N 26 
		C0 928 
		T0 320 
		P 447 
		N 26 
		C0 929 
		T0 320 
		P 448 
		N 26 
		C0 930 
		T0 320 
		P 449 
		N 26 
		C0 931 
		T0 320 
		P 450 
		N 438 
		C0 932 
		T0 320 
		P 447 
		N 438 
		C0 933 
		T0 320 
		P 446 
		N 438 
		C0 934 
		T0 320 
		P 451 
		N 438 
		C0 935 
		T0 320 
		P 449 
		N 437 
		C0 936 
		T0 320 
		P 448 
		N 437 
		C0 937 
		T0 320 
		P 450 
		N 437 
		C0 938 
		T0 320 
		P 451 
		N 437 
		C0 939 
		T0 320 
		P 452 
		N 20 
		C0 940 
		T0 320 
		P 453 
		N 20 
		C0 941 
		T0 320 
		P 454 
		N 439 
		C0 942 
		T0 320 
		P 455 
		N 439 
		C0 943 
		T0 320 
		P 456 
		N 440 
		C0 944 
		T0 320 
		P 457 
		N 440 
		C0 945 
		T0 320 
		P 458 
		N 441 
		C0 946 
		T0 320 
		P 459 
		N 442 
		C0 947 
		T0 320 
		P 460 
		N 442 
		C0 948 
		T0 320 
		P 461 
		N 441 
		C0 949 
		T0 320 
		P 462 
		N 259 
		C0 950 
		T0 320 
		P 463 
		N 259 
		C0 951 
		T0 320 
		P 464 
		N 443 
		C0 952 
		T0 320 
		P 465 
		N 443 
		C0 953 
		T0 320 
		P 452 
		N 459 
		C0 954 
		T0 320 
		P 455 
		N 120 
		C0 955 
		T0 320 
		P 464 
		N 120 
		C0 956 
		T0 320 
		P 462 
		N 460 
		C0 957 
		T0 320 
		P 459 
		N 461 
		C0 958 
		T0 320 
		P 458 
		N 462 
		C0 959 
		T0 320 
		P 456 
		N 463 
		C0 960 
		T0 320 
		P 460 
		N 464 
		C0 961 
		T0 320 
		P 463 
		N 465 
		C0 962 
		T0 320 
		P 461 
		N 466 
		C0 963 
		T0 320 
		P 457 
		N 467 
		C0 964 
		T0 320 
		P 453 
		N 468 
		C0 965 
		T0 320 
		P 465 
		N 469 
		C0 966 
		T0 320 
		P 454 
		N 469 
		C0 967 
		T0 320 
		P 465 
		N 458 
		C0 968 
		T0 320 
		P 464 
		N 458 
		C0 969 
		T0 320 
		P 455 
		N 458 
		C0 970 
		T0 320 
		P 454 
		N 458 
		C0 971 
		T0 320 
		P 466 
		N 470 
		C0 972 
		T0 41 
		P 467 
		N 470 
		C0 973 
		T0 41 
		P 468 
		N 471 
		C0 974 
		T0 41 
		P 469 
		N 471 
		C0 975 
		T0 41 
		P 470 
		N 472 
		C0 976 
		T0 41 
		P 471 
		N 472 
		C0 977 
		T0 41 
		P 472 
		N 473 
		C0 978 
		T0 41 
		P 473 
		N 473 
		C0 979 
		T0 41 
		P 474 
		N 474 
		C0 980 
		T0 41 
		P 475 
		N 474 
		C0 981 
		T0 41 
		P 476 
		N 475 
		C0 982 
		T0 41 
		P 477 
		N 475 
		C0 983 
		T0 41 
		P 478 
		N 476 
		C0 984 
		T0 41 
		P 479 
		N 476 
		C0 985 
		T0 41 
		P 480 
		N 477 
		C0 986 
		T0 41 
		P 481 
		N 477 
		C0 987 
		T0 41 
		P 482 
		N 478 
		C0 988 
		T0 41 
		P 483 
		N 478 
		C0 989 
		T0 41 
		P 484 
		N 479 
		C0 990 
		T0 41 
		P 485 
		N 479 
		C0 991 
		T0 41 
		P 483 
		N 480 
		C0 992 
		T0 322 
		P 485 
		N 480 
		C0 993 
		T0 322 
		P 475 
		N 480 
		C0 994 
		T0 322 
		P 477 
		N 480 
		C0 995 
		T0 322 
		P 473 
		N 480 
		C0 996 
		T0 322 
		P 466 
		N 480 
		C0 997 
		T0 322 
		P 469 
		N 480 
		C0 998 
		T0 322 
		P 471 
		N 480 
		C0 999 
		T0 322 
		P 479 
		N 480 
		C0 1000 
		T0 322 
		P 481 
		N 480 
		C0 1001 
		T0 322 
		P 486 
		N 480 
		C0 1002 
		T0 41 
		P 487 
		N 480 
		C0 1003 
		T0 41 
		P 488 
		N 480 
		C0 1004 
		T0 41 
		P 489 
		N 480 
		C0 1005 
		T0 41 
		P 490 
		N 480 
		C0 1006 
		T0 41 
		P 491 
		N 480 
		C0 1007 
		T0 41 
		P 492 
		N 480 
		C0 1008 
		T0 41 
		P 493 
		N 480 
		C0 1009 
		T0 41 
		P 494 
		N 480 
		C0 1010 
		T0 41 
		P 495 
		N 480 
		C0 1011 
		T0 41 
		P 488 
		N 481 
		C0 1012 
		T0 41 
		P 487 
		N 482 
		C0 1013 
		T0 41 
		P 496 
		N 482 
		C0 1014 
		T0 41 
		P 497 
		N 481 
		C0 1015 
		T0 41 
		P 486 
		N 483 
		C0 1016 
		T0 41 
		P 498 
		N 483 
		C0 1017 
		T0 41 
		P 489 
		N 484 
		C0 1018 
		T0 41 
		P 499 
		N 484 
		C0 1019 
		T0 41 
		P 490 
		N 22 
		C0 1020 
		T0 41 
		P 500 
		N 22 
		C0 1021 
		T0 41 
		P 493 
		N 485 
		C0 1022 
		T0 41 
		P 501 
		N 485 
		C0 1023 
		T0 41 
		P 492 
		N 486 
		C0 1024 
		T0 41 
		P 502 
		N 486 
		C0 1025 
		T0 41 
		P 495 
		N 487 
		C0 1026 
		T0 41 
		P 503 
		N 487 
		C0 1027 
		T0 41 
		P 494 
		N 488 
		C0 1028 
		T0 41 
		P 504 
		N 488 
		C0 1029 
		T0 41 
		P 491 
		N 23 
		C0 1030 
		T0 41 
		P 505 
		N 23 
		C0 1031 
		T0 41 
		P 506 
		N 472 
		C0 1032 
		T0 41 
		P 507 
		N 471 
		C0 1033 
		T0 41 
		P 508 
		N 471 
		C0 1034 
		T0 41 
		P 509 
		N 472 
		C0 1035 
		T0 41 
		P 510 
		N 470 
		C0 1036 
		T0 41 
		P 511 
		N 470 
		C0 1037 
		T0 41 
		P 512 
		N 479 
		C0 1038 
		T0 41 
		P 513 
		N 479 
		C0 1039 
		T0 41 
		P 514 
		N 478 
		C0 1040 
		T0 41 
		P 515 
		N 478 
		C0 1041 
		T0 41 
		P 516 
		N 477 
		C0 1042 
		T0 41 
		P 517 
		N 477 
		C0 1043 
		T0 41 
		P 518 
		N 476 
		C0 1044 
		T0 41 
		P 519 
		N 476 
		C0 1045 
		T0 41 
		P 520 
		N 475 
		C0 1046 
		T0 41 
		P 521 
		N 475 
		C0 1047 
		T0 41 
		P 522 
		N 474 
		C0 1048 
		T0 41 
		P 523 
		N 474 
		C0 1049 
		T0 41 
		P 524 
		N 473 
		C0 1050 
		T0 41 
		P 525 
		N 473 
		C0 1051 
		T0 41 
		P 520 
		N 480 
		C0 1052 
		T0 322 
		P 514 
		N 480 
		C0 1053 
		T0 322 
		P 512 
		N 480 
		C0 1054 
		T0 322 
		P 522 
		N 480 
		C0 1055 
		T0 322 
		P 510 
		N 480 
		C0 1056 
		T0 322 
		P 507 
		N 480 
		C0 1057 
		T0 322 
		P 506 
		N 480 
		C0 1058 
		T0 322 
		P 524 
		N 480 
		C0 1059 
		T0 322 
		P 518 
		N 480 
		C0 1060 
		T0 322 
		P 516 
		N 480 
		C0 1061 
		T0 322 
		P 505 
		N 21 
		C0 1062 
		T0 41 
		P 500 
		N 21 
		C0 1063 
		T0 41 
		P 501 
		N 21 
		C0 1064 
		T0 41 
		P 504 
		N 21 
		C0 1065 
		T0 41 
		P 502 
		N 21 
		C0 1066 
		T0 41 
		P 503 
		N 21 
		C0 1067 
		T0 41 
		P 526 
		N 489 
		C0 1068 
		T0 323 
		P 527 
		N 490 
		C0 1069 
		T0 323 
		P 213 
		N 490 
		C0 1070 
		T0 323 
		P 211 
		N 491 
		C0 1071 
		T0 323 
		P 528 
		N 492 
		C0 1072 
		T0 323 
		P 209 
		N 493 
		C0 1073 
		T0 323 
		P 208 
		N 492 
		C0 1074 
		T0 323 
		P 219 
		N 494 
		C0 1075 
		T0 323 
		P 234 
		N 495 
		C0 1076 
		T0 323 
		P 529 
		N 495 
		C0 1077 
		T0 323 
		P 530 
		N 496 
		C0 1078 
		T0 323 
		P 235 
		N 497 
		C0 1079 
		T0 323 
		P 236 
		N 498 
		C0 1080 
		T0 323 
		P 531 
		N 499 
		C0 1081 
		T0 323 
		P 238 
		N 499 
		C0 1082 
		T0 323 
		P 239 
		N 500 
		C0 1083 
		T0 323 
		P 528 
		N 22 
		C0 1084 
		T0 323 
		P 532 
		N 22 
		C0 1085 
		T0 323 
		P 527 
		N 22 
		C0 1086 
		T0 323 
		P 526 
		N 22 
		C0 1087 
		T0 323 
		P 530 
		N 22 
		C0 1088 
		T0 323 
		P 529 
		N 22 
		C0 1089 
		T0 323 
		P 533 
		N 22 
		C0 1090 
		T0 323 
		P 531 
		N 22 
		C0 1091 
		T0 323 
		P 256 
		N 501 
		C0 1092 
		T0 323 
		P 533 
		N 502 
		C0 1093 
		T0 323 
		P 253 
		N 502 
		C0 1094 
		T0 323 
		P 529 
		N 503 
		C0 1095 
		T0 323 
		P 239 
		N 504 
		C0 1096 
		T0 323 
		P 252 
		N 503 
		C0 1097 
		T0 323 
		P 534 
		N 505 
		C0 1098 
		T0 324 
		P 533 
		N 506 
		C0 1099 
		T0 325 
		P 263 
		N 507 
		C0 1100 
		T0 326 
		P 264 
		N 506 
		C0 1101 
		T0 327 
		P 256 
		N 508 
		C0 1102 
		T0 328 
		P 255 
		N 509 
		C0 1103 
		T0 329 
		P 257 
		N 508 
		C0 1104 
		T0 330 
		P 258 
		N 510 
		C0 1105 
		T0 331 
		P 531 
		N 511 
		C0 1106 
		T0 332 
		P 265 
		N 511 
		C0 1107 
		T0 333 
		P 266 
		N 20 
		C0 1108 
		T0 334 
		P 238 
		N 512 
		C0 1109 
		T0 323 
		P 531 
		N 512 
		C0 1110 
		T0 323 
		P 266 
		N 512 
		C0 1111 
		T0 323 
		P 528 
		N 513 
		C0 1112 
		T0 335 
		P 267 
		N 513 
		C0 1113 
		T0 336 
		P 267 
		N 513 
		C0 1114 
		T0 323 
		P 528 
		N 513 
		C0 1115 
		T0 323 
		P 208 
		N 501 
		C0 1116 
		T0 323 
		P 532 
		N 514 
		C0 1117 
		T0 323 
		P 268 
		N 514 
		C0 1118 
		T0 323 
		P 270 
		N 515 
		C0 1119 
		T0 323 
		P 527 
		N 515 
		C0 1120 
		T0 323 
		P 219 
		N 516 
		C0 1121 
		T0 323 
		P 272 
		N 517 
		C0 1122 
		T0 323 
		P 278 
		N 18 
		C0 1123 
		T0 337 
		P 276 
		N 18 
		C0 1124 
		T0 338 
		P 532 
		N 18 
		C0 1125 
		T0 339 
		P 273 
		N 18 
		C0 1126 
		T0 340 
		P 272 
		N 18 
		C0 1127 
		T0 341 
		P 535 
		N 518 
		C0 1128 
		T0 323 
		P 342 
		N 518 
		C0 1129 
		T0 323 
		P 341 
		N 519 
		C0 1130 
		T0 323 
		P 536 
		N 520 
		C0 1131 
		T0 323 
		P 345 
		N 521 
		C0 1132 
		T0 323 
		P 347 
		N 522 
		C0 1133 
		T0 323 
		P 537 
		N 522 
		C0 1134 
		T0 323 
		P 352 
		N 523 
		C0 1135 
		T0 323 
		P 365 
		N 524 
		C0 1136 
		T0 323 
		P 366 
		N 525 
		C0 1137 
		T0 323 
		P 538 
		N 526 
		C0 1138 
		T0 323 
		P 539 
		N 524 
		C0 1139 
		T0 323 
		P 540 
		N 527 
		C0 1140 
		T0 323 
		P 367 
		N 528 
		C0 1141 
		T0 323 
		P 369 
		N 527 
		C0 1142 
		T0 323 
		P 370 
		N 529 
		C0 1143 
		T0 323 
		P 535 
		N 23 
		C0 1144 
		T0 323 
		P 536 
		N 23 
		C0 1145 
		T0 323 
		P 537 
		N 23 
		C0 1146 
		T0 323 
		P 541 
		N 23 
		C0 1147 
		T0 323 
		P 538 
		N 23 
		C0 1148 
		T0 323 
		P 540 
		N 23 
		C0 1149 
		T0 323 
		P 534 
		N 23 
		C0 1150 
		T0 323 
		P 539 
		N 23 
		C0 1151 
		T0 323 
		P 528 
		N 530 
		C0 1152 
		T0 335 
		P 535 
		N 530 
		C0 1153 
		T0 342 
		P 541 
		N 531 
		C0 1154 
		T0 343 
		P 532 
		N 531 
		C0 1155 
		T0 339 
		P 534 
		N 532 
		C0 1156 
		T0 324 
		P 540 
		N 533 
		C0 1157 
		T0 344 
		P 531 
		N 533 
		C0 1158 
		T0 332 
		P 533 
		N 532 
		C0 1159 
		T0 325 
		P 380 
		N 501 
		C0 1160 
		T0 323 
		P 377 
		N 534 
		C0 1161 
		T0 323 
		P 534 
		N 534 
		C0 1162 
		T0 323 
		P 539 
		N 535 
		C0 1163 
		T0 323 
		P 376 
		N 535 
		C0 1164 
		T0 323 
		P 370 
		N 504 
		C0 1165 
		T0 323 
		P 388 
		N 536 
		C0 1166 
		T0 345 
		P 389 
		N 537 
		C0 1167 
		T0 346 
		P 387 
		N 538 
		C0 1168 
		T0 347 
		P 390 
		N 539 
		C0 1169 
		T0 348 
		P 379 
		N 540 
		C0 1170 
		T0 349 
		P 380 
		N 507 
		C0 1171 
		T0 350 
		P 381 
		N 541 
		C0 1172 
		T0 351 
		P 384 
		N 542 
		C0 1173 
		T0 352 
		P 540 
		N 543 
		C0 1174 
		T0 344 
		P 392 
		N 20 
		C0 1175 
		T0 353 
		P 391 
		N 543 
		C0 1176 
		T0 354 
		P 369 
		N 512 
		C0 1177 
		T0 323 
		P 392 
		N 512 
		C0 1178 
		T0 323 
		P 540 
		N 512 
		C0 1179 
		T0 323 
		P 535 
		N 544 
		C0 1180 
		T0 342 
		P 393 
		N 544 
		C0 1181 
		T0 355 
		P 393 
		N 544 
		C0 1182 
		T0 323 
		P 342 
		N 501 
		C0 1183 
		T0 323 
		P 535 
		N 544 
		C0 1184 
		T0 323 
		P 541 
		N 545 
		C0 1185 
		T0 323 
		P 537 
		N 546 
		C0 1186 
		T0 323 
		P 395 
		N 546 
		C0 1187 
		T0 323 
		P 394 
		N 545 
		C0 1188 
		T0 323 
		P 352 
		N 547 
		C0 1189 
		T0 323 
		P 398 
		N 517 
		C0 1190 
		T0 323 
		P 541 
		N 18 
		C0 1191 
		T0 343 
		P 279 
		N 18 
		C0 1192 
		T0 356 
		P 402 
		N 18 
		C0 1193 
		T0 357 
		P 400 
		N 18 
		C0 1194 
		T0 358 
		P 398 
		N 18 
		C0 1195 
		T0 359 
		P 221 
		N 548 
		C0 1196 
		T0 360 
		P 217 
		N 549 
		C0 1197 
		T0 361 
		P 216 
		N 549 
		C0 1198 
		T0 157 
		P 285 
		N 548 
		C0 1199 
		T0 156 
		P 287 
		N 550 
		C0 1200 
		T0 159 
		P 296 
		N 550 
		C0 1201 
		T0 169 
		P 354 
		N 551 
		C0 1202 
		T0 362 
		P 407 
		N 551 
		C0 1203 
		T0 301 
		P 349 
		N 552 
		C0 1204 
		T0 300 
		P 348 
		N 552 
		C0 1205 
		T0 363 
		P 408 
		N 553 
		C0 1206 
		T0 302 
		P 414 
		N 553 
		C0 1207 
		T0 309 
	}

	Mtl 3 { 
		{
			Name "#2" 
			Priority 32 
			Prim 168 { 
				{
					Type TRISTRIP
					Priority 32 
					Idx 4 { 17 18 16 19 }
				}
				{
					Type TRISTRIP
					Priority 32 
					Idx 4 { 37 38 36 39 }
				}
				{
					Type TRISTRIP
					Priority 32 
					Idx 4 { 57 58 56 59 }
				}
				{
					Type TRISTRIP
					Priority 32 
					Idx 4 { 77 78 76 79 }
				}
				{
					Type TRISTRIP
					Priority 32 
					Idx 4 { 97 98 96 99 }
				}
				{
					Type TRISTRIP
					Priority 32 
					Idx 4 { 101 102 100 103 }
				}
				{
					Type TRISTRIP
					Priority 32 
					Idx 6 { 104 105 106 107 108 109 }
				}
				{
					Type TRISTRIP
					Priority 32 
					Idx 4 { 140 141 108 106 }
				}
				{
					Type TRISTRIP
					Priority 32 
					Idx 4 { 120 121 119 118 }
				}
				{
					Type TRISTRIP
					Priority 32 
					Idx 4 { 123 124 122 125 }
				}
				{
					Type TRISTRIP
					Priority 32 
					Idx 4 { 127 128 126 129 }
				}
				{
					Type TRISTRIP
					Priority 32 
					Idx 4 { 137 138 136 139 }
				}
				{
					Type TRISTRIP
					Priority 32 
					Idx 4 { 110 111 113 112 }
				}
				{
					Type TRISTRIP
					Priority 32 
					Idx 4 { 147 148 146 149 }
				}
				{
					Type TRISTRIP
					Priority 32 
					Idx 5 { 170 171 169 168 172 }
				}
				{
					Type TRISTRIP2
					Priority 32 
					Idx 6 { 143 142 144 145 218 219 }
				}
				{
					Type TRISTRIP2
					Priority 32 
					Idx 4 { 177 180 178 179 }
				}
				{
					Type TRISTRIP2
					Priority 32 
					Idx 4 { 181 184 182 183 }
				}
				{
					Type TRISTRIP2
					Priority 32 
					Idx 4 { 188 187 185 186 }
				}
				{
					Type TRISTRIP2
					Priority 32 
					Idx 5 { 189 192 190 191 193 }
				}
				{
					Type TRISTRIP
					Priority 32 
					Idx 4 { 197 194 196 195 }
				}
				{
					Type TRISTRIP
					Priority 32 
					Idx 4 { 201 198 200 199 }
				}
				{
					Type TRISTRIP
					Priority 32 
					Idx 4 { 205 202 204 203 }
				}
				{
					Type TRISTRIP
					Priority 32 
					Idx 4 { 209 206 208 207 }
				}
				{
					Type TRISTRIP
					Priority 32 
					Idx 4 { 213 210 212 211 }
				}
				{
					Type TRISTRIP
					Priority 32 
					Idx 4 { 217 214 216 215 }
				}
				{
					Type TRISTRIP
					Priority 32 
					Idx 4 { 237 238 236 239 }
				}
				{
					Type TRISTRIP
					Priority 32 
					Idx 4 { 257 258 256 259 }
				}
				{
					Type TRISTRIP
					Priority 32 
					Idx 6 { 263 262 261 260 281 280 }
				}
				{
					Type TRISTRIP
					Priority 32 
					Idx 8 { 264 265 267 266 273 290 292 291 }
				}
				{
					Type TRISTRIP
					Priority 32 
					Idx 4 { 284 285 283 282 }
				}
				{
					Type TRISTRIP
					Priority 32 
					Idx 4 { 295 296 294 297 }
				}
				{
					Type TRISTRIP
					Priority 32 
					Idx 4 { 301 298 300 299 }
				}
				{
					Type TRISTRIP
					Priority 32 
					Idx 4 { 306 307 305 304 }
				}
				{
					Type TRISTRIP
					Priority 32 
					Idx 4 { 331 332 330 333 }
				}
				{
					Type TRISTRIP
					Priority 32 
					Idx 4 { 345 342 344 343 }
				}
				{
					Type TRISTRIP
					Priority 32 
					Idx 4 { 349 346 348 347 }
				}
				{
					Type TRISTRIP
					Priority 32 
					Idx 4 { 353 354 352 355 }
				}
				{
					Type TRISTRIP
					Priority 32 
					Idx 6 { 391 392 390 394 393 395 }
				}
				{
					Type TRISTRIP
					Priority 32 
					Idx 5 { 396 397 398 402 403 }
				}
				{
					Type TRISTRIP2
					Priority 32 
					Idx 6 { 271 269 270 268 278 279 }
				}
				{
					Type TRISTRIP2
					Priority 32 
					Idx 6 { 286 275 276 274 277 293 }
				}
				{
					Type TRISTRIP2
					Priority 32 
					Idx 8 { 312 315 313 314 321 338 339 340 }
				}
				{
					Type TRISTRIP2
					Priority 32 
					Idx 6 { 334 324 325 323 322 341 }
				}
				{
					Type TRISTRIP2
					Priority 32 
					Idx 6 { 420 419 417 418 421 422 }
				}
				{
					Type TRISTRIP2
					Priority 32 
					Idx 4 { 471 470 472 469 }
				}
				{
					Type TRISTRIP2
					Priority 32 
					Idx 11 { 439 434 438 431 436 429 435 427 435 417 421 }
				}
				{
					Type TRISTRIP
					Priority 32 
					Idx 16 { 424 425 423 426 417 428 427 428 429 430 431 437 431 432 434 433 }
				}
				{
					Type TRISTRIP
					Priority 32 
					Idx 4 { 515 516 514 517 }
				}
				{
					Type TRISTRIP
					Priority 32 
					Idx 7 { 522 488 521 487 518 519 520 }
				}
				{
					Type TRISTRIP2
					Priority 32 
					Idx 10 { 519 536 487 486 488 486 489 486 497 495 }
				}
				{
					Type TRISTRIP2
					Priority 32 
					Idx 12 { 760 496 752 494 499 494 498 494 486 494 495 496 }
				}
				{
					Type TRISTRIP2
					Priority 32 
					Idx 4 { 600 599 601 598 }
				}
				{
					Type TRISTRIP2
					Priority 32 
					Idx 8 { 612 611 613 610 615 614 617 616 }
				}
				{
					Type TRISTRIP2
					Priority 32 
					Idx 7 { 621 624 622 623 618 620 619 }
				}
				{
					Type TRISTRIP
					Priority 32 
					Idx 6 { 592 593 595 594 596 597 }
				}
				{
					Type TRISTRIP
					Priority 32 
					Idx 5 { 671 672 666 667 665 }
				}
				{
					Type TRISTRIP2
					Priority 32 
					Idx 6 { 661 660 659 664 662 663 }
				}
				{
					Type TRISTRIP2
					Priority 32 
					Idx 4 { 737 736 738 735 }
				}
				{
					Type TRISTRIP2
					Priority 32 
					Idx 5 { 741 740 742 739 745 }
				}
				{
					Type TRISTRIP
					Priority 32 
					Idx 6 { 686 687 685 688 690 689 }
				}
				{
					Type TRISTRIP
					Priority 32 
					Idx 4 { 773 770 772 771 }
				}
				{
					Type TRISTRIP
					Priority 32 
					Idx 4 { 785 786 788 787 }
				}
				{
					Type TRISTRIP
					Priority 32 
					Idx 4 { 812 809 811 810 }
				}
				{
					Type TRISTRIP
					Priority 32 
					Idx 4 { 847 844 846 845 }
				}
				{
					Type TRISTRIP
					Priority 32 
					Idx 7 { 865 863 864 869 868 866 867 }
				}
				{
					Type TRISTRIP2
					Priority 32 
					Idx 8 { 858 857 855 856 859 860 861 862 }
				}
				{
					Type TRISTRIP2
					Priority 32 
					Idx 4 { 874 877 875 876 }
				}
				{
					Type TRISTRIP2
					Priority 32 
					Idx 4 { 879 878 880 881 }
				}
				{
					Type TRISTRIP2
					Priority 32 
					Idx 4 { 883 882 884 885 }
				}
				{
					Type TRISTRIP2
					Priority 32 
					Idx 4 { 920 923 921 922 }
				}
				{
					Type TRISTRIP2
					Priority 32 
					Idx 4 { 926 925 927 924 }
				}
				{
					Type TRISTRIP2
					Priority 32 
					Idx 4 { 931 930 928 929 }
				}
				{
					Type TRISTRIP2
					Priority 32 
					Idx 4 { 935 934 932 933 }
				}
				{
					Type TRISTRIP2
					Priority 32 
					Idx 4 { 939 938 936 937 }
				}
				{
					Type TRISTRIP2
					Priority 32 
					Idx 4 { 968 971 969 970 }
				}
				{
					Type TRISTRIP2
					Priority 32 
					Idx 15 { 953 952 951 950 948 947 948 946 949 944 945 940 941 943 942 }
				}
				{
					Type TRISTRIP
					Priority 32 
					Idx 6 { 915 916 914 917 918 919 }
				}
				{
					Type TRISTRIP
					Priority 32 
					Idx 15 { 887 888 886 889 891 890 892 893 895 894 895 896 897 899 898 }
				}
				{
					Type TRISTRIP2
					Priority 32 
					Idx 15 { 717 715 716 713 656 712 651 711 650 710 650 714 652 718 720 }
				}
				{
					Type TRISTRIP
					Priority 32 
					Idx 5 { 651 656 654 655 653 }
				}
				{
					Type TRISTRIP2
					Priority 32 
					Idx 15 { 454 451 382 447 381 443 380 444 380 446 385 445 448 449 450 }
				}
				{
					Type TRISTRIP
					Priority 32 
					Idx 13 { 646 644 645 634 633 634 357 358 356 359 374 372 373 }
				}
				{
					Type TRISTRIP2
					Priority 32 
					Idx 10 { 372 375 359 361 358 360 634 635 644 647 }
				}
				{
					Type TRISTRIP2
					Priority 32 
					Idx 14 { 701 700 702 698 705 698 699 696 697 685 692 691 693 694 }
				}
				{
					Type TRISTRIP2
					Priority 32 
					Idx 13 { 700 707 698 706 698 704 696 703 696 695 685 703 690 }
				}
				{
					Type TRISTRIP
					Priority 32 
					Idx 11 { 1002 1003 1005 1004 1006 1007 1009 1010 1009 1011 1008 }
				}
				{
					Type TRISTRIP2
					Priority 32 
					Idx 11 { 1001 1000 992 995 993 994 993 996 997 999 998 }
				}
				{
					Type TRISTRIP
					Priority 32 
					Idx 11 { 873 872 629 628 630 628 627 625 626 631 632 }
				}
				{
					Type TRISTRIP2
					Priority 32 
					Idx 6 { 631 871 625 870 628 872 }
				}
				{
					Type TRISTRIP2
					Priority 32 
					Idx 5 { 479 473 474 476 475 }
				}
				{
					Type TRISTRIP
					Priority 32 
					Idx 9 { 802 803 800 801 800 795 794 796 797 }
				}
				{
					Type TRISTRIP2
					Priority 32 
					Idx 4 { 795 796 798 799 }
				}
				{
					Type TRISTRIP2
					Priority 32 
					Idx 9 { 573 572 566 569 567 569 568 574 602 }
				}
				{
					Type TRISTRIP
					Priority 32 
					Idx 9 { 572 569 575 574 577 574 578 582 583 }
				}
				{
					Type TRISTRIP2
					Priority 32 
					Idx 6 { 580 579 581 578 829 577 }
				}
				{
					Type TRISTRIP2
					Priority 32 
					Idx 6 { 829 826 581 827 830 831 }
				}
				{
					Type TRISTRIP2
					Priority 32 
					Idx 13 { 826 825 827 819 848 819 820 819 821 819 818 825 824 }
				}
				{
					Type TRISTRIP
					Priority 32 
					Idx 4 { 576 570 549 551 }
				}
				{
					Type TRISTRIP
					Priority 32 
					Idx 9 { 337 336 335 320 313 320 321 350 351 }
				}
				{
					Type TRISTRIP2
					Priority 32 
					Idx 16 { 591 590 589 588 589 587 584 586 585 833 832 834 835 834 836 837 }
				}
				{
					Type TRISTRIP2
					Priority 32 
					Idx 8 { 606 605 603 604 849 604 850 851 }
				}
				{
					Type TRISTRIP2
					Priority 32 
					Idx 8 { 903 902 900 901 906 901 905 904 }
				}
				{
					Type TRISTRIP2
					Priority 32 
					Idx 7 { 1063 1062 1064 1065 1064 1067 1066 }
				}
				{
					Type TRISTRIP
					Priority 32 
					Idx 6 { 511 512 510 513 524 523 }
				}
				{
					Type TRISTRIP
					Priority 32 
					Idx 8 { 907 908 909 910 909 911 913 912 }
				}
				{
					Type TRISTRIP
					Priority 32 
					Idx 7 { 841 838 840 839 840 842 843 }
				}
				{
					Type TRISTRIP2
					Priority 32 
					Idx 7 { 780 779 767 766 767 769 768 }
				}
				{
					Type TRISTRIP
					Priority 32 
					Idx 7 { 682 679 681 680 681 683 684 }
				}
				{
					Type TRISTRIP2
					Priority 32 
					Idx 7 { 504 505 500 503 500 502 501 }
				}
				{
					Type TRISTRIP
					Priority 32 
					Idx 7 { 415 416 413 414 413 411 412 }
				}
				{
					Type TRISTRIP2
					Priority 32 
					Idx 7 { 327 326 317 316 317 318 319 }
				}
				{
					Type TRISTRIP
					Priority 32 
					Idx 7 { 328 329 310 308 310 309 311 }
				}
				{
					Type TRISTRIP2
					Priority 32 
					Idx 11 { 1061 1060 1053 1052 1053 1055 1054 1059 1056 1058 1057 }
				}
				{
					Type TRISTRIP
					Priority 32 
					Idx 13 { 408 409 405 406 404 406 407 409 410 409 401 399 400 }
				}
				{
					Type TRISTRIP2
					Priority 32 
					Idx 12 { 176 175 130 132 131 134 135 134 133 134 173 174 }
				}
				{
					Type TRISTRIP2
					Priority 32 
					Idx 11 { 793 792 783 782 783 784 791 531 791 529 790 }
				}
				{
					Type TRISTRIP
					Priority 32 
					Idx 8 { 531 529 530 528 527 528 526 537 }
				}
				{
					Type TRISTRIP
					Priority 32 
					Idx 11 { 789 752 776 755 775 755 774 755 777 754 778 }
				}
				{
					Type TRISTRIP2
					Priority 32 
					Idx 15 { 816 815 813 814 813 563 564 563 561 562 561 560 557 559 558 }
				}
				{
					Type TRISTRIP
					Priority 32 
					Idx 7 { 754 755 753 752 753 760 761 }
				}
				{
					Type TRISTRIP2
					Priority 32 
					Idx 9 { 961 963 962 964 962 965 962 967 966 }
				}
				{
					Type TRISTRIP
					Priority 32 
					Idx 29 { 657 658 389 386 388 386 387 440 441 453 452 377 442 377 376 377 378 377 638 377 648 377 709 453 719 440 708 386 658 }
				}
				{
					Type TRISTRIP2
					Priority 32 
					Idx 13 { 378 376 363 362 363 364 363 366 365 637 638 636 648 }
				}
				{
					Type TRISTRIP
					Priority 32 
					Idx 14 { 670 668 669 677 678 677 674 675 673 675 676 675 668 677 }
				}
				{
					Type TRISTRIP
					Priority 32 
					Idx 3 { 362 367 368 }
				}
				{
					Type TRISTRIP2
					Priority 32 
					Idx 3 { 639 640 636 }
				}
				{
					Type TRISTRIP
					Priority 32 
					Idx 18 { 466 467 457 458 456 458 459 455 382 379 381 379 380 379 385 379 384 383 }
				}
				{
					Type TRISTRIP
					Priority 32 
					Idx 7 { 467 460 458 460 455 465 379 }
				}
				{
					Type TRISTRIP2
					Priority 32 
					Idx 15 { 478 464 462 461 463 460 463 465 463 469 462 468 462 477 478 }
				}
				{
					Type TRISTRIP
					Priority 32 
					Idx 13 { 756 757 759 758 781 758 765 758 764 758 762 757 763 }
				}
				{
					Type TRISTRIP2
					Priority 32 
					Idx 13 { 546 547 544 545 544 541 538 541 539 541 540 543 542 }
				}
				{
					Type TRISTRIP
					Priority 32 
					Idx 13 { 507 493 506 492 508 492 509 492 525 492 491 493 490 }
				}
				{
					Type TRISTRIP2
					Priority 32 
					Idx 4 { 555 554 556 553 }
				}
				{
					Type TRISTRIP2
					Priority 32 
					Idx 4 { 532 535 533 534 }
				}
				{
					Type TRISTRIP2
					Priority 32 
					Idx 34 { 651 650 649 652 721 723 724 722 724 725 724 732 724 733 721 726 649 726 731 727 735 728 734 728 743 728 744 728 730 728 729 728 726 727 }
				}
				{
					Type TRISTRIP2
					Priority 32 
					Idx 15 { 167 166 107 165 107 164 107 163 107 162 105 161 105 160 159 }
				}
				{
					Type TRISTRIP
					Priority 32 
					Idx 15 { 150 151 115 152 115 153 116 154 116 155 116 156 116 157 158 }
				}
				{
					Type TRISTRIP2
					Priority 32 
					Idx 4 { 114 117 115 116 }
				}
				{
					Type TRISTRIP2
					Priority 32 
					Idx 11 { 302 303 272 273 272 267 272 287 272 289 288 }
				}
				{
					Type TRISTRIP
					Priority 32 
					Idx 23 { 1049 1047 1046 1045 1044 1043 1042 1041 1040 1039 1038 1037 1036 1037 1033 1034 1032 1035 1050 1051 1048 1049 1046 }
				}
				{
					Type TRISTRIP2
					Priority 32 
					Idx 23 { 1028 1031 1030 1015 1012 1014 1013 1017 1016 1019 1018 1021 1020 1021 1022 1023 1024 1025 1026 1027 1028 1029 1031 }
				}
				{
					Type TRISTRIP
					Priority 32 
					Idx 23 { 991 990 972 973 975 974 977 976 979 978 981 980 981 982 983 984 985 986 987 988 989 990 991 }
				}
				{
					Type TRISTRIP2
					Priority 32 
					Idx 13 { 242 244 246 245 247 245 241 240 242 243 244 240 245 }
				}
				{
					Type TRISTRIP
					Priority 32 
					Idx 13 { 255 252 248 253 249 254 250 255 251 248 251 249 250 }
				}
				{
					Type TRISTRIP2
					Priority 32 
					Idx 13 { 222 224 226 225 227 225 221 220 222 223 224 220 225 }
				}
				{
					Type TRISTRIP
					Priority 32 
					Idx 13 { 235 232 228 233 229 234 230 235 231 228 231 229 230 }
				}
				{
					Type TRISTRIP2
					Priority 32 
					Idx 13 { 82 84 86 85 87 85 81 80 82 83 84 80 85 }
				}
				{
					Type TRISTRIP
					Priority 32 
					Idx 13 { 95 92 88 93 89 94 90 95 91 88 91 89 90 }
				}
				{
					Type TRISTRIP2
					Priority 32 
					Idx 13 { 62 64 66 65 67 65 61 60 62 63 64 60 65 }
				}
				{
					Type TRISTRIP
					Priority 32 
					Idx 13 { 75 72 68 73 69 74 70 75 71 68 71 69 70 }
				}
				{
					Type TRISTRIP2
					Priority 32 
					Idx 13 { 42 44 46 45 47 45 41 40 42 43 44 40 45 }
				}
				{
					Type TRISTRIP
					Priority 32 
					Idx 13 { 55 52 48 53 49 54 50 55 51 48 51 49 50 }
				}
				{
					Type TRISTRIP2
					Priority 32 
					Idx 13 { 22 24 26 25 27 25 21 20 22 23 24 20 25 }
				}
				{
					Type TRISTRIP
					Priority 32 
					Idx 13 { 35 32 28 33 29 34 30 35 31 28 31 29 30 }
				}
				{
					Type TRISTRIP2
					Priority 32 
					Idx 13 { 2 4 6 5 7 5 1 0 2 3 4 0 5 }
				}
				{
					Type TRISTRIP
					Priority 32 
					Idx 13 { 15 12 8 13 9 14 10 15 11 8 11 9 10 }
				}
				{
					Type TRISTRIP2
					Priority 32 
					Idx 13 { 804 806 805 808 807 808 817 808 822 808 823 806 828 }
				}
				{
					Type TRISTRIP
					Priority 32 
					Idx 9 { 958 959 957 960 957 954 957 955 956 }
				}
				{
					Type TRISTRIP2
					Priority 32 
					Idx 3 { 369 371 370 }
				}
				{
					Type TRISTRIP
					Priority 32 
					Idx 3 { 482 480 481 }
				}
				{
					Type TRISTRIP2
					Priority 32 
					Idx 3 { 483 485 484 }
				}
				{
					Type TRISTRIP
					Priority 32 
					Idx 3 { 609 607 608 }
				}
				{
					Type TRISTRIP2
					Priority 32 
					Idx 9 { 571 570 565 551 552 551 550 549 548 }
				}
				{
					Type TRISTRIP
					Priority 32 
					Idx 3 { 643 641 642 }
				}
				{
					Type TRISTRIP2
					Priority 32 
					Idx 3 { 746 748 747 }
				}
				{
					Type TRISTRIP
					Priority 32 
					Idx 3 { 751 749 750 }
				}
				{
					Type TRISTRIP2
					Priority 32 
					Idx 3 { 852 854 853 }
				}
			}

		}
		{
			Name "#3" 
			Priority 32 
			Prim 22 { 
				{
					Type TRISTRIP
					Priority 32 
					Idx 4 { 1085 1086 1084 1087 }
				}
				{
					Type TRISTRIP
					Priority 32 
					Idx 4 { 1091 1088 1090 1089 }
				}
				{
					Type TRISTRIP
					Priority 32 
					Idx 5 { 1112 1113 1106 1107 1108 }
				}
				{
					Type TRISTRIP2
					Priority 32 
					Idx 6 { 1092 1094 1093 1097 1095 1096 }
				}
				{
					Type TRISTRIP2
					Priority 32 
					Idx 6 { 1121 1119 1120 1118 1117 1122 }
				}
				{
					Type TRISTRIP2
					Priority 32 
					Idx 4 { 1147 1146 1144 1145 }
				}
				{
					Type TRISTRIP2
					Priority 32 
					Idx 4 { 1149 1148 1150 1151 }
				}
				{
					Type TRISTRIP2
					Priority 32 
					Idx 5 { 1173 1172 1170 1098 1171 }
				}
				{
					Type TRISTRIP
					Priority 32 
					Idx 8 { 1142 1140 1141 1138 1137 1139 1136 1143 }
				}
				{
					Type TRISTRIP
					Priority 32 
					Idx 8 { 1154 1155 1153 1152 1157 1158 1156 1159 }
				}
				{
					Type TRISTRIP
					Priority 32 
					Idx 6 { 1160 1161 1162 1164 1163 1165 }
				}
				{
					Type TRISTRIP
					Priority 32 
					Idx 5 { 1181 1180 1176 1174 1175 }
				}
				{
					Type TRISTRIP2
					Priority 32 
					Idx 6 { 1189 1186 1187 1185 1188 1190 }
				}
				{
					Type TRISTRIP2
					Priority 32 
					Idx 9 { 1083 1076 1077 1079 1078 1080 1078 1082 1081 }
				}
				{
					Type TRISTRIP
					Priority 32 
					Idx 12 { 1195 1194 1191 1193 1191 1192 1191 1123 1125 1124 1127 1126 }
				}
				{
					Type TRISTRIP
					Priority 32 
					Idx 10 { 1135 1134 1133 1131 1132 1131 1130 1131 1129 1128 }
				}
				{
					Type TRISTRIP
					Priority 32 
					Idx 11 { 1075 1070 1069 1070 1068 1071 1068 1073 1068 1074 1072 }
				}
				{
					Type TRISTRIP2
					Priority 32 
					Idx 18 { 1172 1169 1098 1168 1098 1167 1098 1166 1098 1101 1099 1100 1099 1104 1102 1104 1103 1105 }
				}
				{
					Type TRISTRIP2
					Priority 32 
					Idx 3 { 1109 1111 1110 }
				}
				{
					Type TRISTRIP
					Priority 32 
					Idx 3 { 1116 1114 1115 }
				}
				{
					Type TRISTRIP2
					Priority 32 
					Idx 3 { 1177 1179 1178 }
				}
				{
					Type TRISTRIP
					Priority 32 
					Idx 3 { 1184 1182 1183 }
				}
			}

		}
		{
			Name "#4" 
			Priority 32 
			Prim 2 { 
				{
					Type TRISTRIP
					Priority 32 
					Idx 6 { 1197 1198 1196 1199 1201 1200 }
				}
				{
					Type TRISTRIP
					Priority 32 
					Idx 7 { 1207 1206 1202 1203 1202 1204 1205 }
				}
			}

		}
	}

	Offset 0 
}
